"X","date","facility_id","coverage","group"
1,20230101,"NY119108324A",0.987827308296826,"State"
2,20230102,"NY059026859A",0.977360131090526,"State"
3,20230102,"NY119026697A",0.784402902718791,"State"
4,20230102,"NY119026701A",0.759923753469552,"State"
5,20230102,"NY119026719A",0.961809851854329,"State"
6,20230102,"NY119100803A",0.9895328227937,"State"
7,20230103,"NY007024414B",0.980336421094873,"State"
8,20230103,"NY007024414C",0.949202421161756,"State"
9,20230103,"NY019023949A",0.931846303046517,"State"
10,20230103,"NY021022039A",0.945624184864395,"State"
11,20230103,"NY043036528A",0.892786676922048,"State"
12,20230103,"NY051024384A",0.954352406113099,"State"
13,20230103,"NY051030635A",0.959301742300104,"State"
14,20230103,"NY053028525A",0.7306290338762,"State"
15,20230103,"NY055021610A",0.967026719727118,"State"
16,20230103,"NY055028339A",0.967963080627362,"State"
17,20230103,"NY059023523A",0.73263552151958,"State"
18,20230103,"NY059026778A",0.991037688526235,"State"
19,20230103,"NY059026999A",0.992174698190817,"State"
20,20230103,"NY065030864A",0.969233856134836,"State"
21,20230103,"NY071023680A",0.97294585827509,"State"
22,20230103,"NY071024422A",0.982175701434639,"State"
23,20230103,"NY071026310A",0.979032204126676,"State"
24,20230103,"NY071026328A",0.985620171889108,"State"
25,20230103,"NY071031518A",0.946894960371869,"State"
26,20230103,"NY087022748A",0.977025716483296,"State"
27,20230103,"NY087031895A",0.985218874360432,"State"
28,20230103,"NY093020516A",0.963415041969033,"State"
29,20230103,"NY101021431A",0.983780891549343,"State"
30,20230103,"NY101023906A",0.955857271845634,"State"
31,20230103,"NY101025721A",0.955355649934789,"State"
32,20230103,"NY105030074A",0.976557536033174,"State"
33,20230103,"NY111029351A",0.93388623215062,"State"
34,20230103,"NY113029050A",0.989666588636592,"State"
35,20230103,"NY117029475A",0.980470186937765,"State"
36,20230103,"NY119026786A",0.703641775072735,"State"
37,20230104,"NY001026875A",0.979065645587399,"State"
38,20230104,"NY017021423A",0.762431863023777,"State"
39,20230104,"NY027026255A",0.987626659532488,"State"
40,20230104,"NY031022187A",0.977828311540648,"State"
41,20230104,"NY033029939A",0.960338427582517,"State"
42,20230104,"NY041026484A",0.916897970103334,"State"
43,20230104,"NY055028231A",0.974551048389794,"State"
44,20230104,"NY057020290A",0.949971574758385,"State"
45,20230104,"NY059026450A",0.976223121425944,"State"
46,20230104,"NY059026859A",0.989031200882855,"State"
47,20230104,"NY071026522A",0.968297495234592,"State"
48,20230104,"NY079031356A",0.97217670467846,"State"
49,20230104,"NY083087971A",0.986656857171521,"State"
50,20230104,"NY087028533A",0.986523091328629,"State"
51,20230104,"NY087270598A",0.983212386717052,"State"
52,20230104,"NY091028240A",0.978196167608601,"State"
53,20230104,"NY095024201A",0.952713774537672,"State"
54,20230104,"NY103020061A",0.969702036584958,"State"
55,20230104,"NY103104809A",0.74955690064542,"State"
56,20230104,"NY105022454A",0.96983580242785,"State"
57,20230104,"NY107029262A",0.949536835768986,"State"
58,20230104,"NY109026638A",0.96204394207939,"State"
59,20230104,"NY111029351A",0.973347155803766,"State"
60,20230104,"NY111030082A",0.943249841153062,"State"
61,20230104,"NY119026689A",0.770357489215129,"State"
62,20230104,"NY119026697A",0.796508711500518,"State"
63,20230104,"NY119026719A",0.781694144400227,"State"
64,20230104,"NY119108324A",0.797578838243654,"State"
65,20230104,"NY123029726A",0.979801357723305,"State"
66,20230105,"NY025029271A",0.979132528508845,"State"
67,20230105,"NY039020389A",0.980470186937765,"State"
68,20230105,"NY053026956A",0.980470186937765,"State"
69,20230105,"NY055021610A",0.734407918937899,"State"
70,20230105,"NY059026999A",0.939470956091362,"State"
71,20230105,"NY065025780B",0.980470186937765,"State"
72,20230105,"NY065025780C",0.978864996823061,"State"
73,20230105,"NY071026310A",0.991907166505033,"State"
74,20230105,"NY071026328A",0.987860749757549,"State"
75,20230105,"NY071027901A",0.965120556465906,"State"
76,20230105,"NY071031518A",0.956626425442263,"State"
77,20230105,"NY077031151A",0.987559776611042,"State"
78,20230105,"NY093020516A",0.901147042102799,"State"
79,20230105,"NY097271942A",0.969334180517005,"State"
80,20230105,"NY099033308A",0.980403304016319,"State"
81,20230105,"NY101021431A",0.979165969969568,"State"
82,20230105,"NY103021750A",0.984616928067418,"State"
83,20230105,"NY103079324A",0.989766913018761,"State"
84,20230105,"NY103104809A",0.991171454369127,"State"
85,20230108,"NY055028339A",0.937631675751597,"State"
86,20230108,"NY067027596A",0.878741263418386,"State"
87,20230108,"NY067027618A",0.823730060529044,"State"
88,20230108,"NY067027723A",0.727652743871852,"State"
89,20230108,"NY067030317A",0.784636992943852,"State"
90,20230108,"NY119026689A",0.777012339899007,"State"
91,20230108,"NY119026697A",0.824566097047119,"State"
92,20230108,"NY119026701A",0.777246430124068,"State"
93,20230108,"NY119026719A",0.728154365782697,"State"
94,20230108,"NY119026786A",0.781159081028659,"State"
95,20230108,"NY119100803A",0.777079222820453,"State"
96,20230108,"NY119108324A",0.945724509246564,"State"
97,20230109,"NY001026875A",0.975821823897268,"State"
98,20230109,"NY035026042A",0.927933652141926,"State"
99,20230109,"NY043036528A",0.966123800287597,"State"
100,20230109,"NY055028231A",0.946861518911146,"State"
101,20230109,"NY059026450A",0.981506872220179,"State"
102,20230109,"NY059026859A",0.977928635922817,"State"
103,20230109,"NY059026999A",0.960070895896733,"State"
104,20230109,"NY087031895A",0.720964451727251,"State"
105,20230109,"NY103021750A",0.980871484466441,"State"
106,20230109,"NY103104809A",0.98608835233923,"State"
107,20230110,"NY007024414C",0.782296090693241,"State"
108,20230110,"NY011021903A",0.771160084272481,"State"
109,20230110,"NY019023949A",0.949403069926094,"State"
110,20230110,"NY021022039A",0.854094906865532,"State"
111,20230110,"NY031022187A",0.98642276694646,"State"
112,20230110,"NY033030376A",0.913821355716818,"State"
113,20230110,"NY045025984B",0.961910176236498,"State"
114,20230110,"NY051024384A",0.981105574691503,"State"
115,20230110,"NY051030635A",0.97595558974016,"State"
116,20230110,"NY053021539A",0.971440992542554,"State"
117,20230110,"NY055021610A",0.91261746313079,"State"
118,20230110,"NY055028339A",0.938133297662442,"State"
119,20230110,"NY065030864A",0.98140654783801,"State"
120,20230110,"NY069025968A",0.941109587666789,"State"
121,20230110,"NY071023680A",0.981373106377287,"State"
122,20230110,"NY071026310A",0.970805604788817,"State"
123,20230110,"NY071026328A",0.959201417917935,"State"
124,20230110,"NY071027901A",0.93498980035448,"State"
125,20230110,"NY093020516A",0.966993278266395,"State"
126,20230110,"NY105030074A",0.970805604788817,"State"
127,20230110,"NY117029475A",0.972076380296291,"State"
128,20230110,"NY121021504A",0.977928635922817,"State"
129,20230111,"NY007027669A",0.968297495234592,"State"
130,20230111,"NY015035742A",0.742333545129251,"State"
131,20230111,"NY015036986A",0.911246363241146,"State"
132,20230111,"NY017021423A",0.976423770190282,"State"
133,20230111,"NY027026255A",0.954820586563221,"State"
134,20230111,"NY027026271A",0.987726983914657,"State"
135,20230111,"NY031021733A",0.628498812828144,"State"
136,20230111,"NY033029939A",0.963515366351202,"State"
137,20230111,"NY041026484A",0.960672842189747,"State"
138,20230111,"NY045025151A",0.944520616660536,"State"
139,20230111,"NY049020125A",0.64348058723205,"State"
140,20230111,"NY055028231A",0.840651439654884,"State"
141,20230111,"NY057020290A",0.936762197772799,"State"
142,20230111,"NY059023523A",0.980102330869812,"State"
143,20230111,"NY059026450A",0.973982543557503,"State"
144,20230111,"NY059026778A",0.980470186937765,"State"
145,20230111,"NY059026859A",0.978062401765709,"State"
146,20230111,"NY071026522A",0.971240343778216,"State"
147,20230111,"NY071030490A",0.880848075443935,"State"
148,20230111,"NY071031518A",0.869377654415945,"State"
149,20230111,"NY075029106A",0.722268668695449,"State"
150,20230111,"NY083087971A",0.980336421094873,"State"
151,20230111,"NY091028240A",0.984984784135371,"State"
152,20230111,"NY095024201A",0.621910845065712,"State"
153,20230111,"NY103020061A",0.974216633782564,"State"
154,20230111,"NY103104809A",0.959836805671672,"State"
155,20230111,"NY107029262A",0.990602949536836,"State"
156,20230111,"NY109026638A",0.978162726147878,"State"
157,20230111,"NY111029351A",0.984717252449587,"State"
158,20230111,"NY111030082A",0.909139551215597,"State"
159,20230111,"NY119026689A",0.981841286827409,"State"
160,20230111,"NY119026697A",0.987325686385981,"State"
161,20230111,"NY119026701A",0.757582851218941,"State"
162,20230111,"NY119026719A",0.979466943116075,"State"
163,20230111,"NY119026786A",0.960338427582517,"State"
164,20230111,"NY123029726A",0.979533826037521,"State"
165,20230112,"NY007024414B",0.938768685416179,"State"
166,20230112,"NY007024414C",0.986021469417784,"State"
167,20230112,"NY027025976A",0.950506638129954,"State"
168,20230112,"NY039020389A",0.879309768250677,"State"
169,20230112,"NY053026956A",0.915092131224292,"State"
170,20230112,"NY055021610A",0.975152994682808,"State"
171,20230112,"NY059026999A",0.978196167608601,"State"
172,20230112,"NY065025780B",0.969601712202789,"State"
173,20230112,"NY065025780C",0.926027488880714,"State"
174,20230112,"NY071023680A",0.975019228839916,"State"
175,20230112,"NY071026328A",0.950205664983446,"State"
176,20230112,"NY071026522A",0.879209443868508,"State"
177,20230112,"NY071027901A",0.97629000434739,"State"
178,20230112,"NY071031518A",0.971976055914122,"State"
179,20230112,"NY077031151A",0.967193927030733,"State"
180,20230112,"NY093020516A",0.959134534996489,"State"
181,20230112,"NY099033308A",0.972210146139183,"State"
182,20230112,"NY103021750A",0.98140654783801,"State"
183,20230112,"NY103079324A",0.980503628398488,"State"
184,20230112,"NY103104809A",0.980336421094873,"State"
185,20230112,"NY115183695A",0.86787278868341,"State"
186,20230115,"NY119026701A",0.976691301876066,"State"
187,20230115,"NY119026719A",0.968966324449052,"State"
188,20230115,"NY119108324A",0.967361134334348,"State"
189,20230116,"NY043036528A",0.941209912048958,"State"
190,20230116,"NY059026450A",0.803163562184396,"State"
191,20230116,"NY059026859A",0.988061398521887,"State"
192,20230116,"NY067027618A",0.67642042604421,"State"
193,20230116,"NY119026697A",0.986890947396582,"State"
194,20230116,"NY119100803A",0.930943383606996,"State"
195,20230117,"NY001026867A",0.964752700397953,"State"
196,20230117,"NY001026875A",0.973414038725211,"State"
197,20230117,"NY007024414B",0.979099087048122,"State"
198,20230117,"NY007024414C",0.976390328729559,"State"
199,20230117,"NY011021903A",0.755141624586162,"State"
200,20230117,"NY021022039A",0.913219409423804,"State"
201,20230117,"NY035026042A",0.770457813597298,"State"
202,20230117,"NY045025984A",0.693642778316557,"State"
203,20230117,"NY045025984B",0.915459987292245,"State"
204,20230117,"NY051030635A",0.985921145035615,"State"
205,20230117,"NY055021610A",0.988295488746949,"State"
206,20230117,"NY055028339A",0.912584021670067,"State"
207,20230117,"NY059026450A",0.967394575795071,"State"
208,20230117,"NY059026999A",0.924255091462395,"State"
209,20230117,"NY065030864A",0.979767916262582,"State"
210,20230117,"NY071024422A",0.809483998261044,"State"
211,20230117,"NY071026310A",0.968665351302545,"State"
212,20230117,"NY071026328A",0.981306223455841,"State"
213,20230117,"NY071026522A",0.98508510851754,"State"
214,20230117,"NY071027901A",0.979734474801859,"State"
215,20230117,"NY087022748A",0.986890947396582,"State"
216,20230117,"NY093020516A",0.98675718155369,"State"
217,20230117,"NY101021431A",0.975387084907869,"State"
218,20230117,"NY101023906A",0.987125037621643,"State"
219,20230117,"NY101025712A",0.959502391064442,"State"
220,20230117,"NY101025721A",0.924890479216132,"State"
221,20230117,"NY103079324A",0.978898438283784,"State"
222,20230117,"NY109020958A",0.97428351670401,"State"
223,20230117,"NY111029351A",0.978597465137277,"State"
224,20230117,"NY113029050A",0.981975052670301,"State"
225,20230117,"NY117029475A",0.96003745443601,"State"
226,20230117,"NY119026786A",0.977326689629803,"State"
227,20230117,"NY121021504A",0.961274788482761,"State"
228,20230118,"NY007027669A",0.985553288967662,"State"
229,20230118,"NY015035742A",0.975119553222085,"State"
230,20230118,"NY015036986A",0.953850784202254,"State"
231,20230118,"NY017021423A",0.946660870146808,"State"
232,20230118,"NY027026255A",0.987860749757549,"State"
233,20230118,"NY027026271A",0.965287763769521,"State"
234,20230118,"NY027149209A",0.983881215931512,"State"
235,20230118,"NY033029939A",0.973079624117981,"State"
236,20230118,"NY041026484A",0.946660870146808,"State"
237,20230118,"NY049020125A",0.692137912584022,"State"
238,20230118,"NY055028231A",0.82891348694111,"State"
239,20230118,"NY057020290A",0.962344915225897,"State"
240,20230118,"NY075029106A",0.884727284887804,"State"
241,20230118,"NY083087971A",0.975320201986423,"State"
242,20230118,"NY087026051A",0.982342908738254,"State"
243,20230118,"NY087028533A",0.977527338394141,"State"
244,20230118,"NY089031194A",0.96170952747216,"State"
245,20230118,"NY091028240A",0.985954586496338,"State"
246,20230118,"NY095024201A",0.984583486606695,"State"
247,20230118,"NY103104809A",0.974316958164733,"State"
248,20230118,"NY105022454A",0.949837808915493,"State"
249,20230118,"NY107029262A",0.926930408320235,"State"
250,20230118,"NY109026638A",0.943383606995954,"State"
251,20230118,"NY111029351A",0.959836805671672,"State"
252,20230118,"NY111030082A",0.974015985018226,"State"
253,20230118,"NY119026689A",0.985319198742601,"State"
254,20230118,"NY119026701A",0.953449486673578,"State"
255,20230118,"NY119026719A",0.956392335217202,"State"
256,20230118,"NY119100803A",0.980470186937765,"State"
257,20230118,"NY119108324A",0.973848777714611,"State"
258,20230118,"NY123029726A",0.665050329398388,"State"
259,20230119,"NY007024414B",0.610005685048323,"State"
260,20230119,"NY025029271A",0.94244724609571,"State"
261,20230119,"NY027025976A",0.914924923920677,"State"
262,20230119,"NY039020389A",0.976657860415343,"State"
263,20230119,"NY053026956A",0.713239474300237,"State"
264,20230119,"NY055021610A",0.874795171053072,"State"
265,20230119,"NY059026778A",0.979567267498244,"State"
266,20230119,"NY059026999A",0.975019228839916,"State"
267,20230119,"NY065025780B",0.979433501655352,"State"
268,20230119,"NY071023680A",0.950606962512123,"State"
269,20230119,"NY071026310A",0.955723506002742,"State"
270,20230119,"NY071026328A",0.915928167742367,"State"
271,20230119,"NY071026522A",0.979065645587399,"State"
272,20230119,"NY071027901A",0.978062401765709,"State"
273,20230119,"NY071031518A",0.987158479082366,"State"
274,20230119,"NY077031151A",0.922482694044076,"State"
275,20230119,"NY087031895A",0.977493896933418,"State"
276,20230119,"NY093020516A",0.963348159047587,"State"
277,20230119,"NY101023906A",0.784904524629636,"State"
278,20230119,"NY103021750A",0.907935658629569,"State"
279,20230119,"NY103079324A",0.975554292211484,"State"
280,20230119,"NY103104809A",0.984784135371033,"State"
281,20230119,"NY115183695A",0.97050463164231,"State"
282,20230122,"NY055028339A",0.969802360967127,"State"
283,20230122,"NY067027081A",0.917132060328395,"State"
284,20230122,"NY067027596A",0.964418285790723,"State"
285,20230122,"NY067027618A",0.893689596361569,"State"
286,20230122,"NY067027723A",0.846035514831288,"State"
287,20230122,"NY119026689A",0.590475871986088,"State"
288,20230122,"NY119026719A",0.978998762665953,"State"
289,20230122,"NY119026786A",0.832759254924255,"State"
290,20230122,"NY119100803A",0.979734474801859,"State"
291,20230122,"NY119108324A",0.957261813196,"State"
292,20230123,"NY009027162A",0.980202655251981,"State"
293,20230123,"NY013027570A",0.967461458716517,"State"
294,20230123,"NY013027961A",0.935792395411832,"State"
295,20230123,"NY019026018A",0.963582249272648,"State"
296,20230123,"NY027026255A",0.967026719727118,"State"
297,20230123,"NY029022136A",0.980470186937765,"State"
298,20230123,"NY029022543A",0.98709159616092,"State"
299,20230123,"NY029025950B",0.982811089188376,"State"
300,20230123,"NY029026395B",0.987894191218272,"State"
301,20230123,"NY029026395C",0.981707520984517,"State"
302,20230123,"NY029028410A",0.979433501655352,"State"
303,20230123,"NY029095401A",0.973447480185935,"State"
304,20230123,"NY031021733A",0.897033742433869,"State"
305,20230123,"NY035026042A",0.818713841420593,"State"
306,20230123,"NY043036528A",0.945891716550179,"State"
307,20230123,"NY055028231A",0.980470186937765,"State"
308,20230123,"NY059026450A",0.985921145035615,"State"
309,20230123,"NY059026859A",0.980436745477042,"State"
310,20230123,"NY059026999A",0.980236096712704,"State"
311,20230123,"NY063026336A",0.981272781995118,"State"
312,20230123,"NY087031895A",0.766612045614152,"State"
313,20230123,"NY103021750A",0.967996522088085,"State"
314,20230123,"NY103079324A",0.982844530649099,"State"
315,20230123,"NY103104809A",0.96883255860616,"State"
316,20230123,"NY119026697A",0.977527338394141,"State"
317,20230123,"NY119026701A",0.974918904457747,"State"
318,20230124,"NY001025739A",0.978798113901615,"State"
319,20230124,"NY007024414B",0.969601712202789,"State"
320,20230124,"NY007024414C",0.974250075243287,"State"
321,20230124,"NY011021903A",0.935491422265325,"State"
322,20230124,"NY019023949A",0.983245828177775,"State"
323,20230124,"NY021022039A",0.951075142962245,"State"
324,20230124,"NY023027561A",0.774203257198274,"State"
325,20230124,"NY027149209A",0.963582249272648,"State"
326,20230124,"NY031022187A",0.969467946359897,"State"
327,20230124,"NY033030376A",0.946694311607531,"State"
328,20230124,"NY041026484A",0.944152760592583,"State"
329,20230124,"NY051024384A",0.976189679965221,"State"
330,20230124,"NY051030635A",0.987024713239474,"State"
331,20230124,"NY053021539A",0.962946861518911,"State"
332,20230124,"NY053026956A",0.97017021703508,"State"
333,20230124,"NY053029807A",0.965120556465906,"State"
334,20230124,"NY055021610A",0.925024245059024,"State"
335,20230124,"NY055028339A",0.980135772330535,"State"
336,20230124,"NY059026778A",0.958599471624921,"State"
337,20230124,"NY065030864A",0.979433501655352,"State"
338,20230124,"NY071023680A",0.952880981841287,"State"
339,20230124,"NY071026328A",0.975922148279437,"State"
340,20230124,"NY071027901A",0.693743102698726,"State"
341,20230124,"NY071031518A",0.907801892786677,"State"
342,20230124,"NY087022748A",0.974082867939672,"State"
343,20230124,"NY089236586A",0.951075142962245,"State"
344,20230124,"NY101021431A",0.971875731531953,"State"
345,20230124,"NY101023906A",0.978898438283784,"State"
346,20230124,"NY101025712A",0.961910176236498,"State"
347,20230124,"NY101025721A",0.972812092432197,"State"
348,20230124,"NY105030074A",0.97184229007123,"State"
349,20230124,"NY109020958A",0.923352172022874,"State"
350,20230124,"NY117029475A",0.960171220278902,"State"
351,20230125,"NY007027669A",0.950138782062,"State"
352,20230125,"NY015035742A",0.981373106377287,"State"
353,20230125,"NY015036986A",0.961475437247099,"State"
354,20230125,"NY017021423A",0.980436745477042,"State"
355,20230125,"NY027026255A",0.903989566264254,"State"
356,20230125,"NY027026271A",0.987559776611042,"State"
357,20230125,"NY033029939A",0.935926161254724,"State"
358,20230125,"NY045025151A",0.850483229107447,"State"
359,20230125,"NY049020125A",0.875764973414039,"State"
360,20230125,"NY055028231A",0.986890947396582,"State"
361,20230125,"NY059023523A",0.975754940975822,"State"
362,20230125,"NY059026450A",0.97595558974016,"State"
363,20230125,"NY071026310A",0.980503628398488,"State"
364,20230125,"NY071026522A",0.978731230980169,"State"
365,20230125,"NY079031356A",0.984984784135371,"State"
366,20230125,"NY083087971A",0.811624251747316,"State"
367,20230125,"NY087028533A",0.980002006487643,"State"
368,20230125,"NY087270598A",0.978229609069324,"State"
369,20230125,"NY089031194A",0.726047553757148,"State"
370,20230125,"NY091028240A",0.728087482861251,"State"
371,20230125,"NY103020061A",0.914557067852724,"State"
372,20230125,"NY103104809A",0.979801357723305,"State"
373,20230125,"NY105022454A",0.973982543557503,"State"
374,20230125,"NY107029262A",0.653111727920276,"State"
375,20230125,"NY111029351A",0.980236096712704,"State"
376,20230125,"NY111030082A",0.898003544794837,"State"
377,20230125,"NY119100803A",0.913520382570311,"State"
378,20230126,"NY007024414B",0.943718021603184,"State"
379,20230126,"NY007024414C",0.974316958164733,"State"
380,20230126,"NY027025976A",0.984282513460188,"State"
381,20230126,"NY039020389A",0.979567267498244,"State"
382,20230126,"NY055021610A",0.985151991438986,"State"
383,20230126,"NY065025780B",0.970370865799418,"State"
384,20230126,"NY065025780C",0.958800120389259,"State"
385,20230126,"NY071023680A",0.976891950640404,"State"
386,20230126,"NY071026328A",0.961575761629268,"State"
387,20230126,"NY071026522A",0.975453967829315,"State"
388,20230126,"NY071031518A",0.965923151523259,"State"
389,20230126,"NY075029106A",0.976825067718958,"State"
390,20230126,"NY077031151A",0.650336086680266,"State"
391,20230126,"NY089020818A",0.944353409356921,"State"
392,20230126,"NY089236586A",0.965454971073136,"State"
393,20230126,"NY093020516A",0.987860749757549,"State"
394,20230126,"NY099033308A",0.974316958164733,"State"
395,20230126,"NY101021431A",0.947195933518376,"State"
396,20230126,"NY101023906A",0.944587499581982,"State"
397,20230126,"NY101025712A",0.907266829415109,"State"
398,20230126,"NY101025721A",0.986021469417784,"State"
399,20230126,"NY103021750A",0.949403069926094,"State"
400,20230126,"NY103079324A",0.978831555362338,"State"
401,20230126,"NY103104809A",0.987961074139718,"State"
402,20230126,"NY119026697A",0.966792629502057,"State"
403,20230126,"NY119026701A",0.954619937798883,"State"
404,20230126,"NY119108324A",0.774972410794904,"State"
405,20230129,"NY055028339A",0.978798113901615,"State"
406,20230129,"NY119026697A",0.879543858475738,"State"
407,20230129,"NY119100803A",0.65404808882052,"State"
408,20230130,"NY001026867A",0.804601544995485,"State"
409,20230130,"NY001026875A",0.81289502725479,"State"
410,20230130,"NY019026018A",0.955656623081296,"State"
411,20230130,"NY031021733A",0.960873490954085,"State"
412,20230130,"NY033029939A",0.962211149383005,"State"
413,20230130,"NY035026042A",0.674046082332876,"State"
414,20230130,"NY055028231A",0.980804601544995,"State"
415,20230130,"NY087031895A",0.608233287630004,"State"
416,20230130,"NY113029050A",0.973414038725211,"State"
417,20230131,"NY001025739A",0.98508510851754,"State"
418,20230131,"NY007024414B",0.958064408253352,"State"
419,20230131,"NY007024414C",0.970303982877972,"State"
420,20230131,"NY013027570A",0.972644885128582,"State"
421,20230131,"NY013027961A",0.976524094572451,"State"
422,20230131,"NY029022136A",0.965321205230244,"State"
423,20230131,"NY029022543A",0.986188676721399,"State"
424,20230131,"NY029025950B",0.985486406046216,"State"
425,20230131,"NY029026395B",0.988797110657794,"State"
426,20230131,"NY029026395C",0.980470186937765,"State"
427,20230131,"NY029028410A",0.976256562886667,"State"
428,20230131,"NY029095401A",0.982978296491991,"State"
429,20230131,"NY033030376A",0.911480453466207,"State"
430,20230131,"NY055021610A",0.925158010901916,"State"
431,20230131,"NY059026778A",0.730093970504632,"State"
432,20230131,"NY063026336A",0.987325686385981,"State"
433,20230131,"NY065030864A",0.887904223656489,"State"
434,20230131,"NY071024422A",0.975152994682808,"State"
435,20230131,"NY071026310A",0.628766344513928,"State"
436,20230131,"NY071026328A",0.984683810988864,"State"
437,20230131,"NY071027901A",0.833528408520884,"State"
438,20230131,"NY071031518A",0.96003745443601,"State"
439,20230131,"NY087022748A",0.972678326589305,"State"
440,20230131,"NY089020818A",0.974383841086179,"State"
441,20230131,"NY089236586A",0.892519145236264,"State"
442,20230131,"NY093020516A",0.968330936695315,"State"
443,20230131,"NY109020958A",0.93498980035448,"State"
444,20230131,"NY119026786A",0.664615590408989,"State"
445,20230131,"NY121021504A",0.826438818847607,"State"
446,20230201,"NY007027669A",0.984583486606695,"State"
447,20230201,"NY017021423A",0.945691067785841,"State"
448,20230201,"NY033029939A",0.835668662007157,"State"
449,20230201,"NY055028231A",0.982142259973916,"State"
450,20230201,"NY059026450A",0.829983613684246,"State"
451,20230201,"NY059026859A",0.720329063973514,"State"
452,20230201,"NY071026522A",0.951208908805137,"State"
453,20230201,"NY071030490A",0.989298732568639,"State"
454,20230201,"NY079031356A",0.936026485636893,"State"
455,20230201,"NY083087971A",0.826672909072668,"State"
456,20230201,"NY087028533A",0.744072501086848,"State"
457,20230201,"NY089020117A",0.987492893689596,"State"
458,20230201,"NY089031194A",0.941611209577634,"State"
459,20230201,"NY091028240A",0.97929973581246,"State"
460,20230201,"NY105022454A",0.88245326555864,"State"
461,20230201,"NY107029262A",0.960472193425409,"State"
462,20230201,"NY109026638A",0.960940373875531,"State"
463,20230201,"NY111029351A",0.79731130655787,"State"
464,20230201,"NY111030082A",0.971140019396047,"State"
465,20230201,"NY119100803A",0.979232852891014,"State"
466,20230202,"NY001025739A",0.97896532120523,"State"
467,20230202,"NY007024414C",0.945958599471625,"State"
468,20230202,"NY027025976A",0.969401063438451,"State"
469,20230202,"NY055021610A",0.981707520984517,"State"
470,20230202,"NY065025780B",0.965087115005183,"State"
471,20230202,"NY065025780C",0.847707587867438,"State"
472,20230202,"NY071023680A",0.915359662910076,"State"
473,20230202,"NY071026310A",0.919740494264789,"State"
474,20230202,"NY071026328A",0.943149516770893,"State"
475,20230202,"NY071026522A",0.581580443433769,"State"
476,20230202,"NY071031518A",0.939069658562686,"State"
477,20230202,"NY089020818A",0.964251078487108,"State"
478,20230202,"NY089236586A",0.872922449252583,"State"
479,20230202,"NY093020516A",0.846704344045748,"State"
480,20230202,"NY097271942A",0.973480921646658,"State"
481,20230202,"NY099033308A",0.980470186937765,"State"
482,20230202,"NY101021431A",0.944554058121259,"State"
483,20230202,"NY103021750A",0.934789151590141,"State"
484,20230203,"NY023027561A",0.980503628398488,"State"
485,20230205,"NY067027081A",0.975855265357991,"State"
486,20230205,"NY067027618A",0.969601712202789,"State"
487,20230205,"NY067030317A",0.980470186937765,"State"
488,20230205,"NY119026689A",0.969568270742066,"State"
489,20230205,"NY119026697A",0.975019228839916,"State"
490,20230205,"NY119026701A",0.976323445808113,"State"
491,20230205,"NY119026719A",0.981439989298733,"State"
492,20230205,"NY119026786A",0.858676386984583,"State"
493,20230205,"NY119100803A",0.986355884025014,"State"
494,20230205,"NY119108324A",0.980403304016319,"State"
495,20230206,"NY001026867A",0.734842657927298,"State"
496,20230206,"NY001026875A",0.873925693074273,"State"
497,20230206,"NY019026018A",0.97328027288232,"State"
498,20230206,"NY023027561A",0.976323445808113,"State"
499,20230206,"NY027026255A",0.977226365247634,"State"
500,20230206,"NY043036528A",0.976055914122329,"State"
501,20230206,"NY087031895A",0.95224559408755,"State"
502,20230206,"NY089020117A",0.8650971474434,"State"
503,20230206,"NY089031194A",0.976156238504498,"State"
504,20230206,"NY089236586A",0.987860749757549,"State"
505,20230206,"NY113029050A",0.967728990402301,"State"
506,20230207,"NY001025739A",0.989298732568639,"State"
507,20230207,"NY003022357A",0.986188676721399,"State"
508,20230207,"NY003024431A",0.955890713306357,"State"
509,20230207,"NY007024414B",0.975855265357991,"State"
510,20230207,"NY007027669A",0.96983580242785,"State"
511,20230207,"NY011021903A",0.978898438283784,"State"
512,20230207,"NY013027570A",0.98408186469585,"State"
513,20230207,"NY013027961A",0.989599705715146,"State"
514,20230207,"NY029022136A",0.988930876500686,"State"
515,20230207,"NY029022543A",0.990067886165268,"State"
516,20230207,"NY029025950B",0.985854262114169,"State"
517,20230207,"NY029026395B",0.980068889409089,"State"
518,20230207,"NY029026395C",0.986389325485737,"State"
519,20230207,"NY029028410A",0.986924388857305,"State"
520,20230207,"NY031022187A",0.97050463164231,"State"
521,20230207,"NY033029939A",0.956726749824432,"State"
522,20230207,"NY033030376A",0.886165267698893,"State"
523,20230207,"NY045025984A",0.965655619837474,"State"
524,20230207,"NY045025984B",0.983981540313681,"State"
525,20230207,"NY051024384A",0.983212386717052,"State"
526,20230207,"NY051030635A",0.984650369528141,"State"
527,20230207,"NY053021539A",0.97929973581246,"State"
528,20230207,"NY053028525A",0.980169213791258,"State"
529,20230207,"NY055021610A",0.980470186937765,"State"
530,20230207,"NY055028339A",0.978062401765709,"State"
531,20230207,"NY057020290A",0.799485001504866,"State"
532,20230207,"NY063026336A",0.979801357723305,"State"
533,20230207,"NY065030864A",0.980603952780657,"State"
534,20230207,"NY069025968A",0.916429789653212,"State"
535,20230207,"NY071023680A",0.980202655251981,"State"
536,20230207,"NY071026328A",0.984483162224526,"State"
537,20230207,"NY071027901A",0.988663344814901,"State"
538,20230207,"NY071031518A",0.986924388857305,"State"
539,20230207,"NY073021873A",0.767347757750058,"State"
540,20230207,"NY089020818A",0.96749490017724,"State"
541,20230207,"NY093020516A",0.894425308497475,"State"
542,20230207,"NY101021431A",0.986890947396582,"State"
543,20230207,"NY101023906A",0.96204394207939,"State"
544,20230207,"NY101025721A",0.980470186937765,"State"
545,20230207,"NY103065358A",0.56522756914022,"State"
546,20230207,"NY111029351A",0.935257332040264,"State"
547,20230207,"NY117029475A",0.971507875464,"State"
548,20230207,"NY119026786A",0.938099856201719,"State"
549,20230208,"NY001022225A",0.961575761629268,"State"
550,20230208,"NY007027669A",0.970471190181587,"State"
551,20230208,"NY017021423A",0.779821422599739,"State"
552,20230208,"NY019026018A",0.936829080694245,"State"
553,20230208,"NY025029271A",0.984483162224526,"State"
554,20230208,"NY027026255A",0.986523091328629,"State"
555,20230208,"NY027026271A",0.781125639567936,"State"
556,20230208,"NY033029939A",0.707454101595158,"State"
557,20230208,"NY041026484A",0.945055680032104,"State"
558,20230208,"NY049020125A",0.690031100558472,"State"
559,20230208,"NY071026310A",0.968866000066883,"State"
560,20230208,"NY071026522A",0.923151523258536,"State"
561,20230208,"NY075029106A",0.9752867605257,"State"
562,20230208,"NY079031356A",0.943383606995954,"State"
563,20230208,"NY083087971A",0.980202655251981,"State"
564,20230208,"NY087026051A",0.976156238504498,"State"
565,20230208,"NY087028533A",0.977727987158479,"State"
566,20230208,"NY089020117A",0.981339664916564,"State"
567,20230208,"NY089031194A",0.980704277162826,"State"
568,20230208,"NY091028240A",0.982844530649099,"State"
569,20230208,"NY095024201A",0.978497140755108,"State"
570,20230208,"NY107029262A",0.974651372771963,"State"
571,20230208,"NY111029351A",0.737517974785139,"State"
572,20230208,"NY111030082A",0.978196167608601,"State"
573,20230208,"NY119026689A",0.972343911982075,"State"
574,20230208,"NY119026701A",0.936360900244123,"State"
575,20230208,"NY119026719A",0.948299501722235,"State"
576,20230208,"NY119108324A",0.961609203089991,"State"
577,20230208,"NY123029726A",0.98030297963415,"State"
578,20230209,"NY007024414B",0.800387920944387,"State"
579,20230209,"NY027025976A",0.947530348125606,"State"
580,20230209,"NY039020389A",0.913052202120189,"State"
581,20230209,"NY055021610A",0.981540313680902,"State"
582,20230209,"NY065025780B",0.859211450356152,"State"
583,20230209,"NY071023680A",0.977126040865465,"State"
584,20230209,"NY071027901A",0.938099856201719,"State"
585,20230209,"NY071031518A",0.973581246028827,"State"
586,20230209,"NY087270598A",0.969401063438451,"State"
587,20230209,"NY089236586A",0.926796642477343,"State"
588,20230209,"NY097271942A",0.983981540313681,"State"
589,20230209,"NY099033308A",0.960672842189747,"State"
590,20230209,"NY101021431A",0.970738721867371,"State"
591,20230209,"NY101023906A",0.963013744440357,"State"
592,20230209,"NY101025721A",0.972009497374845,"State"
593,20230209,"NY105024520A",0.963983546801324,"State"
594,20230209,"NY115183695A",0.966658863659165,"State"
595,20230210,"NY045025984A",0.946761194528977,"State"
596,20230212,"NY119026689A",0.966892953884226,"State"
597,20230212,"NY119026701A",0.949369628465371,"State"
598,20230212,"NY119100803A",0.93666187339063,"State"
599,20230212,"NY119108324A",0.973447480185935,"State"
600,20230213,"NY001026867A",0.970337424338695,"State"
601,20230213,"NY019026018A",0.77738019596696,"State"
602,20230213,"NY027149209A",0.814232685683711,"State"
603,20230213,"NY035026042A",0.630404976089356,"State"
604,20230213,"NY045025984B",0.983847774470789,"State"
605,20230213,"NY059026450A",0.965521853994582,"State"
606,20230213,"NY059026859A",0.950640403972846,"State"
607,20230213,"NY059026999A",0.972611443667859,"State"
608,20230213,"NY087031895A",0.936829080694245,"State"
609,20230213,"NY089020117A",0.93522389057954,"State"
610,20230213,"NY089031194A",0.908738253686921,"State"
611,20230213,"NY103020061A",0.868708825201485,"State"
612,20230214,"NY007024414B",0.961676086011437,"State"
613,20230214,"NY007027669A",0.977828311540648,"State"
614,20230214,"NY011021903A",0.95358325251647,"State"
615,20230214,"NY013027570A",0.988462696050563,"State"
616,20230214,"NY013027961A",0.970337424338695,"State"
617,20230214,"NY019023949A",0.718556666555195,"State"
618,20230214,"NY029022136A",0.982476674581146,"State"
619,20230214,"NY029022543A",0.977326689629803,"State"
620,20230214,"NY029025950B",0.980503628398488,"State"
621,20230214,"NY029026395B",0.982242584356085,"State"
622,20230214,"NY029026395C",0.978396816372939,"State"
623,20230214,"NY029028410A",0.979801357723305,"State"
624,20230214,"NY031022187A",0.959602715446611,"State"
625,20230214,"NY051030635A",0.969936126810019,"State"
626,20230214,"NY055028339A",0.910878507173193,"State"
627,20230214,"NY059026778A",0.976423770190282,"State"
628,20230214,"NY063026336A",0.974985787379193,"State"
629,20230214,"NY071023680A",0.974250075243287,"State"
630,20230214,"NY071024422A",0.973079624117981,"State"
631,20230214,"NY071026310A",0.966224124669766,"State"
632,20230214,"NY071026328A",0.976691301876066,"State"
633,20230214,"NY071027901A",0.953048189144902,"State"
634,20230214,"NY071031518A",0.98030297963415,"State"
635,20230214,"NY087022748A",0.972343911982075,"State"
636,20230214,"NY093020516A",0.956760191285155,"State"
637,20230214,"NY101025712A",0.98140654783801,"State"
638,20230214,"NY103021750A",0.955389091395512,"State"
639,20230214,"NY103065358A",0.981640638063071,"State"
640,20230214,"NY103076988A",0.973982543557503,"State"
641,20230214,"NY103079324A",0.966892953884226,"State"
642,20230214,"NY103080683A",0.988897435039963,"State"
643,20230214,"NY103104809A",0.896030498612179,"State"
644,20230214,"NY103206644A",0.954051432966592,"State"
645,20230214,"NY105030074A",0.970103334113634,"State"
646,20230214,"NY111029351A",0.97729324816908,"State"
647,20230214,"NY119026786A",0.915025248302846,"State"
648,20230215,"NY001022225A",0.617496572250276,"State"
649,20230215,"NY007027669A",0.975219877604254,"State"
650,20230215,"NY019022195A",0.707755074741665,"State"
651,20230215,"NY019026018A",0.841253385947898,"State"
652,20230215,"NY025029271A",0.96471925893723,"State"
653,20230215,"NY033029939A",0.887502926127813,"State"
654,20230215,"NY043036528A",0.668361034009966,"State"
655,20230215,"NY049020125A",0.899943149516771,"State"
656,20230215,"NY059023523A",0.941644651038357,"State"
657,20230215,"NY059026859A",0.965822827141089,"State"
658,20230215,"NY059026999A",0.88278768016587,"State"
659,20230215,"NY071026310A",0.95803096679263,"State"
660,20230215,"NY071026522A",0.987860749757549,"State"
661,20230215,"NY071030490A",0.973547804568104,"State"
662,20230215,"NY079031356A",0.939939136541484,"State"
663,20230215,"NY083087971A",0.663679229508745,"State"
664,20230215,"NY087028533A",0.97294585827509,"State"
665,20230215,"NY089020117A",0.935257332040264,"State"
666,20230215,"NY089031194A",0.728355014547035,"State"
667,20230215,"NY091028240A",0.975788382436545,"State"
668,20230215,"NY107029262A",0.970571514563756,"State"
669,20230215,"NY109026638A",0.854563087315654,"State"
670,20230215,"NY111029351A",0.988462696050563,"State"
671,20230215,"NY111030082A",0.961943617697221,"State"
672,20230215,"NY119026697A",0.972009497374845,"State"
673,20230215,"NY119108324A",0.721532956559543,"State"
674,20230216,"NY001025739A",0.966324449051935,"State"
675,20230216,"NY007024414B",0.662675985687055,"State"
676,20230216,"NY007024414C",0.607029395043976,"State"
677,20230216,"NY023027561A",0.665819482995017,"State"
678,20230216,"NY027025976A",0.791057753402669,"State"
679,20230216,"NY029095401A",0.969100090291944,"State"
680,20230216,"NY045025984A",0.986790623014413,"State"
681,20230216,"NY059026450A",0.90582884660402,"State"
682,20230216,"NY065025780B",0.956091362070695,"State"
683,20230216,"NY065025780C",0.814199244222988,"State"
684,20230216,"NY089020818A",0.948433267565127,"State"
685,20230216,"NY093020516A",0.775908771695148,"State"
686,20230216,"NY101025712A",0.733739089723439,"State"
687,20230216,"NY103021750A",0.975387084907869,"State"
688,20230216,"NY103079324A",0.950305989365615,"State"
689,20230216,"NY103104809A",0.977694545697756,"State"
690,20230216,"NY115183695A",0.980269538173427,"State"
691,20230219,"NY119026689A",0.976223121425944,"State"
692,20230219,"NY119026701A",0.945356653178611,"State"
693,20230219,"NY119026719A",0.967260809952179,"State"
694,20230219,"NY119108324A",0.965421529612413,"State"
695,20230220,"NY027026255A",0.960104337357456,"State"
696,20230220,"NY031021733A",0.963682573654817,"State"
697,20230220,"NY059026859A",0.812594054108283,"State"
698,20230220,"NY067027596A",0.770424372136575,"State"
699,20230220,"NY067030317A",0.985687054810554,"State"
700,20230220,"NY067030571A",0.751697154131692,"State"
701,20230220,"NY089031194A",0.951175467344414,"State"
702,20230220,"NY103020061A",0.671604855700097,"State"
703,20230220,"NY119026697A",0.978764672440892,"State"
704,20230220,"NY119100803A",0.93020767147109,"State"
705,20230221,"NY001025739A",0.987860749757549,"State"
706,20230221,"NY001026867A",0.940875497441728,"State"
707,20230221,"NY001026875A",0.962645888372404,"State"
708,20230221,"NY007024414B",0.947496906664883,"State"
709,20230221,"NY007024414C",0.960304986121794,"State"
710,20230221,"NY007027669A",0.984717252449587,"State"
711,20230221,"NY013027570A",0.984550045145972,"State"
712,20230221,"NY013027961A",0.986222118182122,"State"
713,20230221,"NY019023949A",0.976156238504498,"State"
714,20230221,"NY021022039A",0.755275390429054,"State"
715,20230221,"NY027149209A",0.946493662843193,"State"
716,20230221,"NY029022136A",0.981272781995118,"State"
717,20230221,"NY029022543A",0.97117346085677,"State"
718,20230221,"NY029025950B",0.987860749757549,"State"
719,20230221,"NY029026395B",0.97762766277631,"State"
720,20230221,"NY029026395C",0.987860749757549,"State"
721,20230221,"NY029028410A",0.948399826104404,"State"
722,20230221,"NY029095401A",0.980470186937765,"State"
723,20230221,"NY045025984A",0.980670835702103,"State"
724,20230221,"NY045025984B",0.907032739190048,"State"
725,20230221,"NY053021539A",0.987994515600441,"State"
726,20230221,"NY053026956A",0.746078988730228,"State"
727,20230221,"NY053028525A",0.974651372771963,"State"
728,20230221,"NY053029807A",0.780222720128415,"State"
729,20230221,"NY057020290A",0.951978062401766,"State"
730,20230221,"NY059026450A",0.976055914122329,"State"
731,20230221,"NY059026778A",0.980771160084272,"State"
732,20230221,"NY059026999A",0.977025716483296,"State"
733,20230221,"NY063026336A",0.968899441527606,"State"
734,20230221,"NY065030864A",0.908671370765475,"State"
735,20230221,"NY071024422A",0.971675082767615,"State"
736,20230221,"NY071026328A",0.978329933451493,"State"
737,20230221,"NY087022748A",0.929170986188677,"State"
738,20230221,"NY087031895A",0.913854797177541,"State"
739,20230221,"NY089020818A",0.928970337424339,"State"
740,20230221,"NY089236586A",0.978329933451493,"State"
741,20230221,"NY103021750A",0.84105273718356,"State"
742,20230221,"NY103065358A",0.954787145102498,"State"
743,20230221,"NY103079324A",0.97996856502692,"State"
744,20230221,"NY103206644A",0.968932882988329,"State"
745,20230221,"NY109026638A",0.832558606159917,"State"
746,20230221,"NY111029351A",0.959569273985888,"State"
747,20230221,"NY117029475A",0.990402300772498,"State"
748,20230221,"NY119026786A",0.803564859713072,"State"
749,20230222,"NY001022225A",0.956659866902986,"State"
750,20230222,"NY007027669A",0.986556532789352,"State"
751,20230222,"NY015036986A",0.752934488178444,"State"
752,20230222,"NY017021423A",0.96572250275892,"State"
753,20230222,"NY019022195A",0.988362371668394,"State"
754,20230222,"NY025029271A",0.960973815336254,"State"
755,20230222,"NY027026255A",0.97017021703508,"State"
756,20230222,"NY027026271A",0.660134434672107,"State"
757,20230222,"NY031021733A",0.978931879744507,"State"
758,20230222,"NY033029939A",0.966458214894827,"State"
759,20230222,"NY043036528A",0.967193927030733,"State"
760,20230222,"NY045025151A",0.978630906598,"State"
761,20230222,"NY049020125A",0.963247834665418,"State"
762,20230222,"NY055028231A",0.980236096712704,"State"
763,20230222,"NY059023523A",0.939036217101963,"State"
764,20230222,"NY059026450A",0.789920743738087,"State"
765,20230222,"NY059026859A",0.915995050663813,"State"
766,20230222,"NY071026310A",0.969100090291944,"State"
767,20230222,"NY071026522A",0.975019228839916,"State"
768,20230222,"NY075029106A",0.959870247132395,"State"
769,20230222,"NY079031356A",0.960672842189747,"State"
770,20230222,"NY083087971A",0.964251078487108,"State"
771,20230222,"NY089031194A",0.855098150687222,"State"
772,20230222,"NY091028240A",0.979266294351737,"State"
773,20230222,"NY095024201A",0.980470186937765,"State"
774,20230222,"NY103020061A",0.967093602648564,"State"
775,20230222,"NY105022454A",0.960338427582517,"State"
776,20230222,"NY107029262A",0.958499147242752,"State"
777,20230222,"NY109026638A",0.976758184797512,"State"
778,20230222,"NY111029351A",0.969467946359897,"State"
779,20230222,"NY119026689A",0.89837140086279,"State"
780,20230222,"NY119026697A",0.897903220412668,"State"
781,20230222,"NY119026701A",0.883824365448283,"State"
782,20230222,"NY119026719A",0.930943383606996,"State"
783,20230222,"NY119108324A",0.870581547001973,"State"
784,20230222,"NY123029726A",0.957228371735277,"State"
785,20230223,"NY001025739A",0.97284553389292,"State"
786,20230223,"NY007024414B",0.973547804568104,"State"
787,20230223,"NY025020265A",0.882051968029964,"State"
788,20230223,"NY027025976A",0.674815235929505,"State"
789,20230223,"NY051032328A",0.972778650971474,"State"
790,20230223,"NY057020290A",0.86476273283617,"State"
791,20230223,"NY059026778A",0.98541952312477,"State"
792,20230223,"NY059026999A",0.831689128181119,"State"
793,20230223,"NY063027979A",0.979567267498244,"State"
794,20230223,"NY065025780C",0.6099722435876,"State"
795,20230223,"NY071023680A",0.875865297796208,"State"
796,20230223,"NY071026328A",0.98030297963415,"State"
797,20230223,"NY071027901A",0.924723271912517,"State"
798,20230223,"NY071031518A",0.967929639166639,"State"
799,20230223,"NY089020818A",0.717954720262181,"State"
800,20230223,"NY089236586A",0.944286526435475,"State"
801,20230223,"NY093020516A",0.987726983914657,"State"
802,20230223,"NY097271942A",0.98207537705247,"State"
803,20230223,"NY099033308A",0.955723506002742,"State"
804,20230223,"NY103021750A",0.984984784135371,"State"
805,20230223,"NY103079324A",0.977694545697756,"State"
806,20230223,"NY103104809A",0.972444236364244,"State"
807,20230223,"NY113029050A",0.972644885128582,"State"
808,20230223,"NY115183695A",0.980436745477042,"State"
809,20230224,"NY045025984A",0.967762431863024,"State"
810,20230226,"NY055028339A",0.95592415476708,"State"
811,20230226,"NY067027596A",0.95558974015985,"State"
812,20230226,"NY067027618A",0.919840818646959,"State"
813,20230226,"NY067027723A",0.951944620941043,"State"
814,20230226,"NY067030317A",0.967394575795071,"State"
815,20230226,"NY067030571A",0.793398655653279,"State"
816,20230226,"NY119026697A",0.903487944353409,"State"
817,20230226,"NY119100803A",0.960171220278902,"State"
818,20230227,"NY001026867A",0.976825067718958,"State"
819,20230227,"NY001026875A",0.962110825000836,"State"
820,20230227,"NY023027561A",0.970805604788817,"State"
821,20230227,"NY027026255A",0.932314483496639,"State"
822,20230227,"NY031021733A",0.968899441527606,"State"
823,20230227,"NY035026042A",0.980537069859211,"State"
824,20230227,"NY045025984A",0.975019228839916,"State"
825,20230227,"NY045025984B",0.981239340534395,"State"
826,20230227,"NY055028231A",0.9610406982577,"State"
827,20230227,"NY059026450A",0.770524696518744,"State"
828,20230227,"NY059026859A",0.762900043473899,"State"
829,20230227,"NY059026999A",0.928435274052771,"State"
830,20230227,"NY063026336A",0.978363374912216,"State"
831,20230227,"NY063027766A",0.971106577935324,"State"
832,20230227,"NY065030864A",0.910577534026686,"State"
833,20230227,"NY087031895A",0.922783667190583,"State"
834,20230227,"NY089020117A",0.981807845366686,"State"
835,20230227,"NY113029050A",0.977259806708357,"State"
836,20230227,"NY119108324A",0.889944152760593,"State"
837,20230228,"NY007024414B",0.966792629502057,"State"
838,20230228,"NY011021903A",0.901180483563522,"State"
839,20230228,"NY013027570A",0.980135772330535,"State"
840,20230228,"NY013027961A",0.974852021536301,"State"
841,20230228,"NY019023949A",0.964752700397953,"State"
842,20230228,"NY021022039A",0.948500150486573,"State"
843,20230228,"NY029022136A",0.971708524228338,"State"
844,20230228,"NY029022543A",0.954118315888038,"State"
845,20230228,"NY029025950B",0.98986723740093,"State"
846,20230228,"NY029026395B",0.979667591880413,"State"
847,20230228,"NY029026395C",0.990837039761897,"State"
848,20230228,"NY029028410A",0.980904925927164,"State"
849,20230228,"NY029028436A",0.972912416814366,"State"
850,20230228,"NY029095401A",0.986322442564291,"State"
851,20230228,"NY031022187A",0.985185432899709,"State"
852,20230228,"NY033029939A",0.965187439387352,"State"
853,20230228,"NY033030376A",0.987024713239474,"State"
854,20230228,"NY051030635A",0.979801357723305,"State"
855,20230228,"NY055028339A",0.973380597264489,"State"
856,20230228,"NY057020290A",0.832157308631241,"State"
857,20230228,"NY059026778A",0.986456208407183,"State"
858,20230228,"NY071023680A",0.714610574189881,"State"
859,20230228,"NY071026328A",0.934153763836404,"State"
860,20230228,"NY071027901A",0.943952111828245,"State"
861,20230228,"NY075029106A",0.95793064241046,"State"
862,20230228,"NY089236586A",0.947396582282714,"State"
863,20230228,"NY101023906A",0.943116075310169,"State"
864,20230228,"NY101025712A",0.96438484433,"State"
865,20230228,"NY103079324A",0.980570511319934,"State"
866,20230228,"NY103104809A",0.977493896933418,"State"
867,20230228,"NY103206644A",0.972277029060629,"State"
868,20230228,"NY111029351A",0.840517673811992,"State"
869,20230301,"NY015035742A",0.926161254723606,"State"
870,20230301,"NY019022195A",0.945824833628733,"State"
871,20230301,"NY019026018A",0.935190449118818,"State"
872,20230301,"NY025029271A",0.973113065578704,"State"
873,20230301,"NY027026255A",0.886867538374076,"State"
874,20230301,"NY027026271A",0.950573521051399,"State"
875,20230301,"NY031021733A",0.979935123566197,"State"
876,20230301,"NY045025151A",0.962512122529512,"State"
877,20230301,"NY049020125A",0.68822526167943,"State"
878,20230301,"NY055028231A",0.972076380296291,"State"
879,20230301,"NY059023523A",0.942714777781493,"State"
880,20230301,"NY059026450A",0.943249841153062,"State"
881,20230301,"NY059026859A",0.97562117513293,"State"
882,20230301,"NY071026310A",0.95492091094539,"State"
883,20230301,"NY071026522A",0.975387084907869,"State"
884,20230301,"NY071030490A",0.808280105675016,"State"
885,20230301,"NY075026301A",0.985252315821155,"State"
886,20230301,"NY075029106A",0.91562719459586,"State"
887,20230301,"NY079031356A",0.898471725244959,"State"
888,20230301,"NY087026051A",0.930274554392536,"State"
889,20230301,"NY087270598A",0.946326455539578,"State"
890,20230301,"NY091028240A",0.964518610172892,"State"
891,20230301,"NY095024201A",0.906297027054142,"State"
892,20230301,"NY107029262A",0.987258803464535,"State"
893,20230301,"NY111029351A",0.964886466240845,"State"
894,20230301,"NY111030082A",0.646389994314952,"State"
895,20230301,"NY119026697A",0.893221415911447,"State"
896,20230301,"NY119026701A",0.937832324515935,"State"
897,20230301,"NY119026719A",0.91897134066816,"State"
898,20230301,"NY119100803A",0.935558305186771,"State"
899,20230301,"NY123029726A",0.95090793565863,"State"
900,20230302,"NY001025739A",0.940842055981005,"State"
901,20230302,"NY023027561A",0.955857271845634,"State"
902,20230302,"NY029027693A",0.983112062334883,"State"
903,20230302,"NY029028436A",0.969401063438451,"State"
904,20230302,"NY029032093A",0.978798113901615,"State"
905,20230302,"NY039020389A",0.949369628465371,"State"
906,20230302,"NY041026484A",0.932046951810855,"State"
907,20230302,"NY051032328A",0.606059592683008,"State"
908,20230302,"NY057020290A",0.964786141858676,"State"
909,20230302,"NY059026778A",0.909641173126442,"State"
910,20230302,"NY059026999A",0.888773701635287,"State"
911,20230302,"NY063027979A",0.961274788482761,"State"
912,20230302,"NY077031151A",0.969969568270742,"State"
913,20230302,"NY089020818A",0.673210045814801,"State"
914,20230302,"NY093020516A",0.962813095676019,"State"
915,20230302,"NY097271942A",0.959937130053841,"State"
916,20230302,"NY099033308A",0.94244724609571,"State"
917,20230302,"NY101021431A",0.968330936695315,"State"
918,20230302,"NY101023906A",0.974684814232686,"State"
919,20230302,"NY101025712A",0.941744975420526,"State"
920,20230302,"NY103021750A",0.944520616660536,"State"
921,20230302,"NY103065358A",0.963816339497709,"State"
922,20230302,"NY103079324A",0.88278768016587,"State"
923,20230302,"NY103104809A",0.962344915225897,"State"
924,20230302,"NY113029050A",0.880981841286827,"State"
925,20230302,"NY115183695A",0.958599471624921,"State"
926,20230303,"NY045025984A",0.984951342674648,"State"
927,20230305,"NY055028339A",0.956893957128047,"State"
928,20230305,"NY067027081A",0.873925693074273,"State"
929,20230305,"NY067027618A",0.954854028023944,"State"
930,20230305,"NY067027723A",0.97317994850015,"State"
931,20230305,"NY067030317A",0.964016988262047,"State"
932,20230305,"NY067030571A",0.730495268033308,"State"
933,20230305,"NY119026689A",0.916496672574658,"State"
934,20230305,"NY119026697A",0.904925927164499,"State"
935,20230305,"NY119026701A",0.728120924321974,"State"
936,20230305,"NY119026719A",0.976122797043775,"State"
937,20230305,"NY119026786A",0.718356017790857,"State"
938,20230305,"NY119100803A",0.936227134401231,"State"
939,20230305,"NY119108324A",0.975721499515099,"State"
940,20230306,"NY001026875A",0.848643948767682,"State"
941,20230306,"NY013027961A",0.96849814399893,"State"
942,20230306,"NY023027561A",0.945657626325118,"State"
943,20230306,"NY027026255A",0.778082466642143,"State"
944,20230306,"NY031021733A",0.967361134334348,"State"
945,20230306,"NY033029939A",0.958164732635521,"State"
946,20230306,"NY035026042A",0.959669598368057,"State"
947,20230306,"NY043036528A",0.960672842189747,"State"
948,20230306,"NY045025984A",0.969568270742066,"State"
949,20230306,"NY055028231A",0.968431261077484,"State"
950,20230306,"NY059026450A",0.972042938835568,"State"
951,20230306,"NY059026859A",0.721934254088219,"State"
952,20230306,"NY059026999A",0.861819884292546,"State"
953,20230306,"NY063026336A",0.974082867939672,"State"
954,20230306,"NY063027766A",0.963615690733371,"State"
955,20230306,"NY087031895A",0.946894960371869,"State"
956,20230306,"NY089020117A",0.95492091094539,"State"
957,20230306,"NY089031194A",0.969133531752667,"State"
958,20230306,"NY091028240A",0.964853024780122,"State"
959,20230307,"NY001025739A",0.947262816439822,"State"
960,20230307,"NY007024414B",0.868073437447748,"State"
961,20230307,"NY007027669A",0.959201417917935,"State"
962,20230307,"NY011021903A",0.94846670902585,"State"
963,20230307,"NY013027570A",0.973648128950273,"State"
964,20230307,"NY021022039A",0.634083536768886,"State"
965,20230307,"NY029022136A",0.964919907701568,"State"
966,20230307,"NY029022543A",0.969133531752667,"State"
967,20230307,"NY029025950B",0.931679095742902,"State"
968,20230307,"NY029026395B",0.975487409290038,"State"
969,20230307,"NY029026395C",0.98207537705247,"State"
970,20230307,"NY029028410A",0.978931879744507,"State"
971,20230307,"NY029028436A",0.915794401899475,"State"
972,20230307,"NY029095401A",0.985185432899709,"State"
973,20230307,"NY033030376A",0.951509881951644,"State"
974,20230307,"NY041026484A",0.926395344948667,"State"
975,20230307,"NY051030635A",0.960539076346855,"State"
976,20230307,"NY053021539A",0.972912416814366,"State"
977,20230307,"NY053026956A",0.970705280406648,"State"
978,20230307,"NY053028525A",0.779654215296124,"State"
979,20230307,"NY055028339A",0.952613450155503,"State"
980,20230307,"NY057020290A",0.832056984249072,"State"
981,20230307,"NY059026778A",0.703407684847674,"State"
982,20230307,"NY065030864A",0.932147276193024,"State"
983,20230307,"NY069025968A",0.925726515734207,"State"
984,20230307,"NY071023680A",0.890211684446377,"State"
985,20230307,"NY071026310A",0.955088118249005,"State"
986,20230307,"NY071026328A",0.946761194528977,"State"
987,20230307,"NY083087971A",0.928033976524095,"State"
988,20230307,"NY093020516A",0.972477677824967,"State"
989,20230307,"NY101023906A",0.958097849714076,"State"
990,20230307,"NY103021750A",0.703641775072735,"State"
991,20230307,"NY103065358A",0.967929639166639,"State"
992,20230307,"NY103104809A",0.983312711099221,"State"
993,20230307,"NY103206644A",0.978564023676554,"State"
994,20230307,"NY109020958A",0.981807845366686,"State"
995,20230307,"NY109026638A",0.972878975353643,"State"
996,20230307,"NY119026786A",0.703039828779721,"State"
997,20230307,"NY121021504A",0.983212386717052,"State"
998,20230308,"NY001022225A",0.925793398655653,"State"
999,20230308,"NY007027669A",0.906464234357757,"State"
1000,20230308,"NY015035742A",0.960004012975287,"State"
1001,20230308,"NY015036986A",0.979901682105474,"State"
1002,20230308,"NY017021423A",0.939103100023409,"State"
1003,20230308,"NY025027154A",0.946894960371869,"State"
1004,20230308,"NY025029271A",0.928000535063372,"State"
1005,20230308,"NY027026271A",0.96950138782062,"State"
1006,20230308,"NY031021733A",0.930809617764104,"State"
1007,20230308,"NY043036528A",0.84717252449587,"State"
1008,20230308,"NY055028231A",0.96170952747216,"State"
1009,20230308,"NY057024333A",0.831889776945457,"State"
1010,20230308,"NY059023523A",0.969568270742066,"State"
1011,20230308,"NY059026450A",0.972109821757014,"State"
1012,20230308,"NY059026859A",0.96438484433,"State"
1013,20230308,"NY071026310A",0.957362137578169,"State"
1014,20230308,"NY071026522A",0.958632913085644,"State"
1015,20230308,"NY071030490A",0.973079624117981,"State"
1016,20230308,"NY075029106A",0.673577901882754,"State"
1017,20230308,"NY087028533A",0.960204661739625,"State"
1018,20230308,"NY089020117A",0.965655619837474,"State"
1019,20230308,"NY089031194A",0.95936862522155,"State"
1020,20230308,"NY091028240A",0.923118081797813,"State"
1021,20230308,"NY095024201A",0.947396582282714,"State"
1022,20230308,"NY105022454A",0.962879978597465,"State"
1023,20230308,"NY107029262A",0.977794870079925,"State"
1024,20230308,"NY111031208A",0.959268300839381,"State"
1025,20230308,"NY119026689A",0.707621308898773,"State"
1026,20230308,"NY119026719A",0.962478681068789,"State"
1027,20230308,"NY119108324A",0.965588736916029,"State"
1028,20230308,"NY123029726A",0.918570043139484,"State"
1029,20230309,"NY007024414B",0.936628431929907,"State"
1030,20230309,"NY007024414C",0.90816974885463,"State"
1031,20230309,"NY023027561A",0.918570043139484,"State"
1032,20230309,"NY029032093A",0.975152994682808,"State"
1033,20230309,"NY035026042A",0.855399123833729,"State"
1034,20230309,"NY045025984A",0.734073504330669,"State"
1035,20230309,"NY051032328A",0.967294251412902,"State"
1036,20230309,"NY055021610A",0.955221884091897,"State"
1037,20230309,"NY059021822A",0.670133431428285,"State"
1038,20230309,"NY059026778A",0.985218874360432,"State"
1039,20230309,"NY059026999A",0.933250844396883,"State"
1040,20230309,"NY065025780B",0.898471725244959,"State"
1041,20230309,"NY065025780C",0.8650971474434,"State"
1042,20230309,"NY071026522A",0.975052670300639,"State"
1043,20230309,"NY089236586A",0.934187205297127,"State"
1044,20230309,"NY103021750A",0.946025482393071,"State"
1045,20230309,"NY103104809A",0.976189679965221,"State"
1046,20230309,"NY109026638A",0.964317961408554,"State"
1047,20230309,"NY115024929A",0.870013042169682,"State"
1048,20230309,"NY117027171A",0.980436745477042,"State"
1049,20230310,"NY029027693A",0.98140654783801,"State"
1050,20230310,"NY087026051A",0.780022071364077,"State"
1051,20230312,"NY045025984A",0.830786208741598,"State"
1052,20230312,"NY045025984B",0.927131057084573,"State"
1053,20230312,"NY067027596A",0.944921914189212,"State"
1054,20230312,"NY067027618A",0.687623315386416,"State"
1055,20230312,"NY067027723A",0.917065177406949,"State"
1056,20230312,"NY067030317A",0.97017021703508,"State"
1057,20230313,"NY001025739A",0.865565327893522,"State"
1058,20230313,"NY013027961A",0.971073136474601,"State"
1059,20230313,"NY031021733A",0.96338160050831,"State"
1060,20230313,"NY059026450A",0.963448483429756,"State"
1061,20230313,"NY059026859A",0.971875731531953,"State"
1062,20230313,"NY059026999A",0.924589506069625,"State"
1063,20230313,"NY063027766A",0.734474801859345,"State"
1064,20230314,"NY007027669A",0.919238872353944,"State"
1065,20230314,"NY011021903A",0.760525699762566,"State"
1066,20230314,"NY013027570A",0.978463699294385,"State"
1067,20230314,"NY019023949A",0.735912784670434,"State"
1068,20230314,"NY029022136A",0.973347155803766,"State"
1069,20230314,"NY029022543A",0.975019228839916,"State"
1070,20230314,"NY029025950B",0.97461793131124,"State"
1071,20230314,"NY029026395B",0.978630906598,"State"
1072,20230314,"NY029026395C",0.967026719727118,"State"
1073,20230314,"NY029028410A",0.979065645587399,"State"
1074,20230314,"NY029028436A",0.928368391131325,"State"
1075,20230314,"NY029095401A",0.953349162291409,"State"
1076,20230314,"NY031022187A",0.674949001772397,"State"
1077,20230314,"NY033029939A",0.7943015750928,"State"
1078,20230314,"NY051030635A",0.975086111761362,"State"
1079,20230314,"NY059026778A",0.894893488947597,"State"
1080,20230314,"NY063026336A",0.970604956024479,"State"
1081,20230314,"NY063027979A",0.982209142895362,"State"
1082,20230314,"NY071026328A",0.738053038156707,"State"
1083,20230314,"NY087022748A",0.928669364277832,"State"
1084,20230314,"NY093020516A",0.985151991438986,"State"
1085,20230314,"NY101021431A",0.954686820720329,"State"
1086,20230314,"NY103021750A",0.949737484533324,"State"
1087,20230314,"NY103079324A",0.962110825000836,"State"
1088,20230314,"NY103104809A",0.858375413838076,"State"
1089,20230314,"NY103206644A",0.886432799384677,"State"
1090,20230314,"NY109026638A",0.946025482393071,"State"
1091,20230314,"NY113029050A",0.920242116175635,"State"
1092,20230314,"NY117029475A",0.943751463063907,"State"
1093,20230315,"NY017021423A",0.954185198809484,"State"
1094,20230315,"NY027026255A",0.583252516469919,"State"
1095,20230315,"NY055028231A",0.97595558974016,"State"
1096,20230315,"NY059023523A",0.875229910042471,"State"
1097,20230315,"NY059026450A",0.957729993646122,"State"
1098,20230315,"NY059026859A",0.885228906798649,"State"
1099,20230315,"NY087270598A",0.875464000267532,"State"
1100,20230315,"NY089020117A",0.839347222686687,"State"
1101,20230315,"NY103020061A",0.659599371300538,"State"
1102,20230315,"NY105024520A",0.814065478380096,"State"
1103,20230315,"NY109026638A",0.791124636324115,"State"
1104,20230315,"NY119026697A",0.866234157107982,"State"
1105,20230315,"NY119026701A",0.885529879945156,"State"
1106,20230315,"NY119026719A",0.928234625288433,"State"
1107,20230315,"NY119108324A",0.943851787446076,"State"
1108,20230315,"NY123029726A",0.923352172022874,"State"
1109,20230316,"NY001025739A",0.907768451325954,"State"
1110,20230316,"NY027025976A",0.947329699361268,"State"
1111,20230316,"NY029027693A",0.974852021536301,"State"
1112,20230316,"NY029032093A",0.856067953048189,"State"
1113,20230316,"NY035026042A",0.933785907768451,"State"
1114,20230316,"NY059021822A",0.775908771695148,"State"
1115,20230316,"NY059026778A",0.978463699294385,"State"
1116,20230316,"NY065025780B",0.82145604119988,"State"
1117,20230316,"NY065025780C",0.941377119352573,"State"
1118,20230316,"NY071023680A",0.67675484065144,"State"
1119,20230316,"NY071026328A",0.971307226699662,"State"
1120,20230316,"NY071026522A",0.772965923151523,"State"
1121,20230316,"NY071027901A",0.948399826104404,"State"
1122,20230316,"NY077031151A",0.970270541417249,"State"
1123,20230316,"NY079031356A",0.974450724007625,"State"
1124,20230316,"NY089236586A",0.658529244557402,"State"
1125,20230316,"NY097271942A",0.970872487710263,"State"
1126,20230316,"NY101021431A",0.976189679965221,"State"
1127,20230316,"NY103104809A",0.646690967461459,"State"
1128,20230316,"NY113029050A",0.975654616593653,"State"
1129,20230316,"NY115183695A",0.963782898036986,"State"
1130,20230316,"NY117027171A",0.942413804634986,"State"
1131,20230319,"NY055028339A",0.958532588703475,"State"
1132,20230319,"NY067027618A",0.94067484867739,"State"
1133,20230319,"NY067027723A",0.935524863726048,"State"
1134,20230319,"NY067030317A",0.970136775574357,"State"
1135,20230319,"NY119026689A",0.947028726214761,"State"
1136,20230319,"NY119026697A",0.980269538173427,"State"
1137,20230319,"NY119026701A",0.919138547971775,"State"
1138,20230319,"NY119100803A",0.807243420392603,"State"
1139,20230319,"NY119108324A",0.952947864762733,"State"
1140,20230320,"NY013027961A",0.933719024847005,"State"
1141,20230320,"NY027026255A",0.918168745610808,"State"
1142,20230320,"NY055028231A",0.932648898103869,"State"
1143,20230320,"NY063027766A",0.88780389927432,"State"
1144,20230321,"NY007024414B",0.960973815336254,"State"
1145,20230321,"NY007027669A",0.956626425442263,"State"
1146,20230321,"NY013027570A",0.952747215998395,"State"
1147,20230321,"NY029022136A",0.974450724007625,"State"
1148,20230321,"NY029022543A",0.976490653111728,"State"
1149,20230321,"NY029025950B",0.968063405009531,"State"
1150,20230321,"NY029026395B",0.949938133297662,"State"
1151,20230321,"NY029026395C",0.974082867939672,"State"
1152,20230321,"NY029028410A",0.963247834665418,"State"
1153,20230321,"NY029028436A",0.967528341637963,"State"
1154,20230321,"NY029095401A",0.947630672507775,"State"
1155,20230321,"NY031022187A",0.974684814232686,"State"
1156,20230321,"NY045025984A",0.65572016185667,"State"
1157,20230321,"NY045025984B",0.947965087115005,"State"
1158,20230321,"NY051030635A",0.883958131291175,"State"
1159,20230321,"NY053026956A",0.968330936695315,"State"
1160,20230321,"NY053028525A",0.933050195632545,"State"
1161,20230321,"NY055021610A",0.950005016219108,"State"
1162,20230321,"NY059026778A",0.730160853426078,"State"
1163,20230321,"NY063026336A",0.943918670367522,"State"
1164,20230321,"NY063027979A",0.971574758385446,"State"
1165,20230321,"NY069025968A",0.666454870748754,"State"
1166,20230321,"NY071026328A",0.904524629635822,"State"
1167,20230321,"NY071031518A",0.932180717653747,"State"
1168,20230321,"NY083087971A",0.913754472795372,"State"
1169,20230321,"NY089020818A",0.626592649566933,"State"
1170,20230321,"NY093020516A",0.694110958766679,"State"
1171,20230321,"NY101021431A",0.915459987292245,"State"
1172,20230321,"NY101025712A",0.973815336253888,"State"
1173,20230321,"NY103079324A",0.698658997425007,"State"
1174,20230321,"NY105030074A",0.950205664983446,"State"
1175,20230322,"NY007027669A",0.89937464468448,"State"
1176,20230322,"NY015035742A",0.974417282546902,"State"
1177,20230322,"NY015036986A",0.932481690800254,"State"
1178,20230322,"NY017021423A",0.965454971073136,"State"
1179,20230322,"NY019022195A",0.764772765274387,"State"
1180,20230322,"NY025027154A",0.96438484433,"State"
1181,20230322,"NY025029271A",0.890077918603485,"State"
1182,20230322,"NY027026271A",0.974250075243287,"State"
1183,20230322,"NY055028231A",0.970538073103033,"State"
1184,20230322,"NY059023523A",0.702203792261646,"State"
1185,20230322,"NY075029106A",0.955455974316958,"State"
1186,20230322,"NY083087971A",0.730328060729693,"State"
1187,20230322,"NY087026051A",0.782128883389626,"State"
1188,20230322,"NY087270598A",0.959268300839381,"State"
1189,20230322,"NY089020117A",0.915159014145738,"State"
1190,20230322,"NY107029262A",0.924522623148179,"State"
1191,20230322,"NY109026638A",0.951677089255259,"State"
1192,20230322,"NY111031208A",0.883255860615992,"State"
1193,20230322,"NY119026689A",0.914490184931278,"State"
1194,20230322,"NY119026697A",0.906798648964987,"State"
1195,20230322,"NY119026701A",0.964853024780122,"State"
1196,20230322,"NY119026719A",0.913654148413203,"State"
1197,20230322,"NY119100803A",0.755375714811223,"State"
1198,20230322,"NY123029726A",0.981841286827409,"State"
1199,20230323,"NY001025739A",0.77771461057419,"State"
1200,20230323,"NY027025976A",0.887001304216968,"State"
1201,20230323,"NY029027693A",0.971474434003277,"State"
1202,20230323,"NY029032093A",0.778684412935157,"State"
1203,20230323,"NY035026042A",0.944654382503428,"State"
1204,20230323,"NY051032328A",0.954318964652376,"State"
1205,20230323,"NY055021610A",0.977460455472695,"State"
1206,20230323,"NY071023680A",0.643614353074942,"State"
1207,20230323,"NY071026328A",0.936728756312076,"State"
1208,20230323,"NY077031151A",0.977895194462094,"State"
1209,20230323,"NY089020818A",0.626525766645487,"State"
1210,20230323,"NY097271942A",0.693107714944989,"State"
1211,20230323,"NY099033308A",0.889710062535532,"State"
1212,20230323,"NY101023906A",0.973748453332442,"State"
1213,20230323,"NY101025712A",0.964217637026385,"State"
1214,20230323,"NY105024520A",0.963415041969033,"State"
1215,20230323,"NY115024929A",0.931277798214226,"State"
1216,20230323,"NY115183695A",0.892218172089757,"State"
1217,20230323,"NY117027171A",0.976557536033174,"State"
1218,20230324,"NY045025984A",0.681503528074106,"State"
1219,20230326,"NY067027596A",0.890546099053607,"State"
1220,20230326,"NY067030317A",0.947496906664883,"State"
1221,20230326,"NY119026689A",0.86041534294218,"State"
1222,20230326,"NY119026697A",0.738688425910444,"State"
1223,20230326,"NY119026701A",0.942146272949202,"State"
1224,20230326,"NY119026719A",0.947864762732836,"State"
1225,20230326,"NY119108324A",0.940273551148714,"State"
1226,20230327,"NY001026875A",0.862120857439053,"State"
1227,20230327,"NY013027961A",0.810253151857673,"State"
1228,20230327,"NY019026018A",0.906230144132696,"State"
1229,20230327,"NY033029939A",0.922047955054677,"State"
1230,20230327,"NY035026042A",0.884861050730696,"State"
1231,20230327,"NY059026450A",0.895562318162057,"State"
1232,20230327,"NY063026336A",0.903487944353409,"State"
1233,20230327,"NY063027766A",0.951208908805137,"State"
1234,20230327,"NY063027979A",0.92853559843494,"State"
1235,20230327,"NY065025780B",0.960773166571916,"State"
1236,20230327,"NY065025780C",0.836103400996556,"State"
1237,20230327,"NY065030864A",0.966458214894827,"State"
1238,20230327,"NY089031194A",0.826639467611945,"State"
1239,20230327,"NY091028240A",0.959201417917935,"State"
1240,20230327,"NY103104809A",0.962244590843728,"State"
1241,20230328,"NY007024414B",0.804066481623917,"State"
1242,20230328,"NY013027570A",0.980202655251981,"State"
1243,20230328,"NY019023949A",0.649031869712069,"State"
1244,20230328,"NY029022136A",0.931478446978564,"State"
1245,20230328,"NY029022543A",0.897167508276762,"State"
1246,20230328,"NY029025950B",0.979533826037521,"State"
1247,20230328,"NY029026395B",0.959836805671672,"State"
1248,20230328,"NY029026395C",0.978229609069324,"State"
1249,20230328,"NY029028410A",0.946326455539578,"State"
1250,20230328,"NY029028436A",0.940206668227268,"State"
1251,20230328,"NY029095401A",0.968866000066883,"State"
1252,20230328,"NY031021733A",0.958097849714076,"State"
1253,20230328,"NY031022187A",0.96405042972277,"State"
1254,20230328,"NY033029939A",0.874193224760058,"State"
1255,20230328,"NY033030376A",0.91194863391633,"State"
1256,20230328,"NY045025984A",0.850951409557569,"State"
1257,20230328,"NY045025984B",0.894659398722536,"State"
1258,20230328,"NY051024384A",0.900879510417015,"State"
1259,20230328,"NY053028525A",0.894893488947597,"State"
1260,20230328,"NY053029807A",0.86242183058556,"State"
1261,20230328,"NY055028339A",0.636390997558773,"State"
1262,20230328,"NY057020290A",0.965923151523259,"State"
1263,20230328,"NY059026620A",0.917232384710564,"State"
1264,20230328,"NY059026778A",0.824265123900612,"State"
1265,20230328,"NY065030864A",0.901213925024245,"State"
1266,20230328,"NY071026328A",0.880078921847306,"State"
1267,20230328,"NY071027901A",0.947898204193559,"State"
1268,20230328,"NY083087971A",0.900076915359663,"State"
1269,20230328,"NY087026051A",0.888940908938902,"State"
1270,20230328,"NY089236586A",0.697321338996087,"State"
1271,20230328,"NY093020516A",0.984014981774404,"State"
1272,20230328,"NY101025712A",0.96338160050831,"State"
1273,20230328,"NY103076988A",0.701100224057787,"State"
1274,20230328,"NY103206644A",0.847072200113701,"State"
1275,20230328,"NY105030074A",0.782463297996857,"State"
1276,20230328,"NY109026638A",0.917734006621409,"State"
1277,20230328,"NY119026786A",0.70247132394743,"State"
1278,20230329,"NY015035742A",0.94167809249908,"State"
1279,20230329,"NY015036986A",0.962211149383005,"State"
1280,20230329,"NY025027154A",0.969233856134836,"State"
1281,20230329,"NY027026255A",0.981607196602348,"State"
1282,20230329,"NY027026271A",0.972678326589305,"State"
1283,20230329,"NY031021733A",0.970471190181587,"State"
1284,20230329,"NY045025151A",0.932715781025315,"State"
1285,20230329,"NY055028231A",0.901882754238705,"State"
1286,20230329,"NY059026859A",0.71872387385881,"State"
1287,20230329,"NY071026310A",0.958331939939137,"State"
1288,20230329,"NY071030490A",0.871584790823663,"State"
1289,20230329,"NY075026301A",0.663043841755008,"State"
1290,20230329,"NY083087971A",0.926562552252282,"State"
1291,20230329,"NY087026051A",0.600642076045882,"State"
1292,20230329,"NY089020117A",0.775775005852256,"State"
1293,20230329,"NY089031194A",0.903989566264254,"State"
1294,20230329,"NY091028240A",0.615255994381835,"State"
1295,20230329,"NY095024201A",0.934822593050864,"State"
1296,20230329,"NY107029262A",0.950606962512123,"State"
1297,20230329,"NY109026638A",0.951643647794536,"State"
1298,20230329,"NY111029351A",0.886967862756245,"State"
1299,20230329,"NY119026689A",0.880179246229475,"State"
1300,20230329,"NY119026697A",0.984249071999465,"State"
1301,20230329,"NY119100803A",0.956325452295756,"State"
1302,20230329,"NY119108324A",0.942848543624386,"State"
1303,20230329,"NY123029726A",0.972678326589305,"State"
1304,20230330,"NY001025739A",0.940574524295221,"State"
1305,20230330,"NY007024414B",0.91184830953416,"State"
1306,20230330,"NY007024414C",0.671270441092867,"State"
1307,20230330,"NY029028436A",0.981205899073672,"State"
1308,20230330,"NY051032328A",0.939504397552085,"State"
1309,20230330,"NY059021822A",0.843694612580678,"State"
1310,20230330,"NY059026620A",0.972578002207136,"State"
1311,20230330,"NY059026778A",0.854228672708424,"State"
1312,20230330,"NY071026328A",0.97729324816908,"State"
1313,20230330,"NY071026522A",0.918570043139484,"State"
1314,20230330,"NY089020818A",0.973982543557503,"State"
1315,20230330,"NY093020516A",0.962980302979634,"State"
1316,20230330,"NY101023906A",0.97294585827509,"State"
1317,20230330,"NY101025712A",0.958632913085644,"State"
1318,20230330,"NY105024520A",0.6807678159382,"State"
1319,20230330,"NY115024929A",0.975922148279437,"State"
1320,20230402,"NY029028436A",0.950506638129954,"State"
1321,20230402,"NY067027596A",0.825937196936762,"State"
1322,20230402,"NY067027723A",0.931745978664348,"State"
1323,20230402,"NY067030317A",0.965254322308798,"State"
1324,20230402,"NY067030571A",0.919773935725512,"State"
1325,20230402,"NY119100803A",0.664281175801759,"State"
1326,20230403,"NY001026867A",0.947697555429221,"State"
1327,20230403,"NY001026875A",0.962879978597465,"State"
1328,20230403,"NY013027570A",0.962579005450958,"State"
1329,20230403,"NY019026018A",0.777848376417082,"State"
1330,20230403,"NY027026255A",0.84272481021971,"State"
1331,20230403,"NY031021733A",0.918603484600207,"State"
1332,20230403,"NY033029939A",0.962846537136742,"State"
1333,20230403,"NY035026042A",0.883657158144668,"State"
1334,20230403,"NY045025984A",0.956392335217202,"State"
1335,20230403,"NY055028231A",0.954218640270207,"State"
1336,20230403,"NY059026450A",0.701936260575862,"State"
1337,20230403,"NY059026859A",0.916764204260442,"State"
1338,20230403,"NY063026336A",0.97294585827509,"State"
1339,20230403,"NY063027766A",0.899876266595325,"State"
1340,20230403,"NY063027979A",0.966324449051935,"State"
1341,20230403,"NY065030864A",0.960238103200348,"State"
1342,20230403,"NY087031895A",0.654683476574257,"State"
1343,20230403,"NY091028240A",0.834799184028358,"State"
1344,20230403,"NY113029050A",0.672374009296726,"State"
1345,20230404,"NY011021903A",0.84917901213925,"State"
1346,20230404,"NY019021831A",0.975788382436545,"State"
1347,20230404,"NY019023949A",0.941945624184864,"State"
1348,20230404,"NY021022039A",0.866501688793767,"State"
1349,20230404,"NY027149209A",0.899006788616527,"State"
1350,20230404,"NY029022136A",0.958097849714076,"State"
1351,20230404,"NY029022543A",0.952646891616226,"State"
1352,20230404,"NY029025950B",0.958298498478414,"State"
1353,20230404,"NY029026395B",0.960873490954085,"State"
1354,20230404,"NY029026395C",0.971307226699662,"State"
1355,20230404,"NY029028410A",0.961475437247099,"State"
1356,20230404,"NY033029939A",0.934120322375681,"State"
1357,20230404,"NY033030376A",0.96037186904324,"State"
1358,20230404,"NY041026484A",0.78918503160218,"State"
1359,20230404,"NY051024384A",0.793866836103401,"State"
1360,20230404,"NY051030635A",0.891616225796743,"State"
1361,20230404,"NY053028525A",0.965889710062536,"State"
1362,20230404,"NY059026778A",0.913219409423804,"State"
1363,20230404,"NY065030864A",0.935290773500987,"State"
1364,20230404,"NY071031518A",0.913921680098987,"State"
1365,20230404,"NY075029106A",0.971374109621108,"State"
1366,20230404,"NY083087971A",0.777814934956359,"State"
1367,20230404,"NY087022748A",0.914523626392001,"State"
1368,20230404,"NY089020818A",0.946192689696686,"State"
1369,20230404,"NY089236586A",0.944587499581982,"State"
1370,20230404,"NY093020516A",0.971608199846169,"State"
1371,20230404,"NY103021750A",0.596996956827074,"State"
1372,20230404,"NY103065358A",0.773634752365983,"State"
1373,20230404,"NY103076988A",0.848677390228405,"State"
1374,20230404,"NY103104809A",0.877069190382236,"State"
1375,20230404,"NY109026638A",0.953449486673578,"State"
1376,20230404,"NY117029475A",0.980403304016319,"State"
1377,20230405,"NY013027961A",0.916463231113935,"State"
1378,20230405,"NY015036986A",0.895194462094104,"State"
1379,20230405,"NY025029271A",0.862956893957128,"State"
1380,20230405,"NY027026271A",0.901682105474367,"State"
1381,20230405,"NY029028436A",0.965220880848075,"State"
1382,20230405,"NY031021733A",0.923118081797813,"State"
1383,20230405,"NY045025151A",0.94612580677524,"State"
1384,20230405,"NY055028231A",0.787813931712537,"State"
1385,20230405,"NY059023523A",0.753837407617965,"State"
1386,20230405,"NY071026522A",0.953115072066348,"State"
1387,20230405,"NY089020117A",0.972578002207136,"State"
1388,20230405,"NY091028240A",0.967728990402301,"State"
1389,20230405,"NY107029262A",0.92141256730094,"State"
1390,20230405,"NY119026697A",0.954887469484667,"State"
1391,20230405,"NY119026701A",0.938467712269672,"State"
1392,20230405,"NY119026719A",0.86476273283617,"State"
1393,20230405,"NY119026786A",0.869812393405344,"State"
1394,20230405,"NY119100803A",0.906999297729325,"State"
1395,20230406,"NY001025739A",0.955322208474066,"State"
1396,20230406,"NY007024414C",0.968397819616761,"State"
1397,20230406,"NY011021903A",0.9325485737217,"State"
1398,20230406,"NY023027561A",0.964251078487108,"State"
1399,20230406,"NY029032093A",0.956693308363709,"State"
1400,20230406,"NY051032328A",0.965020232083737,"State"
1401,20230406,"NY077031151A",0.973079624117981,"State"
1402,20230406,"NY087031895A",0.840484232351269,"State"
1403,20230406,"NY089020818A",0.936695314851353,"State"
1404,20230406,"NY089236586A",0.873022773634752,"State"
1405,20230406,"NY097271942A",0.626692973949102,"State"
1406,20230406,"NY101021431A",0.969467946359897,"State"
1407,20230406,"NY101023906A",0.905527873457513,"State"
1408,20230406,"NY103104809A",0.929639166638799,"State"
1409,20230406,"NY115183695A",0.971340668160385,"State"
1410,20230409,"NY055028339A",0.952178711166104,"State"
1411,20230409,"NY067027081A",0.884927933652142,"State"
1412,20230409,"NY067027618A",0.725144634317627,"State"
1413,20230409,"NY119026689A",0.962846537136742,"State"
1414,20230409,"NY119026697A",0.977995518844263,"State"
1415,20230409,"NY119026701A",0.782563622379026,"State"
1416,20230409,"NY119026719A",0.852556599672274,"State"
1417,20230409,"NY119100803A",0.938066414740996,"State"
1418,20230409,"NY119108324A",0.655820486238839,"State"
1419,20230410,"NY013027961A",0.961742968932883,"State"
1420,20230410,"NY019026018A",0.940842055981005,"State"
1421,20230410,"NY023027561A",0.939537839012808,"State"
1422,20230410,"NY027026255A",0.801157074541016,"State"
1423,20230410,"NY029022136A",0.896665886365916,"State"
1424,20230410,"NY029022543A",0.960639400729024,"State"
1425,20230410,"NY029028436A",0.909039226833428,"State"
1426,20230410,"NY039033545A",0.804869076681269,"State"
1427,20230410,"NY043036528A",0.963348159047587,"State"
1428,20230410,"NY063022331A",0.7695883356185,"State"
1429,20230410,"NY063026336A",0.934621944286526,"State"
1430,20230410,"NY063027057A",0.956760191285155,"State"
1431,20230410,"NY063027766A",0.971608199846169,"State"
1432,20230410,"NY063027774A",0.784135371033007,"State"
1433,20230410,"NY063027979A",0.97083904624954,"State"
1434,20230410,"NY065025780B",0.917566799317794,"State"
1435,20230410,"NY065025780C",0.977393572551249,"State"
1436,20230410,"NY089031194A",0.868407852054978,"State"
1437,20230411,"NY007024414B",0.940306992609437,"State"
1438,20230411,"NY007024414C",0.92308464033709,"State"
1439,20230411,"NY013027570A",0.920844062468649,"State"
1440,20230411,"NY027149209A",0.897736013109053,"State"
1441,20230411,"NY029025950B",0.958833561849982,"State"
1442,20230411,"NY029026395B",0.966357890512658,"State"
1443,20230411,"NY029026395C",0.953416045212855,"State"
1444,20230411,"NY029028410A",0.960873490954085,"State"
1445,20230411,"NY029095401A",0.970738721867371,"State"
1446,20230411,"NY033030376A",0.650737384208942,"State"
1447,20230411,"NY051024384A",0.679597364812895,"State"
1448,20230411,"NY051030635A",0.953750459820085,"State"
1449,20230411,"NY053029807A",0.814968397819617,"State"
1450,20230411,"NY055021610A",0.947563789586329,"State"
1451,20230411,"NY055028339A",0.888706818713841,"State"
1452,20230411,"NY057020290A",0.663712670969468,"State"
1453,20230411,"NY065030864A",0.830418352673645,"State"
1454,20230411,"NY069025968A",0.903153529746179,"State"
1455,20230411,"NY071023680A",0.956392335217202,"State"
1456,20230411,"NY071024422A",0.947162492057653,"State"
1457,20230411,"NY071026310A",0.89459251580109,"State"
1458,20230411,"NY071026328A",0.956760191285155,"State"
1459,20230411,"NY071027901A",0.931679095742902,"State"
1460,20230411,"NY071031518A",0.808681403203692,"State"
1461,20230411,"NY075029106A",0.944988797110658,"State"
1462,20230411,"NY083087971A",0.943918670367522,"State"
1463,20230411,"NY087022748A",0.896298030297963,"State"
1464,20230411,"NY089020818A",0.875363675885363,"State"
1465,20230411,"NY101023906A",0.967394575795071,"State"
1466,20230411,"NY101025712A",0.89091395512156,"State"
1467,20230411,"NY105030074A",0.857138079791325,"State"
1468,20230411,"NY119026786A",0.87700230746079,"State"
1469,20230412,"NY001022225A",0.955489415777681,"State"
1470,20230412,"NY015035742A",0.964184195565662,"State"
1471,20230412,"NY019021831A",0.938166739123165,"State"
1472,20230412,"NY019026018A",0.976189679965221,"State"
1473,20230412,"NY027026255A",0.77393572551249,"State"
1474,20230412,"NY027026271A",0.917433033474902,"State"
1475,20230412,"NY031021733A",0.976590977493897,"State"
1476,20230412,"NY051024449A",0.815436578269739,"State"
1477,20230412,"NY055028231A",0.969300739056282,"State"
1478,20230412,"NY071026310A",0.938768685416179,"State"
1479,20230412,"NY071030490A",0.891783433100358,"State"
1480,20230412,"NY075029106A",0.919004782128883,"State"
1481,20230412,"NY079031356A",0.90305320536401,"State"
1482,20230412,"NY087028533A",0.963481924890479,"State"
1483,20230412,"NY089031194A",0.885228906798649,"State"
1484,20230412,"NY091028240A",0.93866836103401,"State"
1485,20230412,"NY095024201A",0.761294853359195,"State"
1486,20230412,"NY105022454A",0.921646657526001,"State"
1487,20230412,"NY107029262A",0.977895194462094,"State"
1488,20230412,"NY111031208A",0.96204394207939,"State"
1489,20230412,"NY119026701A",0.908637929304752,"State"
1490,20230412,"NY119108324A",0.761027321673411,"State"
1491,20230413,"NY001025739A",0.967862756245193,"State"
1492,20230413,"NY055021610A",0.931846303046517,"State"
1493,20230413,"NY069023531A",0.910811624251747,"State"
1494,20230413,"NY071023680A",0.926161254723606,"State"
1495,20230413,"NY071026522A",0.971675082767615,"State"
1496,20230413,"NY071027901A",0.925458984048423,"State"
1497,20230413,"NY093020516A",0.890612981975053,"State"
1498,20230413,"NY099033308A",0.941109587666789,"State"
1499,20230413,"NY101023906A",0.953482928134301,"State"
1500,20230413,"NY101025712A",0.946761194528977,"State"
1501,20230413,"NY113029050A",0.829849847841354,"State"
1502,20230413,"NY115183695A",0.802394408587767,"State"
1503,20230413,"NY117027171A",0.963481924890479,"State"
1504,20230414,"NY045025984A",0.925893723037822,"State"
1505,20230416,"NY055028339A",0.966056917366151,"State"
1506,20230416,"NY119026719A",0.58425576029161,"State"
1507,20230416,"NY119026786A",0.916663879878273,"State"
1508,20230416,"NY119100803A",0.864027020700264,"State"
1509,20230417,"NY001026867A",0.971407551081831,"State"
1510,20230417,"NY001026875A",0.893388623215062,"State"
1511,20230417,"NY013027961A",0.941276794970404,"State"
1512,20230417,"NY027026255A",0.676855165033609,"State"
1513,20230417,"NY029022136A",0.959836805671672,"State"
1514,20230417,"NY029022543A",0.965789385680367,"State"
1515,20230417,"NY029028436A",0.732200782530181,"State"
1516,20230417,"NY029095401A",0.956893957128047,"State"
1517,20230417,"NY039033545A",0.961207905561315,"State"
1518,20230417,"NY055028231A",0.964351402869277,"State"
1519,20230417,"NY059026450A",0.690365515165702,"State"
1520,20230417,"NY063022331A",0.721265424873758,"State"
1521,20230417,"NY063027057A",0.661238002875966,"State"
1522,20230417,"NY063027766A",0.913854797177541,"State"
1523,20230417,"NY063027979A",0.700866133832726,"State"
1524,20230417,"NY087031895A",0.62789686653513,"State"
1525,20230417,"NY089031194A",0.971675082767615,"State"
1526,20230417,"NY091028240A",0.976156238504498,"State"
1527,20230417,"NY103104809A",0.905728522221851,"State"
1528,20230417,"NY113029050A",0.928368391131325,"State"
1529,20230418,"NY001025739A",0.838678393472227,"State"
1530,20230418,"NY007024414B",0.949536835768986,"State"
1531,20230418,"NY007027669A",0.701969702036585,"State"
1532,20230418,"NY013027570A",0.96204394207939,"State"
1533,20230418,"NY019023949A",0.904524629635822,"State"
1534,20230418,"NY019026018A",0.949035213858141,"State"
1535,20230418,"NY029025950B",0.968029963548808,"State"
1536,20230418,"NY029026395B",0.961776410393606,"State"
1537,20230418,"NY029026395C",0.66551850984851,"State"
1538,20230418,"NY029027693A",0.685416178978698,"State"
1539,20230418,"NY029028410A",0.970772163328094,"State"
1540,20230418,"NY033029939A",0.799953181954988,"State"
1541,20230418,"NY045025984A",0.766177306624753,"State"
1542,20230418,"NY045025984B",0.935792395411832,"State"
1543,20230418,"NY059026778A",0.872621476106076,"State"
1544,20230418,"NY063027774A",0.925492425509146,"State"
1545,20230418,"NY069025968A",0.907434036718724,"State"
1546,20230418,"NY071026310A",0.939738487777146,"State"
1547,20230418,"NY071026328A",0.935825836872555,"State"
1548,20230418,"NY071027901A",0.95157676487309,"State"
1549,20230418,"NY075029114A",0.913721031334649,"State"
1550,20230418,"NY089236586A",0.835133598635588,"State"
1551,20230418,"NY093020516A",0.892050964786142,"State"
1552,20230418,"NY103065358A",0.693843427080895,"State"
1553,20230418,"NY103104809A",0.726549175667993,"State"
1554,20230418,"NY117029475A",0.976891950640404,"State"
1555,20230419,"NY015035742A",0.627696217770792,"State"
1556,20230419,"NY017021423A",0.65371367421329,"State"
1557,20230419,"NY019022195A",0.913553824031034,"State"
1558,20230419,"NY025029271A",0.637427682841186,"State"
1559,20230419,"NY031021733A",0.710631040363843,"State"
1560,20230419,"NY043036528A",0.780991873725044,"State"
1561,20230419,"NY045025151A",0.915928167742367,"State"
1562,20230419,"NY071026310A",0.798983379594021,"State"
1563,20230419,"NY071030490A",0.612145938534595,"State"
1564,20230419,"NY087270598A",0.968397819616761,"State"
1565,20230419,"NY089031194A",0.859278333277598,"State"
1566,20230419,"NY111029351A",0.589572952546567,"State"
1567,20230419,"NY111030082A",0.978864996823061,"State"
1568,20230419,"NY119026719A",0.962980302979634,"State"
1569,20230420,"NY001025739A",0.959803364210949,"State"
1570,20230420,"NY009027162A",0.920844062468649,"State"
1571,20230420,"NY011021903A",0.968765675684714,"State"
1572,20230420,"NY019021831A",0.959268300839381,"State"
1573,20230420,"NY023027561A",0.899909708056048,"State"
1574,20230420,"NY025020265A",0.950138782062,"State"
1575,20230420,"NY027025976A",0.888238638263719,"State"
1576,20230420,"NY029027693A",0.959937130053841,"State"
1577,20230420,"NY031036706A",0.97317994850015,"State"
1578,20230420,"NY051032328A",0.93455506136508,"State"
1579,20230420,"NY055021610A",0.972812092432197,"State"
1580,20230420,"NY059026620A",0.730930007022707,"State"
1581,20230420,"NY059026778A",0.978530582215831,"State"
1582,20230420,"NY065025780B",0.890077918603485,"State"
1583,20230420,"NY065025780C",0.93488947597231,"State"
1584,20230420,"NY069023531A",0.959468949603719,"State"
1585,20230420,"NY071026522A",0.968130287930977,"State"
1586,20230420,"NY071031518A",0.856803665184095,"State"
1587,20230420,"NY083026034A",0.945222887335719,"State"
1588,20230420,"NY087031895A",0.779620773835401,"State"
1589,20230420,"NY093020516A",0.945423536100057,"State"
1590,20230420,"NY099033308A",0.87355783700632,"State"
1591,20230420,"NY101021431A",0.736113433434772,"State"
1592,20230420,"NY101023906A",0.966959836805672,"State"
1593,20230420,"NY103021750A",0.978864996823061,"State"
1594,20230420,"NY115024929A",0.941042704745343,"State"
1595,20230420,"NY115183695A",0.84884459753202,"State"
1596,20230420,"NY117027171A",0.6522756914022,"State"
1597,20230423,"NY067027081A",0.963849780958432,"State"
1598,20230423,"NY067027618A",0.967795873323747,"State"
1599,20230423,"NY067027723A",0.894826606026151,"State"
1600,20230423,"NY067030571A",0.764404909206434,"State"
1601,20230424,"NY019026018A",0.959602715446611,"State"
1602,20230424,"NY029022136A",0.972210146139183,"State"
1603,20230424,"NY029022543A",0.969434504899174,"State"
1604,20230424,"NY029028436A",0.714543691268435,"State"
1605,20230424,"NY029095401A",0.744841654683477,"State"
1606,20230424,"NY031021733A",0.647460121058088,"State"
1607,20230424,"NY045025984B",0.936628431929907,"State"
1608,20230424,"NY059026999A",0.869177005651607,"State"
1609,20230424,"NY063026336A",0.856837106644818,"State"
1610,20230424,"NY063027057A",0.775775005852256,"State"
1611,20230424,"NY063027766A",0.805805437581514,"State"
1612,20230424,"NY063027979A",0.918469718757315,"State"
1613,20230424,"NY065025780B",0.949871250376216,"State"
1614,20230424,"NY065025780C",0.963281276126141,"State"
1615,20230424,"NY065030864A",0.891449018493128,"State"
1616,20230424,"NY089031194A",0.902785673678226,"State"
1617,20230424,"NY103104809A",0.966591980737719,"State"
1618,20230424,"NY113029050A",0.961676086011437,"State"
1619,20230425,"NY001025739A",0.625355315520182,"State"
1620,20230425,"NY007024414B",0.97428351670401,"State"
1621,20230425,"NY007027669A",0.963749456576263,"State"
1622,20230425,"NY009027162A",0.960840049493362,"State"
1623,20230425,"NY011021903A",0.689830451794134,"State"
1624,20230425,"NY013027570A",0.945858275089456,"State"
1625,20230425,"NY019021831A",0.954787145102498,"State"
1626,20230425,"NY019023949A",0.643547470153496,"State"
1627,20230425,"NY029025950B",0.961475437247099,"State"
1628,20230425,"NY029026395B",0.971808848610507,"State"
1629,20230425,"NY029026395C",0.965421529612413,"State"
1630,20230425,"NY029028410A",0.96505367354446,"State"
1631,20230425,"NY031022187A",0.944286526435475,"State"
1632,20230425,"NY033030376A",0.951944620941043,"State"
1633,20230425,"NY055028339A",0.935190449118818,"State"
1634,20230425,"NY059026620A",0.871618232284386,"State"
1635,20230425,"NY059026841A",0.972812092432197,"State"
1636,20230425,"NY063027774A",0.784101929572284,"State"
1637,20230425,"NY069025968A",0.603250509982276,"State"
1638,20230425,"NY093020516A",0.967260809952179,"State"
1639,20230425,"NY101021431A",0.956358893756479,"State"
1640,20230425,"NY103065358A",0.950138782062,"State"
1641,20230425,"NY103079324A",0.964819583319399,"State"
1642,20230425,"NY103104809A",0.983178945256329,"State"
1643,20230425,"NY109026638A",0.841454034712236,"State"
1644,20230426,"NY001022225A",0.949871250376216,"State"
1645,20230426,"NY017021423A",0.814767749055279,"State"
1646,20230426,"NY019022195A",0.859244891816875,"State"
1647,20230426,"NY025027154A",0.961776410393606,"State"
1648,20230426,"NY031036706A",0.737685182088754,"State"
1649,20230426,"NY043036528A",0.612246262916764,"State"
1650,20230426,"NY045025151A",0.742066013443467,"State"
1651,20230426,"NY057024333A",0.935758953951109,"State"
1652,20230426,"NY059026450A",0.76146206066281,"State"
1653,20230426,"NY059026859A",0.929572283717353,"State"
1654,20230426,"NY065036790A",0.96615724174832,"State"
1655,20230426,"NY075026301A",0.884325987359128,"State"
1656,20230426,"NY091028240A",0.897903220412668,"State"
1657,20230426,"NY103020061A",0.94000601946293,"State"
1658,20230426,"NY103076988A",0.976557536033174,"State"
1659,20230426,"NY103080683A",0.972745209510751,"State"
1660,20230426,"NY109026638A",0.942280038792094,"State"
1661,20230427,"NY007024414B",0.783633749122162,"State"
1662,20230427,"NY007024414C",0.75978998762666,"State"
1663,20230427,"NY011021903A",0.889676621074808,"State"
1664,20230427,"NY029027693A",0.955623181620573,"State"
1665,20230427,"NY029028436A",0.812058990736715,"State"
1666,20230427,"NY059021822A",0.68177105975989,"State"
1667,20230427,"NY059026778A",0.867036752165335,"State"
1668,20230427,"NY059026841A",0.972477677824967,"State"
1669,20230427,"NY069023531A",0.60485570009698,"State"
1670,20230427,"NY103079324A",0.91017623649801,"State"
1671,20230427,"NY103104809A",0.904491188175099,"State"
1672,20230427,"NY115024929A",0.879610741397184,"State"
1673,20230427,"NY117027171A",0.918937899207437,"State"
1674,20230428,"NY063022331A",0.824398889743504,"State"
1675,20230430,"NY067027596A",0.703340801926228,"State"
1676,20230430,"NY067030571A",0.750794234692171,"State"
1677,20230501,"NY013027961A",0.942848543624386,"State"
1678,20230501,"NY019026018A",0.915928167742367,"State"
1679,20230501,"NY055028231A",0.886165267698893,"State"
1680,20230501,"NY059026450A",0.800020064876434,"State"
1681,20230501,"NY059026859A",0.825970638397485,"State"
1682,20230501,"NY059026999A",0.616794301575093,"State"
1683,20230501,"NY063026336A",0.967728990402301,"State"
1684,20230501,"NY063027057A",0.965822827141089,"State"
1685,20230501,"NY063027766A",0.944754706885597,"State"
1686,20230501,"NY063027979A",0.904190215028592,"State"
1687,20230501,"NY065025780B",0.753402668628566,"State"
1688,20230501,"NY091028240A",0.788950941377119,"State"
1689,20230501,"NY103020061A",0.815704109955523,"State"
1690,20230502,"NY001025739A",0.838745276393673,"State"
1691,20230502,"NY007024414B",0.669029863224426,"State"
1692,20230502,"NY007024414C",0.805036283984884,"State"
1693,20230502,"NY009027162A",0.966190683209043,"State"
1694,20230502,"NY013027570A",0.967193927030733,"State"
1695,20230502,"NY029022136A",0.964652376015784,"State"
1696,20230502,"NY029025950B",0.936093368558339,"State"
1697,20230502,"NY029026395B",0.868073437447748,"State"
1698,20230502,"NY029026395C",0.972778650971474,"State"
1699,20230502,"NY029028410A",0.947597231047052,"State"
1700,20230502,"NY029028436A",0.849245895060696,"State"
1701,20230502,"NY029095401A",0.963214393204695,"State"
1702,20230502,"NY031022187A",0.908203190315353,"State"
1703,20230502,"NY051030635A",0.849546868207203,"State"
1704,20230502,"NY053021539A",0.970237099956526,"State"
1705,20230502,"NY053026956A",0.777814934956359,"State"
1706,20230502,"NY055021610A",0.754573119753871,"State"
1707,20230502,"NY055028339A",0.870782195766311,"State"
1708,20230502,"NY057020290A",0.704511253051533,"State"
1709,20230502,"NY059026841A",0.799485001504866,"State"
1710,20230502,"NY075029106A",0.905394107614621,"State"
1711,20230502,"NY075029114A",0.960271544661071,"State"
1712,20230502,"NY083087971A",0.953282279369963,"State"
1713,20230502,"NY093020516A",0.969300739056282,"State"
1714,20230502,"NY101023906A",0.853024780122396,"State"
1715,20230502,"NY103065358A",0.968197170852423,"State"
1716,20230502,"NY103079324A",0.967193927030733,"State"
1717,20230502,"NY103104809A",0.975989031200883,"State"
1718,20230502,"NY103206644A",0.967327692873625,"State"
1719,20230502,"NY117029475A",0.961207905561315,"State"
1720,20230503,"NY001022225A",0.734006621409223,"State"
1721,20230503,"NY015035742A",0.691101227301609,"State"
1722,20230503,"NY019026018A",0.946326455539578,"State"
1723,20230503,"NY025029271A",0.864528642611109,"State"
1724,20230503,"NY045025151A",0.722068019931111,"State"
1725,20230503,"NY051024449A",0.668193826706351,"State"
1726,20230503,"NY055028231A",0.886098384777447,"State"
1727,20230503,"NY059023523A",0.930943383606996,"State"
1728,20230503,"NY059026450A",0.958198174096245,"State"
1729,20230503,"NY059026859A",0.973447480185935,"State"
1730,20230503,"NY075026301A",0.808413871517908,"State"
1731,20230503,"NY091028240A",0.940039460923653,"State"
1732,20230503,"NY103080683A",0.969401063438451,"State"
1733,20230503,"NY123029726A",0.974551048389794,"State"
1734,20230504,"NY003023515A",0.954218640270207,"State"
1735,20230504,"NY029025950B",0.972277029060629,"State"
1736,20230504,"NY029032093A",0.959301742300104,"State"
1737,20230504,"NY051032328A",0.764338026284988,"State"
1738,20230504,"NY055021610A",0.96916697321339,"State"
1739,20230504,"NY059021822A",0.895762966926395,"State"
1740,20230504,"NY059026620A",0.947965087115005,"State"
1741,20230504,"NY065025780B",0.889643179614086,"State"
1742,20230504,"NY069023531A",0.710162859913721,"State"
1743,20230504,"NY077031151A",0.830150820987861,"State"
1744,20230504,"NY093020516A",0.70892552586697,"State"
1745,20230504,"NY101021431A",0.809784971407551,"State"
1746,20230504,"NY103079324A",0.965254322308798,"State"
1747,20230504,"NY103104809A",0.93565862956894,"State"
1748,20230504,"NY117027171A",0.863124101260743,"State"
1749,20230507,"NY067027596A",0.754974417282547,"State"
1750,20230508,"NY001026875A",0.631274454068154,"State"
1751,20230508,"NY059026450A",0.866200715647259,"State"
1752,20230508,"NY059026859A",0.96070628365047,"State"
1753,20230508,"NY059026999A",0.97294585827509,"State"
1754,20230508,"NY063022331A",0.770357489215129,"State"
1755,20230508,"NY063026336A",0.884392870280574,"State"
1756,20230508,"NY063027057A",0.621509547537036,"State"
1757,20230508,"NY063027766A",0.741062769621777,"State"
1758,20230508,"NY063027979A",0.944085877671137,"State"
1759,20230508,"NY103104809A",0.966424773434104,"State"
1760,20230509,"NY001025739A",0.954553054877437,"State"
1761,20230509,"NY007024414B",0.858107882152292,"State"
1762,20230509,"NY007024414C",0.906363909975588,"State"
1763,20230509,"NY011021903A",0.861251379460255,"State"
1764,20230509,"NY013027570A",0.973246831421597,"State"
1765,20230509,"NY029025950B",0.976323445808113,"State"
1766,20230509,"NY029026395B",0.945824833628733,"State"
1767,20230509,"NY029026395C",0.971675082767615,"State"
1768,20230509,"NY029028410A",0.912650904591513,"State"
1769,20230509,"NY029095401A",0.972343911982075,"State"
1770,20230509,"NY031022187A",0.868708825201485,"State"
1771,20230509,"NY033030376A",0.654583152192088,"State"
1772,20230509,"NY051030635A",0.932448249339531,"State"
1773,20230509,"NY053021539A",0.899608734909541,"State"
1774,20230509,"NY053029807A",0.745376718055045,"State"
1775,20230509,"NY055021610A",0.841755007858743,"State"
1776,20230509,"NY057020290A",0.754272146607364,"State"
1777,20230509,"NY059026620A",0.938902451259071,"State"
1778,20230509,"NY059026778A",0.966391331973381,"State"
1779,20230509,"NY059026841A",0.983279269638498,"State"
1780,20230509,"NY063027774A",0.954519613416714,"State"
1781,20230509,"NY093020516A",0.887369160284921,"State"
1782,20230509,"NY103079324A",0.878640939036217,"State"
1783,20230509,"NY103206644A",0.88345650938033,"State"
1784,20230509,"NY109020958A",0.934254088218573,"State"
1785,20230509,"NY109026638A",0.695448617195599,"State"
1786,20230509,"NY113094366A",0.624820252148614,"State"
1787,20230509,"NY117029475A",0.809316790957429,"State"
1788,20230509,"NY121021504A",0.869444537337391,"State"
1789,20230510,"NY001025739A",0.948332943182958,"State"
1790,20230510,"NY007027669A",0.924689830451794,"State"
1791,20230510,"NY013027961A",0.808079456910678,"State"
1792,20230510,"NY019022195A",0.778650971474434,"State"
1793,20230510,"NY019026018A",0.65973313714343,"State"
1794,20230510,"NY045025151A",0.800254155101495,"State"
1795,20230510,"NY045025984B",0.91763368223924,"State"
1796,20230510,"NY049020125A",0.748085476373608,"State"
1797,20230510,"NY059026450A",0.960873490954085,"State"
1798,20230510,"NY059026859A",0.96983580242785,"State"
1799,20230510,"NY065036790A",0.953951108584423,"State"
1800,20230510,"NY075026301A",0.950673845433569,"State"
1801,20230510,"NY087026051A",0.927733003377588,"State"
1802,20230510,"NY089031194A",0.832859579306424,"State"
1803,20230510,"NY095024201A",0.68009898672374,"State"
1804,20230510,"NY103076988A",0.944052436210414,"State"
1805,20230510,"NY109026638A",0.962579005450958,"State"
1806,20230510,"NY123029726A",0.681971708524228,"State"
1807,20230511,"NY007024414B",0.835702103467879,"State"
1808,20230511,"NY007024414C",0.941510885195465,"State"
1809,20230511,"NY011021903A",0.960840049493362,"State"
1810,20230511,"NY019021831A",0.891816874561081,"State"
1811,20230511,"NY023027561A",0.96471925893723,"State"
1812,20230511,"NY025020265A",0.701668728890078,"State"
1813,20230511,"NY029032093A",0.909373641440658,"State"
1814,20230511,"NY055021610A",0.87633347824633,"State"
1815,20230511,"NY057020290A",0.85362672641541,"State"
1816,20230511,"NY059021822A",0.87533023442464,"State"
1817,20230511,"NY059026778A",0.976390328729559,"State"
1818,20230511,"NY065025780C",0.801290840383908,"State"
1819,20230511,"NY071026328A",0.828244657726649,"State"
1820,20230511,"NY083026034A",0.821757014346387,"State"
1821,20230511,"NY097271942A",0.966056917366151,"State"
1822,20230511,"NY099033308A",0.953482928134301,"State"
1823,20230511,"NY101021431A",0.801223957462462,"State"
1824,20230511,"NY101023906A",0.890044477142762,"State"
1825,20230511,"NY103104809A",0.924957362137578,"State"
1826,20230511,"NY113029050A",0.968966324449052,"State"
1827,20230511,"NY115183695A",0.96572250275892,"State"
1828,20230511,"NY117027171A",0.795271377453767,"State"
1829,20230513,"NY045025984A",0.75367020031435,"State"
1830,20230514,"NY055028339A",0.879142560947062,"State"
1831,20230514,"NY067027081A",0.910376885262348,"State"
1832,20230514,"NY067027618A",0.968531585459653,"State"
1833,20230514,"NY067030571A",0.813430090626359,"State"
1834,20230514,"NY119026689A",0.853894258101194,"State"
1835,20230514,"NY119026697A",0.930575527539043,"State"
1836,20230514,"NY119026701A",0.917667123699963,"State"
1837,20230514,"NY119026719A",0.968765675684714,"State"
1838,20230514,"NY119026786A",0.823328763000368,"State"
1839,20230514,"NY119100803A",0.912751228973682,"State"
1840,20230514,"NY119108324A",0.962746212754573,"State"
1841,20230515,"NY001026867A",0.88479416780925,"State"
1842,20230515,"NY019026018A",0.828679396716049,"State"
1843,20230515,"NY027026255A",0.916897970103334,"State"
1844,20230515,"NY031021733A",0.83459853526402,"State"
1845,20230515,"NY033029939A",0.974918904457747,"State"
1846,20230515,"NY035026042A",0.696418419556566,"State"
1847,20230515,"NY043036528A",0.928769688660001,"State"
1848,20230515,"NY059026859A",0.914523626392001,"State"
1849,20230515,"NY059026999A",0.925927164498545,"State"
1850,20230515,"NY065025780B",0.932281042035916,"State"
1851,20230515,"NY065025780C",0.979433501655352,"State"
1852,20230515,"NY065030864A",0.957027722970939,"State"
1853,20230515,"NY087031895A",0.930007022706752,"State"
1854,20230515,"NY089031194A",0.959636156907334,"State"
1855,20230515,"NY091028240A",0.967026719727118,"State"
1856,20230515,"NY103104809A",0.905728522221851,"State"
1857,20230516,"NY007024414B",0.926295020566498,"State"
1858,20230516,"NY007024414C",0.825435575025917,"State"
1859,20230516,"NY019023949A",0.923619703708658,"State"
1860,20230516,"NY045025984A",0.736046550513326,"State"
1861,20230516,"NY045025984B",0.95903421061432,"State"
1862,20230516,"NY055026794A",0.851553355850584,"State"
1863,20230516,"NY055028339A",0.740327057485871,"State"
1864,20230516,"NY059026620A",0.809617764103936,"State"
1865,20230516,"NY059026841A",0.720161856669899,"State"
1866,20230516,"NY067025461A",0.823596294686152,"State"
1867,20230516,"NY071024422A",0.628732903053205,"State"
1868,20230516,"NY071026310A",0.837574825268368,"State"
1869,20230516,"NY071027901A",0.966692305119888,"State"
1870,20230516,"NY075029106A",0.832224191552687,"State"
1871,20230516,"NY075029114A",0.660301641975721,"State"
1872,20230516,"NY093020516A",0.759489014480152,"State"
1873,20230516,"NY109026638A",0.914824599538508,"State"
1874,20230517,"NY001022225A",0.806340500953082,"State"
1875,20230517,"NY007027669A",0.968765675684714,"State"
1876,20230517,"NY017021423A",0.974651372771963,"State"
1877,20230517,"NY019022195A",0.919874260107681,"State"
1878,20230517,"NY019026018A",0.946025482393071,"State"
1879,20230517,"NY025027154A",0.937263819683644,"State"
1880,20230517,"NY027026255A",0.712804735310838,"State"
1881,20230517,"NY031036706A",0.980904925927164,"State"
1882,20230517,"NY045025151A",0.978564023676554,"State"
1883,20230517,"NY049020125A",0.959769922750226,"State"
1884,20230517,"NY055026794A",0.848108885396114,"State"
1885,20230517,"NY057024333A",0.984817576831756,"State"
1886,20230517,"NY075026301A",0.966658863659165,"State"
1887,20230517,"NY075029106A",0.697756077985486,"State"
1888,20230517,"NY075029114A",0.789285355984349,"State"
1889,20230517,"NY083087971A",0.883958131291175,"State"
1890,20230517,"NY087026051A",0.941042704745343,"State"
1891,20230517,"NY105022454A",0.869277330033776,"State"
1892,20230517,"NY109026638A",0.915794401899475,"State"
1893,20230517,"NY111031208A",0.965789385680367,"State"
1894,20230517,"NY119026689A",0.950305989365615,"State"
1895,20230517,"NY119026701A",0.964853024780122,"State"
1896,20230517,"NY119026719A",0.976791626258235,"State"
1897,20230517,"NY119108324A",0.867270842390396,"State"
1898,20230518,"NY007024414C",0.942881985085109,"State"
1899,20230518,"NY063027979A",0.985687054810554,"State"
1900,20230518,"NY065025780B",0.966324449051935,"State"
1901,20230518,"NY069023531A",0.719258937230378,"State"
1902,20230518,"NY071026328A",0.977427014011972,"State"
1903,20230518,"NY071031518A",0.804400896231147,"State"
1904,20230518,"NY087028533A",0.87188576397017,"State"
1905,20230518,"NY087028851A",0.961977059157944,"State"
1906,20230518,"NY087031895A",0.958064408253352,"State"
1907,20230518,"NY089029831A",0.956760191285155,"State"
1908,20230518,"NY101023906A",0.688492793365214,"State"
1909,20230518,"NY103104809A",0.792495736213758,"State"
1910,20230519,"NY045025984A",0.812058990736715,"State"
1911,20230521,"NY119026689A",0.905661639300405,"State"
1912,20230521,"NY119026719A",0.769454569775608,"State"
1913,20230521,"NY119100803A",0.635454636658529,"State"
1914,20230521,"NY119108324A",0.65261010600943,"State"
1915,20230522,"NY001025739A",0.81734274153095,"State"
1916,20230522,"NY001026867A",0.872420827341738,"State"
1917,20230522,"NY019026018A",0.968531585459653,"State"
1918,20230522,"NY027026255A",0.759288365715814,"State"
1919,20230522,"NY045025984B",0.668929538842257,"State"
1920,20230522,"NY055028231A",0.850483229107447,"State"
1921,20230522,"NY059026859A",0.830953416045213,"State"
1922,20230522,"NY059026999A",0.97996856502692,"State"
1923,20230522,"NY063026336A",0.962344915225897,"State"
1924,20230522,"NY063027057A",0.965521853994582,"State"
1925,20230522,"NY063027766A",0.641540982510116,"State"
1926,20230522,"NY065025780C",0.951978062401766,"State"
1927,20230522,"NY067027596A",0.919105106511052,"State"
1928,20230522,"NY067027723A",0.960438751964686,"State"
1929,20230522,"NY087026051A",0.957629669263953,"State"
1930,20230522,"NY087031895A",0.719894324984115,"State"
1931,20230522,"NY091028240A",0.963849780958432,"State"
1932,20230522,"NY103104809A",0.681336320770491,"State"
1933,20230522,"NY113029050A",0.804467779152593,"State"
1934,20230522,"NY119026786A",0.789084707220011,"State"
1935,20230523,"NY007024414B",0.906731766043541,"State"
1936,20230523,"NY007024414C",0.959301742300104,"State"
1937,20230523,"NY009027162A",0.702370999565261,"State"
1938,20230523,"NY011021903A",0.802962913420058,"State"
1939,20230523,"NY019023949A",0.929471959335184,"State"
1940,20230523,"NY029022136A",0.830953416045213,"State"
1941,20230523,"NY029022543A",0.989298732568639,"State"
1942,20230523,"NY029025950B",0.969467946359897,"State"
1943,20230523,"NY029026395B",0.983580242785005,"State"
1944,20230523,"NY029026395C",0.948366384643681,"State"
1945,20230523,"NY029028410A",0.956793632745878,"State"
1946,20230523,"NY029028436A",0.957161488813831,"State"
1947,20230523,"NY029095401A",0.950506638129954,"State"
1948,20230523,"NY051024384A",0.625689730127412,"State"
1949,20230523,"NY053021539A",0.964083871183493,"State"
1950,20230523,"NY053026956A",0.889342206467579,"State"
1951,20230523,"NY053028525A",0.96682607096278,"State"
1952,20230523,"NY053029807A",0.645988696786276,"State"
1953,20230523,"NY055028339A",0.880580543758151,"State"
1954,20230523,"NY059026841A",0.978898438283784,"State"
1955,20230523,"NY063022331A",0.858943918670368,"State"
1956,20230523,"NY063027774A",0.982811089188376,"State"
1957,20230523,"NY065030864A",0.861151055078086,"State"
1958,20230523,"NY069025968A",0.674179848175768,"State"
1959,20230523,"NY071024422A",0.97996856502692,"State"
1960,20230523,"NY071026328A",0.553489616426445,"State"
1961,20230523,"NY075029106A",0.847038758652978,"State"
1962,20230523,"NY083087971A",0.733337792194763,"State"
1963,20230523,"NY089020818A",0.861284820920978,"State"
1964,20230523,"NY103079324A",0.800722335551617,"State"
1965,20230523,"NY103206644A",0.814399892987326,"State"
1966,20230523,"NY105030724A",0.916162257967428,"State"
1967,20230523,"NY113094366A",0.805805437581514,"State"
1968,20230523,"NY117029475A",0.750493261545664,"State"
1969,20230524,"NY001022225A",0.968431261077484,"State"
1970,20230524,"NY017021423A",0.881516904658395,"State"
1971,20230524,"NY019022195A",0.98852957897201,"State"
1972,20230524,"NY019026018A",0.912416814366452,"State"
1973,20230524,"NY027026255A",0.961742968932883,"State"
1974,20230524,"NY027026271A",0.970270541417249,"State"
1975,20230524,"NY043036528A",0.841219944487175,"State"
1976,20230524,"NY045025151A",0.910276560880179,"State"
1977,20230524,"NY055028231A",0.872186737116677,"State"
1978,20230524,"NY059026450A",0.936594990469184,"State"
1979,20230524,"NY059026859A",0.942380363174263,"State"
1980,20230524,"NY065036790A",0.806139852188744,"State"
1981,20230524,"NY071026310A",0.602314149082032,"State"
1982,20230524,"NY075026301A",0.965655619837474,"State"
1983,20230524,"NY075029106A",0.971073136474601,"State"
1984,20230524,"NY087026051A",0.808380430057185,"State"
1985,20230524,"NY087270598A",0.913754472795372,"State"
1986,20230524,"NY089031194A",0.811590810286593,"State"
1987,20230524,"NY091028240A",0.872621476106076,"State"
1988,20230524,"NY103076988A",0.968732234223991,"State"
1989,20230524,"NY103080683A",0.967361134334348,"State"
1990,20230524,"NY105022454A",0.723338795438585,"State"
1991,20230524,"NY111029351A",0.626626091027656,"State"
1992,20230524,"NY111031208A",0.938032973280273,"State"
1993,20230524,"NY119026701A",0.755910778182791,"State"
1994,20230524,"NY119026719A",0.915694077517306,"State"
1995,20230524,"NY119100803A",0.942380363174263,"State"
1996,20230524,"NY119108324A",0.856569574959034,"State"
1997,20230525,"NY007024414B",0.922616459886968,"State"
1998,20230525,"NY007024414C",0.964986790623014,"State"
1999,20230525,"NY009027162A",0.96338160050831,"State"
2000,20230525,"NY011021903A",0.960438751964686,"State"
2001,20230525,"NY013106895A",0.919038223589606,"State"
2002,20230525,"NY023027561A",0.971140019396047,"State"
2003,20230525,"NY051032328A",0.734775775005852,"State"
2004,20230525,"NY055021610A",0.885897736013109,"State"
2005,20230525,"NY057020290A",0.932782663946761,"State"
2006,20230525,"NY059026620A",0.973414038725211,"State"
2007,20230525,"NY059026841A",0.930174230010367,"State"
2008,20230525,"NY059026859A",0.857606260241447,"State"
2009,20230525,"NY063027979A",0.65705782028559,"State"
2010,20230525,"NY065025780B",0.970905929170986,"State"
2011,20230525,"NY069023531A",0.890847072200114,"State"
2012,20230525,"NY071023680A",0.905862288064743,"State"
2013,20230525,"NY071026522A",0.898638932548574,"State"
2014,20230525,"NY077031151A",0.94946995284754,"State"
2015,20230525,"NY083026034A",0.739457579507073,"State"
2016,20230525,"NY087028533A",0.895696084004949,"State"
2017,20230525,"NY089020818A",0.915928167742367,"State"
2018,20230525,"NY089236586A",0.805270374209946,"State"
2019,20230525,"NY101023906A",0.729926763201017,"State"
2020,20230525,"NY103079324A",0.968999765909775,"State"
2021,20230525,"NY117027171A",0.88278768016587,"State"
2022,20230528,"NY119026689A",0.854262114169147,"State"
2023,20230529,"NY063022331A",0.915092131224292,"State"
2024,20230529,"NY063027057A",0.964083871183493,"State"
2025,20230529,"NY063027766A",0.684914557067853,"State"
2026,20230529,"NY063027979A",0.821088185131927,"State"
2027,20230529,"NY067027081A",0.949503394308263,"State"
2028,20230529,"NY067027596A",0.819850851085175,"State"
2029,20230529,"NY067027618A",0.935457980804602,"State"
2030,20230529,"NY067027723A",0.97796207738354,"State"
2031,20230529,"NY067030317A",0.961475437247099,"State"
2032,20230529,"NY119026697A",0.813496973547805,"State"
2033,20230529,"NY119026701A",0.952847540380564,"State"
2034,20230529,"NY119026719A",0.921646657526001,"State"
2035,20230530,"NY001025739A",0.966926395344949,"State"
2036,20230530,"NY013021334A",0.854496204394208,"State"
2037,20230530,"NY013027570A",0.772330535397786,"State"
2038,20230530,"NY029022136A",0.979032204126676,"State"
2039,20230530,"NY029022543A",0.96916697321339,"State"
2040,20230530,"NY029025950B",0.968197170852423,"State"
2041,20230530,"NY029026395B",0.972812092432197,"State"
2042,20230530,"NY029026395C",0.851820887536368,"State"
2043,20230530,"NY029028410A",0.975353643447146,"State"
2044,20230530,"NY029095401A",0.94813229441862,"State"
2045,20230530,"NY051030635A",0.908370397618968,"State"
2046,20230530,"NY055021610A",0.841320268869344,"State"
2047,20230530,"NY055028339A",0.832959903688593,"State"
2048,20230530,"NY059026620A",0.837875798414875,"State"
2049,20230530,"NY059026999A",0.681670735377721,"State"
2050,20230530,"NY063026336A",0.970471190181587,"State"
2051,20230530,"NY063027774A",0.951476440490921,"State"
2052,20230530,"NY067025461A",0.742132896364913,"State"
2053,20230530,"NY071024422A",0.838143330100659,"State"
2054,20230530,"NY071026310A",0.710062535531552,"State"
2055,20230530,"NY071027901A",0.892786676922048,"State"
2056,20230530,"NY087022748A",0.795538909139551,"State"
2057,20230530,"NY089020818A",0.940607965755944,"State"
2058,20230530,"NY089029831A",0.955088118249005,"State"
2059,20230530,"NY089031194A",0.903922683342808,"State"
2060,20230530,"NY093020516A",0.892285055011203,"State"
2061,20230530,"NY099022365A",0.851988094839983,"State"
2062,20230530,"NY101023906A",0.80921646657526,"State"
2063,20230530,"NY103065358A",0.978329933451493,"State"
2064,20230530,"NY111029351A",0.94100926328462,"State"
2065,20230531,"NY007027669A",0.653680232752567,"State"
2066,20230531,"NY013106895A",0.808681403203692,"State"
2067,20230531,"NY015035742A",0.797846369929438,"State"
2068,20230531,"NY017021423A",0.840852088419222,"State"
2069,20230531,"NY019022195A",0.861786442831823,"State"
2070,20230531,"NY027026271A",0.798949938133298,"State"
2071,20230531,"NY031021733A",0.827776477276527,"State"
2072,20230531,"NY049020125A",0.949035213858141,"State"
2073,20230531,"NY055028231A",0.72785339263619,"State"
2074,20230531,"NY059026450A",0.906363909975588,"State"
2075,20230531,"NY059026859A",0.966625422198442,"State"
2076,20230531,"NY071022144A",0.621743637762097,"State"
2077,20230531,"NY071026310A",0.948031970036451,"State"
2078,20230531,"NY071026522A",0.934153763836404,"State"
2079,20230531,"NY071030490A",0.955656623081296,"State"
2080,20230531,"NY083087971A",0.885964618934555,"State"
2081,20230531,"NY087270598A",0.951610206333813,"State"
2082,20230531,"NY089031194A",0.704645018894425,"State"
2083,20230531,"NY103020061A",0.789987626659532,"State"
2084,20230531,"NY103076988A",0.647761094204595,"State"
2085,20230531,"NY103080683A",0.7800555128248,"State"
2086,20230531,"NY105022454A",0.595023910644417,"State"
2087,20230531,"NY111029351A",0.938634919573287,"State"
2088,20230531,"NY119026689A",0.958298498478414,"State"
2089,20230531,"NY119026697A",0.973246831421597,"State"
2090,20230531,"NY119026701A",0.954720262181052,"State"
2091,20230601,"NY001025739A",0.864160786543156,"State"
2092,20230601,"NY007024414B",0.910978831555362,"State"
2093,20230601,"NY019021831A",0.810855098150687,"State"
2094,20230601,"NY029027693A",0.955121559709728,"State"
2095,20230601,"NY035026042A",0.697087248771026,"State"
2096,20230601,"NY057020290A",0.873992575995719,"State"
2097,20230601,"NY059021822A",0.836638464368124,"State"
2098,20230601,"NY059026841A",0.932180717653747,"State"
2099,20230601,"NY063027979A",0.748854629970237,"State"
2100,20230601,"NY065020494A",0.975052670300639,"State"
2101,20230601,"NY065025780B",0.838410861786443,"State"
2102,20230601,"NY065025780C",0.903588268735578,"State"
2103,20230601,"NY069023531A",0.77972109821757,"State"
2104,20230601,"NY071026522A",0.741029328161054,"State"
2105,20230601,"NY071027901A",0.963582249272648,"State"
2106,20230601,"NY077031151A",0.962645888372404,"State"
2107,20230601,"NY083026034A",0.971106577935324,"State"
2108,20230601,"NY087028533A",0.941076146206066,"State"
2109,20230601,"NY087028851A",0.75768317560111,"State"
2110,20230601,"NY089020818A",0.959502391064442,"State"
2111,20230601,"NY089029831A",0.913453499648865,"State"
2112,20230601,"NY089236586A",0.75801759020834,"State"
2113,20230601,"NY093020516A",0.952513125773334,"State"
2114,20230601,"NY097271942A",0.798448316222453,"State"
2115,20230601,"NY099033308A",0.925224893823362,"State"
2116,20230601,"NY101023906A",0.76514062134234,"State"
2117,20230601,"NY103021750A",0.843493963816339,"State"
2118,20230601,"NY103079324A",0.955121559709728,"State"
2119,20230601,"NY115183695A",0.730394943651139,"State"
2120,20230601,"NY117027171A",0.952178711166104,"State"
2121,20230602,"NY045025984A",0.986790623014413,"State"
2122,20230604,"NY055028339A",0.727987158479082,"State"
2123,20230604,"NY067027081A",0.749857873791927,"State"
2124,20230604,"NY119026689A",0.950841052737184,"State"
2125,20230604,"NY119026697A",0.95425208173093,"State"
2126,20230604,"NY119026701A",0.97629000434739,"State"
2127,20230604,"NY119026719A",0.94913553824031,"State"
2128,20230604,"NY119100803A",0.945055680032104,"State"
2129,20230605,"NY001026867A",0.929237869110123,"State"
2130,20230605,"NY045025984A",0.86409390362171,"State"
2131,20230605,"NY059026859A",0.964886466240845,"State"
2132,20230605,"NY087031895A",0.933384610239775,"State"
2133,20230605,"NY089031194A",0.887034745677691,"State"
2134,20230605,"NY091028240A",0.882252616794302,"State"
2135,20230606,"NY001025739A",0.987693542453934,"State"
2136,20230606,"NY011021903A",0.897234391198208,"State"
2137,20230606,"NY027149209A",0.837307293582584,"State"
2138,20230606,"NY029026395B",0.986924388857305,"State"
2139,20230606,"NY029026395C",0.766913018760659,"State"
2140,20230606,"NY029028410A",0.965020232083737,"State"
2141,20230606,"NY029028436A",0.887201952981306,"State"
2142,20230606,"NY029095401A",0.979801357723305,"State"
2143,20230606,"NY033030376A",0.94846670902585,"State"
2144,20230606,"NY051030635A",0.967963080627362,"State"
2145,20230606,"NY055021610A",0.669932782663947,"State"
2146,20230606,"NY055026794A",0.887870782195766,"State"
2147,20230606,"NY059026620A",0.59706383974852,"State"
2148,20230606,"NY059026778A",0.741530950071899,"State"
2149,20230606,"NY059026999A",0.967461458716517,"State"
2150,20230606,"NY065029076A",0.914858040999231,"State"
2151,20230606,"NY065030864A",0.963281276126141,"State"
2152,20230606,"NY071026310A",0.930174230010367,"State"
2153,20230606,"NY071026328A",0.595191117948032,"State"
2154,20230606,"NY075029106A",0.910443768183794,"State"
2155,20230606,"NY087022748A",0.962311473765174,"State"
2156,20230606,"NY087026051A",0.968130287930977,"State"
2157,20230606,"NY089236586A",0.895796408387118,"State"
2158,20230606,"NY101021431A",0.649433167240745,"State"
2159,20230606,"NY103104809A",0.6987927632679,"State"
2160,20230606,"NY105030074A",0.66829415108852,"State"
2161,20230606,"NY105030724A",0.97896532120523,"State"
2162,20230606,"NY111029351A",0.727218004882453,"State"
2163,20230606,"NY113094366A",0.9396716048557,"State"
2164,20230607,"NY001022225A",0.840751764037053,"State"
2165,20230607,"NY015035742A",0.789251914523626,"State"
2166,20230607,"NY015036986A",0.696518743938735,"State"
2167,20230607,"NY051024449A",0.887101628599137,"State"
2168,20230607,"NY057024333A",0.931311239674949,"State"
2169,20230607,"NY059023523A",0.927064174163127,"State"
2170,20230607,"NY059026450A",0.882888004548039,"State"
2171,20230607,"NY071026310A",0.8047687522991,"State"
2172,20230607,"NY071026522A",0.949904691836939,"State"
2173,20230607,"NY071030490A",0.945891716550179,"State"
2174,20230607,"NY087028533A",0.754104939303749,"State"
2175,20230607,"NY087270598A",0.976657860415343,"State"
2176,20230607,"NY089031194A",0.812995351636959,"State"
2177,20230607,"NY095024201A",0.66284319299067,"State"
2178,20230607,"NY103076988A",0.864628966993278,"State"
2179,20230607,"NY103079324A",0.79229508744942,"State"
2180,20230607,"NY103080683A",0.956726749824432,"State"
2181,20230607,"NY105022454A",0.926930408320235,"State"
2182,20230607,"NY111029351A",0.936494666087015,"State"
2183,20230607,"NY119026689A",0.968230612313146,"State"
2184,20230607,"NY119026697A",0.849948165735879,"State"
2185,20230607,"NY119026701A",0.97317994850015,"State"
2186,20230607,"NY119026719A",0.898137310637729,"State"
2187,20230607,"NY119100803A",0.896699327826639,"State"
2188,20230607,"NY119108324A",0.810453800622011,"State"
2189,20230608,"NY007024414B",0.843895261345016,"State"
2190,20230608,"NY007024414C",0.958532588703475,"State"
2191,20230608,"NY023027561A",0.942781660702939,"State"
2192,20230608,"NY027025976A",0.968197170852423,"State"
2193,20230608,"NY029027693A",0.96505367354446,"State"
2194,20230608,"NY055021610A",0.939136541484132,"State"
2195,20230608,"NY059026778A",0.780657459117814,"State"
2196,20230608,"NY059026859A",0.811958666354546,"State"
2197,20230608,"NY069023531A",0.971440992542554,"State"
2198,20230608,"NY071023680A",0.905026251546668,"State"
2199,20230608,"NY071026328A",0.959335183760827,"State"
2200,20230608,"NY071026522A",0.653680232752567,"State"
2201,20230608,"NY071027901A",0.953616693977193,"State"
2202,20230608,"NY071031518A",0.920342440557804,"State"
2203,20230608,"NY079031356A",0.91462395077417,"State"
2204,20230608,"NY087028533A",0.953115072066348,"State"
2205,20230608,"NY087031895A",0.94813229441862,"State"
2206,20230608,"NY089236586A",0.644684479818078,"State"
2207,20230608,"NY097271942A",0.847874795171053,"State"
2208,20230608,"NY101023906A",0.761662709427148,"State"
2209,20230608,"NY103104809A",0.62555596428452,"State"
2210,20230608,"NY105024520A",0.616125472360633,"State"
2211,20230608,"NY117027171A",0.624184864394877,"State"
2212,20230610,"NY045025984A",0.971741965689061,"State"
2213,20230611,"NY055028339A",0.71738621542989,"State"
2214,20230611,"NY067027081A",0.864261110925325,"State"
2215,20230611,"NY067027596A",0.965755944219644,"State"
2216,20230611,"NY067027723A",0.968330936695315,"State"
2217,20230611,"NY067030317A",0.960505634886132,"State"
2218,20230611,"NY067030571A",0.916229140888874,"State"
2219,20230611,"NY119026697A",0.950138782062,"State"
2220,20230611,"NY119026701A",0.681135672006153,"State"
2221,20230611,"NY119026719A",0.964150754104939,"State"
2222,20230611,"NY119026786A",0.900010032438217,"State"
2223,20230611,"NY119100803A",0.92987325686386,"State"
2224,20230612,"NY001026867A",0.679731130655787,"State"
2225,20230612,"NY019026018A",0.956158244992141,"State"
2226,20230612,"NY027026255A",0.974316958164733,"State"
2227,20230612,"NY065030864A",0.92575995719493,"State"
2228,20230612,"NY087031895A",0.939571280473531,"State"
2229,20230612,"NY089031194A",0.900244122663278,"State"
2230,20230612,"NY103020061A",0.738186803999599,"State"
2231,20230613,"NY001025739A",0.886198709159616,"State"
2232,20230613,"NY007024414B",0.893154532990001,"State"
2233,20230613,"NY019025097A",0.857271845634217,"State"
2234,20230613,"NY027149209A",0.732602080058857,"State"
2235,20230613,"NY029028436A",0.68177105975989,"State"
2236,20230613,"NY031022187A",0.925458984048423,"State"
2237,20230613,"NY033029939A",0.719526468916162,"State"
2238,20230613,"NY045025984A",0.982643881884761,"State"
2239,20230613,"NY045025984B",0.963615690733371,"State"
2240,20230613,"NY051030635A",0.939270307327024,"State"
2241,20230613,"NY053021539A",0.945657626325118,"State"
2242,20230613,"NY053029807A",0.937464468447982,"State"
2243,20230613,"NY055028339A",0.782262649232518,"State"
2244,20230613,"NY059026841A",0.890980838043006,"State"
2245,20230613,"NY065020249A",0.626157910577534,"State"
2246,20230613,"NY065029076A",0.914456743470555,"State"
2247,20230613,"NY065030864A",0.916195699428151,"State"
2248,20230613,"NY071023680A",0.928368391131325,"State"
2249,20230613,"NY071024422A",0.91629602381032,"State"
2250,20230613,"NY071026328A",0.971641641306892,"State"
2251,20230613,"NY071031518A",0.935625188108217,"State"
2252,20230613,"NY075029114A",0.947597231047052,"State"
2253,20230613,"NY087022748A",0.907701568404508,"State"
2254,20230613,"NY087026051A",0.886600006688292,"State"
2255,20230613,"NY093020516A",0.818245660970471,"State"
2256,20230613,"NY099022365A",0.94946995284754,"State"
2257,20230613,"NY103065358A",0.737718623549477,"State"
2258,20230613,"NY103206644A",0.965354646690967,"State"
2259,20230613,"NY105030074A",0.716750827676153,"State"
2260,20230613,"NY105030724A",0.872822124870414,"State"
2261,20230613,"NY111029351A",0.945423536100057,"State"
2262,20230613,"NY113094366A",0.949871250376216,"State"
2263,20230613,"NY117029475A",0.71705180082266,"State"
2264,20230614,"NY007027669A",0.858609504063138,"State"
2265,20230614,"NY019021831A",0.649801023308698,"State"
2266,20230614,"NY019022195A",0.963649132194094,"State"
2267,20230614,"NY019026018A",0.953215396448517,"State"
2268,20230614,"NY025027154A",0.832123867170518,"State"
2269,20230614,"NY025029271A",0.934688827207972,"State"
2270,20230614,"NY027026255A",0.949235862622479,"State"
2271,20230614,"NY027026271A",0.958064408253352,"State"
2272,20230614,"NY031036706A",0.689027856736782,"State"
2273,20230614,"NY055028231A",0.928033976524095,"State"
2274,20230614,"NY059026859A",0.965354646690967,"State"
2275,20230614,"NY071030490A",0.980202655251981,"State"
2276,20230614,"NY075026301A",0.843493963816339,"State"
2277,20230614,"NY075029106A",0.759489014480152,"State"
2278,20230614,"NY075029114A",0.811590810286593,"State"
2279,20230614,"NY087026051A",0.929237869110123,"State"
2280,20230614,"NY087028533A",0.76447179212788,"State"
2281,20230614,"NY087270598A",0.964485168712169,"State"
2282,20230614,"NY103080683A",0.785038290472528,"State"
2283,20230614,"NY105022454A",0.952613450155503,"State"
2284,20230614,"NY107029262A",0.956057920609972,"State"
2285,20230614,"NY109026638A",0.742667959736481,"State"
2286,20230614,"NY111029351A",0.780122395746246,"State"
2287,20230614,"NY111030082A",0.929170986188677,"State"
2288,20230614,"NY119026689A",0.78172758586095,"State"
2289,20230614,"NY119026786A",0.849914724275156,"State"
2290,20230614,"NY119100803A",0.933418051700498,"State"
2291,20230614,"NY119108324A",0.743203023108049,"State"
2292,20230614,"NY123029726A",0.721666722402435,"State"
2293,20230615,"NY001025739A",0.979032204126676,"State"
2294,20230615,"NY007024414B",0.65906430792897,"State"
2295,20230615,"NY011021903A",0.652643547470154,"State"
2296,20230615,"NY021022039A",0.67431361401866,"State"
2297,20230615,"NY023027561A",0.638665016887938,"State"
2298,20230615,"NY027025976A",0.967361134334348,"State"
2299,20230615,"NY035026042A",0.933852790689897,"State"
2300,20230615,"NY055021610A",0.966859512423503,"State"
2301,20230615,"NY071023680A",0.968765675684714,"State"
2302,20230615,"NY071026522A",0.688927532354613,"State"
2303,20230615,"NY071027901A",0.892285055011203,"State"
2304,20230615,"NY077031151A",0.976256562886667,"State"
2305,20230615,"NY087031895A",0.97996856502692,"State"
2306,20230615,"NY089029831A",0.965956592983982,"State"
2307,20230615,"NY089236586A",0.897568805805438,"State"
2308,20230615,"NY113029050A",0.868340969133532,"State"
2309,20230615,"NY115183695A",0.92719794000602,"State"
2310,20230618,"NY119026719A",0.927833327759757,"State"
2311,20230619,"NY029022543A",0.933618700464836,"State"
2312,20230619,"NY045025984A",0.727886834096913,"State"
2313,20230619,"NY063027766A",0.7410962110825,"State"
2314,20230619,"NY063027979A",0.806373942413805,"State"
2315,20230619,"NY067027618A",0.965354646690967,"State"
2316,20230619,"NY067030317A",0.960271544661071,"State"
2317,20230619,"NY089020117A",0.791860348460021,"State"
2318,20230619,"NY089031194A",0.820185265692405,"State"
2319,20230619,"NY091028240A",0.812259639501053,"State"
2320,20230619,"NY119026697A",0.713473564525298,"State"
2321,20230619,"NY119026701A",0.744172825469017,"State"
2322,20230619,"NY119108324A",0.972878975353643,"State"
2323,20230620,"NY001025739A",0.953817342741531,"State"
2324,20230620,"NY001026875A",0.750091964016988,"State"
2325,20230620,"NY007024414C",0.700364511921881,"State"
2326,20230620,"NY027026255A",0.797277865097147,"State"
2327,20230620,"NY027149209A",0.970538073103033,"State"
2328,20230620,"NY029025950B",0.919004782128883,"State"
2329,20230620,"NY031022187A",0.947363140821991,"State"
2330,20230620,"NY033029939A",0.711032337892519,"State"
2331,20230620,"NY053021539A",0.971039695013878,"State"
2332,20230620,"NY053028525A",0.947965087115005,"State"
2333,20230620,"NY055021610A",0.92676320101662,"State"
2334,20230620,"NY055028339A",0.951409557569475,"State"
2335,20230620,"NY057020290A",0.891114603885898,"State"
2336,20230620,"NY059026859A",0.853660167876133,"State"
2337,20230620,"NY065025780B",0.683911313246163,"State"
2338,20230620,"NY065025780C",0.599739156606361,"State"
2339,20230620,"NY067025461A",0.892117847707588,"State"
2340,20230620,"NY069025968A",0.934053439454235,"State"
2341,20230620,"NY071023680A",0.922315486740461,"State"
2342,20230620,"NY071024422A",0.749356251881082,"State"
2343,20230620,"NY071026310A",0.956492659599371,"State"
2344,20230620,"NY071027901A",0.791994114302913,"State"
2345,20230620,"NY071031518A",0.954285523191653,"State"
2346,20230620,"NY083087971A",0.81289502725479,"State"
2347,20230620,"NY087022748A",0.970571514563756,"State"
2348,20230620,"NY087031895A",0.912450255827175,"State"
2349,20230620,"NY089020818A",0.882854563087316,"State"
2350,20230620,"NY103065358A",0.837742032571983,"State"
2351,20230620,"NY103104809A",0.943651138681738,"State"
2352,20230620,"NY105030074A",0.973414038725211,"State"
2353,20230620,"NY111029351A",0.64859713072267,"State"
2354,20230620,"NY113029050A",0.566297695883356,"State"
2355,20230620,"NY113094366A",0.607163160886868,"State"
2356,20230621,"NY001022225A",0.962411798147343,"State"
2357,20230621,"NY007027669A",0.959803364210949,"State"
2358,20230621,"NY017021423A",0.818580075577701,"State"
2359,20230621,"NY019022195A",0.950138782062,"State"
2360,20230621,"NY025029271A",0.891449018493128,"State"
2361,20230621,"NY027026255A",0.905026251546668,"State"
2362,20230621,"NY029022136A",0.840016051901147,"State"
2363,20230621,"NY029022543A",0.956158244992141,"State"
2364,20230621,"NY029095401A",0.774102932816105,"State"
2365,20230621,"NY031036706A",0.981339664916564,"State"
2366,20230621,"NY055026794A",0.90850416346186,"State"
2367,20230621,"NY059026859A",0.773902284051767,"State"
2368,20230621,"NY075026301A",0.96137511286493,"State"
2369,20230621,"NY079031356A",0.924689830451794,"State"
2370,20230621,"NY083087971A",0.783265893054209,"State"
2371,20230621,"NY087026051A",0.924021001237334,"State"
2372,20230621,"NY087028533A",0.902250610306658,"State"
2373,20230621,"NY087270598A",0.836471257064509,"State"
2374,20230621,"NY089020117A",0.814132361301542,"State"
2375,20230621,"NY089031194A",0.929806373942414,"State"
2376,20230621,"NY105022454A",0.940273551148714,"State"
2377,20230621,"NY109020958A",0.90372203457847,"State"
2378,20230621,"NY111029351A",0.949202421161756,"State"
2379,20230621,"NY119026697A",0.957629669263953,"State"
2380,20230621,"NY119026701A",0.953416045212855,"State"
2381,20230621,"NY119026719A",0.871618232284386,"State"
2382,20230621,"NY119108324A",0.759455573019429,"State"
2383,20230621,"NY123029726A",0.94134367789185,"State"
2384,20230622,"NY001025739A",0.954118315888038,"State"
2385,20230622,"NY019021831A",0.820319031535298,"State"
2386,20230622,"NY025020265A",0.813229441862021,"State"
2387,20230622,"NY035026042A",0.823830384911213,"State"
2388,20230622,"NY045025984A",0.936561549008461,"State"
2389,20230622,"NY051032328A",0.943584255760292,"State"
2390,20230622,"NY055021610A",0.942614453399324,"State"
2391,20230622,"NY065025780B",0.911413570544761,"State"
2392,20230622,"NY065025780C",0.843627729659231,"State"
2393,20230622,"NY069023531A",0.978463699294385,"State"
2394,20230622,"NY077031151A",0.825201484800856,"State"
2395,20230622,"NY087026051A",0.83392970604956,"State"
2396,20230622,"NY089236586A",0.900511654349062,"State"
2397,20230622,"NY103104809A",0.85563321405879,"State"
2398,20230622,"NY113029050A",0.619937798883055,"State"
2399,20230622,"NY115024929A",0.845032271009598,"State"
2400,20230622,"NY117027171A",0.924355415844564,"State"
2401,20230623,"NY071026328A",0.986456208407183,"State"
2402,20230625,"NY045025984A",0.941310236431127,"State"
2403,20230625,"NY067027081A",0.745443600976491,"State"
2404,20230625,"NY119026689A",0.979734474801859,"State"
2405,20230625,"NY119026697A",0.945757950707287,"State"
2406,20230625,"NY119026701A",0.956459218138648,"State"
2407,20230625,"NY119026719A",0.837441059425476,"State"
2408,20230626,"NY001026875A",0.681235996388322,"State"
2409,20230626,"NY023027561A",0.902317493228104,"State"
2410,20230626,"NY027026255A",0.967093602648564,"State"
2411,20230626,"NY031021733A",0.959335183760827,"State"
2412,20230626,"NY055028231A",0.941611209577634,"State"
2413,20230626,"NY059026450A",0.96137511286493,"State"
2414,20230626,"NY063027979A",0.744406915694077,"State"
2415,20230626,"NY065025780B",0.981573755141625,"State"
2416,20230626,"NY065025780C",0.961341671404207,"State"
2417,20230626,"NY065030864A",0.828512189412434,"State"
2418,20230626,"NY089020117A",0.933016754171822,"State"
2419,20230626,"NY089031194A",0.955957596227803,"State"
2420,20230626,"NY091028240A",0.931077149449888,"State"
2421,20230627,"NY001025739A",0.979266294351737,"State"
2422,20230627,"NY007024414B",0.971474434003277,"State"
2423,20230627,"NY007027669A",0.893154532990001,"State"
2424,20230627,"NY029025950B",0.684078520549778,"State"
2425,20230627,"NY029026395C",0.786643480587232,"State"
2426,20230627,"NY031022187A",0.742199779286359,"State"
2427,20230627,"NY041026484A",0.801391164766077,"State"
2428,20230627,"NY051024384A",0.974149750861118,"State"
2429,20230627,"NY051030635A",0.925024245059024,"State"
2430,20230627,"NY053026956A",0.84172156639802,"State"
2431,20230627,"NY055028339A",0.7767113667525,"State"
2432,20230627,"NY059026620A",0.756780256161589,"State"
2433,20230627,"NY065030864A",0.920141791793466,"State"
2434,20230627,"NY071024422A",0.97662441895462,"State"
2435,20230627,"NY071026328A",0.985252315821155,"State"
2436,20230627,"NY071026522A",0.927131057084573,"State"
2437,20230627,"NY071027901A",0.94746346520416,"State"
2438,20230627,"NY087022748A",0.812928468715513,"State"
2439,20230627,"NY087026051A",0.966859512423503,"State"
2440,20230627,"NY089020818A",0.670066548506839,"State"
2441,20230627,"NY089236586A",0.928569039895663,"State"
2442,20230627,"NY101021431A",0.939571280473531,"State"
2443,20230627,"NY101023906A",0.97017021703508,"State"
2444,20230627,"NY103079324A",0.97317994850015,"State"
2445,20230627,"NY103104809A",0.932515132260977,"State"
2446,20230627,"NY103206644A",0.907233387954386,"State"
2447,20230627,"NY109026638A",0.950272547904892,"State"
2448,20230627,"NY113094366A",0.967327692873625,"State"
2449,20230628,"NY007027669A",0.971006253553155,"State"
2450,20230628,"NY015035742A",0.683978196167609,"State"
2451,20230628,"NY015036986A",0.873457512624151,"State"
2452,20230628,"NY019022195A",0.818412868274086,"State"
2453,20230628,"NY019026018A",0.761094204594857,"State"
2454,20230628,"NY025029271A",0.899742500752433,"State"
2455,20230628,"NY027026255A",0.957061164431662,"State"
2456,20230628,"NY027026271A",0.973414038725211,"State"
2457,20230628,"NY029027693A",0.773467545062368,"State"
2458,20230628,"NY031036706A",0.944186202053306,"State"
2459,20230628,"NY033029939A",0.934053439454235,"State"
2460,20230628,"NY043036528A",0.858542621141691,"State"
2461,20230628,"NY045025151A",0.925358659666254,"State"
2462,20230628,"NY045025984A",0.972210146139183,"State"
2463,20230628,"NY051024449A",0.973113065578704,"State"
2464,20230628,"NY059023523A",0.872955890713306,"State"
2465,20230628,"NY059026450A",0.790355482727486,"State"
2466,20230628,"NY059026859A",0.88134969735478,"State"
2467,20230628,"NY083087971A",0.89904023007725,"State"
2468,20230628,"NY087026051A",0.941276794970404,"State"
2469,20230628,"NY087270598A",0.923218406179982,"State"
2470,20230628,"NY089020117A",0.951409557569475,"State"
2471,20230628,"NY091028240A",0.813262883322744,"State"
2472,20230628,"NY103080683A",0.958532588703475,"State"
2473,20230628,"NY109026638A",0.947530348125606,"State"
2474,20230628,"NY111029351A",0.81256061264756,"State"
2475,20230628,"NY111031208A",0.844430324716584,"State"
2476,20230628,"NY119026689A",0.87833996588971,"State"
2477,20230628,"NY119026697A",0.703340801926228,"State"
2478,20230628,"NY119026701A",0.970270541417249,"State"
2479,20230628,"NY119026719A",0.744507240076247,"State"
2480,20230628,"NY119108324A",0.92341905494432,"State"
2481,20230629,"NY001025739A",0.881985085108518,"State"
2482,20230629,"NY007024414B",0.860682874627964,"State"
2483,20230629,"NY007024414C",0.743303347490218,"State"
2484,20230629,"NY035026042A",0.820720329063974,"State"
2485,20230629,"NY051032328A",0.821991104571448,"State"
2486,20230629,"NY055021610A",0.931745978664348,"State"
2487,20230629,"NY059021822A",0.630973480921647,"State"
2488,20230629,"NY059026620A",0.878841587800555,"State"
2489,20230629,"NY059026778A",0.922984315954921,"State"
2490,20230629,"NY059026841A",0.984616928067418,"State"
2491,20230629,"NY071023680A",0.904959368625222,"State"
2492,20230629,"NY071026328A",0.89770257164833,"State"
2493,20230629,"NY071027901A",0.961207905561315,"State"
2494,20230629,"NY071031518A",0.97896532120523,"State"
2495,20230629,"NY077031151A",0.97284553389292,"State"
2496,20230629,"NY087028533A",0.940474199913052,"State"
2497,20230629,"NY087031895A",0.951442999030198,"State"
2498,20230629,"NY093020516A",0.946761194528977,"State"
2499,20230629,"NY099033308A",0.901147042102799,"State"
2500,20230629,"NY101021431A",0.976891950640404,"State"
2501,20230629,"NY113029050A",0.954051432966592,"State"
2502,20230630,"NY045025984A",0.862321506203391,"State"
2503,20230702,"NY045025984A",0.924121325619503,"State"
2504,20230702,"NY045025984B",0.947062167675484,"State"
2505,20230702,"NY067027081A",0.963314717586864,"State"
2506,20230702,"NY067027618A",0.931946627428686,"State"
2507,20230702,"NY067030317A",0.919406079657559,"State"
2508,20230702,"NY067030571A",0.887302277363475,"State"
2509,20230702,"NY119026689A",0.957629669263953,"State"
2510,20230702,"NY119026697A",0.954452730495268,"State"
2511,20230702,"NY119026701A",0.905795405143297,"State"
2512,20230702,"NY119026719A",0.651004915894726,"State"
2513,20230702,"NY119100803A",0.907735009865231,"State"
2514,20230703,"NY001026875A",0.824097916596997,"State"
2515,20230703,"NY013027961A",0.952379359930442,"State"
2516,20230703,"NY027026255A",0.923051198876367,"State"
2517,20230703,"NY055028231A",0.870046483630405,"State"
2518,20230703,"NY063026336A",0.961809851854329,"State"
2519,20230703,"NY063027766A",0.866267598568705,"State"
2520,20230703,"NY063027979A",0.786676922047955,"State"
2521,20230703,"NY065030864A",0.750459820084941,"State"
2522,20230703,"NY071023680A",0.723639768585092,"State"
2523,20230703,"NY089031194A",0.973113065578704,"State"
2524,20230704,"NY055028339A",0.922282045279738,"State"
2525,20230704,"NY059026859A",0.738220245460322,"State"
2526,20230704,"NY071031518A",0.928769688660001,"State"
2527,20230704,"NY075026301A",0.97317994850015,"State"
2528,20230704,"NY105030724A",0.781092198107213,"State"
2529,20230704,"NY109026638A",0.88746948466709,"State"
2530,20230704,"NY113094366A",0.973815336253888,"State"
2531,20230705,"NY001022225A",0.595659298398154,"State"
2532,20230705,"NY001025739A",0.900110356820386,"State"
2533,20230705,"NY007027669A",0.965087115005183,"State"
2534,20230705,"NY013106895A",0.965923151523259,"State"
2535,20230705,"NY015035742A",0.715011871718557,"State"
2536,20230705,"NY015036986A",0.96682607096278,"State"
2537,20230705,"NY019026018A",0.944018994749691,"State"
2538,20230705,"NY021022039A",0.960873490954085,"State"
2539,20230705,"NY025029271A",0.820252148613851,"State"
2540,20230705,"NY027026255A",0.78985386081664,"State"
2541,20230705,"NY027026271A",0.965287763769521,"State"
2542,20230705,"NY029028436A",0.786576597665786,"State"
2543,20230705,"NY031022187A",0.943885228906799,"State"
2544,20230705,"NY031036706A",0.958967327692874,"State"
2545,20230705,"NY045025151A",0.96137511286493,"State"
2546,20230705,"NY051024449A",0.824632979968565,"State"
2547,20230705,"NY051030635A",0.935758953951109,"State"
2548,20230705,"NY055021610A",0.965555295455305,"State"
2549,20230705,"NY055026794A",0.918235628532254,"State"
2550,20230705,"NY055028231A",0.942514129017155,"State"
2551,20230705,"NY057020290A",0.944520616660536,"State"
2552,20230705,"NY059026450A",0.774972410794904,"State"
2553,20230705,"NY059026778A",0.970604956024479,"State"
2554,20230705,"NY065036790A",0.872855566331137,"State"
2555,20230705,"NY071024422A",0.951409557569475,"State"
2556,20230705,"NY071026310A",0.959602715446611,"State"
2557,20230705,"NY071026328A",0.746680935023242,"State"
2558,20230705,"NY071030490A",0.955522857238404,"State"
2559,20230705,"NY079031356A",0.967327692873625,"State"
2560,20230705,"NY087022748A",0.959970571514564,"State"
2561,20230705,"NY087026051A",0.778216232485035,"State"
2562,20230705,"NY087028533A",0.972678326589305,"State"
2563,20230705,"NY087270598A",0.977493896933418,"State"
2564,20230705,"NY089020117A",0.950606962512123,"State"
2565,20230705,"NY089020818A",0.7092599404742,"State"
2566,20230705,"NY091028240A",0.982777647727653,"State"
2567,20230705,"NY093020516A",0.73464200916296,"State"
2568,20230705,"NY095024201A",0.723873858810153,"State"
2569,20230705,"NY101021431A",0.916329465271043,"State"
2570,20230705,"NY103020061A",0.752198776042537,"State"
2571,20230705,"NY103076988A",0.955355649934789,"State"
2572,20230705,"NY103206644A",0.86543156205063,"State"
2573,20230705,"NY105022454A",0.726950473196669,"State"
2574,20230705,"NY105030074A",0.955221884091897,"State"
2575,20230705,"NY107029262A",0.958465705782029,"State"
2576,20230705,"NY109026638A",0.942714777781493,"State"
2577,20230705,"NY111031208A",0.944620941042705,"State"
2578,20230705,"NY113029050A",0.917533357857071,"State"
2579,20230705,"NY119026719A",0.971608199846169,"State"
2580,20230705,"NY119100803A",0.967528341637963,"State"
2581,20230705,"NY119108324A",0.924990803598301,"State"
2582,20230705,"NY123029726A",0.743570879176002,"State"
2583,20230706,"NY007024414B",0.738387452763937,"State"
2584,20230706,"NY007027669A",0.812995351636959,"State"
2585,20230706,"NY009027162A",0.658161388489449,"State"
2586,20230706,"NY027025976A",0.943116075310169,"State"
2587,20230706,"NY029022136A",0.862321506203391,"State"
2588,20230706,"NY029022543A",0.70314015316189,"State"
2589,20230706,"NY029025950B",0.931846303046517,"State"
2590,20230706,"NY029026395B",0.964919907701568,"State"
2591,20230706,"NY029026395C",0.909340199979935,"State"
2592,20230706,"NY029028410A",0.930642410460489,"State"
2593,20230706,"NY029095401A",0.961241347022038,"State"
2594,20230706,"NY051032328A",0.950372872287061,"State"
2595,20230706,"NY055021610A",0.920543089322142,"State"
2596,20230706,"NY057020290A",0.883991572751898,"State"
2597,20230706,"NY059021822A",0.772664950005016,"State"
2598,20230706,"NY059026841A",0.839280339765241,"State"
2599,20230706,"NY059026999A",0.963080627361803,"State"
2600,20230706,"NY065025780B",0.946025482393071,"State"
2601,20230706,"NY065025780C",0.919539845500451,"State"
2602,20230706,"NY071026310A",0.957964083871183,"State"
2603,20230706,"NY071027901A",0.961475437247099,"State"
2604,20230706,"NY077031151A",0.89526134501555,"State"
2605,20230706,"NY087026051A",0.966725746580611,"State"
2606,20230706,"NY087028533A",0.978396816372939,"State"
2607,20230706,"NY093020516A",0.922114837976123,"State"
2608,20230706,"NY101023906A",0.778416881249373,"State"
2609,20230706,"NY101025712A",0.808781727585861,"State"
2610,20230706,"NY103021750A",0.988663344814901,"State"
2611,20230706,"NY103079324A",0.816306056248537,"State"
2612,20230706,"NY105024520A",0.974852021536301,"State"
2613,20230706,"NY113029050A",0.970036451192188,"State"
2614,20230706,"NY117027171A",0.943350165535231,"State"
2615,20230707,"NY029027693A",0.822960906932415,"State"
2616,20230709,"NY067027723A",0.853760492258302,"State"
2617,20230709,"NY067030317A",0.805604788817176,"State"
2618,20230709,"NY119026689A",0.968565026920376,"State"
2619,20230709,"NY119026701A",0.786810687890847,"State"
2620,20230709,"NY119026719A",0.975320201986423,"State"
2621,20230710,"NY019026018A",0.916095375045982,"State"
2622,20230710,"NY023027561A",0.957429020499615,"State"
2623,20230710,"NY027026255A",0.898137310637729,"State"
2624,20230710,"NY029028436A",0.935892719794001,"State"
2625,20230710,"NY045025984A",0.975989031200883,"State"
2626,20230710,"NY045025984B",0.822994348393138,"State"
2627,20230710,"NY059026450A",0.694244724609571,"State"
2628,20230710,"NY063026336A",0.963916663879878,"State"
2629,20230710,"NY065025780C",0.645888372404107,"State"
2630,20230710,"NY089031194A",0.792161321606528,"State"
2631,20230710,"NY113029050A",0.799384677122697,"State"
2632,20230711,"NY001025739A",0.980838043005719,"State"
2633,20230711,"NY007024414B",0.897802896030499,"State"
2634,20230711,"NY021022039A",0.894893488947597,"State"
2635,20230711,"NY029022136A",0.943985553288968,"State"
2636,20230711,"NY029022543A",0.958499147242752,"State"
2637,20230711,"NY029025950B",0.981540313680902,"State"
2638,20230711,"NY029026395B",0.934053439454235,"State"
2639,20230711,"NY029026395C",0.970203658495803,"State"
2640,20230711,"NY029028410A",0.95458649633816,"State"
2641,20230711,"NY029032093A",0.96572250275892,"State"
2642,20230711,"NY029095401A",0.940306992609437,"State"
2643,20230711,"NY051030635A",0.822894024010969,"State"
2644,20230711,"NY055021610A",0.934521619904357,"State"
2645,20230711,"NY055028339A",0.725545931846303,"State"
2646,20230711,"NY059026620A",0.801625254991138,"State"
2647,20230711,"NY059026999A",0.964117312644216,"State"
2648,20230711,"NY067025461A",0.810019061632612,"State"
2649,20230711,"NY069025968A",0.600341102899375,"State"
2650,20230711,"NY071023680A",0.632712436879243,"State"
2651,20230711,"NY071024422A",0.939370631709193,"State"
2652,20230711,"NY071026310A",0.706484299234191,"State"
2653,20230711,"NY071026328A",0.861652676988931,"State"
2654,20230711,"NY071027901A",0.954118315888038,"State"
2655,20230711,"NY071031518A",0.960271544661071,"State"
2656,20230711,"NY075029106A",0.903253854128348,"State"
2657,20230711,"NY083087971A",0.644517272514463,"State"
2658,20230711,"NY087022748A",0.929572283717353,"State"
2659,20230711,"NY087026051A",0.762532187405946,"State"
2660,20230711,"NY089020818A",0.929137544727954,"State"
2661,20230711,"NY091028240A",0.937130053840752,"State"
2662,20230711,"NY103024881A",0.776644483831054,"State"
2663,20230711,"NY103104809A",0.908905460990536,"State"
2664,20230711,"NY105030074A",0.94980436745477,"State"
2665,20230711,"NY109026638A",0.859478982041936,"State"
2666,20230711,"NY113094366A",0.895963615690733,"State"
2667,20230712,"NY001022225A",0.872253620038123,"State"
2668,20230712,"NY017021423A",0.635086780590576,"State"
2669,20230712,"NY019026018A",0.641942280038792,"State"
2670,20230712,"NY027026271A",0.709761562385045,"State"
2671,20230712,"NY031021733A",0.806072969267298,"State"
2672,20230712,"NY041026484A",0.837340735043307,"State"
2673,20230712,"NY055028231A",0.965321205230244,"State"
2674,20230712,"NY065022110A",0.962344915225897,"State"
2675,20230712,"NY071026522A",0.821054743671204,"State"
2676,20230712,"NY071030490A",0.881784436344179,"State"
2677,20230712,"NY075026301A",0.926194696184329,"State"
2678,20230712,"NY089020117A",0.831053740427382,"State"
2679,20230712,"NY095024201A",0.963782898036986,"State"
2680,20230712,"NY103020061A",0.869678627562452,"State"
2681,20230712,"NY109020958A",0.659833461525599,"State"
2682,20230712,"NY109026638A",0.840350466508377,"State"
2683,20230712,"NY111030082A",0.953315720830686,"State"
2684,20230712,"NY123029726A",0.892184730629034,"State"
2685,20230713,"NY007024414B",0.618566698993412,"State"
2686,20230713,"NY007024414C",0.782429856536134,"State"
2687,20230713,"NY025026531A",0.783700632043608,"State"
2688,20230713,"NY045025984A",0.942413804634986,"State"
2689,20230713,"NY051032328A",0.921178477075879,"State"
2690,20230713,"NY059026778A",0.678594120991205,"State"
2691,20230713,"NY059026999A",0.928836571581447,"State"
2692,20230713,"NY069023531A",0.893020767147109,"State"
2693,20230713,"NY077031151A",0.95659298398154,"State"
2694,20230713,"NY093020516A",0.81155736882587,"State"
2695,20230713,"NY101023906A",0.794468782396415,"State"
2696,20230713,"NY103021750A",0.942380363174263,"State"
2697,20230713,"NY103104809A",0.929605725178076,"State"
2698,20230713,"NY115183695A",0.849346219442865,"State"
2699,20230716,"NY067027081A",0.949235862622479,"State"
2700,20230716,"NY067027618A",0.907400595258001,"State"
2701,20230716,"NY067027723A",0.967662107480855,"State"
2702,20230716,"NY067030317A",0.852857572818781,"State"
2703,20230716,"NY067030571A",0.936628431929907,"State"
2704,20230717,"NY019026018A",0.784937966090359,"State"
2705,20230717,"NY035026042A",0.816506705012875,"State"
2706,20230717,"NY059026450A",0.936829080694245,"State"
2707,20230717,"NY059026859A",0.965087115005183,"State"
2708,20230717,"NY063026336A",0.971240343778216,"State"
2709,20230717,"NY063027766A",0.966190683209043,"State"
2710,20230717,"NY103020061A",0.966324449051935,"State"
2711,20230717,"NY103104809A",0.914557067852724,"State"
2712,20230718,"NY007024414C",0.865531886432799,"State"
2713,20230718,"NY013027570A",0.672541216600341,"State"
2714,20230718,"NY029022543A",0.92475671337324,"State"
2715,20230718,"NY029025950B",0.969902685349296,"State"
2716,20230718,"NY029026395C",0.922950874494198,"State"
2717,20230718,"NY029028410A",0.874393873524396,"State"
2718,20230718,"NY029095401A",0.933585259004113,"State"
2719,20230718,"NY031022187A",0.969434504899174,"State"
2720,20230718,"NY033029939A",0.95903421061432,"State"
2721,20230718,"NY051030635A",0.969802360967127,"State"
2722,20230718,"NY055021610A",0.916931411564057,"State"
2723,20230718,"NY055028339A",0.956225127913587,"State"
2724,20230718,"NY059026778A",0.802628498812828,"State"
2725,20230718,"NY059026841A",0.782931478446979,"State"
2726,20230718,"NY075029106A",0.825168043340133,"State"
2727,20230718,"NY083087971A",0.818814165802762,"State"
2728,20230718,"NY099022365A",0.972778650971474,"State"
2729,20230718,"NY101023906A",0.977493896933418,"State"
2730,20230718,"NY103024881A",0.861853325753269,"State"
2731,20230718,"NY103065358A",0.609102765608802,"State"
2732,20230718,"NY103079324A",0.905996053907635,"State"
2733,20230718,"NY103104809A",0.85429555562987,"State"
2734,20230718,"NY103206644A",0.568772363976858,"State"
2735,20230718,"NY109020958A",0.956827074206601,"State"
2736,20230718,"NY109026638A",0.948366384643681,"State"
2737,20230718,"NY117029475A",0.960004012975287,"State"
2738,20230719,"NY007027669A",0.667224024345383,"State"
2739,20230719,"NY019022195A",0.854362438551316,"State"
2740,20230719,"NY025029271A",0.956158244992141,"State"
2741,20230719,"NY029028436A",0.948031970036451,"State"
2742,20230719,"NY031021733A",0.929237869110123,"State"
2743,20230719,"NY033029939A",0.927733003377588,"State"
2744,20230719,"NY041026484A",0.874193224760058,"State"
2745,20230719,"NY051024449A",0.755609805036284,"State"
2746,20230719,"NY055028231A",0.757248436611711,"State"
2747,20230719,"NY059021822A",0.626726415409825,"State"
2748,20230719,"NY059023523A",0.758051031669063,"State"
2749,20230719,"NY059026450A",0.895963615690733,"State"
2750,20230719,"NY059026859A",0.979266294351737,"State"
2751,20230719,"NY075026301A",0.949035213858141,"State"
2752,20230719,"NY083087971A",0.80888205196803,"State"
2753,20230719,"NY103020061A",0.87800555128248,"State"
2754,20230719,"NY103076988A",0.846637461124302,"State"
2755,20230719,"NY107029262A",0.964853024780122,"State"
2756,20230720,"NY001025739A",0.536601678761328,"State"
2757,20230720,"NY007024414C",0.680533725713139,"State"
2758,20230720,"NY023027561A",0.952747215998395,"State"
2759,20230720,"NY029032093A",0.665886365916463,"State"
2760,20230720,"NY055021610A",0.930943383606996,"State"
2761,20230720,"NY059026778A",0.782162324850349,"State"
2762,20230720,"NY059026841A",0.927298264388189,"State"
2763,20230720,"NY069023531A",0.909072668294151,"State"
2764,20230720,"NY077031151A",0.864628966993278,"State"
2765,20230720,"NY101023906A",0.800120389258603,"State"
2766,20230720,"NY103079324A",0.95558974015985,"State"
2767,20230720,"NY103104809A",0.957094605892385,"State"
2768,20230720,"NY113029050A",0.742266662207805,"State"
2769,20230720,"NY117027171A",0.842958900444771,"State"
2770,20230722,"NY045025984A",0.955054676788282,"State"
2771,20230723,"NY067027081A",0.953315720830686,"State"
2772,20230723,"NY067027596A",0.958666354546367,"State"
2773,20230723,"NY067027618A",0.967294251412902,"State"
2774,20230723,"NY067027723A",0.904691836939438,"State"
2775,20230723,"NY067030317A",0.850784202253954,"State"
2776,20230723,"NY067030571A",0.947430023743437,"State"
2777,20230724,"NY013027961A",0.834364445038959,"State"
2778,20230724,"NY055028231A",0.930107347088921,"State"
2779,20230724,"NY059026450A",0.658027622646557,"State"
2780,20230724,"NY059026859A",0.712369996321439,"State"
2781,20230724,"NY063026336A",0.973246831421597,"State"
2782,20230724,"NY063027057A",0.881082165668996,"State"
2783,20230724,"NY063027766A",0.9576965521854,"State"
2784,20230724,"NY063027774A",0.916764204260442,"State"
2785,20230724,"NY063027979A",0.887870782195766,"State"
2786,20230724,"NY103104809A",0.902317493228104,"State"
2787,20230724,"NY113029050A",0.773701635287429,"State"
2788,20230725,"NY001025739A",0.88245326555864,"State"
2789,20230725,"NY007024414B",0.690365515165702,"State"
2790,20230725,"NY007027669A",0.928401832592048,"State"
2791,20230725,"NY009027162A",0.84616928067418,"State"
2792,20230725,"NY019023949A",0.860950406313748,"State"
2793,20230725,"NY021022039A",0.70013042169682,"State"
2794,20230725,"NY029022136A",0.962579005450958,"State"
2795,20230725,"NY029022543A",0.968999765909775,"State"
2796,20230725,"NY029025950B",0.963682573654817,"State"
2797,20230725,"NY029026395B",0.963147510283249,"State"
2798,20230725,"NY029026395C",0.856770223723372,"State"
2799,20230725,"NY029028410A",0.964284519947831,"State"
2800,20230725,"NY031022187A",0.874159783299335,"State"
2801,20230725,"NY033029939A",0.971307226699662,"State"
2802,20230725,"NY045025984B",0.943985553288968,"State"
2803,20230725,"NY051024384A",0.94244724609571,"State"
2804,20230725,"NY055026794A",0.887001304216968,"State"
2805,20230725,"NY059026620A",0.645487074875431,"State"
2806,20230725,"NY059026778A",0.641741631274454,"State"
2807,20230725,"NY065021377A",0.855031267765776,"State"
2808,20230725,"NY065029076A",0.977126040865465,"State"
2809,20230725,"NY083087971A",0.949068655318864,"State"
2810,20230725,"NY089020818A",0.830819650202321,"State"
2811,20230725,"NY089029831A",0.636390997558773,"State"
2812,20230725,"NY103065358A",0.731799485001505,"State"
2813,20230726,"NY007027669A",0.911747985151991,"State"
2814,20230726,"NY013106895A",0.967528341637963,"State"
2815,20230726,"NY015035742A",0.929605725178076,"State"
2816,20230726,"NY015036986A",0.845065712470321,"State"
2817,20230726,"NY017021423A",0.818847607263485,"State"
2818,20230726,"NY019022195A",0.962779654215296,"State"
2819,20230726,"NY019026018A",0.621476106076313,"State"
2820,20230726,"NY025027154A",0.951208908805137,"State"
2821,20230726,"NY025029271A",0.662910075912116,"State"
2822,20230726,"NY029028436A",0.960539076346855,"State"
2823,20230726,"NY031021733A",0.961174464100592,"State"
2824,20230726,"NY033029939A",0.960405310503963,"State"
2825,20230726,"NY051024449A",0.792662943517373,"State"
2826,20230726,"NY055028231A",0.896632444905193,"State"
2827,20230726,"NY059026859A",0.661806507708257,"State"
2828,20230726,"NY075029106A",0.852523158211551,"State"
2829,20230726,"NY083087971A",0.880045480386583,"State"
2830,20230726,"NY103080683A",0.721098217570143,"State"
2831,20230726,"NY109026638A",0.927164498545296,"State"
2832,20230727,"NY001025739A",0.550212353275591,"State"
2833,20230727,"NY007024414B",0.883556833762499,"State"
2834,20230727,"NY007024414C",0.667725646256228,"State"
2835,20230727,"NY011021903A",0.9539176671237,"State"
2836,20230727,"NY023027561A",0.962879978597465,"State"
2837,20230727,"NY025026531A",0.897067183894593,"State"
2838,20230727,"NY029095401A",0.913152526502358,"State"
2839,20230727,"NY035026042A",0.533190649767582,"State"
2840,20230727,"NY055021610A",0.938835568337625,"State"
2841,20230727,"NY059026778A",0.837842356954152,"State"
2842,20230727,"NY059026841A",0.724408922181721,"State"
2843,20230727,"NY063027979A",0.749824432331204,"State"
2844,20230727,"NY069023531A",0.934722268668695,"State"
2845,20230727,"NY077031151A",0.930408320235428,"State"
2846,20230727,"NY089029831A",0.864127345082433,"State"
2847,20230727,"NY093020516A",0.832959903688593,"State"
2848,20230727,"NY097271942A",0.930809617764104,"State"
2849,20230727,"NY099033308A",0.959201417917935,"State"
2850,20230727,"NY101023906A",0.803063237802227,"State"
2851,20230728,"NY029027693A",0.90850416346186,"State"
2852,20230728,"NY045025984A",0.922449252583353,"State"
2853,20230730,"NY055028339A",0.951810855098151,"State"
2854,20230730,"NY067027081A",0.957395579038892,"State"
2855,20230730,"NY067027596A",0.963816339497709,"State"
2856,20230730,"NY067027618A",0.806173293649467,"State"
2857,20230730,"NY067027723A",0.972477677824967,"State"
2858,20230730,"NY067030317A",0.953650135437916,"State"
2859,20230730,"NY067030571A",0.979032204126676,"State"
2860,20230731,"NY001026867A",0.92107815269371,"State"
2861,20230731,"NY013027961A",0.924388857305287,"State"
2862,20230731,"NY045025984A",0.893087650068555,"State"
2863,20230731,"NY059026450A",0.868474734976424,"State"
2864,20230731,"NY059026859A",0.964618934555061,"State"
2865,20230731,"NY063026336A",0.884927933652142,"State"
2866,20230731,"NY063027057A",0.891449018493128,"State"
2867,20230731,"NY063027766A",0.918503160218038,"State"
2868,20230731,"NY065025780B",0.906096378289804,"State"
2869,20230731,"NY065030864A",0.821188509514096,"State"
2870,20230731,"NY113029050A",0.923184964719259,"State"
2871,20230801,"NY007024414C",0.957663110724676,"State"
2872,20230801,"NY019025097A",0.888405845567334,"State"
2873,20230801,"NY029022543A",0.964819583319399,"State"
2874,20230801,"NY029025950B",0.96070628365047,"State"
2875,20230801,"NY029026395B",0.922449252583353,"State"
2876,20230801,"NY029026395C",0.894893488947597,"State"
2877,20230801,"NY029028410A",0.953717018359362,"State"
2878,20230801,"NY029028436A",0.96883255860616,"State"
2879,20230801,"NY029095401A",0.972210146139183,"State"
2880,20230801,"NY031022187A",0.776577600909608,"State"
2881,20230801,"NY033029939A",0.929772932481691,"State"
2882,20230801,"NY051030635A",0.937397585526536,"State"
2883,20230801,"NY055021610A",0.921713540447447,"State"
2884,20230801,"NY057020290A",0.848710831689128,"State"
2885,20230801,"NY059026778A",0.887201952981306,"State"
2886,20230801,"NY059026999A",0.933652141925559,"State"
2887,20230801,"NY063027774A",0.95324883790924,"State"
2888,20230801,"NY067025461A",0.976457211651005,"State"
2889,20230801,"NY069025968A",0.935926161254724,"State"
2890,20230801,"NY075029106A",0.91295187773802,"State"
2891,20230801,"NY083087971A",0.870481222619804,"State"
2892,20230801,"NY089029831A",0.935558305186771,"State"
2893,20230801,"NY099022365A",0.897067183894593,"State"
2894,20230801,"NY101021431A",0.738922516135505,"State"
2895,20230801,"NY101023906A",0.966692305119888,"State"
2896,20230801,"NY101025712A",0.943550814299569,"State"
2897,20230801,"NY103065358A",0.970705280406648,"State"
2898,20230801,"NY103079324A",0.934956358893757,"State"
2899,20230801,"NY103104809A",0.782730829682641,"State"
2900,20230801,"NY103206644A",0.862254623281945,"State"
2901,20230801,"NY109026638A",0.959301742300104,"State"
2902,20230801,"NY117029475A",0.907233387954386,"State"
2903,20230802,"NY001022225A",0.852121860682875,"State"
2904,20230802,"NY007027669A",0.937598234290874,"State"
2905,20230802,"NY025027154A",0.87355783700632,"State"
2906,20230802,"NY025029271A",0.751496505367354,"State"
2907,20230802,"NY031021733A",0.705949235862622,"State"
2908,20230802,"NY031036706A",0.948232618800789,"State"
2909,20230802,"NY033029939A",0.892050964786142,"State"
2910,20230802,"NY041026484A",0.936728756312076,"State"
2911,20230802,"NY051024449A",0.961609203089991,"State"
2912,20230802,"NY055026794A",0.894559074340367,"State"
2913,20230802,"NY055028231A",0.695916797645721,"State"
2914,20230802,"NY059026450A",0.706484299234191,"State"
2915,20230802,"NY059026859A",0.905594756378959,"State"
2916,20230802,"NY063026336A",0.755777012339899,"State"
2917,20230802,"NY075026301A",0.761395177741364,"State"
2918,20230802,"NY075029106A",0.939437514630639,"State"
2919,20230802,"NY089031194A",0.744975420526369,"State"
2920,20230802,"NY091028240A",0.904357422332208,"State"
2921,20230802,"NY103020061A",0.740728355014547,"State"
2922,20230802,"NY103076988A",0.832391398856302,"State"
2923,20230802,"NY103080683A",0.895562318162057,"State"
2924,20230802,"NY107029262A",0.7695883356185,"State"
2925,20230802,"NY109026638A",0.961207905561315,"State"
2926,20230802,"NY115183695A",0.958666354546367,"State"
2927,20230802,"NY119026701A",0.97762766277631,"State"
2928,20230802,"NY123029726A",0.834698859646189,"State"
2929,20230803,"NY001025739A",0.64592181386483,"State"
2930,20230803,"NY009027162A",0.88445975320202,"State"
2931,20230803,"NY011021903A",0.872588034645353,"State"
2932,20230803,"NY023027561A",0.954887469484667,"State"
2933,20230803,"NY029022136A",0.9576965521854,"State"
2934,20230803,"NY029032093A",0.750794234692171,"State"
2935,20230803,"NY035026042A",0.933418051700498,"State"
2936,20230803,"NY045025984A",0.958900444771428,"State"
2937,20230803,"NY055021610A",0.935023241815202,"State"
2938,20230803,"NY057020290A",0.575594421964351,"State"
2939,20230803,"NY059021822A",0.937196936762198,"State"
2940,20230803,"NY059026620A",0.668762331538642,"State"
2941,20230803,"NY059026778A",0.940306992609437,"State"
2942,20230803,"NY059026999A",0.967260809952179,"State"
2943,20230803,"NY065020494A",0.71905828846604,"State"
2944,20230803,"NY065025780B",0.934421295522188,"State"
2945,20230803,"NY069023531A",0.932448249339531,"State"
2946,20230803,"NY077031151A",0.928100859445541,"State"
2947,20230803,"NY089020818A",0.77537370832358,"State"
2948,20230803,"NY089029831A",0.974818580075578,"State"
2949,20230803,"NY093020516A",0.86309065980002,"State"
2950,20230803,"NY097271942A",0.942647894860048,"State"
2951,20230803,"NY099033308A",0.910109353576564,"State"
2952,20230803,"NY101025712A",0.958666354546367,"State"
2953,20230803,"NY109020958A",0.924622947530348,"State"
2954,20230803,"NY113029050A",0.964819583319399,"State"
2955,20230803,"NY117027171A",0.952412801391165,"State"
2956,20230806,"NY045025984A",0.72618131960004,"State"
2957,20230806,"NY067027596A",0.961508878707822,"State"
2958,20230806,"NY067027618A",0.963548807811925,"State"
2959,20230806,"NY067027723A",0.931913185967963,"State"
2960,20230806,"NY067030317A",0.914322977627663,"State"
2961,20230806,"NY067030571A",0.956793632745878,"State"
2962,20230806,"NY119026697A",0.951409557569475,"State"
2963,20230806,"NY119026701A",0.960840049493362,"State"
2964,20230806,"NY119026719A",0.937531351369428,"State"
2965,20230806,"NY119100803A",0.937631675751597,"State"
2966,20230806,"NY119108324A",0.978898438283784,"State"
2967,20230807,"NY001025739A",0.946861518911146,"State"
2968,20230807,"NY023027561A",0.919205430893221,"State"
2969,20230807,"NY027026255A",0.93522389057954,"State"
2970,20230807,"NY031021733A",0.943818345985353,"State"
2971,20230807,"NY033029939A",0.961575761629268,"State"
2972,20230807,"NY059026859A",0.801391164766077,"State"
2973,20230807,"NY063022331A",0.958733237467813,"State"
2974,20230807,"NY063026336A",0.942647894860048,"State"
2975,20230807,"NY063027057A",0.643681235996388,"State"
2976,20230807,"NY063027766A",0.963448483429756,"State"
2977,20230807,"NY065030864A",0.954553054877437,"State"
2978,20230807,"NY087031895A",0.967662107480855,"State"
2979,20230807,"NY089020117A",0.882988328930208,"State"
2980,20230807,"NY089031194A",0.927131057084573,"State"
2981,20230807,"NY091028240A",0.969601712202789,"State"
2982,20230807,"NY103104809A",0.850483229107447,"State"
2983,20230808,"NY007024414B",0.945992040932348,"State"
2984,20230808,"NY007027669A",0.97394910209678,"State"
2985,20230808,"NY009027162A",0.782864595525533,"State"
2986,20230808,"NY011021903A",0.931511888439287,"State"
2987,20230808,"NY013027570A",0.867170518008227,"State"
2988,20230808,"NY019023949A",0.908203190315353,"State"
2989,20230808,"NY029022136A",0.96983580242785,"State"
2990,20230808,"NY029025950B",0.975253319064977,"State"
2991,20230808,"NY029026395B",0.959502391064442,"State"
2992,20230808,"NY029026395C",0.950339430826339,"State"
2993,20230808,"NY029028436A",0.926930408320235,"State"
2994,20230808,"NY029095401A",0.692873624719928,"State"
2995,20230808,"NY031022187A",0.972143263217737,"State"
2996,20230808,"NY041026484A",0.879543858475738,"State"
2997,20230808,"NY051024384A",0.975788382436545,"State"
2998,20230808,"NY051030635A",0.969534829281343,"State"
2999,20230808,"NY055021610A",0.976992275022573,"State"
3000,20230808,"NY063027774A",0.960906932414808,"State"
3001,20230808,"NY065030864A",0.794167809249908,"State"
3002,20230808,"NY067025461A",0.93221415911447,"State"
3003,20230808,"NY071023680A",0.959101093535766,"State"
3004,20230808,"NY071024422A",0.979333177273183,"State"
3005,20230808,"NY071026328A",0.963013744440357,"State"
3006,20230808,"NY071027901A",0.958766678928536,"State"
3007,20230808,"NY075029106A",0.973347155803766,"State"
3008,20230808,"NY075029114A",0.878875029261278,"State"
3009,20230808,"NY087022748A",0.91729926763201,"State"
3010,20230808,"NY087026051A",0.953884225662977,"State"
3011,20230808,"NY089020818A",0.80921646657526,"State"
3012,20230808,"NY101021431A",0.98097180884861,"State"
3013,20230808,"NY101023906A",0.9040564491857,"State"
3014,20230808,"NY101025712A",0.928033976524095,"State"
3015,20230808,"NY103021750A",0.771561381801157,"State"
3016,20230808,"NY103104809A",0.65060361836605,"State"
3017,20230808,"NY105030716A",0.959167976457212,"State"
3018,20230808,"NY105030724A",0.770223723372237,"State"
3019,20230808,"NY109026638A",0.977594221315587,"State"
3020,20230808,"NY121021504A",0.932147276193024,"State"
3021,20230809,"NY001022225A",0.980771160084272,"State"
3022,20230809,"NY013027961A",0.941377119352573,"State"
3023,20230809,"NY013106895A",0.970705280406648,"State"
3024,20230809,"NY015035742A",0.964150754104939,"State"
3025,20230809,"NY015036986A",0.982677323345484,"State"
3026,20230809,"NY017021423A",0.941377119352573,"State"
3027,20230809,"NY019022195A",0.92887001304217,"State"
3028,20230809,"NY027026255A",0.97495234591847,"State"
3029,20230809,"NY027026271A",0.933585259004113,"State"
3030,20230809,"NY031021733A",0.981373106377287,"State"
3031,20230809,"NY043036528A",0.922047955054677,"State"
3032,20230809,"NY045025151A",0.807745042303448,"State"
3033,20230809,"NY045025984A",0.870782195766311,"State"
3034,20230809,"NY045025984B",0.82924790154834,"State"
3035,20230809,"NY051024449A",0.9040564491857,"State"
3036,20230809,"NY055028231A",0.590977493896933,"State"
3037,20230809,"NY063030651A",0.677590877169515,"State"
3038,20230809,"NY071026310A",0.961642644550714,"State"
3039,20230809,"NY071026522A",0.962579005450958,"State"
3040,20230809,"NY075026301A",0.971875731531953,"State"
3041,20230809,"NY075029106A",0.950673845433569,"State"
3042,20230809,"NY079031356A",0.976457211651005,"State"
3043,20230809,"NY083087971A",0.915326221449353,"State"
3044,20230809,"NY087270598A",0.805002842524161,"State"
3045,20230809,"NY089020117A",0.965254322308798,"State"
3046,20230809,"NY089020818A",0.958465705782029,"State"
3047,20230809,"NY089031194A",0.969267297595559,"State"
3048,20230809,"NY091028240A",0.619402735511487,"State"
3049,20230809,"NY095024201A",0.967762431863024,"State"
3050,20230809,"NY109026638A",0.929806373942414,"State"
3051,20230809,"NY111029351A",0.979400060194629,"State"
3052,20230809,"NY111031208A",0.964016988262047,"State"
3053,20230809,"NY119026689A",0.972042938835568,"State"
3054,20230809,"NY119026719A",0.9040564491857,"State"
3055,20230809,"NY119026786A",0.957094605892385,"State"
3056,20230809,"NY119100803A",0.979834799184028,"State"
3057,20230809,"NY119108324A",0.946058923853794,"State"
3058,20230809,"NY123029726A",0.597933317727318,"State"
3059,20230810,"NY007024414B",0.944286526435475,"State"
3060,20230810,"NY007024414C",0.96438484433,"State"
3061,20230810,"NY009027162A",0.970103334113634,"State"
3062,20230810,"NY011021903A",0.880145804768752,"State"
3063,20230810,"NY023027561A",0.954452730495268,"State"
3064,20230810,"NY025026531A",0.834096913353175,"State"
3065,20230810,"NY027060976A",0.975420526368592,"State"
3066,20230810,"NY029032093A",0.857037755409156,"State"
3067,20230810,"NY035026042A",0.837140086278969,"State"
3068,20230810,"NY051032328A",0.969434504899174,"State"
3069,20230810,"NY055021610A",0.981005250309333,"State"
3070,20230810,"NY057020290A",0.73531083837742,"State"
3071,20230810,"NY059026620A",0.945356653178611,"State"
3072,20230810,"NY059026999A",0.68755643246497,"State"
3073,20230810,"NY065025780B",0.92141256730094,"State"
3074,20230810,"NY065025780C",0.962612446911681,"State"
3075,20230810,"NY069023531A",0.933819349229174,"State"
3076,20230810,"NY077031151A",0.950941377119353,"State"
3077,20230810,"NY089236586A",0.954486171955991,"State"
3078,20230810,"NY093020516A",0.932147276193024,"State"
3079,20230810,"NY097271942A",0.928502156974217,"State"
3080,20230810,"NY099033308A",0.809718088486105,"State"
3081,20230810,"NY101021431A",0.904959368625222,"State"
3082,20230810,"NY101025712A",0.866334481490151,"State"
3083,20230810,"NY113029050A",0.968631909841822,"State"
3084,20230810,"NY115183695A",0.971541316924723,"State"
3085,20230810,"NY117027171A",0.965889710062536,"State"
3086,20230813,"NY055028339A",0.978396816372939,"State"
3087,20230813,"NY067027596A",0.950406313747785,"State"
3088,20230813,"NY067027618A",0.9325485737217,"State"
3089,20230813,"NY067027723A",0.972042938835568,"State"
3090,20230813,"NY067030317A",0.947262816439822,"State"
3091,20230813,"NY067030571A",0.979132528508845,"State"
3092,20230813,"NY119026697A",0.964618934555061,"State"
3093,20230813,"NY119026719A",0.92174698190817,"State"
3094,20230813,"NY119026786A",0.974684814232686,"State"
3095,20230813,"NY119100803A",0.974350399625456,"State"
3096,20230813,"NY119108324A",0.705113199344547,"State"
3097,20230814,"NY013027961A",0.959335183760827,"State"
3098,20230814,"NY019026018A",0.895629201083503,"State"
3099,20230814,"NY027026255A",0.95759622780323,"State"
3100,20230814,"NY029022136A",0.961809851854329,"State"
3101,20230814,"NY029022543A",0.974985787379193,"State"
3102,20230814,"NY029028436A",0.919138547971775,"State"
3103,20230814,"NY029095401A",0.949369628465371,"State"
3104,20230814,"NY035026042A",0.819115138949269,"State"
3105,20230814,"NY039033545A",0.969635153663512,"State"
3106,20230814,"NY043036528A",0.914791158077785,"State"
3107,20230814,"NY059026450A",0.971273785238939,"State"
3108,20230814,"NY059026859A",0.988195164364779,"State"
3109,20230814,"NY063027057A",0.882653914322978,"State"
3110,20230814,"NY063027766A",0.782128883389626,"State"
3111,20230814,"NY065025780C",0.802327525666321,"State"
3112,20230814,"NY065030864A",0.649466608701468,"State"
3113,20230814,"NY087031895A",0.981005250309333,"State"
3114,20230814,"NY103020061A",0.986623415710798,"State"
3115,20230814,"NY121021504A",0.757750058522556,"State"
3116,20230815,"NY007024414B",0.959736481289503,"State"
3117,20230815,"NY007024414C",0.886600006688292,"State"
3118,20230815,"NY009027162A",0.913185967963081,"State"
3119,20230815,"NY011021903A",0.955857271845634,"State"
3120,20230815,"NY013027570A",0.805203491288499,"State"
3121,20230815,"NY019025097A",0.835334247399926,"State"
3122,20230815,"NY027149209A",0.905460990536067,"State"
3123,20230815,"NY029025950B",0.96682607096278,"State"
3124,20230815,"NY029026395B",0.943918670367522,"State"
3125,20230815,"NY029026395C",0.893723037822292,"State"
3126,20230815,"NY031022187A",0.932849546868207,"State"
3127,20230815,"NY045025984B",0.944018994749691,"State"
3128,20230815,"NY051024384A",0.788248670701936,"State"
3129,20230815,"NY053021539A",0.967963080627362,"State"
3130,20230815,"NY055026794A",0.889241882085409,"State"
3131,20230815,"NY055028339A",0.959134534996489,"State"
3132,20230815,"NY057020290A",0.975721499515099,"State"
3133,20230815,"NY059026778A",0.989700030097315,"State"
3134,20230815,"NY059026841A",0.961609203089991,"State"
3135,20230815,"NY065021377A",0.927064174163127,"State"
3136,20230815,"NY065029076A",0.922649901347691,"State"
3137,20230815,"NY071023680A",0.952646891616226,"State"
3138,20230815,"NY071026310A",0.963816339497709,"State"
3139,20230815,"NY071026328A",0.97963415041969,"State"
3140,20230815,"NY071027901A",0.963582249272648,"State"
3141,20230815,"NY071031518A",0.97796207738354,"State"
3142,20230815,"NY075029114A",0.777814934956359,"State"
3143,20230815,"NY079022721A",0.963448483429756,"State"
3144,20230815,"NY087022748A",0.879610741397184,"State"
3145,20230815,"NY089020818A",0.875865297796208,"State"
3146,20230815,"NY089029831A",0.966658863659165,"State"
3147,20230815,"NY089236586A",0.962612446911681,"State"
3148,20230815,"NY101021431A",0.720864127345082,"State"
3149,20230815,"NY101023906A",0.950941377119353,"State"
3150,20230815,"NY101025712A",0.957897200949738,"State"
3151,20230815,"NY103024881A",0.89492693040832,"State"
3152,20230815,"NY103065358A",0.972912416814366,"State"
3153,20230815,"NY103079324A",0.86720395946895,"State"
3154,20230815,"NY103104809A",0.962244590843728,"State"
3155,20230815,"NY103206644A",0.971140019396047,"State"
3156,20230815,"NY105030074A",0.945089121492827,"State"
3157,20230815,"NY109020958A",0.965153997926629,"State"
3158,20230815,"NY109026638A",0.936461224626292,"State"
3159,20230815,"NY113094366A",0.949068655318864,"State"
3160,20230815,"NY117029475A",0.918837574825268,"State"
3161,20230816,"NY007027669A",0.973079624117981,"State"
3162,20230816,"NY015035742A",0.933652141925559,"State"
3163,20230816,"NY015036986A",0.604688492793365,"State"
3164,20230816,"NY017021423A",0.970939370631709,"State"
3165,20230816,"NY019022195A",0.775106176637796,"State"
3166,20230816,"NY019026018A",0.838544627629335,"State"
3167,20230816,"NY025027154A",0.959736481289503,"State"
3168,20230816,"NY025029271A",0.898806139852189,"State"
3169,20230816,"NY027026271A",0.940607965755944,"State"
3170,20230816,"NY031022969A",0.76213088987727,"State"
3171,20230816,"NY041026484A",0.933785907768451,"State"
3172,20230816,"NY045025151A",0.646323111393506,"State"
3173,20230816,"NY055026794A",0.737952713774538,"State"
3174,20230816,"NY059023523A",0.947764438350667,"State"
3175,20230816,"NY059026450A",0.886867538374076,"State"
3176,20230816,"NY065022110A",0.809918737250443,"State"
3177,20230816,"NY065036790A",0.903989566264254,"State"
3178,20230816,"NY071026310A",0.979801357723305,"State"
3179,20230816,"NY071026522A",0.906932414807879,"State"
3180,20230816,"NY071030490A",0.963916663879878,"State"
3181,20230816,"NY075029106A",0.845734541684781,"State"
3182,20230816,"NY075029114A",0.770023074607899,"State"
3183,20230816,"NY079031356A",0.974885462997024,"State"
3184,20230816,"NY083087971A",0.902083403003043,"State"
3185,20230816,"NY087026051A",0.968631909841822,"State"
3186,20230816,"NY087028533A",0.971574758385446,"State"
3187,20230816,"NY087270598A",0.967862756245193,"State"
3188,20230816,"NY089020117A",0.883055211851654,"State"
3189,20230816,"NY091028240A",0.866468247333044,"State"
3190,20230816,"NY095024201A",0.887402601745644,"State"
3191,20230816,"NY103020061A",0.924656388991071,"State"
3192,20230816,"NY103021750A",0.947931645654282,"State"
3193,20230816,"NY103076988A",0.887737016352874,"State"
3194,20230816,"NY103080683A",0.719827442062669,"State"
3195,20230816,"NY105022454A",0.975420526368592,"State"
3196,20230816,"NY107029262A",0.773701635287429,"State"
3197,20230816,"NY109026638A",0.908270073236799,"State"
3198,20230816,"NY111029351A",0.972042938835568,"State"
3199,20230816,"NY111030082A",0.966759188041334,"State"
3200,20230816,"NY119026689A",0.971675082767615,"State"
3201,20230816,"NY119026697A",0.944855031267766,"State"
3202,20230816,"NY119026701A",0.979868240644751,"State"
3203,20230816,"NY119026786A",0.902785673678226,"State"
3204,20230816,"NY123029726A",0.82714108952279,"State"
3205,20230817,"NY007024414B",0.816439822091429,"State"
3206,20230817,"NY007024414C",0.970370865799418,"State"
3207,20230817,"NY009027162A",0.966090358826874,"State"
3208,20230817,"NY013106895A",0.952713774537672,"State"
3209,20230817,"NY023027561A",0.744908537604923,"State"
3210,20230817,"NY025020265A",0.971307226699662,"State"
3211,20230817,"NY027025976A",0.976189679965221,"State"
3212,20230817,"NY029032093A",0.952747215998395,"State"
3213,20230817,"NY045025984A",0.938935892719794,"State"
3214,20230817,"NY051032328A",0.637160151155402,"State"
3215,20230817,"NY055021610A",0.948165735879343,"State"
3216,20230817,"NY059021822A",0.934588502825803,"State"
3217,20230817,"NY059026620A",0.945156004414273,"State"
3218,20230817,"NY059026841A",0.882352941176471,"State"
3219,20230817,"NY059026999A",0.913721031334649,"State"
3220,20230817,"NY069023531A",0.685516503360867,"State"
3221,20230817,"NY071031518A",0.967862756245193,"State"
3222,20230817,"NY089020818A",0.929772932481691,"State"
3223,20230817,"NY089029831A",0.9681637293917,"State"
3224,20230817,"NY099033308A",0.940641407216667,"State"
3225,20230817,"NY101021431A",0.974049426478949,"State"
3226,20230817,"NY101023906A",0.947664113968498,"State"
3227,20230817,"NY101025712A",0.926830083938066,"State"
3228,20230817,"NY103021750A",0.966859512423503,"State"
3229,20230817,"NY103104809A",0.971206902317493,"State"
3230,20230817,"NY105024520A",0.948399826104404,"State"
3231,20230817,"NY113029050A",0.946359897000301,"State"
3232,20230817,"NY117027171A",0.899809383673879,"State"
3233,20230818,"NY083026034A",0.985787379192723,"State"
3234,20230820,"NY055028339A",0.916362906731766,"State"
3235,20230820,"NY067027081A",0.952212152626827,"State"
3236,20230820,"NY067027596A",0.955756947463465,"State"
3237,20230820,"NY119026689A",0.858007557770123,"State"
3238,20230820,"NY119026697A",0.957663110724676,"State"
3239,20230820,"NY119026701A",0.954887469484667,"State"
3240,20230820,"NY119026719A",0.984550045145972,"State"
3241,20230820,"NY119026786A",0.97495234591847,"State"
3242,20230820,"NY119100803A",0.966391331973381,"State"
3243,20230820,"NY119108324A",0.983112062334883,"State"
3244,20230821,"NY001026875A",0.961074139718423,"State"
3245,20230821,"NY013027961A",0.782597063839748,"State"
3246,20230821,"NY019026018A",0.954686820720329,"State"
3247,20230821,"NY027026255A",0.976992275022573,"State"
3248,20230821,"NY029028436A",0.914423302009832,"State"
3249,20230821,"NY031021733A",0.925726515734207,"State"
3250,20230821,"NY039033545A",0.704377487208641,"State"
3251,20230821,"NY043036528A",0.95592415476708,"State"
3252,20230821,"NY045025984A",0.959970571514564,"State"
3253,20230821,"NY045025984B",0.95090793565863,"State"
3254,20230821,"NY055028231A",0.639701702170351,"State"
3255,20230821,"NY059026450A",0.966391331973381,"State"
3256,20230821,"NY059026859A",0.985285757281878,"State"
3257,20230821,"NY063022331A",0.959402066682273,"State"
3258,20230821,"NY063026336A",0.96615724174832,"State"
3259,20230821,"NY063027057A",0.93833394642678,"State"
3260,20230821,"NY063027766A",0.977594221315587,"State"
3261,20230821,"NY063027979A",0.964786141858676,"State"
3262,20230821,"NY065025780B",0.838210213022105,"State"
3263,20230821,"NY065025780C",0.892853559843494,"State"
3264,20230821,"NY087031895A",0.973347155803766,"State"
3265,20230821,"NY089020117A",0.833060228070762,"State"
3266,20230821,"NY089031194A",0.965990034444705,"State"
3267,20230821,"NY091028240A",0.974885462997024,"State"
3268,20230821,"NY103020061A",0.96271277129385,"State"
3269,20230821,"NY113029050A",0.918469718757315,"State"
3270,20230822,"NY007024414B",0.970905929170986,"State"
3271,20230822,"NY007024414C",0.972544560746413,"State"
3272,20230822,"NY007027669A",0.965454971073136,"State"
3273,20230822,"NY011021903A",0.937732000133766,"State"
3274,20230822,"NY013027570A",0.812359963883222,"State"
3275,20230822,"NY019025097A",0.974818580075578,"State"
3276,20230822,"NY027149209A",0.927164498545296,"State"
3277,20230822,"NY029022136A",0.906564558739926,"State"
3278,20230822,"NY029025950B",0.962478681068789,"State"
3279,20230822,"NY029026395B",0.969601712202789,"State"
3280,20230822,"NY029026395C",0.947831321272113,"State"
3281,20230822,"NY029028410A",0.975922148279437,"State"
3282,20230822,"NY031022187A",0.97294585827509,"State"
3283,20230822,"NY051024384A",0.73330435073404,"State"
3284,20230822,"NY051030635A",0.959803364210949,"State"
3285,20230822,"NY053021539A",0.981105574691503,"State"
3286,20230822,"NY053028525A",0.974551048389794,"State"
3287,20230822,"NY055026794A",0.881383138815503,"State"
3288,20230822,"NY055028339A",0.960338427582517,"State"
3289,20230822,"NY057020290A",0.952479684312611,"State"
3290,20230822,"NY059023523A",0.982911413570545,"State"
3291,20230822,"NY059026778A",0.983680567167174,"State"
3292,20230822,"NY059026841A",0.959937130053841,"State"
3293,20230822,"NY059026999A",0.985854262114169,"State"
3294,20230822,"NY063027774A",0.973915660636057,"State"
3295,20230822,"NY065021377A",0.976356887268836,"State"
3296,20230822,"NY065030864A",0.737451091863693,"State"
3297,20230822,"NY067025461A",0.887937665117212,"State"
3298,20230822,"NY069025968A",0.914791158077785,"State"
3299,20230822,"NY071024422A",0.949035213858141,"State"
3300,20230822,"NY071026310A",0.812961910176237,"State"
3301,20230822,"NY071026328A",0.942079390027756,"State"
3302,20230822,"NY071027901A",0.980202655251981,"State"
3303,20230822,"NY071031518A",0.867906230144133,"State"
3304,20230822,"NY075029106A",0.968799117145437,"State"
3305,20230822,"NY075029114A",0.96070628365047,"State"
3306,20230822,"NY087026051A",0.618131960004013,"State"
3307,20230822,"NY089020818A",0.97294585827509,"State"
3308,20230822,"NY099022365A",0.971675082767615,"State"
3309,20230822,"NY101021431A",0.947864762732836,"State"
3310,20230822,"NY101023906A",0.969969568270742,"State"
3311,20230822,"NY103024881A",0.976423770190282,"State"
3312,20230822,"NY103065358A",0.933719024847005,"State"
3313,20230822,"NY103079324A",0.98063739424138,"State"
3314,20230822,"NY103104809A",0.959502391064442,"State"
3315,20230822,"NY103206644A",0.936360900244123,"State"
3316,20230822,"NY105030074A",0.900511654349062,"State"
3317,20230822,"NY105030724A",0.968197170852423,"State"
3318,20230822,"NY109020958A",0.897936661873391,"State"
3319,20230822,"NY109026638A",0.967127044109287,"State"
3320,20230822,"NY111029351A",0.932247600575193,"State"
3321,20230822,"NY121021504A",0.947028726214761,"State"
3322,20230823,"NY001022225A",0.979266294351737,"State"
3323,20230823,"NY007024414B",0.976156238504498,"State"
3324,20230823,"NY013027961A",0.831555362338227,"State"
3325,20230823,"NY013106895A",0.888740260174564,"State"
3326,20230823,"NY015035742A",0.952947864762733,"State"
3327,20230823,"NY019022195A",0.902952880981841,"State"
3328,20230823,"NY019026018A",0.853091663043842,"State"
3329,20230823,"NY025029271A",0.964251078487108,"State"
3330,20230823,"NY027026271A",0.966725746580611,"State"
3331,20230823,"NY027060976A",0.967762431863024,"State"
3332,20230823,"NY031021733A",0.957495903421061,"State"
3333,20230823,"NY043036528A",0.807343744774772,"State"
3334,20230823,"NY045025151A",0.891850316021804,"State"
3335,20230823,"NY051024449A",0.967361134334348,"State"
3336,20230823,"NY055026794A",0.981607196602348,"State"
3337,20230823,"NY055028231A",0.880078921847306,"State"
3338,20230823,"NY059026450A",0.974417282546902,"State"
3339,20230823,"NY059026859A",0.976156238504498,"State"
3340,20230823,"NY065036790A",0.812761261411898,"State"
3341,20230823,"NY071026310A",0.66117111995452,"State"
3342,20230823,"NY071026522A",0.791592816774237,"State"
3343,20230823,"NY075026301A",0.955556298699127,"State"
3344,20230823,"NY075029114A",0.963916663879878,"State"
3345,20230823,"NY079031356A",0.970538073103033,"State"
3346,20230823,"NY087028533A",0.97896532120523,"State"
3347,20230823,"NY089020117A",0.681938267063505,"State"
3348,20230823,"NY089031194A",0.920844062468649,"State"
3349,20230823,"NY103076988A",0.980035447948366,"State"
3350,20230823,"NY103080683A",0.948667357790188,"State"
3351,20230823,"NY107029262A",0.949536835768986,"State"
3352,20230823,"NY109026638A",0.96505367354446,"State"
3353,20230823,"NY111029351A",0.622947530348126,"State"
3354,20230823,"NY111031208A",0.977126040865465,"State"
3355,20230823,"NY119026689A",0.978564023676554,"State"
3356,20230823,"NY119026701A",0.905327224693175,"State"
3357,20230823,"NY119100803A",0.97294585827509,"State"
3358,20230823,"NY119108324A",0.943015750928,"State"
3359,20230823,"NY123029726A",0.982811089188376,"State"
3360,20230824,"NY007024414C",0.971140019396047,"State"
3361,20230824,"NY009027162A",0.944152760592583,"State"
3362,20230824,"NY023027561A",0.873758485770659,"State"
3363,20230824,"NY025026531A",0.853091663043842,"State"
3364,20230824,"NY027025976A",0.97217670467846,"State"
3365,20230824,"NY029032093A",0.761829916730763,"State"
3366,20230824,"NY031022969A",0.954419289034545,"State"
3367,20230824,"NY033030376A",0.869778951944621,"State"
3368,20230824,"NY035026042A",0.969635153663512,"State"
3369,20230824,"NY051032328A",0.969768919506404,"State"
3370,20230824,"NY055021610A",0.921211918536602,"State"
3371,20230824,"NY057020290A",0.810721332307795,"State"
3372,20230824,"NY059021822A",0.987961074139718,"State"
3373,20230824,"NY059026620A",0.937732000133766,"State"
3374,20230824,"NY059026778A",0.96983580242785,"State"
3375,20230824,"NY059026841A",0.812794702872621,"State"
3376,20230824,"NY059026999A",0.97562117513293,"State"
3377,20230824,"NY069023531A",0.957897200949738,"State"
3378,20230824,"NY069025968A",0.944487175199813,"State"
3379,20230824,"NY071026328A",0.939905695080761,"State"
3380,20230824,"NY071026522A",0.973414038725211,"State"
3381,20230824,"NY071027901A",0.962311473765174,"State"
3382,20230824,"NY071031518A",0.928669364277832,"State"
3383,20230824,"NY087028533A",0.982175701434639,"State"
3384,20230824,"NY087031895A",0.974852021536301,"State"
3385,20230824,"NY089020818A",0.902016520081597,"State"
3386,20230824,"NY089236586A",0.877637695214527,"State"
3387,20230824,"NY101021431A",0.666488312209477,"State"
3388,20230824,"NY101023906A",0.977493896933418,"State"
3389,20230824,"NY103104809A",0.981506872220179,"State"
3390,20230824,"NY105024520A",0.92107815269371,"State"
3391,20230824,"NY113029050A",0.963147510283249,"State"
3392,20230824,"NY115183695A",0.980871484466441,"State"
3393,20230824,"NY117027171A",0.975821823897268,"State"
3394,20230825,"NY083026034A",0.988897435039963,"State"
3395,20230827,"NY063026336A",0.946192689696686,"State"
3396,20230827,"NY063027766A",0.871049727452095,"State"
3397,20230827,"NY067027081A",0.948098852957897,"State"
3398,20230827,"NY067027596A",0.974116309400395,"State"
3399,20230827,"NY067027618A",0.960505634886132,"State"
3400,20230827,"NY067027723A",0.955389091395512,"State"
3401,20230827,"NY067030317A",0.950974818580076,"State"
3402,20230827,"NY119026697A",0.971708524228338,"State"
3403,20230827,"NY119026719A",0.916362906731766,"State"
3404,20230827,"NY119100803A",0.911279804701869,"State"
3405,20230827,"NY119108324A",0.954619937798883,"State"
3406,20230828,"NY019026018A",0.961542320168545,"State"
3407,20230828,"NY023027561A",0.971708524228338,"State"
3408,20230828,"NY027026255A",0.965421529612413,"State"
3409,20230828,"NY029022136A",0.97217670467846,"State"
3410,20230828,"NY029022543A",0.962311473765174,"State"
3411,20230828,"NY029025950B",0.908403839079691,"State"
3412,20230828,"NY029026395B",0.769722101461392,"State"
3413,20230828,"NY029026395C",0.744607564458416,"State"
3414,20230828,"NY029028410A",0.928334949670602,"State"
3415,20230828,"NY029028436A",0.98030297963415,"State"
3416,20230828,"NY029095401A",0.971875731531953,"State"
3417,20230828,"NY055028231A",0.950740728355015,"State"
3418,20230828,"NY055028339A",0.975989031200883,"State"
3419,20230828,"NY059026450A",0.848777714610574,"State"
3420,20230828,"NY059026859A",0.947931645654282,"State"
3421,20230828,"NY063027057A",0.947931645654282,"State"
3422,20230828,"NY063027979A",0.912884994816574,"State"
3423,20230828,"NY065030864A",0.929772932481691,"State"
3424,20230828,"NY087031895A",0.956760191285155,"State"
3425,20230828,"NY089031194A",0.93900277564124,"State"
3426,20230828,"NY103020061A",0.956726749824432,"State"
3427,20230828,"NY113029050A",0.957362137578169,"State"
3428,20230829,"NY007024414B",0.85663645788048,"State"
3429,20230829,"NY009027162A",0.9467946359897,"State"
3430,20230829,"NY011021903A",0.943952111828245,"State"
3431,20230829,"NY013027570A",0.931077149449888,"State"
3432,20230829,"NY019025097A",0.891449018493128,"State"
3433,20230829,"NY029028436A",0.936728756312076,"State"
3434,20230829,"NY031022187A",0.966056917366151,"State"
3435,20230829,"NY051024449A",0.937130053840752,"State"
3436,20230829,"NY053021539A",0.960171220278902,"State"
3437,20230829,"NY053028525A",0.967695548941578,"State"
3438,20230829,"NY053029807A",0.934287529679296,"State"
3439,20230829,"NY055028339A",0.915125572685015,"State"
3440,20230829,"NY057020290A",0.970404307260141,"State"
3441,20230829,"NY059026999A",0.758987392569307,"State"
3442,20230829,"NY065021385A",0.943684580142461,"State"
3443,20230829,"NY065029076A",0.959569273985888,"State"
3444,20230829,"NY065030864A",0.972210146139183,"State"
3445,20230829,"NY067025461A",0.914456743470555,"State"
3446,20230829,"NY071023680A",0.971976055914122,"State"
3447,20230829,"NY071024422A",0.960505634886132,"State"
3448,20230829,"NY071026310A",0.948332943182958,"State"
3449,20230829,"NY071026328A",0.811022305454302,"State"
3450,20230829,"NY071027901A",0.980938367387888,"State"
3451,20230829,"NY071031518A",0.949536835768986,"State"
3452,20230829,"NY075029106A",0.968330936695315,"State"
3453,20230829,"NY075029114A",0.967394575795071,"State"
3454,20230829,"NY087022748A",0.984282513460188,"State"
3455,20230829,"NY089020818A",0.973781894793165,"State"
3456,20230829,"NY089029831A",0.949001772397418,"State"
3457,20230829,"NY093020516A",0.958666354546367,"State"
3458,20230829,"NY101021431A",0.979400060194629,"State"
3459,20230829,"NY101023906A",0.966190683209043,"State"
3460,20230829,"NY103065358A",0.733170584891148,"State"
3461,20230829,"NY103206644A",0.858408855298799,"State"
3462,20230829,"NY109020958A",0.854797177540715,"State"
3463,20230829,"NY109026638A",0.884292545898405,"State"
3464,20230829,"NY111029351A",0.950807611276461,"State"
3465,20230829,"NY117029475A",0.977159482326188,"State"
3466,20230830,"NY007027669A",0.964953349162291,"State"
3467,20230830,"NY013027961A",0.892418820854095,"State"
3468,20230830,"NY013106895A",0.962010500618667,"State"
3469,20230830,"NY015036986A",0.638999431495168,"State"
3470,20230830,"NY017021423A",0.935859278333278,"State"
3471,20230830,"NY019022195A",0.912483697287898,"State"
3472,20230830,"NY019026018A",0.640102999699027,"State"
3473,20230830,"NY025027154A",0.577233053539779,"State"
3474,20230830,"NY025029271A",0.981172457612949,"State"
3475,20230830,"NY027026255A",0.984382837842357,"State"
3476,20230830,"NY027026271A",0.928903454502893,"State"
3477,20230830,"NY029027693A",0.954987793866836,"State"
3478,20230830,"NY031021733A",0.794836638464368,"State"
3479,20230830,"NY031036706A",0.661371768718858,"State"
3480,20230830,"NY045025151A",0.636524763401665,"State"
3481,20230830,"NY045025984B",0.980369862555596,"State"
3482,20230830,"NY059023523A",0.763435106845467,"State"
3483,20230830,"NY059026859A",0.830953416045213,"State"
3484,20230830,"NY071026310A",0.941276794970404,"State"
3485,20230830,"NY071030490A",0.966190683209043,"State"
3486,20230830,"NY075029114A",0.745778015583721,"State"
3487,20230830,"NY079031356A",0.976858509179681,"State"
3488,20230830,"NY087028533A",0.95936862522155,"State"
3489,20230830,"NY087270598A",0.958064408253352,"State"
3490,20230830,"NY089031194A",0.947296257900545,"State"
3491,20230830,"NY103076988A",0.905394107614621,"State"
3492,20230830,"NY105022454A",0.915760960438752,"State"
3493,20230830,"NY107029262A",0.96950138782062,"State"
3494,20230830,"NY109026638A",0.976189679965221,"State"
3495,20230830,"NY111029351A",0.94134367789185,"State"
3496,20230830,"NY111030082A",0.942045948567033,"State"
3497,20230830,"NY111031208A",0.951275791726583,"State"
3498,20230830,"NY119026689A",0.962478681068789,"State"
3499,20230830,"NY119026697A",0.921145035615156,"State"
3500,20230830,"NY119026701A",0.868374410594255,"State"
3501,20230830,"NY119026719A",0.910778182791024,"State"
3502,20230830,"NY119026786A",0.972009497374845,"State"
3503,20230830,"NY119100803A",0.951777413637428,"State"
3504,20230830,"NY119108324A",0.960739725111193,"State"
3505,20230831,"NY007027669A",0.980670835702103,"State"
3506,20230831,"NY009027162A",0.975320201986423,"State"
3507,20230831,"NY025020265A",0.944587499581982,"State"
3508,20230831,"NY027025976A",0.947597231047052,"State"
3509,20230831,"NY033030376A",0.966324449051935,"State"
3510,20230831,"NY041026484A",0.980771160084272,"State"
3511,20230831,"NY051032328A",0.753101695482059,"State"
3512,20230831,"NY055021610A",0.972109821757014,"State"
3513,20230831,"NY059026778A",0.631541985753938,"State"
3514,20230831,"NY059026999A",0.972979299735812,"State"
3515,20230831,"NY069023531A",0.971407551081831,"State"
3516,20230831,"NY071023680A",0.979132528508845,"State"
3517,20230831,"NY071026522A",0.986690298632244,"State"
3518,20230831,"NY071027901A",0.967461458716517,"State"
3519,20230831,"NY071031518A",0.97284553389292,"State"
3520,20230831,"NY087028533A",0.982142259973916,"State"
3521,20230831,"NY087028851A",0.968565026920376,"State"
3522,20230831,"NY087031895A",0.856502692037588,"State"
3523,20230831,"NY089020818A",0.968297495234592,"State"
3524,20230831,"NY089236586A",0.976791626258235,"State"
3525,20230831,"NY097271942A",0.964150754104939,"State"
3526,20230831,"NY099033308A",0.941611209577634,"State"
3527,20230831,"NY101021431A",0.965153997926629,"State"
3528,20230831,"NY101023906A",0.976925392101127,"State"
3529,20230831,"NY103079324A",0.971374109621108,"State"
3530,20230831,"NY105024520A",0.893789920743738,"State"
3531,20230831,"NY113029050A",0.97829649199077,"State"
3532,20230831,"NY115183695A",0.823027789853861,"State"
3533,20230831,"NY117027171A",0.947630672507775,"State"
3534,20230903,"NY063022331A",0.784937966090359,"State"
3535,20230903,"NY063027979A",0.96037186904324,"State"
3536,20230903,"NY119026689A",0.953482928134301,"State"
3537,20230903,"NY119026719A",0.950540079590677,"State"
3538,20230903,"NY119100803A",0.901748988395813,"State"
3539,20230903,"NY119108324A",0.933919673611343,"State"
3540,20230904,"NY019026018A",0.883489950841053,"State"
3541,20230904,"NY029022136A",0.965421529612413,"State"
3542,20230904,"NY029025950B",0.927365147309634,"State"
3543,20230904,"NY029026395B",0.961141022639869,"State"
3544,20230904,"NY029026395C",0.927164498545296,"State"
3545,20230904,"NY029028410A",0.963582249272648,"State"
3546,20230904,"NY029095401A",0.803732067016687,"State"
3547,20230904,"NY063026336A",0.979667591880413,"State"
3548,20230904,"NY063027057A",0.964317961408554,"State"
3549,20230904,"NY063027766A",0.912316489984282,"State"
3550,20230904,"NY063027774A",0.888439287028057,"State"
3551,20230904,"NY067027596A",0.912550580209344,"State"
3552,20230904,"NY067027618A",0.943283282613785,"State"
3553,20230904,"NY067027723A",0.677457111326623,"State"
3554,20230904,"NY067030317A",0.868575059358593,"State"
3555,20230904,"NY089020117A",0.630940039460924,"State"
3556,20230904,"NY119026697A",0.870849078687757,"State"
3557,20230904,"NY119026701A",0.962746212754573,"State"
3558,20230905,"NY001025739A",0.95358325251647,"State"
3559,20230905,"NY007024414B",0.967093602648564,"State"
3560,20230905,"NY007024414C",0.976156238504498,"State"
3561,20230905,"NY007027669A",0.958398822860583,"State"
3562,20230905,"NY009027162A",0.954185198809484,"State"
3563,20230905,"NY011021903A",0.811724576129485,"State"
3564,20230905,"NY013021334A",0.983212386717052,"State"
3565,20230905,"NY013027570A",0.946828077450423,"State"
3566,20230905,"NY019025097A",0.960505634886132,"State"
3567,20230905,"NY023027561A",0.91395512155971,"State"
3568,20230905,"NY027149209A",0.950172223522723,"State"
3569,20230905,"NY029022543A",0.970136775574357,"State"
3570,20230905,"NY029028436A",0.950005016219108,"State"
3571,20230905,"NY031021733A",0.742333545129251,"State"
3572,20230905,"NY031022187A",0.96572250275892,"State"
3573,20230905,"NY045025984A",0.969936126810019,"State"
3574,20230905,"NY045025984B",0.828813162558941,"State"
3575,20230905,"NY051030635A",0.97117346085677,"State"
3576,20230905,"NY053021539A",0.959870247132395,"State"
3577,20230905,"NY053028525A",0.743203023108049,"State"
3578,20230905,"NY053029807A",0.949102096779587,"State"
3579,20230905,"NY055021610A",0.985319198742601,"State"
3580,20230905,"NY055028339A",0.959435508142996,"State"
3581,20230905,"NY059026859A",0.969702036584958,"State"
3582,20230905,"NY059026999A",0.911647660769822,"State"
3583,20230905,"NY063030651A",0.970237099956526,"State"
3584,20230905,"NY065020249A",0.581613884894492,"State"
3585,20230905,"NY065021377A",0.840484232351269,"State"
3586,20230905,"NY065025780C",0.939905695080761,"State"
3587,20230905,"NY065030864A",0.93388623215062,"State"
3588,20230905,"NY067025461A",0.913587265491757,"State"
3589,20230905,"NY071023680A",0.981105574691503,"State"
3590,20230905,"NY071024422A",0.962478681068789,"State"
3591,20230905,"NY071026310A",0.96950138782062,"State"
3592,20230905,"NY071026328A",0.968096846470254,"State"
3593,20230905,"NY071027901A",0.942380363174263,"State"
3594,20230905,"NY071031518A",0.982342908738254,"State"
3595,20230905,"NY075029106A",0.949302745543925,"State"
3596,20230905,"NY083087971A",0.974049426478949,"State"
3597,20230905,"NY087022748A",0.97695883356185,"State"
3598,20230905,"NY087026051A",0.951275791726583,"State"
3599,20230905,"NY087031895A",0.974316958164733,"State"
3600,20230905,"NY089020818A",0.943082633849447,"State"
3601,20230905,"NY089029831A",0.800321038022941,"State"
3602,20230905,"NY089031194A",0.962077383540113,"State"
3603,20230905,"NY089236586A",0.967996522088085,"State"
3604,20230905,"NY099022365A",0.902150285924489,"State"
3605,20230905,"NY101021431A",0.96137511286493,"State"
3606,20230905,"NY101023906A",0.975888706818714,"State"
3607,20230905,"NY103021750A",0.933451493161221,"State"
3608,20230905,"NY103065358A",0.944721265424874,"State"
3609,20230905,"NY103104809A",0.930374878774705,"State"
3610,20230905,"NY105030074A",0.911714543691268,"State"
3611,20230905,"NY105030724A",0.933752466307728,"State"
3612,20230905,"NY105035645A",0.966357890512658,"State"
3613,20230905,"NY109026638A",0.954887469484667,"State"
3614,20230905,"NY111029351A",0.810955422532856,"State"
3615,20230905,"NY117029475A",0.933418051700498,"State"
3616,20230905,"NY121021504A",0.960539076346855,"State"
3617,20230906,"NY001022225A",0.977694545697756,"State"
3618,20230906,"NY007027669A",0.928970337424339,"State"
3619,20230906,"NY013106895A",0.976524094572451,"State"
3620,20230906,"NY015035742A",0.966892953884226,"State"
3621,20230906,"NY017021423A",0.957629669263953,"State"
3622,20230906,"NY019022195A",0.952379359930442,"State"
3623,20230906,"NY019026018A",0.972544560746413,"State"
3624,20230906,"NY025027154A",0.940240109687991,"State"
3625,20230906,"NY025029271A",0.931511888439287,"State"
3626,20230906,"NY027026255A",0.975989031200883,"State"
3627,20230906,"NY027026271A",0.974216633782564,"State"
3628,20230906,"NY029032093A",0.774069491355382,"State"
3629,20230906,"NY031021733A",0.906397351436311,"State"
3630,20230906,"NY031022969A",0.972912416814366,"State"
3631,20230906,"NY031036706A",0.957228371735277,"State"
3632,20230906,"NY043036528A",0.968765675684714,"State"
3633,20230906,"NY049020125A",0.910009029194395,"State"
3634,20230906,"NY051024449A",0.975888706818714,"State"
3635,20230906,"NY055028231A",0.908136307393907,"State"
3636,20230906,"NY057024333A",0.971541316924723,"State"
3637,20230906,"NY059023523A",0.945724509246564,"State"
3638,20230906,"NY071026522A",0.985151991438986,"State"
3639,20230906,"NY075020257A",0.961308229943484,"State"
3640,20230906,"NY075026301A",0.979400060194629,"State"
3641,20230906,"NY075029106A",0.968765675684714,"State"
3642,20230906,"NY075029114A",0.96338160050831,"State"
3643,20230906,"NY079031356A",0.971474434003277,"State"
3644,20230906,"NY083026034A",0.840216700665485,"State"
3645,20230906,"NY083087971A",0.928134300906264,"State"
3646,20230906,"NY087028533A",0.982510116041869,"State"
3647,20230906,"NY087270598A",0.95592415476708,"State"
3648,20230906,"NY089020117A",0.958666354546367,"State"
3649,20230906,"NY089031194A",0.924622947530348,"State"
3650,20230906,"NY091028240A",0.9576965521854,"State"
3651,20230906,"NY095024201A",0.964351402869277,"State"
3652,20230906,"NY103024881A",0.842557602916095,"State"
3653,20230906,"NY103076988A",0.952212152626827,"State"
3654,20230906,"NY103080683A",0.950138782062,"State"
3655,20230906,"NY105022454A",0.967193927030733,"State"
3656,20230906,"NY107029262A",0.9434504899174,"State"
3657,20230906,"NY109020958A",0.964317961408554,"State"
3658,20230906,"NY109026638A",0.967060161187841,"State"
3659,20230906,"NY111029351A",0.963515366351202,"State"
3660,20230906,"NY111030082A",0.966257566130489,"State"
3661,20230906,"NY119026697A",0.800387920944387,"State"
3662,20230906,"NY119026701A",0.981005250309333,"State"
3663,20230906,"NY119026719A",0.976457211651005,"State"
3664,20230906,"NY119026786A",0.980503628398488,"State"
3665,20230907,"NY007024414C",0.95558974015985,"State"
3666,20230907,"NY009027162A",0.98107213323078,"State"
3667,20230907,"NY011021903A",0.944620941042705,"State"
3668,20230907,"NY019021831A",0.808280105675016,"State"
3669,20230907,"NY023027561A",0.978731230980169,"State"
3670,20230907,"NY025020265A",0.942714777781493,"State"
3671,20230907,"NY027025976A",0.973614687489549,"State"
3672,20230907,"NY033030376A",0.918168745610808,"State"
3673,20230907,"NY051032328A",0.960605959268301,"State"
3674,20230907,"NY055021610A",0.844062468648631,"State"
3675,20230907,"NY059021822A",0.922248603819015,"State"
3676,20230907,"NY059026778A",0.968765675684714,"State"
3677,20230907,"NY059026999A",0.937130053840752,"State"
3678,20230907,"NY069023531A",0.858408855298799,"State"
3679,20230907,"NY071026328A",0.935792395411832,"State"
3680,20230907,"NY071026522A",0.962612446911681,"State"
3681,20230907,"NY077031151A",0.869043239808715,"State"
3682,20230907,"NY087028533A",0.965856268601813,"State"
3683,20230907,"NY087028851A",0.978028960304986,"State"
3684,20230907,"NY087031895A",0.961174464100592,"State"
3685,20230907,"NY089020818A",0.980369862555596,"State"
3686,20230907,"NY089029831A",0.981473430759456,"State"
3687,20230907,"NY089236586A",0.947630672507775,"State"
3688,20230907,"NY099033308A",0.864261110925325,"State"
3689,20230907,"NY101021431A",0.69601712202789,"State"
3690,20230907,"NY101023906A",0.750827676152894,"State"
3691,20230907,"NY101025712A",0.79630806273618,"State"
3692,20230907,"NY103104809A",0.945055680032104,"State"
3693,20230907,"NY113029050A",0.838444303247166,"State"
3694,20230907,"NY117027171A",0.945089121492827,"State"
3695,20230908,"NY041026484A",0.95793064241046,"State"
3696,20230908,"NY045025984A",0.957194930274554,"State"
3697,20230910,"NY029028436A",0.971942614453399,"State"
3698,20230910,"NY063022331A",0.954118315888038,"State"
3699,20230910,"NY063026336A",0.968130287930977,"State"
3700,20230910,"NY063027766A",0.947898204193559,"State"
3701,20230910,"NY063027774A",0.955623181620573,"State"
3702,20230910,"NY063027979A",0.645052335886032,"State"
3703,20230910,"NY067027081A",0.97294585827509,"State"
3704,20230910,"NY067027596A",0.971775407149784,"State"
3705,20230910,"NY067027618A",0.904424305253653,"State"
3706,20230910,"NY067027723A",0.973882219175334,"State"
3707,20230910,"NY067030317A",0.951442999030198,"State"
3708,20230910,"NY067030571A",0.971574758385446,"State"
3709,20230910,"NY119026689A",0.981373106377287,"State"
3710,20230910,"NY119026697A",0.972678326589305,"State"
3711,20230910,"NY119026701A",0.793064241046049,"State"
3712,20230910,"NY119026719A",0.599170651774069,"State"
3713,20230910,"NY119100803A",0.960137778818179,"State"
3714,20230910,"NY119108324A",0.981172457612949,"State"
3715,20230911,"NY001026875A",0.978363374912216,"State"
3716,20230911,"NY013027961A",0.94813229441862,"State"
3717,20230911,"NY019026018A",0.97929973581246,"State"
3718,20230911,"NY023027561A",0.937196936762198,"State"
3719,20230911,"NY029022136A",0.97083904624954,"State"
3720,20230911,"NY029026395C",0.935257332040264,"State"
3721,20230911,"NY029028410A",0.935892719794001,"State"
3722,20230911,"NY029095401A",0.978028960304986,"State"
3723,20230911,"NY031021733A",0.923251847640705,"State"
3724,20230911,"NY035026042A",0.866234157107982,"State"
3725,20230911,"NY039033545A",0.88168411196201,"State"
3726,20230911,"NY043036528A",0.964150754104939,"State"
3727,20230911,"NY045025984A",0.931846303046517,"State"
3728,20230911,"NY045025984B",0.932849546868207,"State"
3729,20230911,"NY055028231A",0.972009497374845,"State"
3730,20230911,"NY055028339A",0.922516135504799,"State"
3731,20230911,"NY059026450A",0.86610039126509,"State"
3732,20230911,"NY063027057A",0.955121559709728,"State"
3733,20230911,"NY065025780B",0.973815336253888,"State"
3734,20230911,"NY065025780C",0.974417282546902,"State"
3735,20230911,"NY089020117A",0.81122295421864,"State"
3736,20230911,"NY103104809A",0.955021235327559,"State"
3737,20230911,"NY113029050A",0.945189445874996,"State"
3738,20230912,"NY001025739A",0.950506638129954,"State"
3739,20230912,"NY007024414B",0.966056917366151,"State"
3740,20230912,"NY007024414C",0.981105574691503,"State"
3741,20230912,"NY009027162A",0.968230612313146,"State"
3742,20230912,"NY013021334A",0.946761194528977,"State"
3743,20230912,"NY013027570A",0.968464702538207,"State"
3744,20230912,"NY019021831A",0.916162257967428,"State"
3745,20230912,"NY019023949A",0.964083871183493,"State"
3746,20230912,"NY019025097A",0.969133531752667,"State"
3747,20230912,"NY021022039A",0.965588736916029,"State"
3748,20230912,"NY031021733A",0.813864829615758,"State"
3749,20230912,"NY031022187A",0.956292010835033,"State"
3750,20230912,"NY051024384A",0.970203658495803,"State"
3751,20230912,"NY051030635A",0.978430257833662,"State"
3752,20230912,"NY053021539A",0.966892953884226,"State"
3753,20230912,"NY053028525A",0.964685817476507,"State"
3754,20230912,"NY053029807A",0.944152760592583,"State"
3755,20230912,"NY055021610A",0.982041935591747,"State"
3756,20230912,"NY055028339A",0.961642644550714,"State"
3757,20230912,"NY057020290A",0.961809851854329,"State"
3758,20230912,"NY059026778A",0.728890077918603,"State"
3759,20230912,"NY059026841A",0.962579005450958,"State"
3760,20230912,"NY059026999A",0.974885462997024,"State"
3761,20230912,"NY065020249A",0.956626425442263,"State"
3762,20230912,"NY065021385A",0.902250610306658,"State"
3763,20230912,"NY065030864A",0.979032204126676,"State"
3764,20230912,"NY067025461A",0.956124803531418,"State"
3765,20230912,"NY071023680A",0.949938133297662,"State"
3766,20230912,"NY071024422A",0.941811858341972,"State"
3767,20230912,"NY071027901A",0.921981072133231,"State"
3768,20230912,"NY071031518A",0.964819583319399,"State"
3769,20230912,"NY075029106A",0.96304718590108,"State"
3770,20230912,"NY075029114A",0.915593753135137,"State"
3771,20230912,"NY087022748A",0.956459218138648,"State"
3772,20230912,"NY087026051A",0.972477677824967,"State"
3773,20230912,"NY089020818A",0.962846537136742,"State"
3774,20230912,"NY089029831A",0.958097849714076,"State"
3775,20230912,"NY089236586A",0.953984550045146,"State"
3776,20230912,"NY099022365A",0.919272313814667,"State"
3777,20230912,"NY101021431A",0.965287763769521,"State"
3778,20230912,"NY101025712A",0.969401063438451,"State"
3779,20230912,"NY103021750A",0.772464301240678,"State"
3780,20230912,"NY103065358A",0.976791626258235,"State"
3781,20230912,"NY103079324A",0.896030498612179,"State"
3782,20230912,"NY103104809A",0.915259338527907,"State"
3783,20230912,"NY103206644A",0.940942380363174,"State"
3784,20230912,"NY105030074A",0.973648128950273,"State"
3785,20230912,"NY105030724A",0.954017991505869,"State"
3786,20230912,"NY109020958A",0.932314483496639,"State"
3787,20230912,"NY109026638A",0.927933652141926,"State"
3788,20230912,"NY111029351A",0.972444236364244,"State"
3789,20230912,"NY113094366A",0.967795873323747,"State"
3790,20230912,"NY117029475A",0.975019228839916,"State"
3791,20230912,"NY121021504A",0.964016988262047,"State"
3792,20230913,"NY001022225A",0.914724275156339,"State"
3793,20230913,"NY007027669A",0.97595558974016,"State"
3794,20230913,"NY013027961A",0.966859512423503,"State"
3795,20230913,"NY013106895A",0.962645888372404,"State"
3796,20230913,"NY015035742A",0.979767916262582,"State"
3797,20230913,"NY015036986A",0.799384677122697,"State"
3798,20230913,"NY017021423A",0.778918503160218,"State"
3799,20230913,"NY019022195A",0.974015985018226,"State"
3800,20230913,"NY025029271A",0.939972578002207,"State"
3801,20230913,"NY029022543A",0.937130053840752,"State"
3802,20230913,"NY029025950B",0.953984550045146,"State"
3803,20230913,"NY029032093A",0.933016754171822,"State"
3804,20230913,"NY031022969A",0.91017623649801,"State"
3805,20230913,"NY031036706A",0.966257566130489,"State"
3806,20230913,"NY045025151A",0.823295321539645,"State"
3807,20230913,"NY049020125A",0.729057285222218,"State"
3808,20230913,"NY051024449A",0.97729324816908,"State"
3809,20230913,"NY055026794A",0.901180483563522,"State"
3810,20230913,"NY055028231A",0.973146507039428,"State"
3811,20230913,"NY057024333A",0.913654148413203,"State"
3812,20230913,"NY059023523A",0.943015750928,"State"
3813,20230913,"NY059026859A",0.95525532555262,"State"
3814,20230913,"NY065036790A",0.946861518911146,"State"
3815,20230913,"NY071026310A",0.987158479082366,"State"
3816,20230913,"NY071026522A",0.96615724174832,"State"
3817,20230913,"NY071030490A",0.953148513527071,"State"
3818,20230913,"NY075029106A",0.972076380296291,"State"
3819,20230913,"NY075029114A",0.880045480386583,"State"
3820,20230913,"NY079031356A",0.967127044109287,"State"
3821,20230913,"NY087026051A",0.970604956024479,"State"
3822,20230913,"NY087028533A",0.98341303548139,"State"
3823,20230913,"NY087270598A",0.976891950640404,"State"
3824,20230913,"NY089020117A",0.848309534160452,"State"
3825,20230913,"NY089031194A",0.971507875464,"State"
3826,20230913,"NY103020061A",0.966591980737719,"State"
3827,20230913,"NY105022454A",0.947363140821991,"State"
3828,20230913,"NY107029262A",0.973246831421597,"State"
3829,20230913,"NY109026638A",0.909039226833428,"State"
3830,20230913,"NY111029351A",0.946259572618132,"State"
3831,20230913,"NY111030082A",0.982142259973916,"State"
3832,20230913,"NY111031208A",0.952011503862489,"State"
3833,20230913,"NY119026689A",0.938400829348226,"State"
3834,20230913,"NY119026697A",0.807711600842725,"State"
3835,20230913,"NY119026786A",0.96682607096278,"State"
3836,20230913,"NY119100803A",0.910544092565963,"State"
3837,20230913,"NY119108324A",0.963782898036986,"State"
3838,20230914,"NY007024414B",0.931311239674949,"State"
3839,20230914,"NY007027669A",0.961642644550714,"State"
3840,20230914,"NY009027162A",0.938233622044611,"State"
3841,20230914,"NY011021903A",0.961809851854329,"State"
3842,20230914,"NY023027561A",0.932749222486038,"State"
3843,20230914,"NY025026531A",0.948968330936695,"State"
3844,20230914,"NY025026565A",0.951309233187306,"State"
3845,20230914,"NY033030376A",0.963247834665418,"State"
3846,20230914,"NY035026042A",0.953115072066348,"State"
3847,20230914,"NY051032328A",0.987024713239474,"State"
3848,20230914,"NY055021610A",0.987359127846704,"State"
3849,20230914,"NY059021822A",0.777915259338528,"State"
3850,20230914,"NY059026620A",0.93388623215062,"State"
3851,20230914,"NY059026778A",0.94378490452463,"State"
3852,20230914,"NY059026841A",0.965187439387352,"State"
3853,20230914,"NY059026999A",0.870146808012574,"State"
3854,20230914,"NY069023531A",0.95692739858877,"State"
3855,20230914,"NY071026522A",0.969735478045681,"State"
3856,20230914,"NY089020818A",0.982108818513193,"State"
3857,20230914,"NY089029831A",0.970337424338695,"State"
3858,20230914,"NY089236586A",0.961776410393606,"State"
3859,20230914,"NY099033308A",0.907400595258001,"State"
3860,20230914,"NY101025712A",0.962211149383005,"State"
3861,20230914,"NY103021750A",0.94545697756078,"State"
3862,20230914,"NY103079324A",0.977427014011972,"State"
3863,20230914,"NY103104809A",0.969568270742066,"State"
3864,20230914,"NY113029050A",0.972277029060629,"State"
3865,20230914,"NY117027171A",0.951509881951644,"State"
3866,20230914,"NY119026701A",0.97896532120523,"State"
3867,20230914,"NY119026719A",0.850683877871785,"State"
3868,20230917,"NY055028339A",0.973815336253888,"State"
3869,20230917,"NY067027081A",0.95793064241046,"State"
3870,20230917,"NY067027596A",0.97595558974016,"State"
3871,20230917,"NY067027618A",0.776310069223824,"State"
3872,20230917,"NY067027723A",0.935357656422433,"State"
3873,20230917,"NY067030317A",0.947597231047052,"State"
3874,20230917,"NY067030571A",0.962110825000836,"State"
3875,20230918,"NY001026867A",0.931110590910611,"State"
3876,20230918,"NY001026875A",0.621609871919205,"State"
3877,20230918,"NY009027162A",0.875363675885363,"State"
3878,20230918,"NY013027961A",0.939370631709193,"State"
3879,20230918,"NY019026018A",0.971808848610507,"State"
3880,20230918,"NY023027561A",0.95903421061432,"State"
3881,20230918,"NY031021733A",0.973648128950273,"State"
3882,20230918,"NY035026042A",0.915827843360198,"State"
3883,20230918,"NY039033545A",0.884259104437682,"State"
3884,20230918,"NY043036528A",0.969033207370498,"State"
3885,20230918,"NY055028231A",0.97428351670401,"State"
3886,20230918,"NY059026450A",0.977159482326188,"State"
3887,20230918,"NY059026859A",0.758318563354847,"State"
3888,20230918,"NY065025780B",0.966993278266395,"State"
3889,20230918,"NY065025780C",0.97695883356185,"State"
3890,20230918,"NY089020117A",0.968464702538207,"State"
3891,20230918,"NY089031194A",0.955288767013343,"State"
3892,20230918,"NY091028240A",0.915058689763569,"State"
3893,20230918,"NY103020061A",0.894157776811691,"State"
3894,20230918,"NY103104809A",0.778082466642143,"State"
3895,20230918,"NY113029050A",0.97251111928569,"State"
3896,20230919,"NY001025739A",0.952312477008996,"State"
3897,20230919,"NY007024414B",0.943517372838846,"State"
3898,20230919,"NY007024414C",0.968765675684714,"State"
3899,20230919,"NY007027669A",0.966458214894827,"State"
3900,20230919,"NY011021903A",0.965220880848075,"State"
3901,20230919,"NY013021334A",0.747751061766378,"State"
3902,20230919,"NY019023949A",0.978363374912216,"State"
3903,20230919,"NY019025097A",0.971808848610507,"State"
3904,20230919,"NY021022039A",0.974684814232686,"State"
3905,20230919,"NY031022187A",0.974250075243287,"State"
3906,20230919,"NY045025984B",0.80510316690633,"State"
3907,20230919,"NY051030635A",0.97996856502692,"State"
3908,20230919,"NY053021539A",0.965990034444705,"State"
3909,20230919,"NY053029807A",0.616794301575093,"State"
3910,20230919,"NY055021610A",0.973480921646658,"State"
3911,20230919,"NY055028339A",0.964451727251446,"State"
3912,20230919,"NY057020290A",0.735946226131157,"State"
3913,20230919,"NY059026778A",0.910477209644517,"State"
3914,20230919,"NY059026841A",0.901882754238705,"State"
3915,20230919,"NY059026999A",0.922449252583353,"State"
3916,20230919,"NY065021377A",0.971574758385446,"State"
3917,20230919,"NY065021385A",0.957763435106845,"State"
3918,20230919,"NY065030864A",0.968130287930977,"State"
3919,20230919,"NY067025461A",0.952345918469719,"State"
3920,20230919,"NY069025968A",0.815403136809016,"State"
3921,20230919,"NY071023680A",0.973648128950273,"State"
3922,20230919,"NY075029106A",0.964485168712169,"State"
3923,20230919,"NY083087971A",0.966692305119888,"State"
3924,20230919,"NY089020818A",0.957897200949738,"State"
3925,20230919,"NY089029831A",0.783265893054209,"State"
3926,20230919,"NY089236586A",0.95793064241046,"State"
3927,20230919,"NY093020516A",0.972812092432197,"State"
3928,20230919,"NY099022365A",0.97929973581246,"State"
3929,20230919,"NY101021431A",0.846202722134903,"State"
3930,20230919,"NY101023906A",0.95793064241046,"State"
3931,20230919,"NY101025712A",0.981339664916564,"State"
3932,20230919,"NY103024881A",0.809183025114537,"State"
3933,20230919,"NY103065358A",0.836437815603786,"State"
3934,20230919,"NY103104809A",0.959201417917935,"State"
3935,20230919,"NY103206644A",0.943952111828245,"State"
3936,20230919,"NY109020958A",0.957997525331907,"State"
3937,20230919,"NY109026638A",0.960739725111193,"State"
3938,20230919,"NY113094366A",0.858074440691569,"State"
3939,20230919,"NY117029475A",0.94034043407016,"State"
3940,20230919,"NY121021504A",0.96438484433,"State"
3941,20230920,"NY007027669A",0.973648128950273,"State"
3942,20230920,"NY013106895A",0.953081630605625,"State"
3943,20230920,"NY015035742A",0.892452262314818,"State"
3944,20230920,"NY015036986A",0.962980302979634,"State"
3945,20230920,"NY017021423A",0.88134969735478,"State"
3946,20230920,"NY019022195A",0.726950473196669,"State"
3947,20230920,"NY019026018A",0.69023174932281,"State"
3948,20230920,"NY025027154A",0.905929170986189,"State"
3949,20230920,"NY025029271A",0.959803364210949,"State"
3950,20230920,"NY043036528A",0.952212152626827,"State"
3951,20230920,"NY055028231A",0.960405310503963,"State"
3952,20230920,"NY059023523A",0.8475069391031,"State"
3953,20230920,"NY059026450A",0.984583486606695,"State"
3954,20230920,"NY059026859A",0.850349463264555,"State"
3955,20230920,"NY065036790A",0.956994281510216,"State"
3956,20230920,"NY075020257A",0.686151891114604,"State"
3957,20230920,"NY083087971A",0.852556599672274,"State"
3958,20230920,"NY089020117A",0.572651573420727,"State"
3959,20230920,"NY089031194A",0.72384041734943,"State"
3960,20230920,"NY091028240A",0.799217469819082,"State"
3961,20230920,"NY095024201A",0.970437748720864,"State"
3962,20230920,"NY103076988A",0.862053974517607,"State"
3963,20230920,"NY103080683A",0.964886466240845,"State"
3964,20230920,"NY107029262A",0.738621542988998,"State"
3965,20230920,"NY109026638A",0.929940139785306,"State"
3966,20230920,"NY119026786A",0.927766444838311,"State"
3967,20230920,"NY119100803A",0.97217670467846,"State"
3968,20230921,"NY007024414B",0.970972812092432,"State"
3969,20230921,"NY007024414C",0.977025716483296,"State"
3970,20230921,"NY023027561A",0.948901448015249,"State"
3971,20230921,"NY025020265A",0.971507875464,"State"
3972,20230921,"NY029032093A",0.971240343778216,"State"
3973,20230921,"NY031022969A",0.958532588703475,"State"
3974,20230921,"NY035026042A",0.974149750861118,"State"
3975,20230921,"NY051032328A",0.971507875464,"State"
3976,20230921,"NY055021610A",0.977928635922817,"State"
3977,20230921,"NY059021822A",0.863659164632311,"State"
3978,20230921,"NY059026841A",0.807577834999833,"State"
3979,20230921,"NY059026999A",0.939504397552085,"State"
3980,20230921,"NY065025780C",0.973781894793165,"State"
3981,20230921,"NY069023531A",0.973480921646658,"State"
3982,20230921,"NY077031151A",0.871116610373541,"State"
3983,20230921,"NY089029831A",0.791659699695683,"State"
3984,20230921,"NY089236586A",0.867471491154734,"State"
3985,20230921,"NY093020516A",0.970671838945925,"State"
3986,20230921,"NY099033308A",0.933484934621944,"State"
3987,20230921,"NY101021431A",0.977594221315587,"State"
3988,20230921,"NY101023906A",0.968966324449052,"State"
3989,20230921,"NY103021750A",0.922215162358292,"State"
3990,20230921,"NY103104809A",0.95936862522155,"State"
3991,20230921,"NY115024929A",0.968130287930977,"State"
3992,20230922,"NY045025984A",0.951275791726583,"State"
3993,20230924,"NY055028339A",0.960505634886132,"State"
3994,20230924,"NY067027596A",0.910911948633916,"State"
3995,20230924,"NY067027723A",0.952178711166104,"State"
3996,20230924,"NY067030317A",0.948968330936695,"State"
3997,20230924,"NY067030571A",0.968531585459653,"State"
3998,20230924,"NY119026689A",0.974450724007625,"State"
3999,20230924,"NY119026697A",0.988930876500686,"State"
4000,20230924,"NY119026701A",0.985285757281878,"State"
4001,20230924,"NY119026786A",0.966892953884226,"State"
4002,20230924,"NY119100803A",0.93699628799786,"State"
4003,20230925,"NY001025739A",0.967294251412902,"State"
4004,20230925,"NY001026867A",0.911747985151991,"State"
4005,20230925,"NY019026018A",0.947965087115005,"State"
4006,20230925,"NY023027561A",0.957729993646122,"State"
4007,20230925,"NY029022543A",0.972277029060629,"State"
4008,20230925,"NY029028436A",0.97662441895462,"State"
4009,20230925,"NY031021733A",0.953181954987794,"State"
4010,20230925,"NY035026042A",0.944319967896198,"State"
4011,20230925,"NY039033545A",0.972477677824967,"State"
4012,20230925,"NY043036528A",0.979333177273183,"State"
4013,20230925,"NY055028231A",0.971474434003277,"State"
4014,20230925,"NY059026450A",0.791559375313514,"State"
4015,20230925,"NY059026859A",0.964485168712169,"State"
4016,20230925,"NY063022331A",0.877738019596696,"State"
4017,20230925,"NY063026336A",0.974785138614855,"State"
4018,20230925,"NY063027057A",0.945390094639334,"State"
4019,20230925,"NY063027766A",0.968397819616761,"State"
4020,20230925,"NY063027979A",0.962980302979634,"State"
4021,20230925,"NY065025780B",0.959067652075043,"State"
4022,20230925,"NY065025780C",0.930441761696151,"State"
4023,20230925,"NY065030864A",0.965187439387352,"State"
4024,20230925,"NY089020117A",0.971407551081831,"State"
4025,20230925,"NY091028240A",0.97428351670401,"State"
4026,20230925,"NY103020061A",0.894759723104705,"State"
4027,20230925,"NY103104809A",0.970270541417249,"State"
4028,20230925,"NY103206644A",0.767180550446444,"State"
4029,20230925,"NY113029050A",0.792428853292312,"State"
4030,20230926,"NY011021903A",0.920375882018527,"State"
4031,20230926,"NY013021334A",0.792228204527974,"State"
4032,20230926,"NY013027570A",0.945490419021503,"State"
4033,20230926,"NY019023949A",0.957061164431662,"State"
4034,20230926,"NY019025097A",0.952680333076949,"State"
4035,20230926,"NY021022039A",0.942079390027756,"State"
4036,20230926,"NY027149209A",0.954653379259606,"State"
4037,20230926,"NY029022136A",0.962177707922282,"State"
4038,20230926,"NY029025950B",0.98408186469585,"State"
4039,20230926,"NY029026395B",0.979199411430291,"State"
4040,20230926,"NY029026395C",0.96538808815169,"State"
4041,20230926,"NY029028410A",0.966625422198442,"State"
4042,20230926,"NY029095401A",0.963481924890479,"State"
4043,20230926,"NY031022187A",0.929605725178076,"State"
4044,20230926,"NY045025984A",0.971942614453399,"State"
4045,20230926,"NY051024384A",0.946894960371869,"State"
4046,20230926,"NY051030635A",0.949904691836939,"State"
4047,20230926,"NY053021539A",0.95826505701769,"State"
4048,20230926,"NY053028525A",0.963682573654817,"State"
4049,20230926,"NY055028339A",0.971708524228338,"State"
4050,20230926,"NY057020290A",0.970437748720864,"State"
4051,20230926,"NY059026841A",0.833428084138715,"State"
4052,20230926,"NY059026999A",0.928769688660001,"State"
4053,20230926,"NY063027774A",0.974584489850517,"State"
4054,20230926,"NY065020249A",0.947195933518376,"State"
4055,20230926,"NY065021377A",0.954854028023944,"State"
4056,20230926,"NY065030864A",0.97595558974016,"State"
4057,20230926,"NY067025461A",0.976156238504498,"State"
4058,20230926,"NY071023680A",0.966558539276996,"State"
4059,20230926,"NY071024422A",0.966859512423503,"State"
4060,20230926,"NY071026328A",0.954787145102498,"State"
4061,20230926,"NY071027901A",0.937932648898104,"State"
4062,20230926,"NY071031518A",0.89659900344447,"State"
4063,20230926,"NY075029106A",0.963247834665418,"State"
4064,20230926,"NY075029114A",0.953081630605625,"State"
4065,20230926,"NY079031356A",0.949168979701033,"State"
4066,20230926,"NY087022748A",0.967728990402301,"State"
4067,20230926,"NY087026051A",0.938802126876902,"State"
4068,20230926,"NY087031895A",0.934688827207972,"State"
4069,20230926,"NY089020818A",0.86342507440725,"State"
4070,20230926,"NY089029831A",0.951409557569475,"State"
4071,20230926,"NY089236586A",0.739691669732134,"State"
4072,20230926,"NY093020516A",0.967896197705916,"State"
4073,20230926,"NY103021750A",0.895127579172658,"State"
4074,20230926,"NY103024881A",0.969601712202789,"State"
4075,20230926,"NY103065358A",0.96505367354446,"State"
4076,20230926,"NY103079324A",0.922148279436846,"State"
4077,20230926,"NY105030074A",0.965454971073136,"State"
4078,20230926,"NY109020958A",0.963548807811925,"State"
4079,20230926,"NY109026638A",0.928134300906264,"State"
4080,20230926,"NY111029351A",0.960338427582517,"State"
4081,20230926,"NY113094366A",0.954519613416714,"State"
4082,20230926,"NY117029475A",0.968364378156038,"State"
4083,20230926,"NY119026719A",0.980236096712704,"State"
4084,20230927,"NY007024414C",0.975152994682808,"State"
4085,20230927,"NY007027669A",0.985151991438986,"State"
4086,20230927,"NY017021423A",0.975587733672207,"State"
4087,20230927,"NY019022195A",0.912784670434405,"State"
4088,20230927,"NY019026018A",0.838879042236565,"State"
4089,20230927,"NY025027154A",0.969802360967127,"State"
4090,20230927,"NY025029271A",0.970103334113634,"State"
4091,20230927,"NY027026255A",0.862288064742668,"State"
4092,20230927,"NY031021733A",0.821188509514096,"State"
4093,20230927,"NY041026484A",0.970036451192188,"State"
4094,20230927,"NY043036528A",0.957261813196,"State"
4095,20230927,"NY045025151A",0.928936895963616,"State"
4096,20230927,"NY049020125A",0.801625254991138,"State"
4097,20230927,"NY055028231A",0.962612446911681,"State"
4098,20230927,"NY057024333A",0.700498277764773,"State"
4099,20230927,"NY059023523A",0.975387084907869,"State"
4100,20230927,"NY059026450A",0.983212386717052,"State"
4101,20230927,"NY059026859A",0.977661104237033,"State"
4102,20230927,"NY065036790A",0.874427314985118,"State"
4103,20230927,"NY071030490A",0.919606728421898,"State"
4104,20230927,"NY075029106A",0.972377353442798,"State"
4105,20230927,"NY083026034A",0.956392335217202,"State"
4106,20230927,"NY087026051A",0.981908169748855,"State"
4107,20230927,"NY087028533A",0.81222619804033,"State"
4108,20230927,"NY087270598A",0.962211149383005,"State"
4109,20230927,"NY091028240A",0.939169982944855,"State"
4110,20230927,"NY095024201A",0.956893957128047,"State"
4111,20230927,"NY103020061A",0.985653613349831,"State"
4112,20230927,"NY103076988A",0.93488947597231,"State"
4113,20230927,"NY103080683A",0.900277564124001,"State"
4114,20230927,"NY105022454A",0.961508878707822,"State"
4115,20230927,"NY109026638A",0.871718556666555,"State"
4116,20230927,"NY111029351A",0.931913185967963,"State"
4117,20230927,"NY111031208A",0.7235060027422,"State"
4118,20230927,"NY119026689A",0.955723506002742,"State"
4119,20230927,"NY119026697A",0.940206668227268,"State"
4120,20230927,"NY119026701A",0.973447480185935,"State"
4121,20230927,"NY119026719A",0.950506638129954,"State"
4122,20230927,"NY119026786A",0.942045948567033,"State"
4123,20230927,"NY119100803A",0.953449486673578,"State"
4124,20230927,"NY119108324A",0.959435508142996,"State"
4125,20230928,"NY001025739A",0.979667591880413,"State"
4126,20230928,"NY007024414C",0.969200414674113,"State"
4127,20230928,"NY019021831A",0.959301742300104,"State"
4128,20230928,"NY025026531A",0.977092599404742,"State"
4129,20230928,"NY025026565A",0.951409557569475,"State"
4130,20230928,"NY027025976A",0.961207905561315,"State"
4131,20230928,"NY029032093A",0.944687823964151,"State"
4132,20230928,"NY031022969A",0.979901682105474,"State"
4133,20230928,"NY051032328A",0.919539845500451,"State"
4134,20230928,"NY055021610A",0.97963415041969,"State"
4135,20230928,"NY057020290A",0.944988797110658,"State"
4136,20230928,"NY059021822A",0.87121693475571,"State"
4137,20230928,"NY059026778A",0.976691301876066,"State"
4138,20230928,"NY059026841A",0.923653145169381,"State"
4139,20230928,"NY059026999A",0.932715781025315,"State"
4140,20230928,"NY065025780B",0.938200180583888,"State"
4141,20230928,"NY065025780C",0.986723740092967,"State"
4142,20230928,"NY069023531A",0.967127044109287,"State"
4143,20230928,"NY077031151A",0.978731230980169,"State"
4144,20230928,"NY087031895A",0.971273785238939,"State"
4145,20230928,"NY089020818A",0.94234692171354,"State"
4146,20230928,"NY093020516A",0.963214393204695,"State"
4147,20230928,"NY099033308A",0.934588502825803,"State"
4148,20230928,"NY101021431A",0.968531585459653,"State"
4149,20230928,"NY101023906A",0.955957596227803,"State"
4150,20230928,"NY101025712A",0.82446577266495,"State"
4151,20230928,"NY105024520A",0.912082399759221,"State"
4152,20230928,"NY113029050A",0.975320201986423,"State"
4153,20230928,"NY115183695A",0.971541316924723,"State"
4154,20230929,"NY029027693A",0.959736481289503,"State"
4155,20230929,"NY089029831A",0.956492659599371,"State"
4156,20231001,"NY055028339A",0.968397819616761,"State"
4157,20231001,"NY067027081A",0.696217770792228,"State"
4158,20231001,"NY067027596A",0.964685817476507,"State"
4159,20231001,"NY067027618A",0.745577366819383,"State"
4160,20231001,"NY067030571A",0.945490419021503,"State"
4161,20231001,"NY119026697A",0.891181486807344,"State"
4162,20231001,"NY119026701A",0.961174464100592,"State"
4163,20231001,"NY119026719A",0.913119085041635,"State"
4164,20231001,"NY119026786A",0.9576965521854,"State"
4165,20231001,"NY119100803A",0.899541851988095,"State"
4166,20231001,"NY119108324A",0.979400060194629,"State"
4167,20231002,"NY023027561A",0.913754472795372,"State"
4168,20231002,"NY035026042A",0.76179647527004,"State"
4169,20231002,"NY059026450A",0.977259806708357,"State"
4170,20231002,"NY059026859A",0.97184229007123,"State"
4171,20231002,"NY063022331A",0.896063940072902,"State"
4172,20231002,"NY063026336A",0.972578002207136,"State"
4173,20231002,"NY063027057A",0.975152994682808,"State"
4174,20231002,"NY063027766A",0.947028726214761,"State"
4175,20231002,"NY063027979A",0.933317727318329,"State"
4176,20231002,"NY065025780C",0.931511888439287,"State"
4177,20231002,"NY065030864A",0.869778951944621,"State"
4178,20231002,"NY087031895A",0.946761194528977,"State"
4179,20231002,"NY089031194A",0.979801357723305,"State"
4180,20231002,"NY091028240A",0.979567267498244,"State"
4181,20231002,"NY113029050A",0.900444771427616,"State"
4182,20231003,"NY001025739A",0.956492659599371,"State"
4183,20231003,"NY007024414B",0.969768919506404,"State"
4184,20231003,"NY007024414C",0.934421295522188,"State"
4185,20231003,"NY009027162A",0.8261378457011,"State"
4186,20231003,"NY011021903A",0.949770925994047,"State"
4187,20231003,"NY013027570A",0.810353476239842,"State"
4188,20231003,"NY019021831A",0.968899441527606,"State"
4189,20231003,"NY019023949A",0.644283182289402,"State"
4190,20231003,"NY019025097A",0.925960605959268,"State"
4191,20231003,"NY021022039A",0.818914490184931,"State"
4192,20231003,"NY029022136A",0.965622178376751,"State"
4193,20231003,"NY029022543A",0.97317994850015,"State"
4194,20231003,"NY029025950B",0.978129284687155,"State"
4195,20231003,"NY029026395B",0.910945390094639,"State"
4196,20231003,"NY029026395C",0.876065946560546,"State"
4197,20231003,"NY029028410A",0.967193927030733,"State"
4198,20231003,"NY029095401A",0.981473430759456,"State"
4199,20231003,"NY051024384A",0.950707286894292,"State"
4200,20231003,"NY051030635A",0.935457980804602,"State"
4201,20231003,"NY053021539A",0.971407551081831,"State"
4202,20231003,"NY055026794A",0.959000769153597,"State"
4203,20231003,"NY055028339A",0.962612446911681,"State"
4204,20231003,"NY057020290A",0.742968932882988,"State"
4205,20231003,"NY059026841A",0.900244122663278,"State"
4206,20231003,"NY059026999A",0.957529344881784,"State"
4207,20231003,"NY063027774A",0.959167976457212,"State"
4208,20231003,"NY065021377A",0.946226131157409,"State"
4209,20231003,"NY065021385A",0.972277029060629,"State"
4210,20231003,"NY065030864A",0.917901213925024,"State"
4211,20231003,"NY067025461A",0.961676086011437,"State"
4212,20231003,"NY069025968A",0.932983312711099,"State"
4213,20231003,"NY071023680A",0.979801357723305,"State"
4214,20231003,"NY071024422A",0.975520850750761,"State"
4215,20231003,"NY071026310A",0.924154767080226,"State"
4216,20231003,"NY071026328A",0.984014981774404,"State"
4217,20231003,"NY071027901A",0.975788382436545,"State"
4218,20231003,"NY071031518A",0.959101093535766,"State"
4219,20231003,"NY075029106A",0.916195699428151,"State"
4220,20231003,"NY075029114A",0.958432264321306,"State"
4221,20231003,"NY079022721A",0.940240109687991,"State"
4222,20231003,"NY083087971A",0.956559542520817,"State"
4223,20231003,"NY087022748A",0.966591980737719,"State"
4224,20231003,"NY089020818A",0.794167809249908,"State"
4225,20231003,"NY089029831A",0.904758719860884,"State"
4226,20231003,"NY089236586A",0.848008561013945,"State"
4227,20231003,"NY093020516A",0.935892719794001,"State"
4228,20231003,"NY099022365A",0.931745978664348,"State"
4229,20231003,"NY101021431A",0.93522389057954,"State"
4230,20231003,"NY101023906A",0.949704043072601,"State"
4231,20231003,"NY101025712A",0.941109587666789,"State"
4232,20231003,"NY103024881A",0.893355181754339,"State"
4233,20231003,"NY103065358A",0.965321205230244,"State"
4234,20231003,"NY103104809A",0.960806608032639,"State"
4235,20231003,"NY105030074A",0.930307995853259,"State"
4236,20231003,"NY105030724A",0.924723271912517,"State"
4237,20231003,"NY109026638A",0.95023910644417,"State"
4238,20231003,"NY117029475A",0.934521619904357,"State"
4239,20231003,"NY121021504A",0.942982309467278,"State"
4240,20231004,"NY001022225A",0.967294251412902,"State"
4241,20231004,"NY007027669A",0.978497140755108,"State"
4242,20231004,"NY013027961A",0.959234859378658,"State"
4243,20231004,"NY013106895A",0.770524696518744,"State"
4244,20231004,"NY015035742A",0.963481924890479,"State"
4245,20231004,"NY015036986A",0.8370397618968,"State"
4246,20231004,"NY017021423A",0.952847540380564,"State"
4247,20231004,"NY019022195A",0.933484934621944,"State"
4248,20231004,"NY019026018A",0.94244724609571,"State"
4249,20231004,"NY025027154A",0.907567802561616,"State"
4250,20231004,"NY025029271A",0.949202421161756,"State"
4251,20231004,"NY027026255A",0.969568270742066,"State"
4252,20231004,"NY031036706A",0.972644885128582,"State"
4253,20231004,"NY043036528A",0.965521853994582,"State"
4254,20231004,"NY051024449A",0.950841052737184,"State"
4255,20231004,"NY055028231A",0.818145336588302,"State"
4256,20231004,"NY057024333A",0.778416881249373,"State"
4257,20231004,"NY059026859A",0.881182490051165,"State"
4258,20231004,"NY063030651A",0.863124101260743,"State"
4259,20231004,"NY065036790A",0.894759723104705,"State"
4260,20231004,"NY083026034A",0.969668595124235,"State"
4261,20231004,"NY083087971A",0.963247834665418,"State"
4262,20231004,"NY087026051A",0.970604956024479,"State"
4263,20231004,"NY087270598A",0.965321205230244,"State"
4264,20231004,"NY091028240A",0.967896197705916,"State"
4265,20231004,"NY095024201A",0.910410326723071,"State"
4266,20231004,"NY103076988A",0.926963849780958,"State"
4267,20231004,"NY103080683A",0.951743972176705,"State"
4268,20231004,"NY107029262A",0.926562552252282,"State"
4269,20231004,"NY109020958A",0.955322208474066,"State"
4270,20231004,"NY109026638A",0.949436511386817,"State"
4271,20231004,"NY111029351A",0.843694612580678,"State"
4272,20231004,"NY111030082A",0.981473430759456,"State"
4273,20231004,"NY119026689A",0.953081630605625,"State"
4274,20231004,"NY119026701A",0.953282279369963,"State"
4275,20231004,"NY119026786A",0.958766678928536,"State"
4276,20231004,"NY119100803A",0.965020232083737,"State"
4277,20231004,"NY119108324A",0.781526937096612,"State"
4278,20231004,"NY123029726A",0.959268300839381,"State"
4279,20231005,"NY007027669A",0.974684814232686,"State"
4280,20231005,"NY009027162A",0.852121860682875,"State"
4281,20231005,"NY029032093A",0.952680333076949,"State"
4282,20231005,"NY059026778A",0.769655218539946,"State"
4283,20231005,"NY059026841A",0.935457980804602,"State"
4284,20231005,"NY065025780B",0.603283951442999,"State"
4285,20231005,"NY071026328A",0.978597465137277,"State"
4286,20231005,"NY071027901A",0.978630906598,"State"
4287,20231005,"NY071031518A",0.94646022138247,"State"
4288,20231005,"NY077031151A",0.973113065578704,"State"
4289,20231005,"NY087026051A",0.983212386717052,"State"
4290,20231005,"NY087028533A",0.976189679965221,"State"
4291,20231005,"NY087028851A",0.98107213323078,"State"
4292,20231005,"NY087031895A",0.960840049493362,"State"
4293,20231005,"NY093020516A",0.910142795037287,"State"
4294,20231005,"NY101023906A",0.923954118315888,"State"
4295,20231005,"NY103021750A",0.797545396782931,"State"
4296,20231005,"NY103079324A",0.742601076815035,"State"
4297,20231005,"NY103104809A",0.689261946961843,"State"
4298,20231005,"NY113029050A",0.911982075377052,"State"
4299,20231007,"NY045025984A",0.961776410393606,"State"
4300,20231007,"NY045025984B",0.961676086011437,"State"
4301,20231008,"NY067027081A",0.927933652141926,"State"
4302,20231008,"NY067027596A",0.958097849714076,"State"
4303,20231008,"NY067027618A",0.926729759555897,"State"
4304,20231008,"NY067027723A",0.970905929170986,"State"
4305,20231008,"NY067030317A",0.838410861786443,"State"
4306,20231008,"NY067030571A",0.942547570477879,"State"
4307,20231008,"NY119026689A",0.93054208607832,"State"
4308,20231008,"NY119026697A",0.955623181620573,"State"
4309,20231008,"NY119026786A",0.974651372771963,"State"
4310,20231008,"NY119108324A",0.978564023676554,"State"
4311,20231009,"NY013027961A",0.94268133632077,"State"
4312,20231009,"NY029022136A",0.925358659666254,"State"
4313,20231009,"NY031021733A",0.983948098852958,"State"
4314,20231009,"NY035026042A",0.910142795037287,"State"
4315,20231009,"NY059026859A",0.964284519947831,"State"
4316,20231009,"NY063022331A",0.845299802695382,"State"
4317,20231009,"NY063027057A",0.972410794903521,"State"
4318,20231009,"NY063027766A",0.901080159181353,"State"
4319,20231009,"NY063027979A",0.941912182724141,"State"
4320,20231009,"NY089020117A",0.938735243955456,"State"
4321,20231010,"NY007027669A",0.875932180717654,"State"
4322,20231010,"NY013027570A",0.939738487777146,"State"
4323,20231010,"NY029025950B",0.957964083871183,"State"
4324,20231010,"NY029026395B",0.969133531752667,"State"
4325,20231010,"NY029026395C",0.956626425442263,"State"
4326,20231010,"NY029028410A",0.963214393204695,"State"
4327,20231010,"NY029028436A",0.976055914122329,"State"
4328,20231010,"NY029095401A",0.975453967829315,"State"
4329,20231010,"NY031022187A",0.623616359562586,"State"
4330,20231010,"NY039033545A",0.956860515667324,"State"
4331,20231010,"NY043036528A",0.943149516770893,"State"
4332,20231010,"NY051024384A",0.912115841219944,"State"
4333,20231010,"NY055021610A",0.955188442631174,"State"
4334,20231010,"NY055026794A",0.969401063438451,"State"
4335,20231010,"NY059026450A",0.952111828244658,"State"
4336,20231010,"NY059026841A",0.904591512557269,"State"
4337,20231010,"NY063026336A",0.956325452295756,"State"
4338,20231010,"NY063027774A",0.936762197772799,"State"
4339,20231010,"NY065021385A",0.750091964016988,"State"
4340,20231010,"NY069025968A",0.960840049493362,"State"
4341,20231010,"NY071026328A",0.938233622044611,"State"
4342,20231010,"NY075029114A",0.891883757482527,"State"
4343,20231010,"NY083087971A",0.849011804835635,"State"
4344,20231010,"NY087022748A",0.987158479082366,"State"
4345,20231010,"NY087031895A",0.970036451192188,"State"
4346,20231010,"NY089029831A",0.771527940340434,"State"
4347,20231010,"NY093020516A",0.836036518075109,"State"
4348,20231010,"NY103024881A",0.897134066816039,"State"
4349,20231010,"NY103104809A",0.975520850750761,"State"
4350,20231010,"NY109020958A",0.867471491154734,"State"
4351,20231010,"NY111029351A",0.96137511286493,"State"
4352,20231010,"NY113094366A",0.963916663879878,"State"
4353,20231011,"NY001022225A",0.969869243888573,"State"
4354,20231011,"NY007027669A",0.966324449051935,"State"
4355,20231011,"NY013027961A",0.919071665050329,"State"
4356,20231011,"NY013106895A",0.656021135003177,"State"
4357,20231011,"NY015035742A",0.973380597264489,"State"
4358,20231011,"NY017021423A",0.9752867605257,"State"
4359,20231011,"NY019021831A",0.673678226264923,"State"
4360,20231011,"NY019022195A",0.914858040999231,"State"
4361,20231011,"NY019026018A",0.847105641574424,"State"
4362,20231011,"NY027026255A",0.892552586696987,"State"
4363,20231011,"NY029022543A",0.883690599605391,"State"
4364,20231011,"NY031036706A",0.969401063438451,"State"
4365,20231011,"NY043036528A",0.93699628799786,"State"
4366,20231011,"NY045025151A",0.683476574256764,"State"
4367,20231011,"NY049020125A",0.726080995217871,"State"
4368,20231011,"NY055028231A",0.934086880914958,"State"
4369,20231011,"NY057024333A",0.832993345149316,"State"
4370,20231011,"NY059026450A",0.745744574122998,"State"
4371,20231011,"NY059026859A",0.956191686452864,"State"
4372,20231011,"NY063022331A",0.935391097883156,"State"
4373,20231011,"NY071026310A",0.961642644550714,"State"
4374,20231011,"NY071026522A",0.976891950640404,"State"
4375,20231011,"NY075029106A",0.867471491154734,"State"
4376,20231011,"NY075029114A",0.713440123064575,"State"
4377,20231011,"NY079031356A",0.968130287930977,"State"
4378,20231011,"NY089020117A",0.961809851854329,"State"
4379,20231011,"NY089031194A",0.9576965521854,"State"
4380,20231011,"NY091028240A",0.958766678928536,"State"
4381,20231011,"NY095024201A",0.916797645721165,"State"
4382,20231011,"NY103020061A",0.797712604086547,"State"
4383,20231011,"NY103076988A",0.869645186101729,"State"
4384,20231011,"NY103080683A",0.96950138782062,"State"
4385,20231011,"NY105022454A",0.743738086479617,"State"
4386,20231011,"NY107029262A",0.719426144533993,"State"
4387,20231011,"NY109026638A",0.897468481423269,"State"
4388,20231011,"NY111031208A",0.942280038792094,"State"
4389,20231011,"NY119026689A",0.941143029127512,"State"
4390,20231011,"NY119026697A",0.932013510350132,"State"
4391,20231011,"NY119026719A",0.965856268601813,"State"
4392,20231011,"NY119026786A",0.97595558974016,"State"
4393,20231011,"NY119100803A",0.975721499515099,"State"
4394,20231011,"NY123029726A",0.745042303447815,"State"
4395,20231012,"NY007024414C",0.902183727385212,"State"
4396,20231012,"NY009027162A",0.935524863726048,"State"
4397,20231012,"NY027025976A",0.965689061298198,"State"
4398,20231012,"NY029022136A",0.973547804568104,"State"
4399,20231012,"NY029022543A",0.964083871183493,"State"
4400,20231012,"NY029027693A",0.974818580075578,"State"
4401,20231012,"NY029028436A",0.93833394642678,"State"
4402,20231012,"NY029032093A",0.883724041066114,"State"
4403,20231012,"NY035026042A",0.772798715847908,"State"
4404,20231012,"NY051032328A",0.882754238705147,"State"
4405,20231012,"NY055021610A",0.881282814433334,"State"
4406,20231012,"NY057020290A",0.679229508744942,"State"
4407,20231012,"NY059021822A",0.968698792763268,"State"
4408,20231012,"NY059026841A",0.926328462027221,"State"
4409,20231012,"NY059026999A",0.968665351302545,"State"
4410,20231012,"NY063027979A",0.948901448015249,"State"
4411,20231012,"NY065025780B",0.964652376015784,"State"
4412,20231012,"NY065025780C",0.969601712202789,"State"
4413,20231012,"NY071026328A",0.962645888372404,"State"
4414,20231012,"NY077031151A",0.944253084974752,"State"
4415,20231012,"NY087031895A",0.974852021536301,"State"
4416,20231012,"NY093020516A",0.963515366351202,"State"
4417,20231012,"NY103104809A",0.968999765909775,"State"
4418,20231012,"NY113029050A",0.947363140821991,"State"
4419,20231012,"NY115024929A",0.667825970638397,"State"
4420,20231013,"NY071031518A",0.933284285857606,"State"
4421,20231014,"NY045025984A",0.910109353576564,"State"
4422,20231015,"NY055028339A",0.978798113901615,"State"
4423,20231015,"NY067030571A",0.964752700397953,"State"
4424,20231015,"NY119026697A",0.938434270808949,"State"
4425,20231015,"NY119026786A",0.95558974015985,"State"
4426,20231016,"NY001026867A",0.931010266528442,"State"
4427,20231016,"NY023027561A",0.907367153797278,"State"
4428,20231016,"NY031021733A",0.964953349162291,"State"
4429,20231016,"NY035026042A",0.951710530715982,"State"
4430,20231016,"NY055028231A",0.939236865866301,"State"
4431,20231016,"NY059026450A",0.946326455539578,"State"
4432,20231016,"NY059026859A",0.760090960773167,"State"
4433,20231016,"NY063027979A",0.968364378156038,"State"
4434,20231016,"NY065025780C",0.952479684312611,"State"
4435,20231016,"NY071031518A",0.767715613818012,"State"
4436,20231016,"NY089020117A",0.91194863391633,"State"
4437,20231016,"NY089031194A",0.917098618867672,"State"
4438,20231016,"NY103020061A",0.790121392502425,"State"
4439,20231016,"NY103104809A",0.924790154833963,"State"
4440,20231017,"NY007024414B",0.960605959268301,"State"
4441,20231017,"NY007027669A",0.847373173260208,"State"
4442,20231017,"NY011021903A",0.871183493294987,"State"
4443,20231017,"NY021022039A",0.938902451259071,"State"
4444,20231017,"NY029025950B",0.966591980737719,"State"
4445,20231017,"NY029026395B",0.964552051633615,"State"
4446,20231017,"NY029026395C",0.931980068889409,"State"
4447,20231017,"NY029028410A",0.926027488880714,"State"
4448,20231017,"NY029095401A",0.955957596227803,"State"
4449,20231017,"NY031022187A",0.910644416948132,"State"
4450,20231017,"NY045025984B",0.882988328930208,"State"
4451,20231017,"NY051030635A",0.968765675684714,"State"
4452,20231017,"NY053028525A",0.782463297996857,"State"
4453,20231017,"NY055026794A",0.973648128950273,"State"
4454,20231017,"NY055028339A",0.968029963548808,"State"
4455,20231017,"NY063027774A",0.926395344948667,"State"
4456,20231017,"NY065029076A",0.941276794970404,"State"
4457,20231017,"NY067025461A",0.929338193492292,"State"
4458,20231017,"NY071023680A",0.935324214961709,"State"
4459,20231017,"NY071026310A",0.960739725111193,"State"
4460,20231017,"NY071026328A",0.944687823964151,"State"
4461,20231017,"NY071027901A",0.895161020633381,"State"
4462,20231017,"NY079022721A",0.870180249473297,"State"
4463,20231017,"NY083087971A",0.948332943182958,"State"
4464,20231017,"NY087022748A",0.976557536033174,"State"
4465,20231017,"NY089020818A",0.715881349697355,"State"
4466,20231017,"NY093020516A",0.935591746647494,"State"
4467,20231017,"NY101021431A",0.960739725111193,"State"
4468,20231017,"NY103024881A",0.915995050663813,"State"
4469,20231017,"NY103104809A",0.869511420258837,"State"
4470,20231017,"NY103206644A",0.934387854061465,"State"
4471,20231017,"NY105030074A",0.938902451259071,"State"
4472,20231017,"NY109020958A",0.937263819683644,"State"
4473,20231017,"NY109026638A",0.95936862522155,"State"
4474,20231017,"NY111029351A",0.956860515667324,"State"
4475,20231017,"NY117029475A",0.951777413637428,"State"
4476,20231018,"NY001022225A",0.930241112931813,"State"
4477,20231018,"NY015035742A",0.967862756245193,"State"
4478,20231018,"NY015036986A",0.963916663879878,"State"
4479,20231018,"NY017021423A",0.931913185967963,"State"
4480,20231018,"NY025027154A",0.966759188041334,"State"
4481,20231018,"NY027026271A",0.868374410594255,"State"
4482,20231018,"NY051024449A",0.949871250376216,"State"
4483,20231018,"NY055026794A",0.946727753068254,"State"
4484,20231018,"NY059023523A",0.964685817476507,"State"
4485,20231018,"NY063027766A",0.963682573654817,"State"
4486,20231018,"NY065036790A",0.939838812159315,"State"
4487,20231018,"NY071026310A",0.913252850884527,"State"
4488,20231018,"NY071026522A",0.955221884091897,"State"
4489,20231018,"NY075026301A",0.756412400093636,"State"
4490,20231018,"NY079031356A",0.911045714476808,"State"
4491,20231018,"NY083026034A",0.95324883790924,"State"
4492,20231018,"NY087028533A",0.9752867605257,"State"
4493,20231018,"NY087270598A",0.597297929973581,"State"
4494,20231018,"NY103076988A",0.938166739123165,"State"
4495,20231018,"NY103080683A",0.951175467344414,"State"
4496,20231018,"NY105022454A",0.963214393204695,"State"
4497,20231018,"NY111029351A",0.932849546868207,"State"
4498,20231018,"NY111031208A",0.961843293315052,"State"
4499,20231018,"NY123029726A",0.859679630806274,"State"
4500,20231019,"NY001025739A",0.924990803598301,"State"
4501,20231019,"NY027025976A",0.760325050998228,"State"
4502,20231019,"NY033030376A",0.654449386349196,"State"
4503,20231019,"NY055021610A",0.656221783767515,"State"
4504,20231019,"NY057020290A",0.603986222118182,"State"
4505,20231019,"NY059021822A",0.945691067785841,"State"
4506,20231019,"NY059026999A",0.970303982877972,"State"
4507,20231019,"NY063027979A",0.925826840116376,"State"
4508,20231019,"NY065025780B",0.945089121492827,"State"
4509,20231019,"NY065025780C",0.964886466240845,"State"
4510,20231019,"NY087028851A",0.824164799518443,"State"
4511,20231019,"NY089029831A",0.605424204929271,"State"
4512,20231019,"NY099033308A",0.926997291241681,"State"
4513,20231019,"NY103104809A",0.970805604788817,"State"
4514,20231019,"NY113029050A",0.974316958164733,"State"
4515,20231020,"NY009027162A",0.854094906865532,"State"
4516,20231022,"NY067027081A",0.825368692104471,"State"
4517,20231022,"NY067027596A",0.606795304818915,"State"
4518,20231022,"NY067027723A",0.929572283717353,"State"
4519,20231023,"NY029028436A",0.94234692171354,"State"
4520,20231023,"NY045025984B",0.840082934822593,"State"
4521,20231023,"NY059026450A",0.926027488880714,"State"
4522,20231023,"NY059026859A",0.840283583586931,"State"
4523,20231023,"NY063022331A",0.876433802628499,"State"
4524,20231023,"NY063027057A",0.922114837976123,"State"
4525,20231023,"NY063027766A",0.932314483496639,"State"
4526,20231023,"NY089031194A",0.951710530715982,"State"
4527,20231024,"NY007027669A",0.939838812159315,"State"
4528,20231024,"NY013021334A",0.970939370631709,"State"
4529,20231024,"NY013027570A",0.891014279503729,"State"
4530,20231024,"NY029032093A",0.947664113968498,"State"
4531,20231024,"NY031022187A",0.753436110089289,"State"
4532,20231024,"NY055021610A",0.948031970036451,"State"
4533,20231024,"NY059026620A",0.798515199143899,"State"
4534,20231024,"NY059026778A",0.981306223455841,"State"
4535,20231024,"NY063027774A",0.920543089322142,"State"
4536,20231024,"NY065029076A",0.852723806975889,"State"
4537,20231024,"NY067025461A",0.830117379527138,"State"
4538,20231024,"NY071026310A",0.956793632745878,"State"
4539,20231024,"NY071026328A",0.906230144132696,"State"
4540,20231024,"NY071027901A",0.973648128950273,"State"
4541,20231024,"NY071031518A",0.784302578336622,"State"
4542,20231024,"NY075029114A",0.901882754238705,"State"
4543,20231024,"NY083087971A",0.684981439989299,"State"
4544,20231024,"NY087022748A",0.836538139985955,"State"
4545,20231024,"NY089029831A",0.894893488947597,"State"
4546,20231024,"NY101021431A",0.866066949804367,"State"
4547,20231024,"NY103024881A",0.955991037688526,"State"
4548,20231024,"NY103065358A",0.841119620105006,"State"
4549,20231024,"NY103079324A",0.908403839079691,"State"
4550,20231024,"NY103206644A",0.937531351369428,"State"
4551,20231024,"NY105030074A",0.905527873457513,"State"
4552,20231024,"NY105030724A",0.856803665184095,"State"
4553,20231024,"NY109020958A",0.94512256295355,"State"
4554,20231024,"NY109026638A",0.701601845968632,"State"
4555,20231024,"NY111029351A",0.880714309601043,"State"
4556,20231024,"NY121021504A",0.936093368558339,"State"
4557,20231025,"NY007027669A",0.975989031200883,"State"
4558,20231025,"NY013106895A",0.787813931712537,"State"
4559,20231025,"NY017021423A",0.956693308363709,"State"
4560,20231025,"NY025027154A",0.837206969200415,"State"
4561,20231025,"NY027026271A",0.898505166705682,"State"
4562,20231025,"NY029022136A",0.957429020499615,"State"
4563,20231025,"NY029022543A",0.946159248235963,"State"
4564,20231025,"NY045025151A",0.717921278801458,"State"
4565,20231025,"NY059023523A",0.827843360197973,"State"
4566,20231025,"NY075029114A",0.923786911012273,"State"
4567,20231025,"NY089020117A",0.878875029261278,"State"
4568,20231025,"NY089031194A",0.862254623281945,"State"
4569,20231025,"NY095024201A",0.845299802695382,"State"
4570,20231025,"NY103080683A",0.915092131224292,"State"
4571,20231025,"NY107029262A",0.845667658763335,"State"
4572,20231025,"NY109026638A",0.895662642544226,"State"
4573,20231025,"NY111030082A",0.877637695214527,"State"
4574,20231025,"NY111031208A",0.950874494197907,"State"
4575,20231025,"NY123029726A",0.930776176303381,"State"
4576,20231026,"NY007024414B",0.621375781694144,"State"
4577,20231026,"NY007024414C",0.961676086011437,"State"
4578,20231026,"NY009027162A",0.948600474868742,"State"
4579,20231026,"NY025020265A",0.764371467745711,"State"
4580,20231026,"NY025026565A",0.9007123031134,"State"
4581,20231026,"NY029025950B",0.928769688660001,"State"
4582,20231026,"NY029026395B",0.943182958231616,"State"
4583,20231026,"NY029026395C",0.919205430893221,"State"
4584,20231026,"NY029028410A",0.936093368558339,"State"
4585,20231026,"NY029095401A",0.978430257833662,"State"
4586,20231026,"NY033030376A",0.920643413704311,"State"
4587,20231026,"NY045025984A",0.861786442831823,"State"
4588,20231026,"NY051032328A",0.843427080894893,"State"
4589,20231026,"NY055021610A",0.950841052737184,"State"
4590,20231026,"NY059026841A",0.811022305454302,"State"
4591,20231026,"NY059026999A",0.788549643848443,"State"
4592,20231026,"NY063027979A",0.780490251814199,"State"
4593,20231026,"NY089029831A",0.936695314851353,"State"
4594,20231026,"NY089236586A",0.916496672574658,"State"
4595,20231026,"NY097271942A",0.921947630672508,"State"
4596,20231026,"NY101021431A",0.926027488880714,"State"
4597,20231026,"NY101023906A",0.90037788850617,"State"
4598,20231026,"NY103104809A",0.854830619001438,"State"
4599,20231026,"NY117027171A",0.938701802494733,"State"
4600,20231029,"NY067027596A",0.962311473765174,"State"
4601,20231029,"NY067027618A",0.885262348259372,"State"
4602,20231029,"NY067027723A",0.787613282948199,"State"
4603,20231029,"NY119026697A",0.783399658897101,"State"
4604,20231029,"NY119026786A",0.864695849914724,"State"
4605,20231029,"NY119100803A",0.97394910209678,"State"
4606,20231030,"NY001026867A",0.857004313948433,"State"
4607,20231030,"NY027026255A",0.694378490452463,"State"
4608,20231030,"NY029022136A",0.957529344881784,"State"
4609,20231030,"NY029022543A",0.888773701635287,"State"
4610,20231030,"NY029028436A",0.88168411196201,"State"
4611,20231030,"NY043036528A",0.774771762030566,"State"
4612,20231030,"NY055028231A",0.849546868207203,"State"
4613,20231030,"NY055028339A",0.968999765909775,"State"
4614,20231030,"NY059026450A",0.982576998963315,"State"
4615,20231030,"NY063026336A",0.917198943249841,"State"
4616,20231030,"NY063027057A",0.800187272180049,"State"
4617,20231030,"NY063027766A",0.952111828244658,"State"
4618,20231030,"NY063027979A",0.926930408320235,"State"
4619,20231030,"NY087031895A",0.833829381667391,"State"
4620,20231030,"NY089031194A",0.898839581312912,"State"
4621,20231030,"NY103104809A",0.881215931511888,"State"
4622,20231031,"NY007024414B",0.958231615556968,"State"
4623,20231031,"NY007027669A",0.850616994950339,"State"
4624,20231031,"NY009027162A",0.948366384643681,"State"
4625,20231031,"NY013027570A",0.828980369862556,"State"
4626,20231031,"NY019023949A",0.838076447179213,"State"
4627,20231031,"NY019025097A",0.685784035046651,"State"
4628,20231031,"NY027149209A",0.967929639166639,"State"
4629,20231031,"NY029095401A",0.957897200949738,"State"
4630,20231031,"NY031022187A",0.723271912517139,"State"
4631,20231031,"NY051030635A",0.932715781025315,"State"
4632,20231031,"NY053028525A",0.841153061565729,"State"
4633,20231031,"NY053029807A",0.864394876768217,"State"
4634,20231031,"NY055026794A",0.792495736213758,"State"
4635,20231031,"NY055028339A",0.974116309400395,"State"
4636,20231031,"NY057020290A",0.886432799384677,"State"
4637,20231031,"NY059026620A",0.959000769153597,"State"
4638,20231031,"NY063022331A",0.851018292479016,"State"
4639,20231031,"NY063027774A",0.945858275089456,"State"
4640,20231031,"NY065021377A",0.770825669665251,"State"
4641,20231031,"NY065021385A",0.939270307327024,"State"
4642,20231031,"NY065029076A",0.811390161522255,"State"
4643,20231031,"NY067025461A",0.959468949603719,"State"
4644,20231031,"NY071023680A",0.956225127913587,"State"
4645,20231031,"NY071024422A",0.91362070695248,"State"
4646,20231031,"NY071026310A",0.940173226766545,"State"
4647,20231031,"NY071026328A",0.930742734842658,"State"
4648,20231031,"NY071027901A",0.959268300839381,"State"
4649,20231031,"NY071031518A",0.958331939939137,"State"
4650,20231031,"NY075029106A",0.641574423970839,"State"
4651,20231031,"NY087022748A",0.974383841086179,"State"
4652,20231031,"NY093020516A",0.921780423368893,"State"
4653,20231031,"NY099022365A",0.972277029060629,"State"
4654,20231031,"NY101021431A",0.930508644617597,"State"
4655,20231031,"NY101025712A",0.765073738420894,"State"
4656,20231031,"NY103104809A",0.898672374009297,"State"
4657,20231031,"NY103206644A",0.790489248570378,"State"
4658,20231031,"NY105030074A",0.954753703641775,"State"
4659,20231031,"NY109020958A",0.766377955389091,"State"
4660,20231031,"NY109026638A",0.867839347222687,"State"
4661,20231031,"NY113094366A",0.827040765140621,"State"
4662,20231031,"NY117029475A",0.975186436143531,"State"
4663,20231031,"NY119026786A",0.652844196234492,"State"
4664,20231101,"NY013027961A",0.852456275290105,"State"
4665,20231101,"NY015035742A",0.967294251412902,"State"
4666,20231101,"NY017021423A",0.929806373942414,"State"
4667,20231101,"NY019022195A",0.952044945323212,"State"
4668,20231101,"NY027026271A",0.941544326656188,"State"
4669,20231101,"NY027149209A",0.94746346520416,"State"
4670,20231101,"NY031036706A",0.778818178778049,"State"
4671,20231101,"NY055026794A",0.881483463197672,"State"
4672,20231101,"NY055028231A",0.87566464903187,"State"
4673,20231101,"NY059026859A",0.88880714309601,"State"
4674,20231101,"NY065036790A",0.854730294619269,"State"
4675,20231101,"NY071022144A",0.883021770390931,"State"
4676,20231101,"NY071026310A",0.840651439654884,"State"
4677,20231101,"NY071026522A",0.974484165468348,"State"
4678,20231101,"NY075029106A",0.883857806909006,"State"
4679,20231101,"NY075029114A",0.716182322843862,"State"
4680,20231101,"NY087028533A",0.982944855031268,"State"
4681,20231101,"NY087270598A",0.766277631006922,"State"
4682,20231101,"NY089020117A",0.855900745744574,"State"
4683,20231101,"NY103076988A",0.898070427716283,"State"
4684,20231101,"NY103080683A",0.729191051065111,"State"
4685,20231101,"NY105022454A",0.699060294953684,"State"
4686,20231101,"NY109026638A",0.933953115072066,"State"
4687,20231101,"NY111030082A",0.921981072133231,"State"
4688,20231101,"NY111031208A",0.98030297963415,"State"
4689,20231101,"NY119026701A",0.962980302979634,"State"
4690,20231101,"NY119026719A",0.892753235461325,"State"
4691,20231101,"NY119100803A",0.93388623215062,"State"
4692,20231101,"NY123029726A",0.942146272949202,"State"
4693,20231102,"NY023027561A",0.629167642042604,"State"
4694,20231102,"NY055021610A",0.929839815403137,"State"
4695,20231102,"NY059021822A",0.917232384710564,"State"
4696,20231102,"NY059026778A",0.892753235461325,"State"
4697,20231102,"NY059026841A",0.928736247199278,"State"
4698,20231102,"NY059026999A",0.975253319064977,"State"
4699,20231102,"NY071023680A",0.970337424338695,"State"
4700,20231102,"NY071027901A",0.966558539276996,"State"
4701,20231102,"NY071031518A",0.903956124803531,"State"
4702,20231102,"NY075020257A",0.940373875530883,"State"
4703,20231102,"NY077031151A",0.957328696117446,"State"
4704,20231102,"NY089236586A",0.790522690031101,"State"
4705,20231102,"NY101021431A",0.837976122797044,"State"
4706,20231102,"NY103104809A",0.985319198742601,"State"
4707,20231102,"NY117027171A",0.748252683677223,"State"
4708,20231105,"NY055028339A",0.673343811657693,"State"
4709,20231105,"NY067027596A",0.572919105106511,"State"
4710,20231105,"NY119108324A",0.783466541818547,"State"
4711,20231106,"NY019026018A",0.947095609136207,"State"
4712,20231106,"NY023027561A",0.948734240711634,"State"
4713,20231106,"NY027026255A",0.627595893388623,"State"
4714,20231106,"NY029025950B",0.890378891749992,"State"
4715,20231106,"NY031021733A",0.955723506002742,"State"
4716,20231106,"NY035026042A",0.951543323412367,"State"
4717,20231106,"NY043036528A",0.696384978095843,"State"
4718,20231106,"NY055028231A",0.708156372270341,"State"
4719,20231106,"NY057020290A",0.96204394207939,"State"
4720,20231106,"NY059026450A",0.959067652075043,"State"
4721,20231106,"NY059026859A",0.970872487710263,"State"
4722,20231106,"NY063022331A",0.967127044109287,"State"
4723,20231106,"NY063026336A",0.87322342239909,"State"
4724,20231106,"NY063027057A",0.942079390027756,"State"
4725,20231106,"NY063027766A",0.944955355649935,"State"
4726,20231106,"NY063027979A",0.922649901347691,"State"
4727,20231106,"NY065025780B",0.972076380296291,"State"
4728,20231106,"NY065025780C",0.980202655251981,"State"
4729,20231106,"NY065030864A",0.979165969969568,"State"
4730,20231106,"NY091028240A",0.931712537203625,"State"
4731,20231106,"NY103104809A",0.955756947463465,"State"
4732,20231107,"NY007024414B",0.676788282112163,"State"
4733,20231107,"NY007024414C",0.610607631341337,"State"
4734,20231107,"NY007027669A",0.960104337357456,"State"
4735,20231107,"NY011021903A",0.644584155435909,"State"
4736,20231107,"NY021022039A",0.915359662910076,"State"
4737,20231107,"NY029022136A",0.906263585593419,"State"
4738,20231107,"NY029028436A",0.973915660636057,"State"
4739,20231107,"NY029095401A",0.875631207571147,"State"
4740,20231107,"NY055021610A",0.953449486673578,"State"
4741,20231107,"NY059026620A",0.980002006487643,"State"
4742,20231107,"NY059026778A",0.955389091395512,"State"
4743,20231107,"NY059026841A",0.798582082065345,"State"
4744,20231107,"NY059026999A",0.962110825000836,"State"
4745,20231107,"NY063027774A",0.965020232083737,"State"
4746,20231107,"NY065030864A",0.95358325251647,"State"
4747,20231107,"NY071024422A",0.956492659599371,"State"
4748,20231107,"NY075029106A",0.610674514262783,"State"
4749,20231107,"NY089029831A",0.858241647995184,"State"
4750,20231107,"NY099022365A",0.941276794970404,"State"
4751,20231107,"NY103065358A",0.966959836805672,"State"
4752,20231107,"NY105030074A",0.92509112798047,"State"
4753,20231107,"NY109026638A",0.711801491489148,"State"
4754,20231107,"NY111029351A",0.945624184864395,"State"
4755,20231107,"NY113094366A",0.890713306357222,"State"
4756,20231107,"NY117029475A",0.619235528207872,"State"
4757,20231107,"NY121021504A",0.923485937865766,"State"
4758,20231108,"NY001022225A",0.949603718690432,"State"
4759,20231108,"NY007027669A",0.96849814399893,"State"
4760,20231108,"NY015036986A",0.924890479216132,"State"
4761,20231108,"NY025027154A",0.691368758987393,"State"
4762,20231108,"NY025029271A",0.775975654616594,"State"
4763,20231108,"NY027026255A",0.755843895261345,"State"
4764,20231108,"NY029027693A",0.942112831488479,"State"
4765,20231108,"NY031021733A",0.942815102163662,"State"
4766,20231108,"NY031022187A",0.968966324449052,"State"
4767,20231108,"NY031022969A",0.61298197505267,"State"
4768,20231108,"NY031036706A",0.934755710129418,"State"
4769,20231108,"NY035026042A",0.943417048456677,"State"
4770,20231108,"NY043036528A",0.803698625555964,"State"
4771,20231108,"NY045025151A",0.891114603885898,"State"
4772,20231108,"NY051024449A",0.873825368692104,"State"
4773,20231108,"NY055028231A",0.675851921211919,"State"
4774,20231108,"NY059023523A",0.909942146272949,"State"
4775,20231108,"NY059026450A",0.964451727251446,"State"
4776,20231108,"NY059026859A",0.983279269638498,"State"
4777,20231108,"NY071022144A",0.936829080694245,"State"
4778,20231108,"NY071026522A",0.927599237534696,"State"
4779,20231108,"NY071030490A",0.861920208674715,"State"
4780,20231108,"NY071031518A",0.971808848610507,"State"
4781,20231108,"NY075029106A",0.957495903421061,"State"
4782,20231108,"NY075029114A",0.961876734775775,"State"
4783,20231108,"NY087026051A",0.951476440490921,"State"
4784,20231108,"NY087028533A",0.891816874561081,"State"
4785,20231108,"NY091028240A",0.912216165602113,"State"
4786,20231108,"NY103020061A",0.7658094505568,"State"
4787,20231108,"NY103021750A",0.745176069290707,"State"
4788,20231108,"NY103076988A",0.967896197705916,"State"
4789,20231108,"NY103080683A",0.975086111761362,"State"
4790,20231108,"NY103206644A",0.977527338394141,"State"
4791,20231108,"NY105022454A",0.965655619837474,"State"
4792,20231108,"NY107029262A",0.89770257164833,"State"
4793,20231108,"NY111030082A",0.670434404574792,"State"
4794,20231108,"NY119026719A",0.928569039895663,"State"
4795,20231109,"NY001025739A",0.744473798615524,"State"
4796,20231109,"NY007024414C",0.910042470655118,"State"
4797,20231109,"NY009027162A",0.953315720830686,"State"
4798,20231109,"NY019021831A",0.691168110223055,"State"
4799,20231109,"NY023027561A",0.940775173059559,"State"
4800,20231109,"NY029028410A",0.70825669665251,"State"
4801,20231109,"NY029032093A",0.950673845433569,"State"
4802,20231109,"NY045025984A",0.790990870481223,"State"
4803,20231109,"NY053026956A",0.893187974450724,"State"
4804,20231109,"NY055021610A",0.907333712336555,"State"
4805,20231109,"NY057020290A",0.972377353442798,"State"
4806,20231109,"NY059021822A",0.812828144333344,"State"
4807,20231109,"NY059026620A",0.948366384643681,"State"
4808,20231109,"NY059026841A",0.848108885396114,"State"
4809,20231109,"NY059026999A",0.964150754104939,"State"
4810,20231109,"NY065020494A",0.881450021736949,"State"
4811,20231109,"NY065025780B",0.942948868006555,"State"
4812,20231109,"NY065025780C",0.902752232217503,"State"
4813,20231109,"NY077031151A",0.964184195565662,"State"
4814,20231109,"NY083087971A",0.936695314851353,"State"
4815,20231109,"NY093020516A",0.959101093535766,"State"
4816,20231109,"NY099033308A",0.971240343778216,"State"
4817,20231109,"NY101021431A",0.950205664983446,"State"
4818,20231109,"NY101023906A",0.809718088486105,"State"
4819,20231109,"NY103079324A",0.62923452496405,"State"
4820,20231109,"NY103104809A",0.925559308430592,"State"
4821,20231109,"NY115024929A",0.948533591947296,"State"
4822,20231109,"NY117027171A",0.899909708056048,"State"
4823,20231112,"NY055028339A",0.714142393739759,"State"
4824,20231112,"NY067027723A",0.905059693007391,"State"
4825,20231112,"NY067030317A",0.947597231047052,"State"
4826,20231112,"NY067030571A",0.811824900511654,"State"
4827,20231112,"NY119026689A",0.915660636056583,"State"
4828,20231112,"NY119026701A",0.969467946359897,"State"
4829,20231112,"NY119026719A",0.955690064542019,"State"
4830,20231112,"NY119026786A",0.863157542721466,"State"
4831,20231112,"NY119100803A",0.930274554392536,"State"
4832,20231112,"NY119108324A",0.730796241179815,"State"
4833,20231113,"NY013027961A",0.776142861920209,"State"
4834,20231113,"NY019026018A",0.944353409356921,"State"
4835,20231113,"NY023027561A",0.904190215028592,"State"
4836,20231113,"NY029022136A",0.970638397485202,"State"
4837,20231113,"NY029025950B",0.96271277129385,"State"
4838,20231113,"NY029028436A",0.960304986121794,"State"
4839,20231113,"NY031021733A",0.95692739858877,"State"
4840,20231113,"NY035026042A",0.96204394207939,"State"
4841,20231113,"NY039033545A",0.967695548941578,"State"
4842,20231113,"NY043036528A",0.968866000066883,"State"
4843,20231113,"NY045025984A",0.721733605323881,"State"
4844,20231113,"NY045025984B",0.871986088352339,"State"
4845,20231113,"NY055028231A",0.957763435106845,"State"
4846,20231113,"NY059026450A",0.815536902651908,"State"
4847,20231113,"NY063022331A",0.967728990402301,"State"
4848,20231113,"NY063026336A",0.946359897000301,"State"
4849,20231113,"NY063027766A",0.955155001170451,"State"
4850,20231113,"NY063027979A",0.902551583453165,"State"
4851,20231113,"NY065025780B",0.984616928067418,"State"
4852,20231113,"NY065025780C",0.946527104303916,"State"
4853,20231113,"NY065030864A",0.93766511721232,"State"
4854,20231113,"NY089031194A",0.898605491087851,"State"
4855,20231113,"NY091028240A",0.920576530782865,"State"
4856,20231114,"NY007024414B",0.92275022572986,"State"
4857,20231114,"NY007024414C",0.970604956024479,"State"
4858,20231114,"NY013027570A",0.65505133264221,"State"
4859,20231114,"NY019021831A",0.627395244624285,"State"
4860,20231114,"NY019023949A",0.89325485737217,"State"
4861,20231114,"NY029022543A",0.922181720897569,"State"
4862,20231114,"NY029026395B",0.96304718590108,"State"
4863,20231114,"NY029026395C",0.935926161254724,"State"
4864,20231114,"NY029028410A",0.96438484433,"State"
4865,20231114,"NY053021539A",0.720028090827007,"State"
4866,20231114,"NY055028339A",0.939103100023409,"State"
4867,20231114,"NY059026778A",0.855031267765776,"State"
4868,20231114,"NY059026999A",0.935625188108217,"State"
4869,20231114,"NY063027774A",0.953382603752132,"State"
4870,20231114,"NY071024422A",0.603417717285891,"State"
4871,20231114,"NY071026310A",0.95157676487309,"State"
4872,20231114,"NY089029831A",0.850483229107447,"State"
4873,20231114,"NY099022365A",0.934521619904357,"State"
4874,20231114,"NY101021431A",0.931010266528442,"State"
4875,20231114,"NY101023906A",0.616994950339431,"State"
4876,20231114,"NY101025712A",0.844764739323814,"State"
4877,20231114,"NY103021750A",0.960672842189747,"State"
4878,20231114,"NY103079324A",0.986623415710798,"State"
4879,20231114,"NY103104809A",0.774303581580443,"State"
4880,20231114,"NY103206644A",0.900578537270508,"State"
4881,20231114,"NY105030724A",0.732200782530181,"State"
4882,20231114,"NY121021504A",0.918770691903822,"State"
4883,20231115,"NY001022225A",0.963013744440357,"State"
4884,20231115,"NY007027669A",0.97251111928569,"State"
4885,20231115,"NY015036986A",0.762532187405946,"State"
4886,20231115,"NY017021423A",0.969735478045681,"State"
4887,20231115,"NY027026255A",0.811992107815269,"State"
4888,20231115,"NY031021733A",0.908403839079691,"State"
4889,20231115,"NY051024384A",0.961341671404207,"State"
4890,20231115,"NY055026794A",0.742333545129251,"State"
4891,20231115,"NY057020290A",0.878908470722001,"State"
4892,20231115,"NY059023523A",0.91362070695248,"State"
4893,20231115,"NY059026450A",0.944186202053306,"State"
4894,20231115,"NY065022110A",0.942179714409925,"State"
4895,20231115,"NY065036790A",0.943082633849447,"State"
4896,20231115,"NY075029106A",0.931812861585794,"State"
4897,20231115,"NY075029114A",0.955823830384911,"State"
4898,20231115,"NY083087971A",0.840584556733438,"State"
4899,20231115,"NY087026051A",0.917800889542855,"State"
4900,20231115,"NY087270598A",0.944587499581982,"State"
4901,20231115,"NY091028240A",0.884058455673344,"State"
4902,20231115,"NY095024201A",0.851285824164799,"State"
4903,20231115,"NY107029262A",0.614085543256529,"State"
4904,20231115,"NY111031208A",0.957663110724676,"State"
4905,20231115,"NY119026697A",0.763836404374143,"State"
4906,20231115,"NY119026719A",0.967963080627362,"State"
4907,20231116,"NY007024414B",0.841587800555128,"State"
4908,20231116,"NY009027162A",0.676621074808548,"State"
4909,20231116,"NY025029271A",0.831956659866903,"State"
4910,20231116,"NY045025984A",0.9220813965154,"State"
4911,20231116,"NY053026956A",0.77905226900311,"State"
4912,20231116,"NY055021610A",0.665886365916463,"State"
4913,20231116,"NY059021822A",0.970203658495803,"State"
4914,20231116,"NY059026620A",0.911413570544761,"State"
4915,20231116,"NY059026841A",0.780289603049861,"State"
4916,20231116,"NY065025780B",0.842089422465973,"State"
4917,20231116,"NY065025780C",0.867906230144133,"State"
4918,20231116,"NY071027901A",0.753536434471458,"State"
4919,20231116,"NY079031356A",0.708457345416848,"State"
4920,20231116,"NY087031895A",0.933284285857606,"State"
4921,20231116,"NY089029831A",0.8299167307628,"State"
4922,20231116,"NY093020516A",0.743035815804434,"State"
4923,20231116,"NY099033308A",0.840283583586931,"State"
4924,20231116,"NY101021431A",0.857439052937832,"State"
4925,20231116,"NY101023906A",0.860482225863626,"State"
4926,20231116,"NY101025712A",0.922047955054677,"State"
4927,20231116,"NY103065358A",0.637293916998295,"State"
4928,20231116,"NY103079324A",0.957495903421061,"State"
4929,20231116,"NY103104809A",0.900344447045447,"State"
4930,20231116,"NY113029050A",0.818513192656255,"State"
4931,20231116,"NY115024929A",0.983312711099221,"State"
4932,20231119,"NY067027081A",0.77259806708357,"State"
4933,20231119,"NY067027618A",0.833461525599438,"State"
4934,20231119,"NY067030317A",0.961575761629268,"State"
4935,20231120,"NY001025739A",0.830017055144969,"State"
4936,20231120,"NY023027561A",0.932782663946761,"State"
4937,20231120,"NY031021733A",0.977995518844263,"State"
4938,20231120,"NY059026450A",0.847306290338762,"State"
4939,20231120,"NY059026859A",0.968096846470254,"State"
4940,20231120,"NY063027766A",0.893823362204461,"State"
4941,20231120,"NY065025780B",0.829749523459185,"State"
4942,20231120,"NY065025780C",0.967862756245193,"State"
4943,20231120,"NY065030864A",0.903186971206902,"State"
4944,20231120,"NY087031895A",0.835835869310771,"State"
4945,20231120,"NY089031194A",0.937631675751597,"State"
4946,20231120,"NY091028240A",0.679798013577233,"State"
4947,20231120,"NY093020516A",0.924622947530348,"State"
4948,20231120,"NY113029050A",0.923218406179982,"State"
4949,20231121,"NY001025739A",0.981941611209578,"State"
4950,20231121,"NY007024414B",0.972578002207136,"State"
4951,20231121,"NY007024414C",0.70247132394743,"State"
4952,20231121,"NY007027669A",0.724408922181721,"State"
4953,20231121,"NY009027162A",0.936126810019062,"State"
4954,20231121,"NY011021903A",0.60930341437314,"State"
4955,20231121,"NY013027570A",0.896799652208809,"State"
4956,20231121,"NY021022039A",0.939939136541484,"State"
4957,20231121,"NY027149209A",0.768618533257533,"State"
4958,20231121,"NY029026395B",0.977360131090526,"State"
4959,20231121,"NY029026395C",0.945557301942949,"State"
4960,20231121,"NY029028410A",0.961241347022038,"State"
4961,20231121,"NY029095401A",0.960639400729024,"State"
4962,20231121,"NY031022187A",0.901213925024245,"State"
4963,20231121,"NY031036706A",0.810988863993579,"State"
4964,20231121,"NY051024384A",0.965588736916029,"State"
4965,20231121,"NY051030635A",0.925726515734207,"State"
4966,20231121,"NY053021539A",0.972343911982075,"State"
4967,20231121,"NY059026620A",0.702972945858275,"State"
4968,20231121,"NY059026778A",0.967662107480855,"State"
4969,20231121,"NY059026841A",0.955756947463465,"State"
4970,20231121,"NY059026999A",0.917265826171287,"State"
4971,20231121,"NY063027774A",0.952646891616226,"State"
4972,20231121,"NY063027979A",0.876400361167776,"State"
4973,20231121,"NY065020249A",0.963247834665418,"State"
4974,20231121,"NY065021377A",0.75567668795773,"State"
4975,20231121,"NY065021385A",0.967762431863024,"State"
4976,20231121,"NY065025780C",0.891047720964452,"State"
4977,20231121,"NY065029076A",0.831187506270274,"State"
4978,20231121,"NY065030864A",0.948232618800789,"State"
4979,20231121,"NY067025461A",0.957964083871183,"State"
4980,20231121,"NY069025968A",0.795037287228706,"State"
4981,20231121,"NY075029106A",0.95023910644417,"State"
4982,20231121,"NY075029114A",0.954686820720329,"State"
4983,20231121,"NY079022721A",0.916162257967428,"State"
4984,20231121,"NY083026034A",0.613383272581346,"State"
4985,20231121,"NY083087971A",0.954887469484667,"State"
4986,20231121,"NY087022748A",0.7197271176805,"State"
4987,20231121,"NY087026051A",0.818245660970471,"State"
4988,20231121,"NY089236586A",0.959903688593118,"State"
4989,20231121,"NY099022365A",0.950071899140554,"State"
4990,20231121,"NY099033308A",0.944152760592583,"State"
4991,20231121,"NY101023906A",0.651974718255693,"State"
4992,20231121,"NY101025712A",0.90271879075678,"State"
4993,20231121,"NY103024881A",0.805939203424406,"State"
4994,20231121,"NY103065358A",0.967595224559409,"State"
4995,20231121,"NY103104809A",0.863124101260743,"State"
4996,20231121,"NY103206644A",0.911380129084038,"State"
4997,20231121,"NY109020958A",0.956726749824432,"State"
4998,20231121,"NY113094366A",0.860281577099288,"State"
4999,20231121,"NY115024929A",0.879911714543691,"State"
5000,20231121,"NY117029475A",0.94545697756078,"State"
5001,20231122,"NY001022225A",0.835401130321372,"State"
5002,20231122,"NY007027669A",0.742233220747082,"State"
5003,20231122,"NY015035742A",0.838745276393673,"State"
5004,20231122,"NY017021423A",0.742132896364913,"State"
5005,20231122,"NY019021831A",0.971073136474601,"State"
5006,20231122,"NY019022195A",0.984817576831756,"State"
5007,20231122,"NY023027561A",0.74520951075143,"State"
5008,20231122,"NY027025976A",0.765040296960171,"State"
5009,20231122,"NY027026255A",0.746012105808782,"State"
5010,20231122,"NY031021733A",0.932682339564592,"State"
5011,20231122,"NY051024449A",0.894860047486874,"State"
5012,20231122,"NY055026794A",0.681871384142059,"State"
5013,20231122,"NY055028231A",0.832725813463532,"State"
5014,20231122,"NY059021822A",0.930776176303381,"State"
5015,20231122,"NY059023523A",0.963849780958432,"State"
5016,20231122,"NY059026450A",0.90950740728355,"State"
5017,20231122,"NY059026620A",0.917466474935625,"State"
5018,20231122,"NY065036790A",0.792395411831589,"State"
5019,20231122,"NY071023680A",0.903153529746179,"State"
5020,20231122,"NY071031518A",0.756713373240143,"State"
5021,20231122,"NY077031151A",0.818245660970471,"State"
5022,20231122,"NY079031356A",0.872420827341738,"State"
5023,20231122,"NY087028851A",0.613818011570745,"State"
5024,20231122,"NY091028240A",0.793866836103401,"State"
5025,20231122,"NY103020061A",0.844129351570077,"State"
5026,20231122,"NY103076988A",0.971006253553155,"State"
5027,20231122,"NY103080683A",0.808514195900077,"State"
5028,20231122,"NY115183695A",0.954854028023944,"State"
5029,20231122,"NY117027171A",0.923485937865766,"State"
5030,20231123,"NY095024201A",0.975989031200883,"State"
5031,20231123,"NY119026786A",0.94411931913186,"State"
5032,20231125,"NY045025984A",0.96983580242785,"State"
5033,20231126,"NY055028339A",0.935157007658095,"State"
5034,20231126,"NY067027081A",0.854529645854931,"State"
5035,20231126,"NY067027596A",0.946092365314517,"State"
5036,20231126,"NY067027723A",0.977059157944019,"State"
5037,20231126,"NY067030317A",0.918335952914423,"State"
5038,20231126,"NY119026697A",0.953148513527071,"State"
5039,20231127,"NY013027961A",0.918235628532254,"State"
5040,20231127,"NY023027561A",0.773500986523091,"State"
5041,20231127,"NY029022136A",0.977427014011972,"State"
5042,20231127,"NY029028436A",0.961308229943484,"State"
5043,20231127,"NY031021733A",0.985352640203324,"State"
5044,20231127,"NY035026042A",0.831622245259673,"State"
5045,20231127,"NY043036528A",0.900946393338461,"State"
5046,20231127,"NY055028231A",0.910142795037287,"State"
5047,20231127,"NY059026450A",0.928769688660001,"State"
5048,20231127,"NY059026859A",0.930174230010367,"State"
5049,20231127,"NY063022331A",0.8437280540414,"State"
5050,20231127,"NY063026336A",0.924723271912517,"State"
5051,20231127,"NY063027057A",0.951275791726583,"State"
5052,20231127,"NY063027766A",0.953783901280808,"State"
5053,20231127,"NY063027979A",0.929070661806508,"State"
5054,20231127,"NY065025780B",0.977092599404742,"State"
5055,20231127,"NY065025780C",0.976055914122329,"State"
5056,20231127,"NY065030864A",0.933685583386282,"State"
5057,20231127,"NY089020117A",0.958666354546367,"State"
5058,20231127,"NY089031194A",0.949503394308263,"State"
5059,20231127,"NY091028240A",0.970103334113634,"State"
5060,20231127,"NY103104809A",0.936862522154968,"State"
5061,20231127,"NY113029050A",0.801625254991138,"State"
5062,20231128,"NY001025739A",0.975052670300639,"State"
5063,20231128,"NY007024414B",0.95291442330201,"State"
5064,20231128,"NY007024414C",0.973012741196535,"State"
5065,20231128,"NY007027669A",0.9681637293917,"State"
5066,20231128,"NY013021334A",0.957328696117446,"State"
5067,20231128,"NY013027570A",0.82580343109387,"State"
5068,20231128,"NY019023949A",0.933752466307728,"State"
5069,20231128,"NY019025097A",0.903755476039193,"State"
5070,20231128,"NY029022543A",0.965254322308798,"State"
5071,20231128,"NY029025950B",0.967561783098686,"State"
5072,20231128,"NY029026395B",0.984349396381634,"State"
5073,20231128,"NY029026395C",0.962913420058188,"State"
5074,20231128,"NY029028410A",0.857740026084339,"State"
5075,20231128,"NY029095401A",0.973380597264489,"State"
5076,20231128,"NY031022187A",0.95191117948032,"State"
5077,20231128,"NY051024384A",0.951309233187306,"State"
5078,20231128,"NY055028339A",0.592181386482962,"State"
5079,20231128,"NY059026620A",0.927666120456141,"State"
5080,20231128,"NY059026841A",0.927498913152527,"State"
5081,20231128,"NY059026999A",0.99087048122262,"State"
5082,20231128,"NY063027774A",0.962278032304451,"State"
5083,20231128,"NY065021377A",0.956994281510216,"State"
5084,20231128,"NY065030864A",0.961609203089991,"State"
5085,20231128,"NY083087971A",0.94067484867739,"State"
5086,20231128,"NY089029831A",0.803464535330903,"State"
5087,20231128,"NY093020516A",0.972243587599906,"State"
5088,20231128,"NY101025712A",0.624017657091262,"State"
5089,20231128,"NY103024881A",0.752967929639167,"State"
5090,20231128,"NY103065358A",0.946393338461024,"State"
5091,20231128,"NY103079324A",0.969334180517005,"State"
5092,20231128,"NY103104809A",0.968397819616761,"State"
5093,20231128,"NY103206644A",0.898505166705682,"State"
5094,20231128,"NY109020958A",0.978229609069324,"State"
5095,20231128,"NY111029351A",0.718088486105073,"State"
5096,20231129,"NY001022225A",0.644249740828679,"State"
5097,20231129,"NY007027669A",0.975487409290038,"State"
5098,20231129,"NY013106895A",0.835167040096311,"State"
5099,20231129,"NY019026018A",0.975688058054376,"State"
5100,20231129,"NY025027154A",0.951075142962245,"State"
5101,20231129,"NY027026255A",0.912517138748621,"State"
5102,20231129,"NY031021733A",0.814968397819617,"State"
5103,20231129,"NY031022969A",0.949503394308263,"State"
5104,20231129,"NY043036528A",0.878373407350433,"State"
5105,20231129,"NY049020125A",0.787078219576631,"State"
5106,20231129,"NY055021610A",0.970471190181587,"State"
5107,20231129,"NY057024333A",0.961107581179146,"State"
5108,20231129,"NY059023523A",0.960973815336254,"State"
5109,20231129,"NY059026450A",0.979667591880413,"State"
5110,20231129,"NY059026859A",0.968029963548808,"State"
5111,20231129,"NY065022110A",0.955991037688526,"State"
5112,20231129,"NY065036790A",0.772899040230077,"State"
5113,20231129,"NY071026310A",0.883389626458884,"State"
5114,20231129,"NY071026522A",0.694746346520416,"State"
5115,20231129,"NY071030490A",0.972109821757014,"State"
5116,20231129,"NY075029106A",0.874460756445842,"State"
5117,20231129,"NY075029114A",0.746313078955289,"State"
5118,20231129,"NY083026034A",0.949102096779587,"State"
5119,20231129,"NY083087971A",0.87422666622078,"State"
5120,20231129,"NY087026051A",0.969802360967127,"State"
5121,20231129,"NY087028533A",0.907969100090292,"State"
5122,20231129,"NY089020818A",0.957763435106845,"State"
5123,20231129,"NY089031194A",0.96782931478447,"State"
5124,20231129,"NY091028240A",0.949235862622479,"State"
5125,20231129,"NY095024201A",0.882687355783701,"State"
5126,20231129,"NY103076988A",0.830150820987861,"State"
5127,20231129,"NY103080683A",0.909875263351503,"State"
5128,20231129,"NY105022454A",0.956559542520817,"State"
5129,20231129,"NY107029262A",0.955556298699127,"State"
5130,20231129,"NY111029351A",0.898471725244959,"State"
5131,20231129,"NY119026786A",0.934454736982911,"State"
5132,20231129,"NY119100803A",0.959268300839381,"State"
5133,20231129,"NY119108324A",0.985051667056817,"State"
5134,20231130,"NY001025739A",0.709560913620707,"State"
5135,20231130,"NY007024414B",0.95869979600709,"State"
5136,20231130,"NY011021903A",0.879945156004414,"State"
5137,20231130,"NY019021831A",0.940106343845099,"State"
5138,20231130,"NY023027561A",0.866535130254489,"State"
5139,20231130,"NY025026565A",0.982944855031268,"State"
5140,20231130,"NY029032093A",0.957429020499615,"State"
5141,20231130,"NY033030376A",0.838143330100659,"State"
5142,20231130,"NY051032328A",0.95047319666923,"State"
5143,20231130,"NY053026956A",0.870347456776912,"State"
5144,20231130,"NY055021610A",0.977460455472695,"State"
5145,20231130,"NY057020290A",0.921345684379494,"State"
5146,20231130,"NY059026620A",0.927900210681203,"State"
5147,20231130,"NY059026778A",0.763267899541852,"State"
5148,20231130,"NY059026841A",0.934521619904357,"State"
5149,20231130,"NY059026999A",0.979567267498244,"State"
5150,20231130,"NY065025780C",0.969334180517005,"State"
5151,20231130,"NY069023531A",0.942714777781493,"State"
5152,20231130,"NY071026522A",0.964317961408554,"State"
5153,20231130,"NY077031151A",0.939705046316423,"State"
5154,20231130,"NY087028533A",0.984817576831756,"State"
5155,20231130,"NY087031895A",0.935023241815202,"State"
5156,20231130,"NY089029831A",0.918168745610808,"State"
5157,20231130,"NY093020516A",0.933117078553991,"State"
5158,20231130,"NY097271942A",0.960438751964686,"State"
5159,20231130,"NY099033308A",0.975754940975822,"State"
5160,20231130,"NY101023906A",0.813363207704913,"State"
5161,20231130,"NY101025712A",0.842624485837541,"State"
5162,20231130,"NY103079324A",0.961274788482761,"State"
5163,20231130,"NY103104809A",0.82891348694111,"State"
5164,20231130,"NY113029050A",0.957128047353108,"State"
5165,20231130,"NY117027171A",0.930073905628198,"State"
5166,20231130,"NY119026701A",0.973882219175334,"State"
5167,20231203,"NY039033545A",0.865732535197137,"State"
5168,20231203,"NY055028339A",0.953750459820085,"State"
5169,20231203,"NY067027081A",0.970905929170986,"State"
5170,20231203,"NY067027596A",0.969133531752667,"State"
5171,20231203,"NY067027618A",0.953817342741531,"State"
5172,20231203,"NY067030317A",0.941644651038357,"State"
5173,20231203,"NY119026689A",0.952379359930442,"State"
5174,20231203,"NY119026701A",0.918570043139484,"State"
5175,20231203,"NY119026719A",0.79975253319065,"State"
5176,20231203,"NY119026786A",0.93488947597231,"State"
5177,20231203,"NY119100803A",0.957897200949738,"State"
5178,20231204,"NY001026875A",0.792729826438819,"State"
5179,20231204,"NY019026018A",0.967093602648564,"State"
5180,20231204,"NY023027561A",0.916831087181888,"State"
5181,20231204,"NY027026255A",0.971273785238939,"State"
5182,20231204,"NY029028436A",0.97217670467846,"State"
5183,20231204,"NY031021733A",0.965822827141089,"State"
5184,20231204,"NY035026042A",0.757248436611711,"State"
5185,20231204,"NY043036528A",0.962746212754573,"State"
5186,20231204,"NY045025984B",0.56934086880915,"State"
5187,20231204,"NY055028231A",0.912483697287898,"State"
5188,20231204,"NY059026450A",0.971574758385446,"State"
5189,20231204,"NY059026859A",0.976524094572451,"State"
5190,20231204,"NY063022331A",0.932080393271578,"State"
5191,20231204,"NY063026336A",0.959067652075043,"State"
5192,20231204,"NY063027766A",0.967528341637963,"State"
5193,20231204,"NY063027979A",0.942514129017155,"State"
5194,20231204,"NY065025780C",0.606360565829515,"State"
5195,20231204,"NY065030864A",0.697488546299702,"State"
5196,20231204,"NY103104809A",0.826906999297729,"State"
5197,20231204,"NY105030724A",0.70146808012574,"State"
5198,20231205,"NY001025739A",0.978196167608601,"State"
5199,20231205,"NY007024414C",0.98174096244524,"State"
5200,20231205,"NY007027669A",0.978497140755108,"State"
5201,20231205,"NY009027162A",0.849714075510818,"State"
5202,20231205,"NY019021831A",0.827843360197973,"State"
5203,20231205,"NY021022039A",0.94946995284754,"State"
5204,20231205,"NY027149209A",0.978430257833662,"State"
5205,20231205,"NY029022136A",0.970069892652911,"State"
5206,20231205,"NY029022543A",0.965187439387352,"State"
5207,20231205,"NY029025950B",0.969869243888573,"State"
5208,20231205,"NY029026395B",0.932983312711099,"State"
5209,20231205,"NY029026395C",0.968932882988329,"State"
5210,20231205,"NY029028410A",0.915995050663813,"State"
5211,20231205,"NY031022187A",0.699996655853928,"State"
5212,20231205,"NY051024384A",0.878640939036217,"State"
5213,20231205,"NY051030635A",0.957094605892385,"State"
5214,20231205,"NY053029807A",0.593485603451159,"State"
5215,20231205,"NY055026794A",0.978263050530047,"State"
5216,20231205,"NY055028339A",0.963348159047587,"State"
5217,20231205,"NY059026620A",0.978831555362338,"State"
5218,20231205,"NY059026778A",0.979232852891014,"State"
5219,20231205,"NY059026841A",0.972711768050028,"State"
5220,20231205,"NY059026999A",0.984851018292479,"State"
5221,20231205,"NY063027774A",0.962813095676019,"State"
5222,20231205,"NY065020249A",0.783566866200716,"State"
5223,20231205,"NY065021377A",0.965588736916029,"State"
5224,20231205,"NY065029076A",0.963749456576263,"State"
5225,20231205,"NY067025461A",0.799585325887035,"State"
5226,20231205,"NY071023680A",0.929304752031569,"State"
5227,20231205,"NY071027901A",0.916028492124536,"State"
5228,20231205,"NY071031518A",0.980704277162826,"State"
5229,20231205,"NY075029114A",0.884392870280574,"State"
5230,20231205,"NY079022721A",0.954887469484667,"State"
5231,20231205,"NY083087971A",0.975453967829315,"State"
5232,20231205,"NY087026051A",0.975520850750761,"State"
5233,20231205,"NY087031895A",0.616827743035816,"State"
5234,20231205,"NY089020818A",0.578537270507976,"State"
5235,20231205,"NY093020516A",0.809350232418152,"State"
5236,20231205,"NY093023973A",0.980102330869812,"State"
5237,20231205,"NY103021750A",0.952546567234057,"State"
5238,20231205,"NY103024881A",0.967461458716517,"State"
5239,20231205,"NY103079324A",0.985954586496338,"State"
5240,20231205,"NY103104809A",0.984917901213925,"State"
5241,20231205,"NY103206644A",0.971976055914122,"State"
5242,20231205,"NY109026638A",0.983178945256329,"State"
5243,20231205,"NY117029475A",0.939103100023409,"State"
5244,20231205,"NY121021504A",0.839848844597532,"State"
5245,20231206,"NY001022225A",0.954954352406113,"State"
5246,20231206,"NY007027669A",0.971073136474601,"State"
5247,20231206,"NY019022195A",0.97184229007123,"State"
5248,20231206,"NY019026018A",0.960304986121794,"State"
5249,20231206,"NY025027154A",0.965187439387352,"State"
5250,20231206,"NY027026255A",0.762933484934622,"State"
5251,20231206,"NY031021733A",0.953516369595024,"State"
5252,20231206,"NY031036706A",0.914590509313447,"State"
5253,20231206,"NY049020125A",0.880881516904658,"State"
5254,20231206,"NY055026794A",0.987191920543089,"State"
5255,20231206,"NY055028231A",0.976557536033174,"State"
5256,20231206,"NY059023523A",0.968330936695315,"State"
5257,20231206,"NY059026450A",0.953650135437916,"State"
5258,20231206,"NY059026859A",0.97729324816908,"State"
5259,20231206,"NY065022110A",0.966291007591212,"State"
5260,20231206,"NY071026310A",0.971909172992676,"State"
5261,20231206,"NY075020257A",0.96782931478447,"State"
5262,20231206,"NY075026301A",0.947563789586329,"State"
5263,20231206,"NY075029106A",0.889542855231917,"State"
5264,20231206,"NY075029114A",0.695749590342106,"State"
5265,20231206,"NY083026034A",0.841755007858743,"State"
5266,20231206,"NY083087971A",0.939805370698592,"State"
5267,20231206,"NY087270598A",0.654583152192088,"State"
5268,20231206,"NY089031194A",0.97217670467846,"State"
5269,20231206,"NY091028240A",0.761930241112932,"State"
5270,20231206,"NY095024201A",0.923887235394442,"State"
5271,20231206,"NY103020061A",0.943952111828245,"State"
5272,20231206,"NY103065358A",0.69635153663512,"State"
5273,20231206,"NY103076988A",0.902217168845935,"State"
5274,20231206,"NY103080683A",0.961508878707822,"State"
5275,20231206,"NY107029262A",0.961910176236498,"State"
5276,20231206,"NY109020958A",0.970972812092432,"State"
5277,20231206,"NY109026638A",0.977226365247634,"State"
5278,20231206,"NY111029351A",0.721566398020266,"State"
5279,20231206,"NY111031208A",0.954787145102498,"State"
5280,20231207,"NY007024414C",0.982677323345484,"State"
5281,20231207,"NY023027561A",0.955790388924188,"State"
5282,20231207,"NY029032093A",0.960070895896733,"State"
5283,20231207,"NY029095401A",0.951075142962245,"State"
5284,20231207,"NY031022969A",0.89124836972879,"State"
5285,20231207,"NY035026042A",0.917031735946226,"State"
5286,20231207,"NY045025984A",0.975219877604254,"State"
5287,20231207,"NY053026956A",0.803297328027288,"State"
5288,20231207,"NY055021610A",0.960605959268301,"State"
5289,20231207,"NY057020290A",0.970404307260141,"State"
5290,20231207,"NY059021822A",0.977192923786911,"State"
5291,20231207,"NY059026841A",0.909273317058489,"State"
5292,20231207,"NY059026999A",0.968598468381099,"State"
5293,20231207,"NY065025780B",0.978497140755108,"State"
5294,20231207,"NY065025780C",0.947730996889944,"State"
5295,20231207,"NY069023531A",0.686452864261111,"State"
5296,20231207,"NY071026522A",0.732802728823195,"State"
5297,20231207,"NY077031151A",0.960773166571916,"State"
5298,20231207,"NY089029831A",0.912584021670067,"State"
5299,20231207,"NY089236586A",0.964819583319399,"State"
5300,20231207,"NY099033308A",0.839347222686687,"State"
5301,20231207,"NY103079324A",0.973213389960873,"State"
5302,20231207,"NY103104809A",0.987559776611042,"State"
5303,20231207,"NY113029050A",0.97217670467846,"State"
5304,20231207,"NY115183695A",0.973480921646658,"State"
5305,20231207,"NY119100803A",0.738454335685383,"State"
5306,20231207,"NY119108324A",0.766210748085476,"State"
5307,20231210,"NY045025984A",0.921880747751062,"State"
5308,20231210,"NY055028339A",0.965822827141089,"State"
5309,20231210,"NY065020494A",0.651004915894726,"State"
5310,20231210,"NY067027081A",0.980804601544995,"State"
5311,20231210,"NY067027596A",0.968698792763268,"State"
5312,20231210,"NY067027618A",0.974918904457747,"State"
5313,20231210,"NY067027723A",0.964919907701568,"State"
5314,20231210,"NY067030317A",0.891549342875297,"State"
5315,20231210,"NY067030571A",0.949737484533324,"State"
5316,20231210,"NY119026689A",0.962779654215296,"State"
5317,20231210,"NY119026697A",0.959134534996489,"State"
5318,20231210,"NY119026786A",0.92953884225663,"State"
5319,20231210,"NY119108324A",0.872521151723907,"State"
5320,20231211,"NY001026867A",0.968364378156038,"State"
5321,20231211,"NY001026875A",0.946527104303916,"State"
5322,20231211,"NY013027961A",0.885396114102264,"State"
5323,20231211,"NY019026018A",0.947898204193559,"State"
5324,20231211,"NY023027561A",0.964117312644216,"State"
5325,20231211,"NY027026255A",0.885396114102264,"State"
5326,20231211,"NY029028436A",0.954553054877437,"State"
5327,20231211,"NY029095401A",0.972277029060629,"State"
5328,20231211,"NY031021733A",0.970237099956526,"State"
5329,20231211,"NY035026042A",0.915493428752968,"State"
5330,20231211,"NY039033545A",0.868675383740762,"State"
5331,20231211,"NY043036528A",0.952412801391165,"State"
5332,20231211,"NY059026450A",0.984550045145972,"State"
5333,20231211,"NY059026859A",0.96371601511554,"State"
5334,20231211,"NY063022331A",0.946961843293315,"State"
5335,20231211,"NY063026336A",0.924790154833963,"State"
5336,20231211,"NY063027057A",0.965956592983982,"State"
5337,20231211,"NY063027766A",0.944855031267766,"State"
5338,20231211,"NY063027979A",0.959569273985888,"State"
5339,20231211,"NY065025780B",0.965655619837474,"State"
5340,20231211,"NY065025780C",0.977594221315587,"State"
5341,20231211,"NY087031895A",0.946761194528977,"State"
5342,20231211,"NY089020117A",0.937598234290874,"State"
5343,20231211,"NY089031194A",0.972444236364244,"State"
5344,20231211,"NY091028240A",0.956325452295756,"State"
5345,20231212,"NY001025739A",0.968096846470254,"State"
5346,20231212,"NY007024414B",0.971140019396047,"State"
5347,20231212,"NY007027669A",0.991739959201418,"State"
5348,20231212,"NY009027162A",0.815503461191185,"State"
5349,20231212,"NY011021903A",0.966458214894827,"State"
5350,20231212,"NY013021334A",0.927666120456141,"State"
5351,20231212,"NY013027570A",0.96003745443601,"State"
5352,20231212,"NY019023949A",0.935825836872555,"State"
5353,20231212,"NY019025097A",0.980503628398488,"State"
5354,20231212,"NY027149209A",0.928936895963616,"State"
5355,20231212,"NY029025950B",0.950138782062,"State"
5356,20231212,"NY029026395B",0.974450724007625,"State"
5357,20231212,"NY029026395C",0.965789385680367,"State"
5358,20231212,"NY029028410A",0.919573286961174,"State"
5359,20231212,"NY031022187A",0.978764672440892,"State"
5360,20231212,"NY051024384A",0.954285523191653,"State"
5361,20231212,"NY053021539A",0.973246831421597,"State"
5362,20231212,"NY053028525A",0.976825067718958,"State"
5363,20231212,"NY055021610A",0.958064408253352,"State"
5364,20231212,"NY057020290A",0.98097180884861,"State"
5365,20231212,"NY059026620A",0.963515366351202,"State"
5366,20231212,"NY059026999A",0.977493896933418,"State"
5367,20231212,"NY063027774A",0.770892552586697,"State"
5368,20231212,"NY065021377A",0.793766511721232,"State"
5369,20231212,"NY065021385A",0.937029729458583,"State"
5370,20231212,"NY065029076A",0.947195933518376,"State"
5371,20231212,"NY067025461A",0.97729324816908,"State"
5372,20231212,"NY069025968A",0.985218874360432,"State"
5373,20231212,"NY071024422A",0.977226365247634,"State"
5374,20231212,"NY071026328A",0.95023910644417,"State"
5375,20231212,"NY071027901A",0.975186436143531,"State"
5376,20231212,"NY071031518A",0.990602949536836,"State"
5377,20231212,"NY075029106A",0.962344915225897,"State"
5378,20231212,"NY083087971A",0.974383841086179,"State"
5379,20231212,"NY089020818A",0.974684814232686,"State"
5380,20231212,"NY089029831A",0.97461793131124,"State"
5381,20231212,"NY089236586A",0.971106577935324,"State"
5382,20231212,"NY093020516A",0.924455740226733,"State"
5383,20231212,"NY099022365A",0.970571514563756,"State"
5384,20231212,"NY101025712A",0.947162492057653,"State"
5385,20231212,"NY109020958A",0.983112062334883,"State"
5386,20231212,"NY109026638A",0.971240343778216,"State"
5387,20231212,"NY111029351A",0.889308765006856,"State"
5388,20231212,"NY113094366A",0.960304986121794,"State"
5389,20231212,"NY117029475A",0.977259806708357,"State"
5390,20231212,"NY119026701A",0.720797244423636,"State"
5391,20231212,"NY121021504A",0.956492659599371,"State"
5392,20231213,"NY007027669A",0.958632913085644,"State"
5393,20231213,"NY015035742A",0.701033341136341,"State"
5394,20231213,"NY015036986A",0.90917299267632,"State"
5395,20231213,"NY019021831A",0.820084941310236,"State"
5396,20231213,"NY025027154A",0.977761428619202,"State"
5397,20231213,"NY025029271A",0.984249071999465,"State"
5398,20231213,"NY027026255A",0.80209343544126,"State"
5399,20231213,"NY031021733A",0.947597231047052,"State"
5400,20231213,"NY031036706A",0.930441761696151,"State"
5401,20231213,"NY045025984A",0.943383606995954,"State"
5402,20231213,"NY045025984B",0.879844831622245,"State"
5403,20231213,"NY049020125A",0.941979065645587,"State"
5404,20231213,"NY051024449A",0.971240343778216,"State"
5405,20231213,"NY055026794A",0.669163629067318,"State"
5406,20231213,"NY059026450A",0.985820820653446,"State"
5407,20231213,"NY059026859A",0.909005785372705,"State"
5408,20231213,"NY065022110A",0.818212219509748,"State"
5409,20231213,"NY065036790A",0.943216399692339,"State"
5410,20231213,"NY071022144A",0.970772163328094,"State"
5411,20231213,"NY071026310A",0.917466474935625,"State"
5412,20231213,"NY071026522A",0.988195164364779,"State"
5413,20231213,"NY071030490A",0.987058154700197,"State"
5414,20231213,"NY075026301A",0.952379359930442,"State"
5415,20231213,"NY075029106A",0.79196067284219,"State"
5416,20231213,"NY075029114A",0.947229374979099,"State"
5417,20231213,"NY079031356A",0.992074373808648,"State"
5418,20231213,"NY083026034A",0.896097381533625,"State"
5419,20231213,"NY083087971A",0.761997124034378,"State"
5420,20231213,"NY087026051A",0.939203424405578,"State"
5421,20231213,"NY087028533A",0.948667357790188,"State"
5422,20231213,"NY087270598A",0.946192689696686,"State"
5423,20231213,"NY089031194A",0.91362070695248,"State"
5424,20231213,"NY091028240A",0.977493896933418,"State"
5425,20231213,"NY095024201A",0.968866000066883,"State"
5426,20231213,"NY103076988A",0.979099087048122,"State"
5427,20231213,"NY103080683A",0.984382837842357,"State"
5428,20231213,"NY105022454A",0.985285757281878,"State"
5429,20231213,"NY107029262A",0.986456208407183,"State"
5430,20231213,"NY109026638A",0.653479583988229,"State"
5431,20231213,"NY111030082A",0.961843293315052,"State"
5432,20231213,"NY119026689A",0.972310470521352,"State"
5433,20231213,"NY119026697A",0.707353777212989,"State"
5434,20231213,"NY119026701A",0.854061465404809,"State"
5435,20231213,"NY119026786A",0.940474199913052,"State"
5436,20231213,"NY119100803A",0.879777948700799,"State"
5437,20231213,"NY119108324A",0.902785673678226,"State"
5438,20231213,"NY123029726A",0.941243353509681,"State"
5439,20231214,"NY001025739A",0.979767916262582,"State"
5440,20231214,"NY007024414B",0.916396348192489,"State"
5441,20231214,"NY007024414C",0.978564023676554,"State"
5442,20231214,"NY009027162A",0.913018760659466,"State"
5443,20231214,"NY025020265A",0.929706049560245,"State"
5444,20231214,"NY025026531A",0.977025716483296,"State"
5445,20231214,"NY025026565A",0.91964016988262,"State"
5446,20231214,"NY027025976A",0.946995284754038,"State"
5447,20231214,"NY029022543A",0.975253319064977,"State"
5448,20231214,"NY029032093A",0.968464702538207,"State"
5449,20231214,"NY041026484A",0.976891950640404,"State"
5450,20231214,"NY045025984A",0.764170818981373,"State"
5451,20231214,"NY051032328A",0.987058154700197,"State"
5452,20231214,"NY057020290A",0.613951777413637,"State"
5453,20231214,"NY059021822A",0.955890713306357,"State"
5454,20231214,"NY059026620A",0.979266294351737,"State"
5455,20231214,"NY059026778A",0.981105574691503,"State"
5456,20231214,"NY059026841A",0.989900678861653,"State"
5457,20231214,"NY059026999A",0.984249071999465,"State"
5458,20231214,"NY065025780B",0.974316958164733,"State"
5459,20231214,"NY065025780C",0.971039695013878,"State"
5460,20231214,"NY069023531A",0.675417182222519,"State"
5461,20231214,"NY071026328A",0.978497140755108,"State"
5462,20231214,"NY071026522A",0.976323445808113,"State"
5463,20231214,"NY071031518A",0.844396883255861,"State"
5464,20231214,"NY087031895A",0.970237099956526,"State"
5465,20231214,"NY089020818A",0.98441627930308,"State"
5466,20231214,"NY093020516A",0.977427014011972,"State"
5467,20231214,"NY097271942A",0.980236096712704,"State"
5468,20231214,"NY099033308A",0.959669598368057,"State"
5469,20231214,"NY101021431A",0.678661003912651,"State"
5470,20231214,"NY101023906A",0.916831087181888,"State"
5471,20231214,"NY101025712A",0.944855031267766,"State"
5472,20231214,"NY103021750A",0.981573755141625,"State"
5473,20231214,"NY103079324A",0.780088954285523,"State"
5474,20231214,"NY103104809A",0.980704277162826,"State"
5475,20231214,"NY105024520A",0.97217670467846,"State"
5476,20231214,"NY105035645A",0.958967327692874,"State"
5477,20231217,"NY055028339A",0.648664013644116,"State"
5478,20231217,"NY113029050A",0.80687556432465,"State"
5479,20231217,"NY119026689A",0.984148747617296,"State"
5480,20231217,"NY119026701A",0.860783199010133,"State"
5481,20231217,"NY119100803A",0.988362371668394,"State"
5482,20231217,"NY119108324A",0.973313714343042,"State"
5483,20231218,"NY027026255A",0.937163495301475,"State"
5484,20231218,"NY029028436A",0.973748453332442,"State"
5485,20231218,"NY035026042A",0.764003611677758,"State"
5486,20231218,"NY043036528A",0.979065645587399,"State"
5487,20231218,"NY055028231A",0.787646724408922,"State"
5488,20231218,"NY059026450A",0.981239340534395,"State"
5489,20231218,"NY059026778A",0.90883857806909,"State"
5490,20231218,"NY059026859A",0.934688827207972,"State"
5491,20231218,"NY063022331A",0.891549342875297,"State"
5492,20231218,"NY063026336A",0.88613182623817,"State"
5493,20231218,"NY063027057A",0.963080627361803,"State"
5494,20231218,"NY063027766A",0.983948098852958,"State"
5495,20231218,"NY063027979A",0.966692305119888,"State"
5496,20231218,"NY065025780B",0.983780891549343,"State"
5497,20231218,"NY065025780C",0.921479450222386,"State"
5498,20231218,"NY065030864A",0.967595224559409,"State"
5499,20231218,"NY087031895A",0.98541952312477,"State"
5500,20231218,"NY089031194A",0.972410794903521,"State"
5501,20231218,"NY103020061A",0.985151991438986,"State"
5502,20231218,"NY103104809A",0.956492659599371,"State"
5503,20231219,"NY001025739A",0.95803096679263,"State"
5504,20231219,"NY007024414B",0.969033207370498,"State"
5505,20231219,"NY007024414C",0.959167976457212,"State"
5506,20231219,"NY009027162A",0.856134835969635,"State"
5507,20231219,"NY013027570A",0.844062468648631,"State"
5508,20231219,"NY013027961A",0.95692739858877,"State"
5509,20231219,"NY019023949A",0.966458214894827,"State"
5510,20231219,"NY019025097A",0.921044711232987,"State"
5511,20231219,"NY027149209A",0.976825067718958,"State"
5512,20231219,"NY029022136A",0.974149750861118,"State"
5513,20231219,"NY029095401A",0.971675082767615,"State"
5514,20231219,"NY031022187A",0.960940373875531,"State"
5515,20231219,"NY051024384A",0.861552352606762,"State"
5516,20231219,"NY051030635A",0.978898438283784,"State"
5517,20231219,"NY053021539A",0.965421529612413,"State"
5518,20231219,"NY053029807A",0.975353643447146,"State"
5519,20231219,"NY055028339A",0.985319198742601,"State"
5520,20231219,"NY059026620A",0.965321205230244,"State"
5521,20231219,"NY063027774A",0.975186436143531,"State"
5522,20231219,"NY065021377A",0.967996522088085,"State"
5523,20231219,"NY067025461A",0.943617697221015,"State"
5524,20231219,"NY069025968A",0.599371300538407,"State"
5525,20231219,"NY071023680A",0.983178945256329,"State"
5526,20231219,"NY071024422A",0.928468715513494,"State"
5527,20231219,"NY071026310A",0.965956592983982,"State"
5528,20231219,"NY071026328A",0.976256562886667,"State"
5529,20231219,"NY071027901A",0.874460756445842,"State"
5530,20231219,"NY075029106A",0.919740494264789,"State"
5531,20231219,"NY083087971A",0.955121559709728,"State"
5532,20231219,"NY089020818A",0.87633347824633,"State"
5533,20231219,"NY089029831A",0.898404842323513,"State"
5534,20231219,"NY089236586A",0.939537839012808,"State"
5535,20231219,"NY093020516A",0.829950172223523,"State"
5536,20231219,"NY093023973A",0.583219075009196,"State"
5537,20231219,"NY099022365A",0.971741965689061,"State"
5538,20231219,"NY101021431A",0.97695883356185,"State"
5539,20231219,"NY101023906A",0.766678928535598,"State"
5540,20231219,"NY101025712A",0.978497140755108,"State"
5541,20231219,"NY103021750A",0.985218874360432,"State"
5542,20231219,"NY103065358A",0.836638464368124,"State"
5543,20231219,"NY103104809A",0.889609738153363,"State"
5544,20231219,"NY103206644A",0.978129284687155,"State"
5545,20231219,"NY111029351A",0.866167274186536,"State"
5546,20231219,"NY113094366A",0.951309233187306,"State"
5547,20231219,"NY117029475A",0.967528341637963,"State"
5548,20231219,"NY121021504A",0.985452964585493,"State"
5549,20231220,"NY001022225A",0.980938367387888,"State"
5550,20231220,"NY003023515A",0.948433267565127,"State"
5551,20231220,"NY007027669A",0.977159482326188,"State"
5552,20231220,"NY013027961A",0.913353175266696,"State"
5553,20231220,"NY013106895A",0.944286526435475,"State"
5554,20231220,"NY015035742A",0.890847072200114,"State"
5555,20231220,"NY015036986A",0.922549576965522,"State"
5556,20231220,"NY017021423A",0.982376350198977,"State"
5557,20231220,"NY019022195A",0.936829080694245,"State"
5558,20231220,"NY019026018A",0.949202421161756,"State"
5559,20231220,"NY025027154A",0.891850316021804,"State"
5560,20231220,"NY025029271A",0.863893254857372,"State"
5561,20231220,"NY027026255A",0.911915192455606,"State"
5562,20231220,"NY029025950B",0.960505634886132,"State"
5563,20231220,"NY029026395B",0.970972812092432,"State"
5564,20231220,"NY029026395C",0.976055914122329,"State"
5565,20231220,"NY029028410A",0.979935123566197,"State"
5566,20231220,"NY031021733A",0.974985787379193,"State"
5567,20231220,"NY045025151A",0.975186436143531,"State"
5568,20231220,"NY045025984A",0.907601244022339,"State"
5569,20231220,"NY045025984B",0.66963180951744,"State"
5570,20231220,"NY051024449A",0.972912416814366,"State"
5571,20231220,"NY055028231A",0.753402668628566,"State"
5572,20231220,"NY059023523A",0.963849780958432,"State"
5573,20231220,"NY059026450A",0.917433033474902,"State"
5574,20231220,"NY059026859A",0.934655385747249,"State"
5575,20231220,"NY065022110A",0.926395344948667,"State"
5576,20231220,"NY065036790A",0.918202187071531,"State"
5577,20231220,"NY071022144A",0.962177707922282,"State"
5578,20231220,"NY071026310A",0.686854161789787,"State"
5579,20231220,"NY071026522A",0.985720496271277,"State"
5580,20231220,"NY071030490A",0.979734474801859,"State"
5581,20231220,"NY075020257A",0.970738721867371,"State"
5582,20231220,"NY075029106A",0.952780657459118,"State"
5583,20231220,"NY075029114A",0.976925392101127,"State"
5584,20231220,"NY079022721A",0.967795873323747,"State"
5585,20231220,"NY079031356A",0.864662408454001,"State"
5586,20231220,"NY083087971A",0.970805604788817,"State"
5587,20231220,"NY087026051A",0.973547804568104,"State"
5588,20231220,"NY087028533A",0.963214393204695,"State"
5589,20231220,"NY087270598A",0.895495435240611,"State"
5590,20231220,"NY089020117A",0.955489415777681,"State"
5591,20231220,"NY089031194A",0.94067484867739,"State"
5592,20231220,"NY091028240A",0.945925158010902,"State"
5593,20231220,"NY095024201A",0.761729592348594,"State"
5594,20231220,"NY103020061A",0.932414807878808,"State"
5595,20231220,"NY103076988A",0.973915660636057,"State"
5596,20231220,"NY103080683A",0.912216165602113,"State"
5597,20231220,"NY107029262A",0.870648429923419,"State"
5598,20231220,"NY109020958A",0.948266060261512,"State"
5599,20231220,"NY109026638A",0.786777246430124,"State"
5600,20231220,"NY111029351A",0.911212921780423,"State"
5601,20231220,"NY111030082A",0.918837574825268,"State"
5602,20231220,"NY119100803A",0.757281878072434,"State"
5603,20231220,"NY119108324A",0.863792930475203,"State"
5604,20231220,"NY123029726A",0.976590977493897,"State"
5605,20231221,"NY001025739A",0.7800555128248,"State"
5606,20231221,"NY007024414B",0.841219944487175,"State"
5607,20231221,"NY007024414C",0.986556532789352,"State"
5608,20231221,"NY009027162A",0.915493428752968,"State"
5609,20231221,"NY011021903A",0.74143062568973,"State"
5610,20231221,"NY019021831A",0.963749456576263,"State"
5611,20231221,"NY023027561A",0.977126040865465,"State"
5612,20231221,"NY027025976A",0.968230612313146,"State"
5613,20231221,"NY027026271A",0.984048423235127,"State"
5614,20231221,"NY029032093A",0.915928167742367,"State"
5615,20231221,"NY031022969A",0.96070628365047,"State"
5616,20231221,"NY033030376A",0.84851018292479,"State"
5617,20231221,"NY035026042A",0.911380129084038,"State"
5618,20231221,"NY041026484A",0.935324214961709,"State"
5619,20231221,"NY053026956A",0.606594656054576,"State"
5620,20231221,"NY055021610A",0.732668962980303,"State"
5621,20231221,"NY055026794A",0.93221415911447,"State"
5622,20231221,"NY059021822A",0.954519613416714,"State"
5623,20231221,"NY059026620A",0.972310470521352,"State"
5624,20231221,"NY059026778A",0.926228137645052,"State"
5625,20231221,"NY059026841A",0.947831321272113,"State"
5626,20231221,"NY059026999A",0.975888706818714,"State"
5627,20231221,"NY063027979A",0.957997525331907,"State"
5628,20231221,"NY065020494A",0.948433267565127,"State"
5629,20231221,"NY065025780B",0.96615724174832,"State"
5630,20231221,"NY065025780C",0.974852021536301,"State"
5631,20231221,"NY069023531A",0.983212386717052,"State"
5632,20231221,"NY071023680A",0.839280339765241,"State"
5633,20231221,"NY071026328A",0.891515901414574,"State"
5634,20231221,"NY071026522A",0.956860515667324,"State"
5635,20231221,"NY071027901A",0.780456810353476,"State"
5636,20231221,"NY077031151A",0.977527338394141,"State"
5637,20231221,"NY083026034A",0.921245359997325,"State"
5638,20231221,"NY087028533A",0.982576998963315,"State"
5639,20231221,"NY087028851A",0.78105875664649,"State"
5640,20231221,"NY089020818A",0.864628966993278,"State"
5641,20231221,"NY089029831A",0.964652376015784,"State"
5642,20231221,"NY089236586A",0.887971106577935,"State"
5643,20231221,"NY093020516A",0.970705280406648,"State"
5644,20231221,"NY099033308A",0.940607965755944,"State"
5645,20231221,"NY101021431A",0.971608199846169,"State"
5646,20231221,"NY101023906A",0.767648730896566,"State"
5647,20231221,"NY101025712A",0.934856034511587,"State"
5648,20231221,"NY103021750A",0.936360900244123,"State"
5649,20231221,"NY103104809A",0.953215396448517,"State"
5650,20231221,"NY105030724A",0.985285757281878,"State"
5651,20231221,"NY113029050A",0.591010935357656,"State"
5652,20231221,"NY115024929A",0.966959836805672,"State"
5653,20231221,"NY115183695A",0.959268300839381,"State"
5654,20231221,"NY117027171A",0.851118616861185,"State"
5655,20231225,"NY029022136A",0.972644885128582,"State"
5656,20231225,"NY029022543A",0.945724509246564,"State"
5657,20231225,"NY063022331A",0.900311005584724,"State"
5658,20231225,"NY063027979A",0.981941611209578,"State"
5659,20231225,"NY067027081A",0.911146038858977,"State"
5660,20231225,"NY067027596A",0.969768919506404,"State"
5661,20231225,"NY067027618A",0.983847774470789,"State"
5662,20231225,"NY067027723A",0.956626425442263,"State"
5663,20231225,"NY067030317A",0.901113600642076,"State"
5664,20231225,"NY067030571A",0.977661104237033,"State"
5665,20231225,"NY119026689A",0.8902451259071,"State"
5666,20231225,"NY119026701A",0.970069892652911,"State"
5667,20231225,"NY119026719A",0.840684881115607,"State"
5668,20231225,"NY119026786A",0.943116075310169,"State"
5669,20231225,"NY119100803A",0.929906698324583,"State"
5670,20231226,"NY001025739A",0.956492659599371,"State"
5671,20231226,"NY007024414B",0.982844530649099,"State"
5672,20231226,"NY007024414C",0.964819583319399,"State"
5673,20231226,"NY007027669A",0.979400060194629,"State"
5674,20231226,"NY011021903A",0.922616459886968,"State"
5675,20231226,"NY013027570A",0.928401832592048,"State"
5676,20231226,"NY019023949A",0.972410794903521,"State"
5677,20231226,"NY027026255A",0.981373106377287,"State"
5678,20231226,"NY029025950B",0.969033207370498,"State"
5679,20231226,"NY029026395B",0.975086111761362,"State"
5680,20231226,"NY029026395C",0.972979299735812,"State"
5681,20231226,"NY029028410A",0.976156238504498,"State"
5682,20231226,"NY029028436A",0.977360131090526,"State"
5683,20231226,"NY031021733A",0.902752232217503,"State"
5684,20231226,"NY039033545A",0.984449720763803,"State"
5685,20231226,"NY043036528A",0.873056215095475,"State"
5686,20231226,"NY045025984B",0.790556131491824,"State"
5687,20231226,"NY051024384A",0.615857940674849,"State"
5688,20231226,"NY051030635A",0.78985386081664,"State"
5689,20231226,"NY055021610A",0.818245660970471,"State"
5690,20231226,"NY055028339A",0.908270073236799,"State"
5691,20231226,"NY059026841A",0.885295789720095,"State"
5692,20231226,"NY059026859A",0.970136775574357,"State"
5693,20231226,"NY059026999A",0.916730762799719,"State"
5694,20231226,"NY063026336A",0.930675851921212,"State"
5695,20231226,"NY063027057A",0.95458649633816,"State"
5696,20231226,"NY065021377A",0.934153763836404,"State"
5697,20231226,"NY065021385A",0.932648898103869,"State"
5698,20231226,"NY065025780B",0.941611209577634,"State"
5699,20231226,"NY065025780C",0.939069658562686,"State"
5700,20231226,"NY065030864A",0.586763869845835,"State"
5701,20231226,"NY069025968A",0.849212453599973,"State"
5702,20231226,"NY071024422A",0.649801023308698,"State"
5703,20231226,"NY071026328A",0.59739825435575,"State"
5704,20231226,"NY071027901A",0.70414339698358,"State"
5705,20231226,"NY071031518A",0.880480219375982,"State"
5706,20231226,"NY075029106A",0.846035514831288,"State"
5707,20231226,"NY075029114A",0.723673210045815,"State"
5708,20231226,"NY089029831A",0.729525465672341,"State"
5709,20231226,"NY089031194A",0.978931879744507,"State"
5710,20231226,"NY091028240A",0.969033207370498,"State"
5711,20231226,"NY093020516A",0.705982677323346,"State"
5712,20231226,"NY093023973A",0.747583854462763,"State"
5713,20231226,"NY101021431A",0.966324449051935,"State"
5714,20231226,"NY103020061A",0.969802360967127,"State"
5715,20231226,"NY103021750A",0.929137544727954,"State"
5716,20231226,"NY103024881A",0.887536367588536,"State"
5717,20231226,"NY103079324A",0.631140688225262,"State"
5718,20231226,"NY105035645A",0.830986857505936,"State"
5719,20231226,"NY109026638A",0.632311139350567,"State"
5720,20231226,"NY111029351A",0.776209744841655,"State"
5721,20231226,"NY113029050A",0.95023910644417,"State"
5722,20231226,"NY113094366A",0.948901448015249,"State"
5723,20231226,"NY117029475A",0.949202421161756,"State"
5724,20231227,"NY007027669A",0.970003009731465,"State"
5725,20231227,"NY013021334A",0.670568170417684,"State"
5726,20231227,"NY013106895A",0.928234625288433,"State"
5727,20231227,"NY015035742A",0.858609504063138,"State"
5728,20231227,"NY015036986A",0.876868541617898,"State"
5729,20231227,"NY017021423A",0.98541952312477,"State"
5730,20231227,"NY019021831A",0.915493428752968,"State"
5731,20231227,"NY019022195A",0.888004548038658,"State"
5732,20231227,"NY021022039A",0.842992341905494,"State"
5733,20231227,"NY025029271A",0.942647894860048,"State"
5734,20231227,"NY027026255A",0.969200414674113,"State"
5735,20231227,"NY031021733A",0.885663645788048,"State"
5736,20231227,"NY031022187A",0.795505467678828,"State"
5737,20231227,"NY037020907A",0.977159482326188,"State"
5738,20231227,"NY037026514A",0.974049426478949,"State"
5739,20231227,"NY049020125A",0.673243487275524,"State"
5740,20231227,"NY051024449A",0.951509881951644,"State"
5741,20231227,"NY055028231A",0.960171220278902,"State"
5742,20231227,"NY057024333A",0.838578069090058,"State"
5743,20231227,"NY059023523A",0.958465705782029,"State"
5744,20231227,"NY059026859A",0.942179714409925,"State"
5745,20231227,"NY063027057A",0.947430023743437,"State"
5746,20231227,"NY065022110A",0.954653379259606,"State"
5747,20231227,"NY065025780B",0.750961441995786,"State"
5748,20231227,"NY065025780C",0.976992275022573,"State"
5749,20231227,"NY065036790A",0.830117379527138,"State"
5750,20231227,"NY071022144A",0.929070661806508,"State"
5751,20231227,"NY071026310A",0.888205196802996,"State"
5752,20231227,"NY071026522A",0.792094438685082,"State"
5753,20231227,"NY071030490A",0.965120556465906,"State"
5754,20231227,"NY073021873A",0.987559776611042,"State"
5755,20231227,"NY073023256A",0.968330936695315,"State"
5756,20231227,"NY073028401A",0.986656857171521,"State"
5757,20231227,"NY075026301A",0.926060930341437,"State"
5758,20231227,"NY075029114A",0.828110891883758,"State"
5759,20231227,"NY079031356A",0.831488479416781,"State"
5760,20231227,"NY083026034A",0.96782931478447,"State"
5761,20231227,"NY083087971A",0.965889710062536,"State"
5762,20231227,"NY087026051A",0.88880714309601,"State"
5763,20231227,"NY091028240A",0.864194228003879,"State"
5764,20231227,"NY095024201A",0.972343911982075,"State"
5765,20231227,"NY103020061A",0.694378490452463,"State"
5766,20231227,"NY103076988A",0.947396582282714,"State"
5767,20231227,"NY103080683A",0.968197170852423,"State"
5768,20231227,"NY109020958A",0.715513493629402,"State"
5769,20231227,"NY109026638A",0.96950138782062,"State"
5770,20231227,"NY111029351A",0.781995117546734,"State"
5771,20231227,"NY111030082A",0.964451727251446,"State"
5772,20231227,"NY111031208A",0.985319198742601,"State"
5773,20231227,"NY119026689A",0.905862288064743,"State"
5774,20231227,"NY119026697A",0.811925224893823,"State"
5775,20231227,"NY119026701A",0.93054208607832,"State"
5776,20231227,"NY119100803A",0.839280339765241,"State"
5777,20231227,"NY119108324A",0.621977727987158,"State"
5778,20231227,"NY123029726A",0.962010500618667,"State"
5779,20231228,"NY001025739A",0.942581011938601,"State"
5780,20231228,"NY007024414B",0.973079624117981,"State"
5781,20231228,"NY007024414C",0.964618934555061,"State"
5782,20231228,"NY009027162A",0.97217670467846,"State"
5783,20231228,"NY025020265A",0.975219877604254,"State"
5784,20231228,"NY025026531A",0.98608835233923,"State"
5785,20231228,"NY025026565A",0.98097180884861,"State"
5786,20231228,"NY027025976A",0.791124636324115,"State"
5787,20231228,"NY029022543A",0.987225362003812,"State"
5788,20231228,"NY029032093A",0.974918904457747,"State"
5789,20231228,"NY029095401A",0.974818580075578,"State"
5790,20231228,"NY033030376A",0.602146941778417,"State"
5791,20231228,"NY035026042A",0.820887536367588,"State"
5792,20231228,"NY037030546A",0.979935123566197,"State"
5793,20231228,"NY045025984A",0.883322743537438,"State"
5794,20231228,"NY051032328A",0.974015985018226,"State"
5795,20231228,"NY053026956A",0.592114503561516,"State"
5796,20231228,"NY055021610A",0.942714777781493,"State"
5797,20231228,"NY057020290A",0.943283282613785,"State"
5798,20231228,"NY059021822A",0.830184262448584,"State"
5799,20231228,"NY059026778A",0.845099153931044,"State"
5800,20231228,"NY059026841A",0.894659398722536,"State"
5801,20231228,"NY063027979A",0.921345684379494,"State"
5802,20231228,"NY065020494A",0.921479450222386,"State"
5803,20231228,"NY069023531A",0.970705280406648,"State"
5804,20231228,"NY071023680A",0.730996889944153,"State"
5805,20231228,"NY071026328A",0.605390763468548,"State"
5806,20231228,"NY071027901A",0.990134769086714,"State"
5807,20231228,"NY073024678A",0.980704277162826,"State"
5808,20231228,"NY083087971A",0.939838812159315,"State"
5809,20231228,"NY087022748A",0.8973681570411,"State"
5810,20231228,"NY087026051A",0.986322442564291,"State"
5811,20231228,"NY087028533A",0.632779319800689,"State"
5812,20231228,"NY087028851A",0.969267297595559,"State"
5813,20231228,"NY087031895A",0.794234692171354,"State"
5814,20231228,"NY089029831A",0.564993478915159,"State"
5815,20231228,"NY089236586A",0.765107179881617,"State"
5816,20231228,"NY093020516A",0.833160552452931,"State"
5817,20231228,"NY097271942A",0.974517606929071,"State"
5818,20231228,"NY099033308A",0.976992275022573,"State"
5819,20231228,"NY101021431A",0.974852021536301,"State"
5820,20231228,"NY101023906A",0.952178711166104,"State"
5821,20231228,"NY103104809A",0.868508176437147,"State"
5822,20231228,"NY105024520A",0.845667658763335,"State"
5823,20231228,"NY113029050A",0.747383205698425,"State"
5824,20231228,"NY115024929A",0.977226365247634,"State"
5825,20231228,"NY115183695A",0.938701802494733,"State"
5826,20231228,"NY117027171A",0.965889710062536,"State"
5827,20231228,"NY121021504A",0.976858509179681,"State"
5828,20231229,"NY023027561A",0.866301040029429,"State"
5829,20231231,"NY119026786A",0.855332240912283,"State"
5830,20240101,"NY013027961A",0.926194696184329,"State"
5831,20240101,"NY063022331A",0.977493896933418,"State"
5832,20240101,"NY063027057A",0.914055445941879,"State"
5833,20240101,"NY067027596A",0.92275022572986,"State"
5834,20240101,"NY067027618A",0.951376116108752,"State"
5835,20240101,"NY067027723A",0.78416881249373,"State"
5836,20240101,"NY067030317A",0.978931879744507,"State"
5837,20240101,"NY067030571A",0.895094137711935,"State"
5838,20240101,"NY119026689A",0.925927164498545,"State"
5839,20240101,"NY119026697A",0.73096344848343,"State"
5840,20240101,"NY119026701A",0.939604721934254,"State"
5841,20240101,"NY119100803A",0.949202421161756,"State"
5842,20240102,"NY007024414B",0.969568270742066,"State"
5843,20240102,"NY007024414C",0.625689730127412,"State"
5844,20240102,"NY007027669A",0.979734474801859,"State"
5845,20240102,"NY011021903A",0.910376885262348,"State"
5846,20240102,"NY013027570A",0.938768685416179,"State"
5847,20240102,"NY019023949A",0.982777647727653,"State"
5848,20240102,"NY019025097A",0.932314483496639,"State"
5849,20240102,"NY023027561A",0.976323445808113,"State"
5850,20240102,"NY027026255A",0.97217670467846,"State"
5851,20240102,"NY029022136A",0.973547804568104,"State"
5852,20240102,"NY029022543A",0.967127044109287,"State"
5853,20240102,"NY029025950B",0.966123800287597,"State"
5854,20240102,"NY029026395B",0.961408554325653,"State"
5855,20240102,"NY029026395C",0.975788382436545,"State"
5856,20240102,"NY029028410A",0.869009798347992,"State"
5857,20240102,"NY029028436A",0.96237835668662,"State"
5858,20240102,"NY031021733A",0.952178711166104,"State"
5859,20240102,"NY031022187A",0.975387084907869,"State"
5860,20240102,"NY035026042A",0.913486941109588,"State"
5861,20240102,"NY037026514A",0.951108584422968,"State"
5862,20240102,"NY039033545A",0.778650971474434,"State"
5863,20240102,"NY045025984A",0.933451493161221,"State"
5864,20240102,"NY045025984B",0.619904357422332,"State"
5865,20240102,"NY051024384A",0.944219643514029,"State"
5866,20240102,"NY053021539A",0.967294251412902,"State"
5867,20240102,"NY053029807A",0.972912416814366,"State"
5868,20240102,"NY055028339A",0.962846537136742,"State"
5869,20240102,"NY057020290A",0.950640403972846,"State"
5870,20240102,"NY059026841A",0.782362973614688,"State"
5871,20240102,"NY059026859A",0.946694311607531,"State"
5872,20240102,"NY059026999A",0.926261579105775,"State"
5873,20240102,"NY063026336A",0.972343911982075,"State"
5874,20240102,"NY063027774A",0.977025716483296,"State"
5875,20240102,"NY065021385A",0.784603551483129,"State"
5876,20240102,"NY065025780B",0.91562719459586,"State"
5877,20240102,"NY065025780C",0.945891716550179,"State"
5878,20240102,"NY065030864A",0.967728990402301,"State"
5879,20240102,"NY067025461A",0.946727753068254,"State"
5880,20240102,"NY069025968A",0.818981373106377,"State"
5881,20240102,"NY071023680A",0.922382369661907,"State"
5882,20240102,"NY071031518A",0.931645654282179,"State"
5883,20240102,"NY073021873A",0.960840049493362,"State"
5884,20240102,"NY075029106A",0.892853559843494,"State"
5885,20240102,"NY075029114A",0.972644885128582,"State"
5886,20240102,"NY079022721A",0.984717252449587,"State"
5887,20240102,"NY083087971A",0.967795873323747,"State"
5888,20240102,"NY087026051A",0.944821589807043,"State"
5889,20240102,"NY089020818A",0.985553288967662,"State"
5890,20240102,"NY089029831A",0.962512122529512,"State"
5891,20240102,"NY089031194A",0.941042704745343,"State"
5892,20240102,"NY089236586A",0.942146272949202,"State"
5893,20240102,"NY091028240A",0.691469083369562,"State"
5894,20240102,"NY093020516A",0.854563087315654,"State"
5895,20240102,"NY093023973A",0.793565862956894,"State"
5896,20240102,"NY099022365A",0.983212386717052,"State"
5897,20240102,"NY101021431A",0.908002541551015,"State"
5898,20240102,"NY101023906A",0.64281175801759,"State"
5899,20240102,"NY103020061A",0.959134534996489,"State"
5900,20240102,"NY103024881A",0.816071966023476,"State"
5901,20240102,"NY103104809A",0.839414105608133,"State"
5902,20240102,"NY103206644A",0.955322208474066,"State"
5903,20240102,"NY105030724A",0.900311005584724,"State"
5904,20240102,"NY109026638A",0.970638397485202,"State"
5905,20240102,"NY111029351A",0.986054910878507,"State"
5906,20240102,"NY113029050A",0.759555897401598,"State"
5907,20240102,"NY113094366A",0.817643714677457,"State"
5908,20240102,"NY117029475A",0.975688058054376,"State"
5909,20240103,"NY007027669A",0.933585259004113,"State"
5910,20240103,"NY013021334A",0.605123231782764,"State"
5911,20240103,"NY013106895A",0.829682640537739,"State"
5912,20240103,"NY015035742A",0.887837340735043,"State"
5913,20240103,"NY017021423A",0.967361134334348,"State"
5914,20240103,"NY019021831A",0.742801725579373,"State"
5915,20240103,"NY025027154A",0.985018225596094,"State"
5916,20240103,"NY027026255A",0.907601244022339,"State"
5917,20240103,"NY027026271A",0.942313480252817,"State"
5918,20240103,"NY029095401A",0.911681102230545,"State"
5919,20240103,"NY031021733A",0.972310470521352,"State"
5920,20240103,"NY031022969A",0.931578771360733,"State"
5921,20240103,"NY031036706A",0.916663879878273,"State"
5922,20240103,"NY035026042A",0.698391465739224,"State"
5923,20240103,"NY041026484A",0.973046182657259,"State"
5924,20240103,"NY043036528A",0.555462662609103,"State"
5925,20240103,"NY049020125A",0.8118917834331,"State"
5926,20240103,"NY051024449A",0.979199411430291,"State"
5927,20240103,"NY055028231A",0.764538675049326,"State"
5928,20240103,"NY059026450A",0.829080694244725,"State"
5929,20240103,"NY059026859A",0.962612446911681,"State"
5930,20240103,"NY065022110A",0.891014279503729,"State"
5931,20240103,"NY071024422A",0.892218172089757,"State"
5932,20240103,"NY071026310A",0.943918670367522,"State"
5933,20240103,"NY071026522A",0.963983546801324,"State"
5934,20240103,"NY075026301A",0.96338160050831,"State"
5935,20240103,"NY075029106A",0.922883991572752,"State"
5936,20240103,"NY083026034A",0.966759188041334,"State"
5937,20240103,"NY083087971A",0.856168277430358,"State"
5938,20240103,"NY087270598A",0.698692438885731,"State"
5939,20240103,"NY089020117A",0.795405143296659,"State"
5940,20240103,"NY091028240A",0.863358191485804,"State"
5941,20240103,"NY095024201A",0.90138113232786,"State"
5942,20240103,"NY103076988A",0.951376116108752,"State"
5943,20240103,"NY103080683A",0.567601912851553,"State"
5944,20240103,"NY105022454A",0.963114068822526,"State"
5945,20240103,"NY107029262A",0.971608199846169,"State"
5946,20240103,"NY109026638A",0.977928635922817,"State"
5947,20240103,"NY111029351A",0.888305521185165,"State"
5948,20240103,"NY111030082A",0.882888004548039,"State"
5949,20240103,"NY111031208A",0.975119553222085,"State"
5950,20240103,"NY119026697A",0.914122328863325,"State"
5951,20240103,"NY119026719A",0.570511319934455,"State"
5952,20240103,"NY119026786A",0.980838043005719,"State"
5953,20240103,"NY123029726A",0.871384142059325,"State"
5954,20240104,"NY007024414B",0.96615724174832,"State"
5955,20240104,"NY027025976A",0.934254088218573,"State"
5956,20240104,"NY029032093A",0.955991037688526,"State"
5957,20240104,"NY055021610A",0.966458214894827,"State"
5958,20240104,"NY059021822A",0.930976825067719,"State"
5959,20240104,"NY059023523A",0.950406313747785,"State"
5960,20240104,"NY059026620A",0.75089455907434,"State"
5961,20240104,"NY059026778A",0.919205430893221,"State"
5962,20240104,"NY059026841A",0.946694311607531,"State"
5963,20240104,"NY059026999A",0.882620472862255,"State"
5964,20240104,"NY063027979A",0.916663879878273,"State"
5965,20240104,"NY065021377A",0.826773233454837,"State"
5966,20240104,"NY069023531A",0.781660702939504,"State"
5967,20240104,"NY071023680A",0.741999130522021,"State"
5968,20240104,"NY071026328A",0.7268501488145,"State"
5969,20240104,"NY071026522A",0.718891081162425,"State"
5970,20240104,"NY071027901A",0.805638230277898,"State"
5971,20240104,"NY073024678A",0.957562786342507,"State"
5972,20240104,"NY073028401A",0.959970571514564,"State"
5973,20240104,"NY087028851A",0.989432498411531,"State"
5974,20240104,"NY093020516A",0.924188208540949,"State"
5975,20240104,"NY101021431A",0.956392335217202,"State"
5976,20240104,"NY101023906A",0.938534595191118,"State"
5977,20240104,"NY103104809A",0.953282279369963,"State"
5978,20240104,"NY109020958A",0.975253319064977,"State"
5979,20240104,"NY115024929A",0.976122797043775,"State"
5980,20240104,"NY115183695A",0.764371467745711,"State"
5981,20240104,"NY117027171A",0.956526101060094,"State"
5982,20240105,"NY097271942A",0.694077517305956,"State"
5983,20240107,"NY119026689A",0.821422599739157,"State"
5984,20240107,"NY119026697A",0.983613684245728,"State"
5985,20240107,"NY119100803A",0.983647125706451,"State"
5986,20240108,"NY023027561A",0.882587031401532,"State"
5987,20240108,"NY029028436A",0.939771929237869,"State"
5988,20240108,"NY031021733A",0.973982543557503,"State"
5989,20240108,"NY055028231A",0.970003009731465,"State"
5990,20240108,"NY063022331A",0.916831087181888,"State"
5991,20240108,"NY063026336A",0.930341437313982,"State"
5992,20240108,"NY063027057A",0.95157676487309,"State"
5993,20240108,"NY063027766A",0.949168979701033,"State"
5994,20240108,"NY063027979A",0.948500150486573,"State"
5995,20240108,"NY087031895A",0.842524161455372,"State"
5996,20240108,"NY089020117A",0.945891716550179,"State"
5997,20240108,"NY089031194A",0.929672608099522,"State"
5998,20240108,"NY119108324A",0.973313714343042,"State"
5999,20240109,"NY013021334A",0.644717921278801,"State"
6000,20240109,"NY027060976A",0.978731230980169,"State"
6001,20240109,"NY027149209A",0.810955422532856,"State"
6002,20240109,"NY029022136A",0.973614687489549,"State"
6003,20240109,"NY029022543A",0.970270541417249,"State"
6004,20240109,"NY029025950B",0.907434036718724,"State"
6005,20240109,"NY029026395C",0.924790154833963,"State"
6006,20240109,"NY029028410A",0.950172223522723,"State"
6007,20240109,"NY045025984A",0.734207270173561,"State"
6008,20240109,"NY045025984B",0.84004949336187,"State"
6009,20240109,"NY051024384A",0.960238103200348,"State"
6010,20240109,"NY053021539A",0.955422532856235,"State"
6011,20240109,"NY055026794A",0.834163796274621,"State"
6012,20240109,"NY055028339A",0.978196167608601,"State"
6013,20240109,"NY063027774A",0.958900444771428,"State"
6014,20240109,"NY067025461A",0.922549576965522,"State"
6015,20240109,"NY071023680A",0.810520683543457,"State"
6016,20240109,"NY071026310A",0.749155603116744,"State"
6017,20240109,"NY071027901A",0.835802427850048,"State"
6018,20240109,"NY071031518A",0.977861753001371,"State"
6019,20240109,"NY075029106A",0.775340266862857,"State"
6020,20240109,"NY075029114A",0.935090124736649,"State"
6021,20240109,"NY087022748A",0.98307862087416,"State"
6022,20240109,"NY089020818A",0.947530348125606,"State"
6023,20240109,"NY089029831A",0.950640403972846,"State"
6024,20240109,"NY089236586A",0.902183727385212,"State"
6025,20240109,"NY101021431A",0.948734240711634,"State"
6026,20240109,"NY101025712A",0.97050463164231,"State"
6027,20240109,"NY109020958A",0.811590810286593,"State"
6028,20240109,"NY111029351A",0.920643413704311,"State"
6029,20240109,"NY117029475A",0.931445005517841,"State"
6030,20240110,"NY007027669A",0.915058689763569,"State"
6031,20240110,"NY013106895A",0.93799953181955,"State"
6032,20240110,"NY015036986A",0.665351302544895,"State"
6033,20240110,"NY017021423A",0.883423067919607,"State"
6034,20240110,"NY019026018A",0.965689061298198,"State"
6035,20240110,"NY025029271A",0.969401063438451,"State"
6036,20240110,"NY027026255A",0.897802896030499,"State"
6037,20240110,"NY027026271A",0.981038691770057,"State"
6038,20240110,"NY055026794A",0.797879811390162,"State"
6039,20240110,"NY055028231A",0.857071196869879,"State"
6040,20240110,"NY071024422A",0.942547570477879,"State"
6041,20240110,"NY071026310A",0.713774537671806,"State"
6042,20240110,"NY071030490A",0.641005919138548,"State"
6043,20240110,"NY079031356A",0.903220412667625,"State"
6044,20240110,"NY087026051A",0.847272848878039,"State"
6045,20240110,"NY087028533A",0.916195699428151,"State"
6046,20240110,"NY087270598A",0.958800120389259,"State"
6047,20240110,"NY105022454A",0.942647894860048,"State"
6048,20240110,"NY105030724A",0.967461458716517,"State"
6049,20240110,"NY107029262A",0.936895963615691,"State"
6050,20240110,"NY111030082A",0.981105574691503,"State"
6051,20240110,"NY111031208A",0.958164732635521,"State"
6052,20240110,"NY119108324A",0.951476440490921,"State"
6053,20240111,"NY007024414C",0.980336421094873,"State"
6054,20240111,"NY009027162A",0.924221650001672,"State"
6055,20240111,"NY025020265A",0.964083871183493,"State"
6056,20240111,"NY027025976A",0.983245828177775,"State"
6057,20240111,"NY029032093A",0.973882219175334,"State"
6058,20240111,"NY029095401A",0.929405076413738,"State"
6059,20240111,"NY069023531A",0.915326221449353,"State"
6060,20240111,"NY071023680A",0.971340668160385,"State"
6061,20240111,"NY071026328A",0.75333578570712,"State"
6062,20240111,"NY071026522A",0.94100926328462,"State"
6063,20240111,"NY071027901A",0.944353409356921,"State"
6064,20240111,"NY071031518A",0.960472193425409,"State"
6065,20240111,"NY087026051A",0.951275791726583,"State"
6066,20240111,"NY087031895A",0.983011737952714,"State"
6067,20240111,"NY097271942A",0.800989867237401,"State"
6068,20240111,"NY101021431A",0.954486171955991,"State"
6069,20240111,"NY101025712A",0.706517740694914,"State"
6070,20240115,"NY013027961A",0.820118382770959,"State"
6071,20240115,"NY029028436A",0.933117078553991,"State"
6072,20240115,"NY063027057A",0.942213155870648,"State"
6073,20240115,"NY063027979A",0.953884225662977,"State"
6074,20240115,"NY109026638A",0.975788382436545,"State"
6075,20240115,"NY119026689A",0.991438986054911,"State"
6076,20240115,"NY119026701A",0.934120322375681,"State"
6077,20240115,"NY119108324A",0.910376885262348,"State"
6078,20240116,"NY007027669A",0.958499147242752,"State"
6079,20240116,"NY009027162A",0.71738621542989,"State"
6080,20240116,"NY013021334A",0.606761863358191,"State"
6081,20240116,"NY027149209A",0.592616125472361,"State"
6082,20240116,"NY029022136A",0.900143798281109,"State"
6083,20240116,"NY029025950B",0.930040464167475,"State"
6084,20240116,"NY029026395B",0.931077149449888,"State"
6085,20240116,"NY029026395C",0.940206668227268,"State"
6086,20240116,"NY029028410A",0.955623181620573,"State"
6087,20240116,"NY037026514A",0.96782931478447,"State"
6088,20240116,"NY051030635A",0.940775173059559,"State"
6089,20240116,"NY055021610A",0.808982376350199,"State"
6090,20240116,"NY055028339A",0.796207738354011,"State"
6091,20240116,"NY063026336A",0.87155134936294,"State"
6092,20240116,"NY063027774A",0.975353643447146,"State"
6093,20240116,"NY069025968A",0.698458348660669,"State"
6094,20240116,"NY071023680A",0.609805036283985,"State"
6095,20240116,"NY071026310A",0.95936862522155,"State"
6096,20240116,"NY071027901A",0.937096612380029,"State"
6097,20240116,"NY071031518A",0.886365916463231,"State"
6098,20240116,"NY073021873A",0.954820586563221,"State"
6099,20240116,"NY073023256A",0.960940373875531,"State"
6100,20240116,"NY073024678A",0.884626960505635,"State"
6101,20240116,"NY073028401A",0.938501153730395,"State"
6102,20240116,"NY079022721A",0.758552653579908,"State"
6103,20240116,"NY087022748A",0.964953349162291,"State"
6104,20240116,"NY087031895A",0.97284553389292,"State"
6105,20240116,"NY099022365A",0.912751228973682,"State"
6106,20240116,"NY101023906A",0.835133598635588,"State"
6107,20240116,"NY105030724A",0.962679329833127,"State"
6108,20240116,"NY109020958A",0.909942146272949,"State"
6109,20240116,"NY117029475A",0.950640403972846,"State"
6110,20240116,"NY119026719A",0.879075678025616,"State"
6111,20240117,"NY003023515A",0.823429087382537,"State"
6112,20240117,"NY013027961A",0.731598836237167,"State"
6113,20240117,"NY015035742A",0.91218272414139,"State"
6114,20240117,"NY015036986A",0.886633448149015,"State"
6115,20240117,"NY025027154A",0.602347590542755,"State"
6116,20240117,"NY025029271A",0.948366384643681,"State"
6117,20240117,"NY027026271A",0.968264053773869,"State"
6118,20240117,"NY029028436A",0.930274554392536,"State"
6119,20240117,"NY029095401A",0.873089656556198,"State"
6120,20240117,"NY055028231A",0.822760258168077,"State"
6121,20240117,"NY071022144A",0.747851386148547,"State"
6122,20240117,"NY071026522A",0.975754940975822,"State"
6123,20240117,"NY071030490A",0.910878507173193,"State"
6124,20240117,"NY079031356A",0.724041066113768,"State"
6125,20240117,"NY087026051A",0.960605959268301,"State"
6126,20240117,"NY087028533A",0.964552051633615,"State"
6127,20240117,"NY109026638A",0.634953014747684,"State"
6128,20240117,"NY111031208A",0.951877738019597,"State"
6129,20240117,"NY119026701A",0.737885830853092,"State"
6130,20240117,"NY119026719A",0.86074975754941,"State"
6131,20240117,"NY123029726A",0.827308296826405,"State"
6132,20240118,"NY027025976A",0.672006153228773,"State"
6133,20240118,"NY029022543A",0.947597231047052,"State"
6134,20240118,"NY029032093A",0.944353409356921,"State"
6135,20240118,"NY037030546A",0.888773701635287,"State"
6136,20240118,"NY045025984A",0.740260174564425,"State"
6137,20240118,"NY069023531A",0.95803096679263,"State"
6138,20240118,"NY071023680A",0.769554894157777,"State"
6139,20240118,"NY071026310A",0.645453633414708,"State"
6140,20240118,"NY071026522A",0.601143697956727,"State"
6141,20240118,"NY071031518A",0.721031334648698,"State"
6142,20240118,"NY087028533A",0.747516971541317,"State"
6143,20240118,"NY087028851A",0.932080393271578,"State"
6144,20240118,"NY097271942A",0.697822960906932,"State"
6145,20240118,"NY099033308A",0.961007256796977,"State"
6146,20240118,"NY101025712A",0.80654114971742,"State"
6147,20240118,"NY113029050A",0.590041132996689,"State"
6148,20240121,"NY055028339A",0.746313078955289,"State"
6149,20240121,"NY067027596A",0.800387920944387,"State"
6150,20240121,"NY067027618A",0.755308831889777,"State"
6151,20240121,"NY067027723A",0.91428953616694,"State"
6152,20240121,"NY067030571A",0.910811624251747,"State"
6153,20240121,"NY119026689A",0.975387084907869,"State"
6154,20240121,"NY119026701A",0.914088887402602,"State"
6155,20240121,"NY119026786A",0.865164030364846,"State"
6156,20240121,"NY119100803A",0.824867070193626,"State"
6157,20240122,"NY019026018A",0.934956358893757,"State"
6158,20240122,"NY029022136A",0.819984616928067,"State"
6159,20240122,"NY031021733A",0.919339196736113,"State"
6160,20240122,"NY039033545A",0.877972109821757,"State"
6161,20240122,"NY043036528A",0.932615456643146,"State"
6162,20240122,"NY059026450A",0.981272781995118,"State"
6163,20240122,"NY059026859A",0.93288298832893,"State"
6164,20240122,"NY063022331A",0.905761963682574,"State"
6165,20240122,"NY063026336A",0.933317727318329,"State"
6166,20240122,"NY063027057A",0.957061164431662,"State"
6167,20240122,"NY063027979A",0.888573052870949,"State"
6168,20240122,"NY065025780B",0.853894258101194,"State"
6169,20240122,"NY065025780C",0.963415041969033,"State"
6170,20240122,"NY065030864A",0.978630906598,"State"
6171,20240122,"NY089020117A",0.881483463197672,"State"
6172,20240122,"NY103020061A",0.962411798147343,"State"
6173,20240122,"NY103104809A",0.977828311540648,"State"
6174,20240123,"NY007024414B",0.924121325619503,"State"
6175,20240123,"NY013027570A",0.866969869243889,"State"
6176,20240123,"NY029022136A",0.954619937798883,"State"
6177,20240123,"NY029025950B",0.93054208607832,"State"
6178,20240123,"NY029026395B",0.94980436745477,"State"
6179,20240123,"NY029026395C",0.908136307393907,"State"
6180,20240123,"NY029028410A",0.96572250275892,"State"
6181,20240123,"NY029095401A",0.887737016352874,"State"
6182,20240123,"NY031022187A",0.912684346052236,"State"
6183,20240123,"NY041026484A",0.898739256930743,"State"
6184,20240123,"NY051024384A",0.936594990469184,"State"
6185,20240123,"NY051030635A",0.922382369661907,"State"
6186,20240123,"NY055021610A",0.970571514563756,"State"
6187,20240123,"NY055026794A",0.880881516904658,"State"
6188,20240123,"NY055028339A",0.880246129150921,"State"
6189,20240123,"NY057020290A",0.634116978229609,"State"
6190,20240123,"NY059026620A",0.979935123566197,"State"
6191,20240123,"NY065021377A",0.976423770190282,"State"
6192,20240123,"NY065021385A",0.857037755409156,"State"
6193,20240123,"NY067025461A",0.950005016219108,"State"
6194,20240123,"NY071023680A",0.696084004949336,"State"
6195,20240123,"NY071026328A",0.973882219175334,"State"
6196,20240123,"NY071031518A",0.970772163328094,"State"
6197,20240123,"NY073021873A",0.934856034511587,"State"
6198,20240123,"NY073024678A",0.888004548038658,"State"
6199,20240123,"NY083087971A",0.940975821823897,"State"
6200,20240123,"NY087026051A",0.948734240711634,"State"
6201,20240123,"NY089029831A",0.69946159248236,"State"
6202,20240123,"NY089236586A",0.851687121693476,"State"
6203,20240123,"NY093020516A",0.886900979834799,"State"
6204,20240123,"NY105030724A",0.929505400795907,"State"
6205,20240123,"NY109020958A",0.947864762732836,"State"
6206,20240123,"NY111029351A",0.843962144266462,"State"
6207,20240123,"NY121021504A",0.950707286894292,"State"
6208,20240124,"NY003023515A",0.643781560378557,"State"
6209,20240124,"NY007027669A",0.73363876534127,"State"
6210,20240124,"NY013106895A",0.963147510283249,"State"
6211,20240124,"NY015035742A",0.874627963749457,"State"
6212,20240124,"NY017021423A",0.935257332040264,"State"
6213,20240124,"NY019021831A",0.9363274587834,"State"
6214,20240124,"NY019022195A",0.713640771828914,"State"
6215,20240124,"NY019026018A",0.883356184998161,"State"
6216,20240124,"NY025029271A",0.960304986121794,"State"
6217,20240124,"NY029028436A",0.939805370698592,"State"
6218,20240124,"NY031021733A",0.963950105340601,"State"
6219,20240124,"NY031036706A",0.908671370765475,"State"
6220,20240124,"NY043036528A",0.96471925893723,"State"
6221,20240124,"NY051024449A",0.953449486673578,"State"
6222,20240124,"NY055026794A",0.835568337624988,"State"
6223,20240124,"NY055028231A",0.980135772330535,"State"
6224,20240124,"NY065030864A",0.917700565160686,"State"
6225,20240124,"NY065036790A",0.934086880914958,"State"
6226,20240124,"NY075026301A",0.939069658562686,"State"
6227,20240124,"NY075029106A",0.946894960371869,"State"
6228,20240124,"NY083087971A",0.801926228137645,"State"
6229,20240124,"NY089020117A",0.802026552519814,"State"
6230,20240124,"NY089031194A",0.841320268869344,"State"
6231,20240124,"NY091028240A",0.852088419222152,"State"
6232,20240124,"NY095024201A",0.685182088753637,"State"
6233,20240124,"NY101023906A",0.93522389057954,"State"
6234,20240124,"NY107029262A",0.78483764170819,"State"
6235,20240124,"NY109026638A",0.899274320302311,"State"
6236,20240124,"NY119026689A",0.86141858676387,"State"
6237,20240124,"NY119026719A",0.929338193492292,"State"
6238,20240125,"NY007024414B",0.959669598368057,"State"
6239,20240125,"NY007024414C",0.973113065578704,"State"
6240,20240125,"NY009027162A",0.831555362338227,"State"
6241,20240125,"NY023027561A",0.827542387051466,"State"
6242,20240125,"NY025026531A",0.92040932347925,"State"
6243,20240125,"NY025026565A",0.969434504899174,"State"
6244,20240125,"NY029022543A",0.857673143162893,"State"
6245,20240125,"NY029032093A",0.958599471624921,"State"
6246,20240125,"NY033030376A",0.908236631776076,"State"
6247,20240125,"NY035026042A",0.938869009798348,"State"
6248,20240125,"NY037030546A",0.947898204193559,"State"
6249,20240125,"NY051032328A",0.987058154700197,"State"
6250,20240125,"NY053026956A",0.908336956158245,"State"
6251,20240125,"NY055021610A",0.934120322375681,"State"
6252,20240125,"NY059026841A",0.883289302076715,"State"
6253,20240125,"NY059026999A",0.980670835702103,"State"
6254,20240125,"NY063027979A",0.896833093669531,"State"
6255,20240125,"NY065020494A",0.929271310570846,"State"
6256,20240125,"NY065025780B",0.958365381399859,"State"
6257,20240125,"NY065025780C",0.966625422198442,"State"
6258,20240125,"NY069023531A",0.909072668294151,"State"
6259,20240125,"NY071023680A",0.972778650971474,"State"
6260,20240125,"NY077031151A",0.911547336387653,"State"
6261,20240125,"NY089020818A",0.934153763836404,"State"
6262,20240125,"NY093020516A",0.80587232050296,"State"
6263,20240125,"NY099033308A",0.923017757415644,"State"
6264,20240125,"NY101021431A",0.716282647226031,"State"
6265,20240125,"NY101025712A",0.938534595191118,"State"
6266,20240125,"NY103079324A",0.97328027288232,"State"
6267,20240125,"NY103104809A",0.921914189211785,"State"
6268,20240125,"NY115024929A",0.958933886232151,"State"
6269,20240125,"NY115183695A",0.794335016553523,"State"
6270,20240125,"NY117027171A",0.972042938835568,"State"
6271,20240128,"NY055028339A",0.949637160151155,"State"
6272,20240128,"NY067027081A",0.965287763769521,"State"
6273,20240128,"NY067030317A",0.900745744574123,"State"
6274,20240128,"NY067030571A",0.939303748787747,"State"
6275,20240128,"NY119026689A",0.954954352406113,"State"
6276,20240128,"NY119026786A",0.956960840049493,"State"
6277,20240128,"NY119100803A",0.644115974985787,"State"
6278,20240128,"NY119108324A",0.96916697321339,"State"
6279,20240129,"NY001026867A",0.93522389057954,"State"
6280,20240129,"NY001026875A",0.855365682373006,"State"
6281,20240129,"NY023027561A",0.89392368658663,"State"
6282,20240129,"NY027026255A",0.953817342741531,"State"
6283,20240129,"NY031021733A",0.970237099956526,"State"
6284,20240129,"NY035026042A",0.726983914657392,"State"
6285,20240129,"NY039033545A",0.908437280540414,"State"
6286,20240129,"NY043036528A",0.931846303046517,"State"
6287,20240129,"NY055028231A",0.938434270808949,"State"
6288,20240129,"NY059026450A",0.939738487777146,"State"
6289,20240129,"NY059026859A",0.969902685349296,"State"
6290,20240129,"NY063022331A",0.91218272414139,"State"
6291,20240129,"NY063026336A",0.818546634116978,"State"
6292,20240129,"NY063027979A",0.931043707989165,"State"
6293,20240129,"NY065025780B",0.977159482326188,"State"
6294,20240129,"NY065025780C",0.945858275089456,"State"
6295,20240129,"NY065030864A",0.964418285790723,"State"
6296,20240129,"NY089020117A",0.940875497441728,"State"
6297,20240129,"NY089031194A",0.824198240979166,"State"
6298,20240129,"NY091028240A",0.935190449118818,"State"
6299,20240129,"NY103020061A",0.777513961809852,"State"
6300,20240129,"NY103104809A",0.827542387051466,"State"
6301,20240129,"NY113029050A",0.95759622780323,"State"
6302,20240129,"NY119026701A",0.971976055914122,"State"
6303,20240130,"NY001025739A",0.965856268601813,"State"
6304,20240130,"NY007024414B",0.920175233254189,"State"
6305,20240130,"NY007024414C",0.924255091462395,"State"
6306,20240130,"NY009027162A",0.899675617830987,"State"
6307,20240130,"NY013027570A",0.716081998461693,"State"
6308,20240130,"NY019023949A",0.903855800421362,"State"
6309,20240130,"NY029025950B",0.933384610239775,"State"
6310,20240130,"NY029026395B",0.947363140821991,"State"
6311,20240130,"NY029026395C",0.909340199979935,"State"
6312,20240130,"NY029028410A",0.942547570477879,"State"
6313,20240130,"NY051024384A",0.961742968932883,"State"
6314,20240130,"NY051030635A",0.968732234223991,"State"
6315,20240130,"NY053021539A",0.933484934621944,"State"
6316,20240130,"NY055021610A",0.693208039327158,"State"
6317,20240130,"NY055026794A",0.981774403905963,"State"
6318,20240130,"NY055028339A",0.948065411497174,"State"
6319,20240130,"NY059026620A",0.911580777848376,"State"
6320,20240130,"NY059026778A",0.960639400729024,"State"
6321,20240130,"NY059026841A",0.802962913420058,"State"
6322,20240130,"NY059026999A",0.936427783165569,"State"
6323,20240130,"NY063027774A",0.965990034444705,"State"
6324,20240130,"NY065020249A",0.944620941042705,"State"
6325,20240130,"NY065021385A",0.954553054877437,"State"
6326,20240130,"NY065029076A",0.871350700598602,"State"
6327,20240130,"NY069025968A",0.738654984449721,"State"
6328,20240130,"NY083087971A",0.958231615556968,"State"
6329,20240130,"NY093020516A",0.822526167943016,"State"
6330,20240130,"NY099022365A",0.65572016185667,"State"
6331,20240130,"NY101021431A",0.755576363575561,"State"
6332,20240130,"NY103021750A",0.858709828445307,"State"
6333,20240130,"NY103024881A",0.928669364277832,"State"
6334,20240130,"NY103065358A",0.96649165635555,"State"
6335,20240130,"NY103079324A",0.864929940139785,"State"
6336,20240130,"NY103104809A",0.923318730562151,"State"
6337,20240130,"NY103206644A",0.969702036584958,"State"
6338,20240130,"NY109020958A",0.955322208474066,"State"
6339,20240130,"NY109026638A",0.917700565160686,"State"
6340,20240130,"NY113094366A",0.863826371935926,"State"
6341,20240130,"NY117029475A",0.938501153730395,"State"
6342,20240130,"NY121021504A",0.936728756312076,"State"
6343,20240131,"NY003023515A",0.873758485770659,"State"
6344,20240131,"NY007027669A",0.79262950205665,"State"
6345,20240131,"NY013027961A",0.872287061498846,"State"
6346,20240131,"NY015036986A",0.892050964786142,"State"
6347,20240131,"NY019026018A",0.628331605524529,"State"
6348,20240131,"NY025029271A",0.961007256796977,"State"
6349,20240131,"NY031021733A",0.960773166571916,"State"
6350,20240131,"NY043036528A",0.969133531752667,"State"
6351,20240131,"NY045025151A",0.923586262247935,"State"
6352,20240131,"NY049020125A",0.916931411564057,"State"
6353,20240131,"NY055026794A",0.953616693977193,"State"
6354,20240131,"NY057024333A",0.873691602849212,"State"
6355,20240131,"NY059023523A",0.946259572618132,"State"
6356,20240131,"NY059026450A",0.9111794803197,"State"
6357,20240131,"NY059026859A",0.91428953616694,"State"
6358,20240131,"NY083026034A",0.904424305253653,"State"
6359,20240131,"NY083087971A",0.945557301942949,"State"
6360,20240131,"NY095024201A",0.969300739056282,"State"
6361,20240131,"NY103020061A",0.794201250710631,"State"
6362,20240131,"NY103076988A",0.970939370631709,"State"
6363,20240131,"NY103080683A",0.816908002541551,"State"
6364,20240131,"NY107029262A",0.941209912048958,"State"
6365,20240131,"NY109026638A",0.979433501655352,"State"
6366,20240131,"NY123029726A",0.826773233454837,"State"
6367,20240201,"NY001025739A",0.97351436310738,"State"
6368,20240201,"NY007024414B",0.955556298699127,"State"
6369,20240201,"NY007024414C",0.970571514563756,"State"
6370,20240201,"NY007027669A",0.977794870079925,"State"
6371,20240201,"NY009027162A",0.852021536300706,"State"
6372,20240201,"NY011021903A",0.975086111761362,"State"
6373,20240201,"NY019021831A",0.93488947597231,"State"
6374,20240201,"NY023027561A",0.947396582282714,"State"
6375,20240201,"NY031022969A",0.869143564190884,"State"
6376,20240201,"NY035026042A",0.932515132260977,"State"
6377,20240201,"NY037030546A",0.72885663645788,"State"
6378,20240201,"NY051032328A",0.93488947597231,"State"
6379,20240201,"NY055021610A",0.906698324582818,"State"
6380,20240201,"NY059021822A",0.806474266795974,"State"
6381,20240201,"NY059026841A",0.967193927030733,"State"
6382,20240201,"NY059026999A",0.936059927097616,"State"
6383,20240201,"NY063027979A",0.872955890713306,"State"
6384,20240201,"NY065022110A",0.92820118382771,"State"
6385,20240201,"NY065025780B",0.920810621007926,"State"
6386,20240201,"NY065025780C",0.955188442631174,"State"
6387,20240201,"NY069023531A",0.719760559141223,"State"
6388,20240201,"NY077031151A",0.960806608032639,"State"
6389,20240201,"NY089236586A",0.939604721934254,"State"
6390,20240201,"NY093020516A",0.918603484600207,"State"
6391,20240201,"NY097271942A",0.812961910176237,"State"
6392,20240201,"NY099033308A",0.906464234357757,"State"
6393,20240201,"NY101021431A",0.867906230144133,"State"
6394,20240201,"NY101023906A",0.876500685549945,"State"
6395,20240201,"NY103021750A",0.964986790623014,"State"
6396,20240201,"NY103104809A",0.944152760592583,"State"
6397,20240201,"NY113029050A",0.958532588703475,"State"
6398,20240201,"NY115024929A",0.983513359863559,"State"
6399,20240201,"NY115183695A",0.97595558974016,"State"
6400,20240201,"NY117027171A",0.897200949737485,"State"
6401,20240202,"NY041026484A",0.968431261077484,"State"
6402,20240202,"NY045025984A",0.919472962579005,"State"
6403,20240202,"NY071031518A",0.98642276694646,"State"
6404,20240202,"NY089029831A",0.681837942681336,"State"
6405,20240204,"NY055028339A",0.943718021603184,"State"
6406,20240204,"NY067027081A",0.698157375514162,"State"
6407,20240204,"NY067027618A",0.969334180517005,"State"
6408,20240204,"NY067030317A",0.968698792763268,"State"
6409,20240204,"NY067030571A",0.978263050530047,"State"
6410,20240204,"NY119026689A",0.923151523258536,"State"
6411,20240204,"NY119026697A",0.968899441527606,"State"
6412,20240204,"NY119026701A",0.954285523191653,"State"
6413,20240204,"NY119026719A",0.910075912115841,"State"
6414,20240204,"NY119026786A",0.951142025883691,"State"
6415,20240204,"NY119100803A",0.924689830451794,"State"
6416,20240204,"NY119108324A",0.87355783700632,"State"
6417,20240205,"NY001026867A",0.9183025114537,"State"
6418,20240205,"NY019026018A",0.93288298832893,"State"
6419,20240205,"NY023027561A",0.771126642811758,"State"
6420,20240205,"NY027026255A",0.790790221716885,"State"
6421,20240205,"NY027060976A",0.955890713306357,"State"
6422,20240205,"NY031021733A",0.958331939939137,"State"
6423,20240205,"NY035026042A",0.885931177473832,"State"
6424,20240205,"NY039033545A",0.914924923920677,"State"
6425,20240205,"NY043036528A",0.919171989432498,"State"
6426,20240205,"NY045025984A",0.949971574758385,"State"
6427,20240205,"NY045025984B",0.923720028090827,"State"
6428,20240205,"NY059026450A",0.980336421094873,"State"
6429,20240205,"NY059026859A",0.962779654215296,"State"
6430,20240205,"NY063022331A",0.863893254857372,"State"
6431,20240205,"NY063026336A",0.893756479283015,"State"
6432,20240205,"NY063027979A",0.916663879878273,"State"
6433,20240205,"NY065025780B",0.879109119486339,"State"
6434,20240205,"NY065025780C",0.881316255894057,"State"
6435,20240205,"NY065030864A",0.721934254088219,"State"
6436,20240205,"NY089031194A",0.926295020566498,"State"
6437,20240205,"NY091028240A",0.818513192656255,"State"
6438,20240205,"NY099022365A",0.953315720830686,"State"
6439,20240205,"NY103104809A",0.989800354479484,"State"
6440,20240205,"NY113029050A",0.935157007658095,"State"
6441,20240206,"NY001025739A",0.763869845834866,"State"
6442,20240206,"NY007024414B",0.952145269705381,"State"
6443,20240206,"NY007027669A",0.970604956024479,"State"
6444,20240206,"NY011021903A",0.913988563020433,"State"
6445,20240206,"NY019021831A",0.897669130187607,"State"
6446,20240206,"NY019023949A",0.894391867036752,"State"
6447,20240206,"NY019025097A",0.96371601511554,"State"
6448,20240206,"NY029025950B",0.834130354813898,"State"
6449,20240206,"NY029026395B",0.929806373942414,"State"
6450,20240206,"NY029026395C",0.916730762799719,"State"
6451,20240206,"NY029028410A",0.960438751964686,"State"
6452,20240206,"NY031022187A",0.93766511721232,"State"
6453,20240206,"NY037026514A",0.836905996053908,"State"
6454,20240206,"NY041026484A",0.95492091094539,"State"
6455,20240206,"NY051024384A",0.917499916396348,"State"
6456,20240206,"NY051030635A",0.961843293315052,"State"
6457,20240206,"NY053021539A",0.875798414874762,"State"
6458,20240206,"NY053028525A",0.623716683944755,"State"
6459,20240206,"NY055026794A",0.828880045480387,"State"
6460,20240206,"NY059026620A",0.98441627930308,"State"
6461,20240206,"NY059026778A",0.929639166638799,"State"
6462,20240206,"NY059026841A",0.951944620941043,"State"
6463,20240206,"NY059026999A",0.780222720128415,"State"
6464,20240206,"NY065020249A",0.969133531752667,"State"
6465,20240206,"NY065021377A",0.920476206400696,"State"
6466,20240206,"NY065029076A",0.859010801591814,"State"
6467,20240206,"NY065030864A",0.928769688660001,"State"
6468,20240206,"NY071023680A",0.79062301441327,"State"
6469,20240206,"NY071026310A",0.950372872287061,"State"
6470,20240206,"NY071026328A",0.979165969969568,"State"
6471,20240206,"NY071027901A",0.942547570477879,"State"
6472,20240206,"NY071031518A",0.962211149383005,"State"
6473,20240206,"NY073021873A",0.924388857305287,"State"
6474,20240206,"NY075029106A",0.932013510350132,"State"
6475,20240206,"NY079022721A",0.905026251546668,"State"
6476,20240206,"NY083087971A",0.849613751128649,"State"
6477,20240206,"NY087022748A",0.977360131090526,"State"
6478,20240206,"NY089020818A",0.975152994682808,"State"
6479,20240206,"NY089029831A",0.938233622044611,"State"
6480,20240206,"NY089236586A",0.923887235394442,"State"
6481,20240206,"NY103021750A",0.944754706885597,"State"
6482,20240206,"NY103024881A",0.921947630672508,"State"
6483,20240206,"NY103065358A",0.774571113266228,"State"
6484,20240206,"NY103079324A",0.947563789586329,"State"
6485,20240206,"NY103104809A",0.912650904591513,"State"
6486,20240206,"NY103206644A",0.950138782062,"State"
6487,20240206,"NY105030716A",0.59539176671237,"State"
6488,20240206,"NY105035645A",0.943985553288968,"State"
6489,20240206,"NY113094366A",0.806741798481758,"State"
6490,20240206,"NY121021504A",0.961441995786376,"State"
6491,20240207,"NY001022225A",0.947563789586329,"State"
6492,20240207,"NY007027669A",0.968565026920376,"State"
6493,20240207,"NY017021423A",0.976256562886667,"State"
6494,20240207,"NY019022195A",0.939872253620038,"State"
6495,20240207,"NY019026018A",0.89124836972879,"State"
6496,20240207,"NY025027154A",0.928736247199278,"State"
6497,20240207,"NY027026255A",0.870748754305588,"State"
6498,20240207,"NY027026271A",0.975520850750761,"State"
6499,20240207,"NY031021733A",0.984984784135371,"State"
6500,20240207,"NY031022969A",0.926194696184329,"State"
6501,20240207,"NY031036706A",0.967227368491456,"State"
6502,20240207,"NY043036528A",0.929237869110123,"State"
6503,20240207,"NY049020125A",0.885663645788048,"State"
6504,20240207,"NY051024449A",0.97284553389292,"State"
6505,20240207,"NY055028231A",0.956827074206601,"State"
6506,20240207,"NY055028339A",0.97762766277631,"State"
6507,20240207,"NY057024333A",0.96572250275892,"State"
6508,20240207,"NY059023523A",0.708490786877571,"State"
6509,20240207,"NY059026450A",0.915459987292245,"State"
6510,20240207,"NY059026859A",0.93020767147109,"State"
6511,20240207,"NY065022110A",0.885897736013109,"State"
6512,20240207,"NY065036790A",0.913219409423804,"State"
6513,20240207,"NY071022144A",0.981941611209578,"State"
6514,20240207,"NY071024422A",0.959435508142996,"State"
6515,20240207,"NY071026310A",0.951208908805137,"State"
6516,20240207,"NY071026522A",0.971407551081831,"State"
6517,20240207,"NY071030490A",0.976858509179681,"State"
6518,20240207,"NY075020257A",0.86921044711233,"State"
6519,20240207,"NY079031356A",0.887068187138414,"State"
6520,20240207,"NY087028533A",0.920008025950574,"State"
6521,20240207,"NY087270598A",0.957094605892385,"State"
6522,20240207,"NY089031194A",0.946894960371869,"State"
6523,20240207,"NY103020061A",0.853559843493964,"State"
6524,20240207,"NY103076988A",0.924355415844564,"State"
6525,20240207,"NY103080683A",0.870481222619804,"State"
6526,20240207,"NY105022454A",0.945992040932348,"State"
6527,20240207,"NY107029262A",0.952613450155503,"State"
6528,20240207,"NY111029351A",0.964016988262047,"State"
6529,20240207,"NY111030082A",0.972878975353643,"State"
6530,20240207,"NY111031208A",0.980771160084272,"State"
6531,20240207,"NY119026689A",0.965923151523259,"State"
6532,20240207,"NY119026697A",0.955221884091897,"State"
6533,20240207,"NY119100803A",0.953449486673578,"State"
6534,20240207,"NY119108324A",0.955857271845634,"State"
6535,20240207,"NY123029726A",0.631174129685985,"State"
6536,20240208,"NY001025739A",0.663110724676454,"State"
6537,20240208,"NY007024414B",0.954352406113099,"State"
6538,20240208,"NY011021903A",0.945523860482226,"State"
6539,20240208,"NY023027561A",0.818814165802762,"State"
6540,20240208,"NY033030376A",0.593284954686821,"State"
6541,20240208,"NY035026042A",0.899876266595325,"State"
6542,20240208,"NY051032328A",0.97662441895462,"State"
6543,20240208,"NY055021610A",0.938768685416179,"State"
6544,20240208,"NY057020290A",0.945423536100057,"State"
6545,20240208,"NY059021822A",0.868675383740762,"State"
6546,20240208,"NY059026620A",0.940942380363174,"State"
6547,20240208,"NY065020494A",0.869310771494499,"State"
6548,20240208,"NY065025780B",0.880814633983212,"State"
6549,20240208,"NY065025780C",0.830518677055814,"State"
6550,20240208,"NY069023531A",0.961207905561315,"State"
6551,20240208,"NY071026328A",0.955723506002742,"State"
6552,20240208,"NY071026522A",0.767782496739458,"State"
6553,20240208,"NY071027901A",0.928769688660001,"State"
6554,20240208,"NY071031518A",0.969936126810019,"State"
6555,20240208,"NY077031151A",0.941477443734742,"State"
6556,20240208,"NY083087971A",0.949904691836939,"State"
6557,20240208,"NY087028533A",0.98107213323078,"State"
6558,20240208,"NY087028851A",0.933652141925559,"State"
6559,20240208,"NY089020818A",0.886834096913353,"State"
6560,20240208,"NY089236586A",0.934956358893757,"State"
6561,20240208,"NY093020516A",0.843259873591279,"State"
6562,20240208,"NY099033308A",0.700933016754172,"State"
6563,20240208,"NY113029050A",0.953482928134301,"State"
6564,20240208,"NY115024929A",0.970370865799418,"State"
6565,20240208,"NY115183695A",0.961575761629268,"State"
6566,20240208,"NY117027171A",0.80075577701234,"State"
6567,20240209,"NY089029831A",0.948968330936695,"State"
6568,20240211,"NY055028339A",0.960070895896733,"State"
6569,20240211,"NY067027081A",0.908905460990536,"State"
6570,20240211,"NY067027596A",0.948533591947296,"State"
6571,20240211,"NY067027618A",0.892452262314818,"State"
6572,20240211,"NY067027723A",0.898404842323513,"State"
6573,20240211,"NY067030317A",0.954419289034545,"State"
6574,20240211,"NY067030571A",0.953817342741531,"State"
6575,20240211,"NY119026689A",0.9824097916597,"State"
6576,20240211,"NY119026697A",0.86921044711233,"State"
6577,20240211,"NY119026701A",0.62010500618667,"State"
6578,20240211,"NY119026786A",0.956659866902986,"State"
6579,20240211,"NY119100803A",0.961910176236498,"State"
6580,20240212,"NY013027961A",0.846971875731532,"State"
6581,20240212,"NY019026018A",0.852891014279504,"State"
6582,20240212,"NY023027561A",0.932080393271578,"State"
6583,20240212,"NY027026255A",0.720329063973514,"State"
6584,20240212,"NY029028436A",0.853058221583119,"State"
6585,20240212,"NY031021733A",0.880848075443935,"State"
6586,20240212,"NY043036528A",0.943483931378123,"State"
6587,20240212,"NY045025984A",0.857271845634217,"State"
6588,20240212,"NY045025984B",0.70314015316189,"State"
6589,20240212,"NY065025780B",0.97394910209678,"State"
6590,20240212,"NY065025780C",0.859679630806274,"State"
6591,20240212,"NY065030864A",0.881249372972611,"State"
6592,20240212,"NY071031518A",0.842557602916095,"State"
6593,20240212,"NY091028240A",0.643313379928435,"State"
6594,20240212,"NY099022365A",0.966224124669766,"State"
6595,20240213,"NY007024414B",0.978597465137277,"State"
6596,20240213,"NY007024414C",0.805136608367053,"State"
6597,20240213,"NY013021334A",0.943049192388724,"State"
6598,20240213,"NY029026395B",0.948667357790188,"State"
6599,20240213,"NY029026395C",0.93321740293616,"State"
6600,20240213,"NY029028410A",0.966090358826874,"State"
6601,20240213,"NY029095401A",0.823228438618199,"State"
6602,20240213,"NY037020907A",0.597832993345149,"State"
6603,20240213,"NY037026514A",0.917098618867672,"State"
6604,20240213,"NY051024384A",0.940173226766545,"State"
6605,20240213,"NY051030635A",0.959268300839381,"State"
6606,20240213,"NY053028525A",0.947195933518376,"State"
6607,20240213,"NY055021610A",0.815971641641307,"State"
6608,20240213,"NY055026794A",0.940173226766545,"State"
6609,20240213,"NY055028339A",0.934956358893757,"State"
6610,20240213,"NY065021377A",0.92719794000602,"State"
6611,20240213,"NY065021385A",0.864361435307494,"State"
6612,20240213,"NY065030864A",0.658027622646557,"State"
6613,20240213,"NY067025461A",0.666655519513092,"State"
6614,20240213,"NY071023680A",0.956559542520817,"State"
6615,20240213,"NY071026328A",0.939805370698592,"State"
6616,20240213,"NY073021873A",0.970237099956526,"State"
6617,20240213,"NY073024678A",0.748152359295054,"State"
6618,20240213,"NY073028401A",0.862823128114236,"State"
6619,20240213,"NY075029106A",0.960304986121794,"State"
6620,20240213,"NY083087971A",0.915125572685015,"State"
6621,20240213,"NY089020818A",0.934789151590141,"State"
6622,20240213,"NY089029831A",0.939905695080761,"State"
6623,20240213,"NY089236586A",0.772698391465739,"State"
6624,20240213,"NY093020516A",0.963849780958432,"State"
6625,20240213,"NY101021431A",0.765608801792462,"State"
6626,20240213,"NY101023906A",0.796040531050396,"State"
6627,20240213,"NY101025712A",0.908738253686921,"State"
6628,20240213,"NY105030724A",0.943149516770893,"State"
6629,20240213,"NY109020958A",0.63602314149082,"State"
6630,20240213,"NY109026638A",0.976925392101127,"State"
6631,20240213,"NY111029351A",0.9007123031134,"State"
6632,20240213,"NY117029475A",0.773066247533692,"State"
6633,20240213,"NY121021504A",0.956158244992141,"State"
6634,20240214,"NY003023515A",0.952646891616226,"State"
6635,20240214,"NY007027669A",0.697756077985486,"State"
6636,20240214,"NY013027961A",0.671872387385881,"State"
6637,20240214,"NY019021831A",0.650570176905327,"State"
6638,20240214,"NY019022195A",0.755542922114838,"State"
6639,20240214,"NY019026018A",0.936829080694245,"State"
6640,20240214,"NY025027154A",0.940942380363174,"State"
6641,20240214,"NY025029271A",0.906464234357757,"State"
6642,20240214,"NY027026255A",0.80175902083403,"State"
6643,20240214,"NY027026271A",0.882352941176471,"State"
6644,20240214,"NY031021733A",0.967093602648564,"State"
6645,20240214,"NY031022969A",0.876500685549945,"State"
6646,20240214,"NY031036706A",0.921713540447447,"State"
6647,20240214,"NY037030546A",0.779654215296124,"State"
6648,20240214,"NY045025151A",0.920810621007926,"State"
6649,20240214,"NY045025984A",0.89492693040832,"State"
6650,20240214,"NY049020125A",0.674547704243721,"State"
6651,20240214,"NY051024449A",0.971073136474601,"State"
6652,20240214,"NY055026794A",0.755141624586162,"State"
6653,20240214,"NY055028231A",0.962244590843728,"State"
6654,20240214,"NY057024333A",0.973815336253888,"State"
6655,20240214,"NY065036790A",0.935190449118818,"State"
6656,20240214,"NY071022144A",0.973246831421597,"State"
6657,20240214,"NY071026522A",0.983680567167174,"State"
6658,20240214,"NY071030490A",0.96782931478447,"State"
6659,20240214,"NY075026301A",0.954753703641775,"State"
6660,20240214,"NY075029106A",0.882419824097917,"State"
6661,20240214,"NY075029114A",0.935391097883156,"State"
6662,20240214,"NY079031356A",0.92408788415878,"State"
6663,20240214,"NY083026034A",0.83837742032572,"State"
6664,20240214,"NY083087971A",0.916362906731766,"State"
6665,20240214,"NY087026051A",0.904257097950039,"State"
6666,20240214,"NY087028533A",0.962913420058188,"State"
6667,20240214,"NY087031895A",0.919840818646959,"State"
6668,20240214,"NY089020117A",0.931144032371334,"State"
6669,20240214,"NY089031194A",0.93154532990001,"State"
6670,20240214,"NY091028240A",0.948098852957897,"State"
6671,20240214,"NY103020061A",0.648128950272548,"State"
6672,20240214,"NY103076988A",0.870581547001973,"State"
6673,20240214,"NY103080683A",0.721298866334481,"State"
6674,20240214,"NY103206644A",0.908738253686921,"State"
6675,20240214,"NY105022454A",0.926161254723606,"State"
6676,20240214,"NY105035645A",0.957061164431662,"State"
6677,20240214,"NY109026638A",0.931277798214226,"State"
6678,20240214,"NY111029351A",0.97284553389292,"State"
6679,20240214,"NY111030082A",0.968130287930977,"State"
6680,20240214,"NY111031208A",0.970772163328094,"State"
6681,20240214,"NY119026689A",0.708758318563355,"State"
6682,20240214,"NY119026786A",0.86141858676387,"State"
6683,20240214,"NY119100803A",0.977360131090526,"State"
6684,20240214,"NY119108324A",0.948299501722235,"State"
6685,20240214,"NY123029726A",0.914222653245494,"State"
6686,20240215,"NY007024414B",0.947697555429221,"State"
6687,20240215,"NY023027561A",0.923987559776611,"State"
6688,20240215,"NY025026531A",0.959101093535766,"State"
6689,20240215,"NY025026565A",0.953516369595024,"State"
6690,20240215,"NY033030376A",0.807143096010434,"State"
6691,20240215,"NY035026042A",0.781861351703842,"State"
6692,20240215,"NY041026484A",0.943483931378123,"State"
6693,20240215,"NY051032328A",0.924556064608902,"State"
6694,20240215,"NY053026956A",0.762331538641608,"State"
6695,20240215,"NY055021610A",0.940708290138113,"State"
6696,20240215,"NY059021822A",0.689863893254857,"State"
6697,20240215,"NY065020494A",0.899608734909541,"State"
6698,20240215,"NY065025780B",0.918135304150085,"State"
6699,20240215,"NY065025780C",0.909407082901381,"State"
6700,20240215,"NY071023680A",0.958298498478414,"State"
6701,20240215,"NY071026310A",0.93455506136508,"State"
6702,20240215,"NY071026328A",0.919372638196836,"State"
6703,20240215,"NY071026522A",0.947028726214761,"State"
6704,20240215,"NY071031518A",0.919907701568405,"State"
6705,20240215,"NY089020818A",0.943015750928,"State"
6706,20240215,"NY089236586A",0.954486171955991,"State"
6707,20240215,"NY097271942A",0.784302578336622,"State"
6708,20240215,"NY099033308A",0.839246898304518,"State"
6709,20240215,"NY101021431A",0.915727518978029,"State"
6710,20240215,"NY103079324A",0.859813396649166,"State"
6711,20240215,"NY103104809A",0.832725813463532,"State"
6712,20240215,"NY113029050A",0.891616225796743,"State"
6713,20240215,"NY115024929A",0.98207537705247,"State"
6714,20240215,"NY117027171A",0.977694545697756,"State"
6715,20240218,"NY119026786A",0.969334180517005,"State"
6716,20240219,"NY013027961A",0.619636825736548,"State"
6717,20240219,"NY029022543A",0.902952880981841,"State"
6718,20240219,"NY029028436A",0.866969869243889,"State"
6719,20240219,"NY059026450A",0.658194829950172,"State"
6720,20240219,"NY063022331A",0.892017523325419,"State"
6721,20240219,"NY063026336A",0.910577534026686,"State"
6722,20240219,"NY063027057A",0.853727050797579,"State"
6723,20240219,"NY063027979A",0.880848075443935,"State"
6724,20240219,"NY067027596A",0.955355649934789,"State"
6725,20240219,"NY067027618A",0.969100090291944,"State"
6726,20240219,"NY067027723A",0.949637160151155,"State"
6727,20240219,"NY067030571A",0.941644651038357,"State"
6728,20240219,"NY089020117A",0.9325485737217,"State"
6729,20240219,"NY089031194A",0.953148513527071,"State"
6730,20240219,"NY119026701A",0.896632444905193,"State"
6731,20240219,"NY119100803A",0.964986790623014,"State"
6732,20240220,"NY001026867A",0.882520148480086,"State"
6733,20240220,"NY007024414C",0.858709828445307,"State"
6734,20240220,"NY009027162A",0.630104002942849,"State"
6735,20240220,"NY011021903A",0.942380363174263,"State"
6736,20240220,"NY023027561A",0.969467946359897,"State"
6737,20240220,"NY027149209A",0.956158244992141,"State"
6738,20240220,"NY029025950B",0.932916429789653,"State"
6739,20240220,"NY029026395B",0.932816105407484,"State"
6740,20240220,"NY029026395C",0.904992810085945,"State"
6741,20240220,"NY029028410A",0.92743203023108,"State"
6742,20240220,"NY031022187A",0.921646657526001,"State"
6743,20240220,"NY037026514A",0.961074139718423,"State"
6744,20240220,"NY045025984A",0.639300404641675,"State"
6745,20240220,"NY045025984B",0.960806608032639,"State"
6746,20240220,"NY051030635A",0.912115841219944,"State"
6747,20240220,"NY055021610A",0.969869243888573,"State"
6748,20240220,"NY055026794A",0.914122328863325,"State"
6749,20240220,"NY055028339A",0.936160251479785,"State"
6750,20240220,"NY059026778A",0.939069658562686,"State"
6751,20240220,"NY063027774A",0.919372638196836,"State"
6752,20240220,"NY069025968A",0.95191117948032,"State"
6753,20240220,"NY071023680A",0.945390094639334,"State"
6754,20240220,"NY071026310A",0.894793164565428,"State"
6755,20240220,"NY071026328A",0.979132528508845,"State"
6756,20240220,"NY071027901A",0.95692739858877,"State"
6757,20240220,"NY071031518A",0.918202187071531,"State"
6758,20240220,"NY073021873A",0.899474969066649,"State"
6759,20240220,"NY075029106A",0.950807611276461,"State"
6760,20240220,"NY079022721A",0.915995050663813,"State"
6761,20240220,"NY087022748A",0.794234692171354,"State"
6762,20240220,"NY087026051A",0.945423536100057,"State"
6763,20240220,"NY087031895A",0.945958599471625,"State"
6764,20240220,"NY089020818A",0.87088252014848,"State"
6765,20240220,"NY089029831A",0.971741965689061,"State"
6766,20240220,"NY089236586A",0.933986556532789,"State"
6767,20240220,"NY101021431A",0.965421529612413,"State"
6768,20240220,"NY101025712A",0.923720028090827,"State"
6769,20240220,"NY109020958A",0.953115072066348,"State"
6770,20240220,"NY109026638A",0.8864662408454,"State"
6771,20240220,"NY111029351A",0.964752700397953,"State"
6772,20240220,"NY117029475A",0.965923151523259,"State"
6773,20240220,"NY119026719A",0.903588268735578,"State"
6774,20240220,"NY121021504A",0.972143263217737,"State"
6775,20240221,"NY015035742A",0.863926696318095,"State"
6776,20240221,"NY015036986A",0.90683209042571,"State"
6777,20240221,"NY017021423A",0.961943617697221,"State"
6778,20240221,"NY027026255A",0.970805604788817,"State"
6779,20240221,"NY031021733A",0.952279035548273,"State"
6780,20240221,"NY031036706A",0.933986556532789,"State"
6781,20240221,"NY045025151A",0.944687823964151,"State"
6782,20240221,"NY055026794A",0.866501688793767,"State"
6783,20240221,"NY055028231A",0.941778416881249,"State"
6784,20240221,"NY071026310A",0.917800889542855,"State"
6785,20240221,"NY071026522A",0.752165334581815,"State"
6786,20240221,"NY075020257A",0.869645186101729,"State"
6787,20240221,"NY075029106A",0.933284285857606,"State"
6788,20240221,"NY075029114A",0.929973581246029,"State"
6789,20240221,"NY079031356A",0.957429020499615,"State"
6790,20240221,"NY087028533A",0.943584255760292,"State"
6791,20240221,"NY087270598A",0.856001070126743,"State"
6792,20240221,"NY103076988A",0.88546299702371,"State"
6793,20240221,"NY111029351A",0.940775173059559,"State"
6794,20240221,"NY111031208A",0.941644651038357,"State"
6795,20240221,"NY123029726A",0.932715781025315,"State"
6796,20240222,"NY007024414B",0.878172758586095,"State"
6797,20240222,"NY007024414C",0.932113834732301,"State"
6798,20240222,"NY011021903A",0.960639400729024,"State"
6799,20240222,"NY019021831A",0.950205664983446,"State"
6800,20240222,"NY023027561A",0.960806608032639,"State"
6801,20240222,"NY029022136A",0.942982309467278,"State"
6802,20240222,"NY029095401A",0.937865765976658,"State"
6803,20240222,"NY033030376A",0.976423770190282,"State"
6804,20240222,"NY051032328A",0.968364378156038,"State"
6805,20240222,"NY053026956A",0.793465538574725,"State"
6806,20240222,"NY055021610A",0.908002541551015,"State"
6807,20240222,"NY059026999A",0.917265826171287,"State"
6808,20240222,"NY069023531A",0.819416112095776,"State"
6809,20240222,"NY073023256A",0.661338327258135,"State"
6810,20240222,"NY089236586A",0.94813229441862,"State"
6811,20240222,"NY101021431A",0.956292010835033,"State"
6812,20240222,"NY101023906A",0.865899742500752,"State"
6813,20240222,"NY101025712A",0.920208674714912,"State"
6814,20240222,"NY103104809A",0.825368692104471,"State"
6815,20240222,"NY117027171A",0.87767113667525,"State"
6816,20240223,"NY045025984A",0.92442229876601,"State"
6817,20240224,"NY063027979A",0.929170986188677,"State"
6818,20240225,"NY067027596A",0.915025248302846,"State"
6819,20240225,"NY067027618A",0.881550346119119,"State"
6820,20240225,"NY067027723A",0.872287061498846,"State"
6821,20240225,"NY067030317A",0.938166739123165,"State"
6822,20240225,"NY067030571A",0.923720028090827,"State"
6823,20240225,"NY119026697A",0.937263819683644,"State"
6824,20240225,"NY119026719A",0.921780423368893,"State"
6825,20240225,"NY119026786A",0.964284519947831,"State"
6826,20240225,"NY119108324A",0.949403069926094,"State"
6827,20240226,"NY001026867A",0.933752466307728,"State"
6828,20240226,"NY023027561A",0.898739256930743,"State"
6829,20240226,"NY027026255A",0.894224659733137,"State"
6830,20240226,"NY027060976A",0.910443768183794,"State"
6831,20240226,"NY029022136A",0.953783901280808,"State"
6832,20240226,"NY029028436A",0.955355649934789,"State"
6833,20240226,"NY029095401A",0.956693308363709,"State"
6834,20240226,"NY035026042A",0.834364445038959,"State"
6835,20240226,"NY039033545A",0.722603083302679,"State"
6836,20240226,"NY043036528A",0.920175233254189,"State"
6837,20240226,"NY045025984A",0.900177239741832,"State"
6838,20240226,"NY045025984B",0.950372872287061,"State"
6839,20240226,"NY055028231A",0.904223656489315,"State"
6840,20240226,"NY059026450A",0.96615724174832,"State"
6841,20240226,"NY059026859A",0.818947931645654,"State"
6842,20240226,"NY063022331A",0.826171287161823,"State"
6843,20240226,"NY063026336A",0.928970337424339,"State"
6844,20240226,"NY065025780B",0.959167976457212,"State"
6845,20240226,"NY065025780C",0.884760726348527,"State"
6846,20240226,"NY065030864A",0.663612346587299,"State"
6847,20240226,"NY087031895A",0.958365381399859,"State"
6848,20240226,"NY089031194A",0.902651907835334,"State"
6849,20240226,"NY091028240A",0.874795171053072,"State"
6850,20240226,"NY103104809A",0.778015583720697,"State"
6851,20240226,"NY113029050A",0.929772932481691,"State"
6852,20240227,"NY007024414B",0.933083637093268,"State"
6853,20240227,"NY007024414C",0.723740092967261,"State"
6854,20240227,"NY011021903A",0.960070895896733,"State"
6855,20240227,"NY019021831A",0.902752232217503,"State"
6856,20240227,"NY019023949A",0.949269304083202,"State"
6857,20240227,"NY019025097A",0.938568036651841,"State"
6858,20240227,"NY027149209A",0.964819583319399,"State"
6859,20240227,"NY029022543A",0.898337959402067,"State"
6860,20240227,"NY029025950B",0.91863692606093,"State"
6861,20240227,"NY029026395B",0.889944152760593,"State"
6862,20240227,"NY029026395C",0.932615456643146,"State"
6863,20240227,"NY029028410A",0.902417817610273,"State"
6864,20240227,"NY031022187A",0.950606962512123,"State"
6865,20240227,"NY051030635A",0.961207905561315,"State"
6866,20240227,"NY053021539A",0.918837574825268,"State"
6867,20240227,"NY053029807A",0.954151757348761,"State"
6868,20240227,"NY055021610A",0.780824666421429,"State"
6869,20240227,"NY055028339A",0.973213389960873,"State"
6870,20240227,"NY057020290A",0.61575761629268,"State"
6871,20240227,"NY059026620A",0.95936862522155,"State"
6872,20240227,"NY059026778A",0.978564023676554,"State"
6873,20240227,"NY059026841A",0.896097381533625,"State"
6874,20240227,"NY059026999A",0.930140788549644,"State"
6875,20240227,"NY063027057A",0.94445373373909,"State"
6876,20240227,"NY063027774A",0.921914189211785,"State"
6877,20240227,"NY065020249A",0.874795171053072,"State"
6878,20240227,"NY065030864A",0.820887536367588,"State"
6879,20240227,"NY069025968A",0.877938668361034,"State"
6880,20240227,"NY071023680A",0.926830083938066,"State"
6881,20240227,"NY071026310A",0.935090124736649,"State"
6882,20240227,"NY071027901A",0.933752466307728,"State"
6883,20240227,"NY071031518A",0.843694612580678,"State"
6884,20240227,"NY073021873A",0.762565628866669,"State"
6885,20240227,"NY073024678A",0.60151155402468,"State"
6886,20240227,"NY075029106A",0.958198174096245,"State"
6887,20240227,"NY075029114A",0.93833394642678,"State"
6888,20240227,"NY083087971A",0.932247600575193,"State"
6889,20240227,"NY087022748A",0.915794401899475,"State"
6890,20240227,"NY087026051A",0.964552051633615,"State"
6891,20240227,"NY089020818A",0.766879577299936,"State"
6892,20240227,"NY089236586A",0.930073905628198,"State"
6893,20240227,"NY093020516A",0.935959602715447,"State"
6894,20240227,"NY101023906A",0.887569809049259,"State"
6895,20240227,"NY101025712A",0.82001805838879,"State"
6896,20240227,"NY103024881A",0.921245359997325,"State"
6897,20240227,"NY103065358A",0.83225763301341,"State"
6898,20240227,"NY103079324A",0.882988328930208,"State"
6899,20240227,"NY103104809A",0.899775942213156,"State"
6900,20240227,"NY103206644A",0.961809851854329,"State"
6901,20240227,"NY105030724A",0.967695548941578,"State"
6902,20240227,"NY109026638A",0.825769989633147,"State"
6903,20240227,"NY111029351A",0.889843828378424,"State"
6904,20240227,"NY117029475A",0.804166806006086,"State"
6905,20240227,"NY119026786A",0.866033508343644,"State"
6906,20240227,"NY121021504A",0.63435106845467,"State"
6907,20240228,"NY007027669A",0.713139149918068,"State"
6908,20240228,"NY025029271A",0.954452730495268,"State"
6909,20240228,"NY027026271A",0.84984784135371,"State"
6910,20240228,"NY029028436A",0.954686820720329,"State"
6911,20240228,"NY031036706A",0.961776410393606,"State"
6912,20240228,"NY049020125A",0.872588034645353,"State"
6913,20240228,"NY051024449A",0.96749490017724,"State"
6914,20240228,"NY055026794A",0.959870247132395,"State"
6915,20240228,"NY055028231A",0.915025248302846,"State"
6916,20240228,"NY057024333A",0.944921914189212,"State"
6917,20240228,"NY059023523A",0.786777246430124,"State"
6918,20240228,"NY059026450A",0.951810855098151,"State"
6919,20240228,"NY059026859A",0.883489950841053,"State"
6920,20240228,"NY065022110A",0.907300270875832,"State"
6921,20240228,"NY065036790A",0.845132595391767,"State"
6922,20240228,"NY071026310A",0.945222887335719,"State"
6923,20240228,"NY075026301A",0.975052670300639,"State"
6924,20240228,"NY075029106A",0.658094505568003,"State"
6925,20240228,"NY079031356A",0.912684346052236,"State"
6926,20240228,"NY083087971A",0.876099388021269,"State"
6927,20240228,"NY087026051A",0.8793432097114,"State"
6928,20240228,"NY087028533A",0.956659866902986,"State"
6929,20240228,"NY089020117A",0.893789920743738,"State"
6930,20240228,"NY089031194A",0.725813463532087,"State"
6931,20240228,"NY091028240A",0.89659900344447,"State"
6932,20240228,"NY095024201A",0.820252148613851,"State"
6933,20240228,"NY103020061A",0.739256930742735,"State"
6934,20240228,"NY103076988A",0.813797946694312,"State"
6935,20240228,"NY107029262A",0.830017055144969,"State"
6936,20240228,"NY109026638A",0.944386850817644,"State"
6937,20240228,"NY111029351A",0.956392335217202,"State"
6938,20240228,"NY111030082A",0.972544560746413,"State"
6939,20240228,"NY119026689A",0.948667357790188,"State"
6940,20240228,"NY119026697A",0.956793632745878,"State"
6941,20240228,"NY119108324A",0.942079390027756,"State"
6942,20240229,"NY001025739A",0.897200949737485,"State"
6943,20240229,"NY007024414B",0.853526402033241,"State"
6944,20240229,"NY009027162A",0.641106243520717,"State"
6945,20240229,"NY011021903A",0.934454736982911,"State"
6946,20240229,"NY025020265A",0.644985452964586,"State"
6947,20240229,"NY029032093A",0.859612747884828,"State"
6948,20240229,"NY031022969A",0.882988328930208,"State"
6949,20240229,"NY053026956A",0.82546901648664,"State"
6950,20240229,"NY055021610A",0.909774938969334,"State"
6951,20240229,"NY059021822A",0.890713306357222,"State"
6952,20240229,"NY059026778A",0.948165735879343,"State"
6953,20240229,"NY065020494A",0.83359529144233,"State"
6954,20240229,"NY065025780B",0.68387787178544,"State"
6955,20240229,"NY069023531A",0.645085777346755,"State"
6956,20240229,"NY071023680A",0.6593987225362,"State"
6957,20240229,"NY071026522A",0.970404307260141,"State"
6958,20240229,"NY071031518A",0.959435508142996,"State"
6959,20240229,"NY087031895A",0.841788449319466,"State"
6960,20240229,"NY089020818A",0.621576430458482,"State"
6961,20240229,"NY089236586A",0.901481456710029,"State"
6962,20240229,"NY093020516A",0.671203558171421,"State"
6963,20240229,"NY097271942A",0.740995886700331,"State"
6964,20240229,"NY101023906A",0.789786977895194,"State"
6965,20240229,"NY101025712A",0.866301040029429,"State"
6966,20240229,"NY103079324A",0.812393405343945,"State"
6967,20240229,"NY115024929A",0.964652376015784,"State"
6968,20240229,"NY115183695A",0.862990335417851,"State"
6969,20240229,"NY117027171A",0.978664348058723,"State"
6970,20240301,"NY041026484A",0.823629736146875,"State"
6971,20240301,"NY089029831A",0.686519747182557,"State"
6973,20240303,"NY045025984A",0.766712369996321,"State"
6978,20240303,"NY055028339A",0.921914189211785,"State"
6980,20240303,"NY067030317A",0.923954118315888,"State"
6981,20240303,"NY067030571A",0.938768685416179,"State"
6988,20240303,"NY119026689A",0.948600474868742,"State"
6989,20240303,"NY119026719A",0.677523994248069,"State"
6990,20240303,"NY119026786A",0.928067417984818,"State"
6991,20240303,"NY119100803A",0.962645888372404,"State"
6992,20240304,"NY001026867A",0.843527405277062,"State"
6993,20240304,"NY023027561A",0.722368993077618,"State"
6994,20240304,"NY027026255A",0.926361903487944,"State"
6995,20240304,"NY029028436A",0.909473965822827,"State"
6996,20240304,"NY055028231A",0.94100926328462,"State"
6997,20240304,"NY063022331A",0.957729993646122,"State"
6998,20240304,"NY063026336A",0.908470722001137,"State"
6999,20240304,"NY063027057A",0.962846537136742,"State"
7000,20240304,"NY063027979A",0.900344447045447,"State"
7001,20240304,"NY065025780B",0.911246363241146,"State"
7002,20240304,"NY065025780C",0.891649667257466,"State"
7003,20240304,"NY087031895A",0.966324449051935,"State"
7004,20240304,"NY113029050A",0.956626425442263,"State"
7005,20240305,"NY001025739A",0.895461993779888,"State"
7007,20240305,"NY007024414B",0.727418653646791,"State"
7008,20240305,"NY011021903A",0.946025482393071,"State"
7009,20240305,"NY019023949A",0.931010266528442,"State"
7010,20240305,"NY021022039A",0.807510952078387,"State"
7011,20240305,"NY027149209A",0.771527940340434,"State"
7012,20240305,"NY029022136A",0.883088653312377,"State"
7013,20240305,"NY029022543A",0.944152760592583,"State"
7014,20240305,"NY029025950B",0.948667357790188,"State"
7015,20240305,"NY029026395B",0.934789151590141,"State"
7016,20240305,"NY029026395C",0.907367153797278,"State"
7017,20240305,"NY029028410A",0.943517372838846,"State"
7018,20240305,"NY031022187A",0.967595224559409,"State"
7024,20240305,"NY051024384A",0.735444604220312,"State"
7025,20240305,"NY051030635A",0.954452730495268,"State"
7026,20240305,"NY053021539A",0.949403069926094,"State"
7027,20240305,"NY053028525A",0.925893723037822,"State"
7028,20240305,"NY055021610A",0.927632678995419,"State"
7029,20240305,"NY055026794A",0.977928635922817,"State"
7030,20240305,"NY059026620A",0.869979600708959,"State"
7033,20240305,"NY063027774A",0.91051065110524,"State"
7034,20240305,"NY065021385A",0.906531117279203,"State"
7035,20240305,"NY065029076A",0.898839581312912,"State"
7036,20240305,"NY069025968A",0.890479216132161,"State"
7037,20240305,"NY071026328A",0.899976590977494,"State"
7038,20240305,"NY071027901A",0.71126642811758,"State"
7039,20240305,"NY071031518A",0.619268969668595,"State"
7040,20240305,"NY073021873A",0.898271076480621,"State"
7041,20240305,"NY073024678A",0.8546299702371,"State"
7042,20240305,"NY075029106A",0.927030732702404,"State"
7043,20240305,"NY075029114A",0.725746580610641,"State"
7048,20240305,"NY083087971A",0.929104103267231,"State"
7051,20240305,"NY089020818A",0.780624017657091,"State"
7052,20240305,"NY089029831A",0.954051432966592,"State"
7053,20240305,"NY089236586A",0.654984449720764,"State"
7054,20240305,"NY093020516A",0.922917433033475,"State"
7055,20240305,"NY099022365A",0.961274788482761,"State"
7056,20240305,"NY101025712A",0.954854028023944,"State"
7057,20240305,"NY105030724A",0.928569039895663,"State"
7058,20240305,"NY109026638A",0.821957663110725,"State"
7059,20240305,"NY111029351A",0.805270374209946,"State"
7060,20240305,"NY117029475A",0.890512657592884,"State"
7061,20240305,"NY121021504A",0.859478982041936,"State"
7062,20240306,"NY001022225A",0.910878507173193,"State"
7063,20240306,"NY003023515A",0.884727284887804,"State"
7064,20240306,"NY007027669A",0.889576296692639,"State"
7065,20240306,"NY015036986A",0.877202956225128,"State"
7066,20240306,"NY017021423A",0.95903421061432,"State"
7067,20240306,"NY019021831A",0.832291074474133,"State"
7068,20240306,"NY029028436A",0.898572049627128,"State"
7069,20240306,"NY031022969A",0.956659866902986,"State"
7070,20240306,"NY045025151A",0.723104705213524,"State"
7071,20240306,"NY045025984B",0.911681102230545,"State"
7072,20240306,"NY055028231A",0.958064408253352,"State"
7073,20240306,"NY057024333A",0.70859111125974,"State"
7074,20240306,"NY063030651A",0.68855967628666,"State"
7075,20240306,"NY075020257A",0.869678627562452,"State"
7076,20240306,"NY075026301A",0.880848075443935,"State"
7077,20240306,"NY075029106A",0.661806507708257,"State"
7078,20240306,"NY083087971A",0.721432632177374,"State"
7079,20240306,"NY089031194A",0.86787278868341,"State"
7080,20240306,"NY091028240A",0.915560311674414,"State"
7081,20240306,"NY103076988A",0.959535832525165,"State"
7082,20240306,"NY107029262A",0.950807611276461,"State"
7083,20240307,"NY001025739A",0.958766678928536,"State"
7084,20240307,"NY007024414B",0.851018292479016,"State"
7085,20240307,"NY011021903A",0.899809383673879,"State"
7086,20240307,"NY023027561A",0.919840818646959,"State"
7087,20240307,"NY029032093A",0.902919439521118,"State"
7088,20240307,"NY029095401A",0.932916429789653,"State"
7089,20240307,"NY037030546A",0.916262582349597,"State"
7090,20240307,"NY053026956A",0.884158780055513,"State"
7091,20240307,"NY055021610A",0.825836872554593,"State"
7092,20240307,"NY057020290A",0.61642644550714,"State"
7093,20240307,"NY059021822A",0.952212152626827,"State"
7094,20240307,"NY065025780B",0.887870782195766,"State"
7095,20240307,"NY089020818A",0.802695381734274,"State"
7096,20240307,"NY089236586A",0.933785907768451,"State"
7097,20240307,"NY101023906A",0.686954486171956,"State"
7098,20240307,"NY103079324A",0.849413102364311,"State"
7099,20240307,"NY113029050A",0.934153763836404,"State"
7100,20240307,"NY115183695A",0.631876400361168,"State"
7101,20240307,"NY117027171A",0.898739256930743,"State"
7102,20240308,"NY089029831A",0.844931946627429,"State"
7103,20240309,"NY045025984A",0.822325519178678,"State"
7111,20240310,"NY067027596A",0.793733070260509,"State"
7112,20240310,"NY067027618A",0.961910176236498,"State"
7113,20240310,"NY067027723A",0.981005250309333,"State"
7114,20240310,"NY067030317A",0.938300504966057,"State"
7115,20240310,"NY067030571A",0.937598234290874,"State"
7122,20240311,"NY001026867A",0.689094739658228,"State"
7123,20240311,"NY023027561A",0.920777179547203,"State"
7124,20240311,"NY029022136A",0.928468715513494,"State"
7125,20240311,"NY029028436A",0.877269839146574,"State"
7126,20240311,"NY031021733A",0.773701635287429,"State"
7127,20240311,"NY055028231A",0.957161488813831,"State"
7128,20240311,"NY063022331A",0.902250610306658,"State"
7129,20240311,"NY063026336A",0.775775005852256,"State"
7130,20240311,"NY063027057A",0.957061164431662,"State"
7131,20240311,"NY063027979A",0.904524629635822,"State"
7132,20240311,"NY065025780B",0.817208975688058,"State"
7133,20240311,"NY065025780C",0.933418051700498,"State"
7134,20240311,"NY089031194A",0.805203491288499,"State"
7135,20240311,"NY091028240A",0.87389225161355,"State"
7137,20240312,"NY007024414C",0.907367153797278,"State"
7138,20240312,"NY007027669A",0.874795171053072,"State"
7139,20240312,"NY011021903A",0.93498980035448,"State"
7140,20240312,"NY019023949A",0.799317794201251,"State"
7141,20240312,"NY029025950B",0.933451493161221,"State"
7142,20240312,"NY029026395B",0.942045948567033,"State"
7143,20240312,"NY029026395C",0.953683576898639,"State"
7144,20240312,"NY029028410A",0.968999765909775,"State"
7145,20240312,"NY029028436A",0.938200180583888,"State"
7146,20240312,"NY029095401A",0.925458984048423,"State"
7147,20240312,"NY037026514A",0.873825368692104,"State"
7148,20240312,"NY045025984A",0.894960371869043,"State"
7154,20240312,"NY051030635A",0.971675082767615,"State"
7155,20240312,"NY053029807A",0.723238471056416,"State"
7156,20240312,"NY055021610A",0.926595993713005,"State"
7157,20240312,"NY055028339A",0.656957495903421,"State"
7158,20240312,"NY059026620A",0.88579741163094,"State"
7159,20240312,"NY059026999A",0.651339330501956,"State"
7162,20240312,"NY063027774A",0.968799117145437,"State"
7163,20240312,"NY065021377A",0.809450556800321,"State"
7164,20240312,"NY067025461A",0.620138447647393,"State"
7165,20240312,"NY069025968A",0.969668595124235,"State"
7166,20240312,"NY073023256A",0.977794870079925,"State"
7167,20240312,"NY073028401A",0.963180951743972,"State"
7174,20240312,"NY091028240A",0.899842825134602,"State"
7175,20240312,"NY103206644A",0.881817877804903,"State"
7176,20240312,"NY113094366A",0.835902752232218,"State"
7177,20240312,"NY117029475A",0.874527639367288,"State"
7178,20240312,"NY121021504A",0.944888472728489,"State"
7179,20240313,"NY001022225A",0.615222552921112,"State"
7180,20240313,"NY007027669A",0.94946995284754,"State"
7181,20240313,"NY015035742A",0.92442229876601,"State"
7182,20240313,"NY017021423A",0.930007022706752,"State"
7183,20240313,"NY019022195A",0.924689830451794,"State"
7184,20240313,"NY031036706A",0.760559141223289,"State"
7185,20240313,"NY045025151A",0.958064408253352,"State"
7186,20240313,"NY051024449A",0.901013276259907,"State"
7187,20240313,"NY055028231A",0.935257332040264,"State"
7188,20240313,"NY059026450A",0.578771360733037,"State"
7189,20240313,"NY075026301A",0.891683108718189,"State"
7190,20240313,"NY075029114A",0.914523626392001,"State"
7191,20240313,"NY083087971A",0.928702805738555,"State"
7192,20240313,"NY103076988A",0.866033508343644,"State"
7193,20240314,"NY007024414B",0.830819650202321,"State"
7194,20240314,"NY011021903A",0.946961843293315,"State"
7195,20240314,"NY025020265A",0.886600006688292,"State"
7196,20240314,"NY029032093A",0.906464234357757,"State"
7197,20240314,"NY037030546A",0.958198174096245,"State"
7198,20240314,"NY051032328A",0.892184730629034,"State"
7199,20240314,"NY055021610A",0.947597231047052,"State"
7200,20240314,"NY059026778A",0.937096612380029,"State"
7201,20240314,"NY059026999A",0.949737484533324,"State"
7202,20240314,"NY065020494A",0.924288532923118,"State"
7203,20240314,"NY065025780B",0.921145035615156,"State"
7204,20240314,"NY065025780C",0.926395344948667,"State"
7205,20240314,"NY069023531A",0.69467946359897,"State"
7206,20240314,"NY077031151A",0.919506404039728,"State"
7207,20240314,"NY099033308A",0.97050463164231,"State"
7208,20240314,"NY101021431A",0.821890780189279,"State"
7209,20240314,"NY101023906A",0.733839414105608,"State"
7210,20240314,"NY101025712A",0.663010400294285,"State"
7211,20240314,"NY113029050A",0.71872387385881,"State"
7212,20240314,"NY115024929A",0.880078921847306,"State"
7213,20240314,"NY115183695A",0.932582015182423,"State"
7214,20240314,"NY117027171A",0.911982075377052,"State"
7215,20240315,"NY045025984A",0.910477209644517,"State"
7216,20240315,"NY089029831A",0.954385847573822,"State"
7223,20240317,"NY067027081A",0.945657626325118,"State"
7224,20240317,"NY067027596A",0.965822827141089,"State"
7225,20240317,"NY067027618A",0.971909172992676,"State"
7226,20240317,"NY067027723A",0.962913420058188,"State"
7227,20240317,"NY067030317A",0.944620941042705,"State"
7228,20240317,"NY067030571A",0.964518610172892,"State"
7235,20240318,"NY001026875A",0.783132127211317,"State"
7236,20240318,"NY023027561A",0.965622178376751,"State"
7237,20240318,"NY029028436A",0.792127880145805,"State"
7238,20240318,"NY031021733A",0.763368223924021,"State"
7239,20240318,"NY035026042A",0.926963849780958,"State"
7240,20240318,"NY045025984A",0.95258000869478,"State"
7241,20240318,"NY045025984B",0.888539611410226,"State"
7242,20240318,"NY059026450A",0.865565327893522,"State"
7243,20240318,"NY063022331A",0.7871785439588,"State"
7244,20240318,"NY063026336A",0.871150051834264,"State"
7245,20240318,"NY063027057A",0.881550346119119,"State"
7246,20240318,"NY063027979A",0.967026719727118,"State"
7247,20240318,"NY065025780B",0.952312477008996,"State"
7248,20240318,"NY065025780C",0.958331939939137,"State"
7249,20240318,"NY065030864A",0.904123332107146,"State"
7250,20240318,"NY089031194A",0.886900979834799,"State"
7251,20240318,"NY103020061A",0.8370397618968,"State"
7252,20240318,"NY103104809A",0.715346286325787,"State"
7254,20240319,"NY011021903A",0.938835568337625,"State"
7255,20240319,"NY029022543A",0.893723037822292,"State"
7256,20240319,"NY029025950B",0.922649901347691,"State"
7257,20240319,"NY029026395B",0.926896966859512,"State"
7258,20240319,"NY029026395C",0.907066180650771,"State"
7259,20240319,"NY029028410A",0.921245359997325,"State"
7260,20240319,"NY029095401A",0.93866836103401,"State"
7261,20240319,"NY037026514A",0.8085476373608,"State"
7267,20240319,"NY051030635A",0.955790388924188,"State"
7268,20240319,"NY053021539A",0.958231615556968,"State"
7269,20240319,"NY053028525A",0.732367989833796,"State"
7270,20240319,"NY053029807A",0.882620472862255,"State"
7271,20240319,"NY059026859A",0.875731531953316,"State"
7274,20240319,"NY063027774A",0.909908704812226,"State"
7275,20240319,"NY065021385A",0.599337859077685,"State"
7276,20240319,"NY069025968A",0.697622312142594,"State"
7277,20240319,"NY073021873A",0.966658863659165,"State"
7278,20240319,"NY073024678A",0.716349530147477,"State"
7279,20240319,"NY073028401A",0.929237869110123,"State"
7280,20240319,"NY075029114A",0.658261712871618,"State"
7286,20240319,"NY089020818A",0.95291442330201,"State"
7287,20240319,"NY089029831A",0.962846537136742,"State"
7288,20240319,"NY093020516A",0.890445774671438,"State"
7289,20240319,"NY099022365A",0.950071899140554,"State"
7290,20240319,"NY101023906A",0.743269906029495,"State"
7291,20240319,"NY103206644A",0.93121091529278,"State"
7292,20240319,"NY109026638A",0.743136140186603,"State"
7293,20240319,"NY117029475A",0.899408086145203,"State"
7294,20240319,"NY121021504A",0.846771226967194,"State"
7295,20240320,"NY019022195A",0.973113065578704,"State"
7296,20240320,"NY019026018A",0.788449319466274,"State"
7297,20240320,"NY025029271A",0.805170049827777,"State"
7298,20240320,"NY031036706A",0.707554425977327,"State"
7299,20240320,"NY045025151A",0.847774470788884,"State"
7300,20240320,"NY049020125A",0.895060696251212,"State"
7301,20240320,"NY051024449A",0.976590977493897,"State"
7302,20240320,"NY055028231A",0.945055680032104,"State"
7303,20240320,"NY059023523A",0.950071899140554,"State"
7304,20240320,"NY065022110A",0.928970337424339,"State"
7305,20240320,"NY075029106A",0.777079222820453,"State"
7306,20240320,"NY075029114A",0.954619937798883,"State"
7307,20240320,"NY083026034A",0.666220780523693,"State"
7308,20240320,"NY089020117A",0.709728120924322,"State"
7309,20240320,"NY089031194A",0.938300504966057,"State"
7310,20240320,"NY103020061A",0.809851854328997,"State"
7311,20240320,"NY103076988A",0.930040464167475,"State"
7312,20240320,"NY107029262A",0.910009029194395,"State"
7313,20240320,"NY109026638A",0.627595893388623,"State"
7314,20240321,"NY011021903A",0.966257566130489,"State"
7315,20240321,"NY023027561A",0.970772163328094,"State"
7316,20240321,"NY045025984A",0.933384610239775,"State"
7317,20240321,"NY059026620A",0.967193927030733,"State"
7318,20240321,"NY065025780B",0.867504932615457,"State"
7319,20240321,"NY065025780C",0.893087650068555,"State"
7320,20240321,"NY077031151A",0.933852790689897,"State"
7321,20240321,"NY089020818A",0.887201952981306,"State"
7322,20240321,"NY093020516A",0.920643413704311,"State"
7323,20240321,"NY099033308A",0.646222787011337,"State"
7324,20240321,"NY117027171A",0.942948868006555,"State"
7325,20240322,"NY089029831A",0.686085008193158,"State"
7331,20240324,"NY055028339A",0.882553589940809,"State"
7334,20240324,"NY067027081A",0.868575059358593,"State"
7335,20240324,"NY067027596A",0.700966458214895,"State"
7336,20240324,"NY067027618A",0.906263585593419,"State"
7337,20240324,"NY067030317A",0.934956358893757,"State"
7338,20240324,"NY067030571A",0.961341671404207,"State"
7345,20240325,"NY029022136A",0.684011637628332,"State"
7346,20240325,"NY029028436A",0.96137511286493,"State"
7347,20240325,"NY029095401A",0.88345650938033,"State"
7348,20240325,"NY043036528A",0.844965388088152,"State"
7349,20240325,"NY059026450A",0.918670367521653,"State"
7350,20240325,"NY063022331A",0.909875263351503,"State"
7351,20240325,"NY063026336A",0.786041534294218,"State"
7352,20240325,"NY063027057A",0.91051065110524,"State"
7353,20240325,"NY063027979A",0.922917433033475,"State"
7354,20240325,"NY065025780B",0.642009162960238,"State"
7355,20240325,"NY065025780C",0.901481456710029,"State"
7356,20240325,"NY065030864A",0.747717620305655,"State"
7357,20240326,"NY001025739A",0.88245326555864,"State"
7359,20240326,"NY007024414B",0.964953349162291,"State"
7360,20240326,"NY007027669A",0.923519379326489,"State"
7361,20240326,"NY011021903A",0.92375346955155,"State"
7362,20240326,"NY019023949A",0.786141858676387,"State"
7363,20240326,"NY029022543A",0.702538206868876,"State"
7364,20240326,"NY029025950B",0.94445373373909,"State"
7365,20240326,"NY037026514A",0.869946159248236,"State"
7371,20240326,"NY051030635A",0.961274788482761,"State"
7372,20240326,"NY053021539A",0.90338761997124,"State"
7373,20240326,"NY059026620A",0.743838410861786,"State"
7374,20240326,"NY059026841A",0.823930709293382,"State"
7375,20240326,"NY059026999A",0.927231381466742,"State"
7378,20240326,"NY065021385A",0.872086412734508,"State"
7379,20240326,"NY067025461A",0.858776711366752,"State"
7380,20240326,"NY073024678A",0.932682339564592,"State"
7385,20240326,"NY083087971A",0.811189512757917,"State"
7388,20240326,"NY089020818A",0.87422666622078,"State"
7389,20240326,"NY099022365A",0.957763435106845,"State"
7390,20240326,"NY103065358A",0.960405310503963,"State"
7391,20240326,"NY103104809A",0.792796709360265,"State"
7392,20240326,"NY117029475A",0.813864829615758,"State"
7393,20240326,"NY121021504A",0.902986322442564,"State"
7394,20240327,"NY007027669A",0.946326455539578,"State"
7395,20240327,"NY017021423A",0.956693308363709,"State"
7396,20240327,"NY019026018A",0.840350466508377,"State"
7397,20240327,"NY041026484A",0.887402601745644,"State"
7398,20240327,"NY055028231A",0.909574290204996,"State"
7399,20240327,"NY059026450A",0.930709293381935,"State"
7400,20240327,"NY059026859A",0.941845299802695,"State"
7401,20240327,"NY075026301A",0.93933719024847,"State"
7402,20240327,"NY075029106A",0.959134534996489,"State"
7403,20240327,"NY075029114A",0.952546567234057,"State"
7404,20240327,"NY083026034A",0.719559910376885,"State"
7405,20240327,"NY083087971A",0.930575527539043,"State"
7406,20240327,"NY089031194A",0.910945390094639,"State"
7407,20240327,"NY091028240A",0.805270374209946,"State"
7408,20240327,"NY103020061A",0.944353409356921,"State"
7409,20240327,"NY103076988A",0.864662408454001,"State"
7410,20240327,"NY103080683A",0.852121860682875,"State"
7411,20240327,"NY109026638A",0.705748587098284,"State"
7412,20240327,"NY119026689A",0.645052335886032,"State"
7413,20240328,"NY029032093A",0.892953884225663,"State"
7414,20240328,"NY035026042A",0.930776176303381,"State"
7415,20240328,"NY037030546A",0.892117847707588,"State"
7416,20240328,"NY055021610A",0.774002608433936,"State"
7417,20240328,"NY059026620A",0.980202655251981,"State"
7418,20240328,"NY059026778A",0.918135304150085,"State"
7419,20240328,"NY059026841A",0.935157007658095,"State"
7420,20240328,"NY059026999A",0.952747215998395,"State"
7421,20240328,"NY063027979A",0.950071899140554,"State"
7422,20240328,"NY069023531A",0.798849613751129,"State"
7423,20240328,"NY071031518A",0.947329699361268,"State"
7424,20240328,"NY089020818A",0.957863759489014,"State"
7425,20240328,"NY089236586A",0.75233254188543,"State"
7426,20240328,"NY099033308A",0.813831388155035,"State"
7427,20240328,"NY101023906A",0.749690666488312,"State"
7428,20240328,"NY103079324A",0.983178945256329,"State"
7429,20240328,"NY103104809A",0.891348694110959,"State"
7430,20240328,"NY113029050A",0.754840651439655,"State"
7431,20240328,"NY115183695A",0.869043239808715,"State"
7432,20240330,"NY119100803A",0.937765441594489,"State"
7438,20240331,"NY055028339A",0.92719794000602,"State"
7441,20240331,"NY067027081A",0.661405210179581,"State"
7442,20240331,"NY067027618A",0.912048958298499,"State"
7443,20240331,"NY067030317A",0.961676086011437,"State"
7444,20240331,"NY067030571A",0.71093201351035,"State"
7451,20240331,"NY119026701A",0.882352941176471,"State"
7452,20240331,"NY119026786A",0.867070193626058,"State"
7453,20240331,"NY119108324A",0.955088118249005,"State"
7454,20240401,"NY031021733A",0.822292077717955,"State"
7455,20240401,"NY043036528A",0.767715613818012,"State"
7456,20240401,"NY055028231A",0.948834565093803,"State"
7457,20240401,"NY059026450A",0.687322342239909,"State"
7458,20240401,"NY063027057A",0.858107882152292,"State"
7459,20240401,"NY063027979A",0.873524395545597,"State"
7460,20240401,"NY065025780C",0.917667123699963,"State"
7461,20240401,"NY065030864A",0.962077383540113,"State"
7462,20240401,"NY089020117A",0.887502926127813,"State"
7463,20240401,"NY089031194A",0.961742968932883,"State"
7464,20240401,"NY091028240A",0.89124836972879,"State"
7465,20240401,"NY113029050A",0.689027856736782,"State"
7467,20240402,"NY013027570A",0.86686954486172,"State"
7468,20240402,"NY029025950B",0.927799886299034,"State"
7469,20240402,"NY029026395B",0.916931411564057,"State"
7470,20240402,"NY029026395C",0.9078353342474,"State"
7471,20240402,"NY029028410A",0.935290773500987,"State"
7472,20240402,"NY031022187A",0.945624184864395,"State"
7473,20240402,"NY037026514A",0.948600474868742,"State"
7474,20240402,"NY045025984A",0.932381366418085,"State"
7475,20240402,"NY045025984B",0.959535832525165,"State"
7481,20240402,"NY051024384A",0.619670267197271,"State"
7482,20240402,"NY051030635A",0.819148580409992,"State"
7483,20240402,"NY055028339A",0.917098618867672,"State"
7484,20240402,"NY059026620A",0.684981439989299,"State"
7487,20240402,"NY063026336A",0.771628264722603,"State"
7488,20240402,"NY063027774A",0.955623181620573,"State"
7489,20240402,"NY065021377A",0.918804133364545,"State"
7490,20240402,"NY065021385A",0.757582851218941,"State"
7491,20240402,"NY069025968A",0.650068554994482,"State"
7492,20240402,"NY071026310A",0.900511654349062,"State"
7493,20240402,"NY071026328A",0.902417817610273,"State"
7494,20240402,"NY071027901A",0.942045948567033,"State"
7495,20240402,"NY075029106A",0.850416346186001,"State"
7496,20240402,"NY075029114A",0.938300504966057,"State"
7501,20240402,"NY083087971A",0.7980804601545,"State"
7504,20240402,"NY089029831A",0.930709293381935,"State"
7505,20240402,"NY093020516A",0.839514429990302,"State"
7506,20240402,"NY117029475A",0.908905460990536,"State"
7507,20240402,"NY121021504A",0.910042470655118,"State"
7508,20240403,"NY007027669A",0.654081530281243,"State"
7509,20240403,"NY013106895A",0.720262181052068,"State"
7510,20240403,"NY015036986A",0.85697087248771,"State"
7511,20240403,"NY019022195A",0.883255860615992,"State"
7512,20240403,"NY025027154A",0.74755041300204,"State"
7513,20240403,"NY031022969A",0.955021235327559,"State"
7514,20240403,"NY031036706A",0.704778784737317,"State"
7515,20240403,"NY045025151A",0.962512122529512,"State"
7516,20240403,"NY065036790A",0.738855633214059,"State"
7517,20240403,"NY075020257A",0.919372638196836,"State"
7518,20240403,"NY075026301A",0.977493896933418,"State"
7519,20240403,"NY075029106A",0.862522154967729,"State"
7520,20240403,"NY075029114A",0.805939203424406,"State"
7521,20240403,"NY079031356A",0.598936561549008,"State"
7522,20240403,"NY083087971A",0.938501153730395,"State"
7523,20240403,"NY087028533A",0.743236464568772,"State"
7524,20240403,"NY087270598A",0.956994281510216,"State"
7525,20240403,"NY091028240A",0.646824733304351,"State"
7526,20240403,"NY105022454A",0.883289302076715,"State"
7527,20240403,"NY111029351A",0.904524629635822,"State"
7528,20240403,"NY119026701A",0.852991338661673,"State"
7529,20240404,"NY001025739A",0.681503528074106,"State"
7530,20240404,"NY019021831A",0.926027488880714,"State"
7531,20240404,"NY023027561A",0.898003544794837,"State"
7532,20240404,"NY029032093A",0.916362906731766,"State"
7533,20240404,"NY033030376A",0.955790388924188,"State"
7534,20240404,"NY037020907A",0.66006755175066,"State"
7535,20240404,"NY053026956A",0.850583553489616,"State"
7536,20240404,"NY057020290A",0.856937431026987,"State"
7537,20240404,"NY065025780C",0.737384208942247,"State"
7538,20240404,"NY069023531A",0.736782262649233,"State"
7539,20240404,"NY073028401A",0.546734441360399,"State"
7540,20240404,"NY089020818A",0.833361201217269,"State"
7541,20240404,"NY099033308A",0.761060763134134,"State"
7542,20240404,"NY101021431A",0.850616994950339,"State"
7543,20240404,"NY101023906A",0.793933719024847,"State"
7544,20240404,"NY103104809A",0.766678928535598,"State"
7545,20240404,"NY113029050A",0.82212487041434,"State"
7551,20240407,"NY055028339A",0.889007791860349,"State"
7560,20240407,"NY119026689A",0.859044243052537,"State"
7561,20240407,"NY119108324A",0.963649132194094,"State"
7562,20240408,"NY023027561A",0.734742333545129,"State"
7563,20240408,"NY027026255A",0.936962846537137,"State"
7564,20240408,"NY029028436A",0.876968866000067,"State"
7565,20240408,"NY029095401A",0.905628197839682,"State"
7566,20240408,"NY055028231A",0.755977661104237,"State"
7567,20240408,"NY059026450A",0.772999364612246,"State"
7568,20240408,"NY059026859A",0.866167274186536,"State"
7569,20240408,"NY063027057A",0.863324750025081,"State"
7570,20240408,"NY065030864A",0.798782730829683,"State"
7571,20240408,"NY067027596A",0.959736481289503,"State"
7572,20240408,"NY067027618A",0.958566030164198,"State"
7573,20240408,"NY067027723A",0.967260809952179,"State"
7574,20240408,"NY087031895A",0.936695314851353,"State"
7575,20240408,"NY089020117A",0.718088486105073,"State"
7576,20240408,"NY089031194A",0.665317861084172,"State"
7577,20240408,"NY103104809A",0.826405377386884,"State"
7578,20240409,"NY001025739A",0.757114670768819,"State"
7580,20240409,"NY007024414B",0.670166872889008,"State"
7581,20240409,"NY009027162A",0.899575293448818,"State"
7582,20240409,"NY013021334A",0.731766043540782,"State"
7583,20240409,"NY019021831A",0.740360498946594,"State"
7584,20240409,"NY019025097A",0.879543858475738,"State"
7585,20240409,"NY027149209A",0.621843962144267,"State"
7586,20240409,"NY029022136A",0.916095375045982,"State"
7587,20240409,"NY029022543A",0.868641942280039,"State"
7588,20240409,"NY029025950B",0.818178778049025,"State"
7589,20240409,"NY029026395B",0.897234391198208,"State"
7590,20240409,"NY029028410A",0.919105106511052,"State"
7591,20240409,"NY037026514A",0.890011035682039,"State"
7597,20240409,"NY051024384A",0.722636524763402,"State"
7598,20240409,"NY051030635A",0.897067183894593,"State"
7599,20240409,"NY053021539A",0.624184864394877,"State"
7600,20240409,"NY055021610A",0.661538976022473,"State"
7601,20240409,"NY055028339A",0.895094137711935,"State"
7602,20240409,"NY059026841A",0.557937330702605,"State"
7603,20240409,"NY059026999A",0.90616326121125,"State"
7606,20240409,"NY063026336A",0.780924990803598,"State"
7607,20240409,"NY063027774A",0.901280807945691,"State"
7608,20240409,"NY071026328A",0.813931712537204,"State"
7609,20240409,"NY071031518A",0.836036518075109,"State"
7610,20240409,"NY073021873A",0.986121793799953,"State"
7611,20240409,"NY075029106A",0.893856803665184,"State"
7612,20240409,"NY075029114A",0.7553422733505,"State"
7619,20240409,"NY087022748A",0.782563622379026,"State"
7620,20240409,"NY089029831A",0.914824599538508,"State"
7621,20240409,"NY099022365A",0.948834565093803,"State"
7622,20240409,"NY101023906A",0.90439086379293,"State"
7623,20240409,"NY103065358A",0.682306123131458,"State"
7624,20240409,"NY103104809A",0.764906531117279,"State"
7625,20240409,"NY105030724A",0.969434504899174,"State"
7626,20240409,"NY121021504A",0.849346219442865,"State"
7627,20240410,"NY007027669A",0.795371701835936,"State"
7628,20240410,"NY013106895A",0.802461291509213,"State"
7629,20240410,"NY015035742A",0.783065244289871,"State"
7630,20240410,"NY015036986A",0.900311005584724,"State"
7631,20240410,"NY019022195A",0.957362137578169,"State"
7632,20240410,"NY045025984A",0.719091729926763,"State"
7633,20240410,"NY059026450A",0.899173995920142,"State"
7634,20240410,"NY071024422A",0.806340500953082,"State"
7635,20240410,"NY071026522A",0.943751463063907,"State"
7636,20240410,"NY071030490A",0.913453499648865,"State"
7637,20240410,"NY075026301A",0.879777948700799,"State"
7638,20240410,"NY075029106A",0.896833093669531,"State"
7639,20240410,"NY075029114A",0.630371534628633,"State"
7640,20240410,"NY087028533A",0.920509647861419,"State"
7641,20240410,"NY089020117A",0.743604320636725,"State"
7642,20240410,"NY103020061A",0.900444771427616,"State"
7643,20240410,"NY103080683A",0.725947229374979,"State"
7644,20240410,"NY111030082A",0.92642878640939,"State"
7645,20240410,"NY111031208A",0.86787278868341,"State"
7646,20240410,"NY119026701A",0.742601076815035,"State"
7647,20240411,"NY007024414B",0.732702404441026,"State"
7648,20240411,"NY007024414C",0.792228204527974,"State"
7649,20240411,"NY025026531A",0.914022004481156,"State"
7650,20240411,"NY029025950B",0.959234859378658,"State"
7651,20240411,"NY029026395B",0.954352406113099,"State"
7652,20240411,"NY029026395C",0.919707052804067,"State"
7653,20240411,"NY029028410A",0.684513259539177,"State"
7654,20240411,"NY029032093A",0.952947864762733,"State"
7655,20240411,"NY037020907A",0.908002541551015,"State"
7656,20240411,"NY037030546A",0.652710430391599,"State"
7657,20240411,"NY059021822A",0.71059759890312,"State"
7658,20240411,"NY059026620A",0.880747751061766,"State"
7659,20240411,"NY059026841A",0.711533959803364,"State"
7660,20240411,"NY059026999A",0.943851787446076,"State"
7661,20240411,"NY069023531A",0.929706049560245,"State"
7662,20240411,"NY073023256A",0.640671504531318,"State"
7663,20240411,"NY089236586A",0.726950473196669,"State"
7664,20240411,"NY099033308A",0.79463598970003,"State"
7665,20240411,"NY101021431A",0.635855934187205,"State"
7666,20240411,"NY101025712A",0.882720797244424,"State"
7667,20240411,"NY103104809A",0.6593987225362,"State"
7674,20240414,"NY055028339A",0.629702705414173,"State"
7677,20240414,"NY067027081A",0.62010500618667,"State"
7678,20240414,"NY067030317A",0.872186737116677,"State"
7685,20240415,"NY019026018A",0.668026619402736,"State"
7686,20240415,"NY023027561A",0.788716851152058,"State"
7687,20240415,"NY029022136A",0.941510885195465,"State"
7688,20240415,"NY029022543A",0.858743269906029,"State"
7689,20240415,"NY029095401A",0.851787446075645,"State"
7690,20240415,"NY055028231A",0.854128348326255,"State"
7691,20240415,"NY063027057A",0.749623783566866,"State"
7692,20240415,"NY063027979A",0.812293080961776,"State"
7693,20240415,"NY087031895A",0.69334180517005,"State"
7694,20240415,"NY089031194A",0.722736849145571,"State"
7695,20240415,"NY113029050A",0.761261411898472,"State"
7696,20240416,"NY001025739A",0.857238404173494,"State"
7698,20240416,"NY007024414B",0.949001772397418,"State"
7699,20240416,"NY007027669A",0.699695682707421,"State"
7700,20240416,"NY027149209A",0.82857907233388,"State"
7701,20240416,"NY029025950B",0.930274554392536,"State"
7702,20240416,"NY029026395B",0.869778951944621,"State"
7703,20240416,"NY029026395C",0.669096746145872,"State"
7704,20240416,"NY029028410A",0.890646423435776,"State"
7705,20240416,"NY045025984A",0.891616225796743,"State"
7706,20240416,"NY045025984B",0.841153061565729,"State"
7712,20240416,"NY051030635A",0.965153997926629,"State"
7713,20240416,"NY053029807A",0.687489549543524,"State"
7714,20240416,"NY057020290A",0.793465538574725,"State"
7717,20240416,"NY063027774A",0.89158278433602,"State"
7718,20240416,"NY065021385A",0.844764739323814,"State"
7719,20240416,"NY069025968A",0.89770257164833,"State"
7720,20240416,"NY071027901A",0.867070193626058,"State"
7721,20240416,"NY073021873A",0.545931846303046,"State"
7728,20240416,"NY087022748A",0.862053974517607,"State"
7729,20240416,"NY089020818A",0.900110356820386,"State"
7730,20240416,"NY101021431A",0.918269069992977,"State"
7731,20240416,"NY105030724A",0.932515132260977,"State"
7732,20240416,"NY109026638A",0.920175233254189,"State"
7733,20240416,"NY121021504A",0.811089188375748,"State"
7734,20240417,"NY013106895A",0.898873022773635,"State"
7735,20240417,"NY019022195A",0.647092264990135,"State"
7736,20240417,"NY051024449A",0.866802661940274,"State"
7737,20240417,"NY055028231A",0.80543758151356,"State"
7738,20240417,"NY055028339A",0.632712436879243,"State"
7739,20240417,"NY059026450A",0.725412166003411,"State"
7740,20240417,"NY059026859A",0.798147343075946,"State"
7741,20240417,"NY065036790A",0.731063772865599,"State"
7742,20240417,"NY071022144A",0.738320569842491,"State"
7743,20240417,"NY071026522A",0.926261579105775,"State"
7744,20240417,"NY071030490A",0.925693074273484,"State"
7745,20240417,"NY079031356A",0.820987860749758,"State"
7746,20240417,"NY087028533A",0.935391097883156,"State"
7747,20240417,"NY109026638A",0.927365147309634,"State"
7748,20240417,"NY111029351A",0.912149282680668,"State"
7749,20240417,"NY111031208A",0.899976590977494,"State"
7750,20240417,"NY119026701A",0.870581547001973,"State"
7751,20240417,"NY119026786A",0.831488479416781,"State"
7752,20240417,"NY119100803A",0.794702872621476,"State"
7753,20240417,"NY119108324A",0.963816339497709,"State"
7754,20240418,"NY011021903A",0.619369294050764,"State"
7755,20240418,"NY027060976A",0.843126107748386,"State"
7756,20240418,"NY055021610A",0.776945456977561,"State"
7757,20240418,"NY069023531A",0.806173293649467,"State"
7758,20240418,"NY071024422A",0.855800421362405,"State"
7759,20240418,"NY071026328A",0.958867003310705,"State"
7760,20240418,"NY071026522A",0.964919907701568,"State"
7761,20240418,"NY071027901A",0.965555295455305,"State"
7762,20240418,"NY087031895A",0.738554660067552,"State"
7763,20240418,"NY115183695A",0.85974651372772,"State"
7764,20240419,"NY045025984A",0.811156071297194,"State"
7765,20240419,"NY089029831A",0.669598368056717,"State"
7766,20240420,"NY119100803A",0.95191117948032,"State"
7773,20240421,"NY055028339A",0.943985553288968,"State"
7776,20240421,"NY067027081A",0.959870247132395,"State"
7777,20240421,"NY067030317A",0.654951008260041,"State"
7778,20240421,"NY067030571A",0.970270541417249,"State"
7785,20240421,"NY119026689A",0.904357422332208,"State"
7786,20240421,"NY119026697A",0.642209811724576,"State"
7787,20240421,"NY119026701A",0.967896197705916,"State"
7788,20240421,"NY119108324A",0.95425208173093,"State"
7789,20240422,"NY019026018A",0.768986389325486,"State"
7790,20240422,"NY029022136A",0.844898505166706,"State"
7791,20240422,"NY059026450A",0.933685583386282,"State"
7792,20240422,"NY063022331A",0.725947229374979,"State"
7793,20240422,"NY063026336A",0.790556131491824,"State"
7794,20240422,"NY063027057A",0.76012440223389,"State"
7795,20240422,"NY063027979A",0.95759622780323,"State"
7796,20240422,"NY089020117A",0.633515031936595,"State"
7798,20240423,"NY007024414B",0.932147276193024,"State"
7799,20240423,"NY011021903A",0.860549108785072,"State"
7800,20240423,"NY029022543A",0.948767682172357,"State"
7801,20240423,"NY029025950B",0.938400829348226,"State"
7802,20240423,"NY029026395B",0.752600073571214,"State"
7803,20240423,"NY029026395C",0.947530348125606,"State"
7804,20240423,"NY029028410A",0.902585024913888,"State"
7805,20240423,"NY029095401A",0.91051065110524,"State"
7806,20240423,"NY031022187A",0.955054676788282,"State"
7807,20240423,"NY037020907A",0.69023174932281,"State"
7808,20240423,"NY037026514A",0.939738487777146,"State"
7814,20240423,"NY053021539A",0.973815336253888,"State"
7815,20240423,"NY053029807A",0.718489783633749,"State"
7816,20240423,"NY059026620A",0.880313012072367,"State"
7817,20240423,"NY059026778A",0.745978664348059,"State"
7818,20240423,"NY059026841A",0.845232919773936,"State"
7819,20240423,"NY059026999A",0.828679396716049,"State"
7822,20240423,"NY063027774A",0.807109654549711,"State"
7823,20240423,"NY071023680A",0.806407383874528,"State"
7824,20240423,"NY071026328A",0.898939905695081,"State"
7825,20240423,"NY073021873A",0.948633916329465,"State"
7826,20240423,"NY073024678A",0.939738487777146,"State"
7833,20240423,"NY089029831A",0.637929304752032,"State"
7834,20240423,"NY099022365A",0.893823362204461,"State"
7835,20240423,"NY101021431A",0.630237768785741,"State"
7836,20240423,"NY103079324A",0.896665886365916,"State"
7837,20240423,"NY109026638A",0.837006320436077,"State"
7838,20240423,"NY117029475A",0.622479349898004,"State"
7839,20240424,"NY007027669A",0.862923452496405,"State"
7840,20240424,"NY013106895A",0.88991071129987,"State"
7841,20240424,"NY027026255A",0.930508644617597,"State"
7842,20240424,"NY029028436A",0.911915192455606,"State"
7843,20240424,"NY037030546A",0.859913721031335,"State"
7844,20240424,"NY055028231A",0.825034277497241,"State"
7845,20240424,"NY059023523A",0.803163562184396,"State"
7846,20240424,"NY059026450A",0.702170350800923,"State"
7847,20240424,"NY059026859A",0.864796174296893,"State"
7848,20240424,"NY071026522A",0.970939370631709,"State"
7849,20240424,"NY087270598A",0.96538808815169,"State"
7850,20240424,"NY089020117A",0.878507173193325,"State"
7851,20240424,"NY103076988A",0.735611811523927,"State"
7852,20240424,"NY105022454A",0.956827074206601,"State"
7853,20240424,"NY107029262A",0.801658696451861,"State"
7854,20240424,"NY109026638A",0.838310537404274,"State"
7855,20240424,"NY111029351A",0.93020767147109,"State"
7856,20240424,"NY119026701A",0.693174597866435,"State"
7857,20240424,"NY119026786A",0.862488713507006,"State"
7858,20240424,"NY119108324A",0.962110825000836,"State"
7859,20240425,"NY007024414B",0.821656689964218,"State"
7860,20240425,"NY007024414C",0.641306892285055,"State"
7861,20240425,"NY025026531A",0.951476440490921,"State"
7862,20240425,"NY025026565A",0.974049426478949,"State"
7863,20240425,"NY029032093A",0.763435106845467,"State"
7864,20240425,"NY055021610A",0.622379025515835,"State"
7865,20240425,"NY059021822A",0.867638698458349,"State"
7866,20240425,"NY059026620A",0.676019128515534,"State"
7867,20240425,"NY059026778A",0.73196669230512,"State"
7868,20240425,"NY059026841A",0.829816406380631,"State"
7869,20240425,"NY059026999A",0.824164799518443,"State"
7870,20240425,"NY065025780C",0.739524462428519,"State"
7871,20240425,"NY069023531A",0.863358191485804,"State"
7872,20240425,"NY071024422A",0.96548841253386,"State"
7873,20240425,"NY071026328A",0.636792295087449,"State"
7874,20240425,"NY071026522A",0.961943617697221,"State"
7875,20240425,"NY071027901A",0.885697087248771,"State"
7876,20240425,"NY087028533A",0.958432264321306,"State"
7877,20240425,"NY099033308A",0.95458649633816,"State"
7878,20240425,"NY103021750A",0.970136775574357,"State"
7879,20240426,"NY045025984A",0.8650971474434,"State"
7886,20240428,"NY055028339A",0.958532588703475,"State"
7889,20240428,"NY067027081A",0.949302745543925,"State"
7890,20240428,"NY067027618A",0.895896732769287,"State"
7891,20240428,"NY067027723A",0.871517907902217,"State"
7892,20240428,"NY067030317A",0.929505400795907,"State"
7893,20240428,"NY067030571A",0.964083871183493,"State"
7900,20240428,"NY119026697A",0.937263819683644,"State"
7901,20240429,"NY043036528A",0.850115373039494,"State"
7902,20240429,"NY119026689A",0.889977594221316,"State"
7904,20240430,"NY007024414B",0.955054676788282,"State"
7905,20240430,"NY007027669A",0.82001805838879,"State"
7906,20240430,"NY019021831A",0.974551048389794,"State"
7907,20240430,"NY019023949A",0.974985787379193,"State"
7908,20240430,"NY031022187A",0.981306223455841,"State"
7914,20240430,"NY051024384A",0.689429154265458,"State"
7915,20240430,"NY051030635A",0.79262950205665,"State"
7916,20240430,"NY053029807A",0.766277631006922,"State"
7917,20240430,"NY055021610A",0.928769688660001,"State"
7918,20240430,"NY055026794A",0.774102932816105,"State"
7919,20240430,"NY055028339A",0.940306992609437,"State"
7922,20240430,"NY065030864A",0.878574056114771,"State"
7923,20240430,"NY067025461A",0.952713774537672,"State"
7924,20240430,"NY069025968A",0.944721265424874,"State"
7925,20240430,"NY071023680A",0.79018827542387,"State"
7926,20240430,"NY071026328A",0.947062167675484,"State"
7927,20240430,"NY071027901A",0.624151422934154,"State"
7928,20240430,"NY075029106A",0.983948098852958,"State"
7929,20240430,"NY075029114A",0.952513125773334,"State"
7934,20240430,"NY083087971A",0.833193993913654,"State"
7937,20240430,"NY089020117A",0.905026251546668,"State"
7938,20240430,"NY089020818A",0.977460455472695,"State"
7939,20240430,"NY089029831A",0.807310303314049,"State"
7940,20240430,"NY089236586A",0.973715011871719,"State"
7941,20240430,"NY099022365A",0.954285523191653,"State"
7942,20240430,"NY101021431A",0.837073203357523,"State"
7943,20240430,"NY105030724A",0.74888807143096,"State"
7944,20240430,"NY109020958A",0.683777547403271,"State"
7945,20240430,"NY109026638A",0.854730294619269,"State"
7946,20240430,"NY111029351A",0.913219409423804,"State"
7947,20240430,"NY121021504A",0.923452496405043,"State"
7948,20240501,"NY013106895A",0.746948466709026,"State"
7949,20240501,"NY015036986A",0.596261244691168,"State"
7950,20240501,"NY019022195A",0.645286426111093,"State"
7951,20240501,"NY019026018A",0.763635755609805,"State"
7952,20240501,"NY025029271A",0.888272079724442,"State"
7953,20240501,"NY051024449A",0.805404140052838,"State"
7954,20240501,"NY055028231A",0.857004313948433,"State"
7955,20240501,"NY071026522A",0.885763970170217,"State"
7956,20240501,"NY071030490A",0.963548807811925,"State"
7957,20240501,"NY075026301A",0.9467946359897,"State"
7958,20240501,"NY075029106A",0.916429789653212,"State"
7959,20240501,"NY079031356A",0.896866535130254,"State"
7960,20240501,"NY083026034A",0.681670735377721,"State"
7961,20240501,"NY087028533A",0.918871016285991,"State"
7962,20240501,"NY089020117A",0.950305989365615,"State"
7963,20240501,"NY089031194A",0.63535431227636,"State"
7964,20240501,"NY107029262A",0.887603250509982,"State"
7965,20240501,"NY111031208A",0.943885228906799,"State"
7966,20240502,"NY007024414B",0.920375882018527,"State"
7967,20240502,"NY009027162A",0.785907768451326,"State"
7968,20240502,"NY031022969A",0.930140788549644,"State"
7969,20240502,"NY045025984A",0.737451091863693,"State"
7970,20240502,"NY069023531A",0.906330468514865,"State"
7971,20240502,"NY087031895A",0.853125104504565,"State"
7972,20240502,"NY089236586A",0.926997291241681,"State"
7973,20240502,"NY101023906A",0.852924455740227,"State"
7974,20240502,"NY117027171A",0.883222419155269,"State"
7975,20240503,"NY089029831A",0.923586262247935,"State"
7977,20240505,"NY045025984A",0.632745878339966,"State"
7983,20240505,"NY055028339A",0.931645654282179,"State"
7986,20240505,"NY067027081A",0.816807678159382,"State"
7987,20240505,"NY067027618A",0.762933484934622,"State"
7988,20240505,"NY067030317A",0.897836337491222,"State"
7995,20240505,"NY119026689A",0.933518376082667,"State"
7996,20240505,"NY119026697A",0.85663645788048,"State"
7997,20240505,"NY119026786A",0.692773300337759,"State"
7998,20240506,"NY029028436A",0.874159783299335,"State"
7999,20240506,"NY029095401A",0.945724509246564,"State"
8000,20240506,"NY063022331A",0.930140788549644,"State"
8001,20240506,"NY063027057A",0.963682573654817,"State"
8002,20240506,"NY103104809A",0.847205965956593,"State"
8004,20240507,"NY007024414B",0.886299033541785,"State"
8005,20240507,"NY007024414C",0.58425576029161,"State"
8006,20240507,"NY007027669A",0.88680065545263,"State"
8007,20240507,"NY029022136A",0.841688124937297,"State"
8008,20240507,"NY029025950B",0.830150820987861,"State"
8009,20240507,"NY029026395B",0.942179714409925,"State"
8010,20240507,"NY029026395C",0.916028492124536,"State"
8011,20240507,"NY029028410A",0.864796174296893,"State"
8012,20240507,"NY037026514A",0.908938902451259,"State"
8013,20240507,"NY045025151A",0.617563455171722,"State"
8019,20240507,"NY051030635A",0.824632979968565,"State"
8020,20240507,"NY055021610A",0.869243888573053,"State"
8021,20240507,"NY055028339A",0.931980068889409,"State"
8022,20240507,"NY059020567A",0.920242116175635,"State"
8025,20240507,"NY063027774A",0.759890312008829,"State"
8026,20240507,"NY071023680A",0.93733070260509,"State"
8027,20240507,"NY071026310A",0.898003544794837,"State"
8028,20240507,"NY071027901A",0.917466474935625,"State"
8029,20240507,"NY079022721A",0.875263351503194,"State"
8036,20240507,"NY087022748A",0.892887001304217,"State"
8037,20240507,"NY099022365A",0.920977828311541,"State"
8038,20240507,"NY103065358A",0.720529712737852,"State"
8039,20240507,"NY103104809A",0.954686820720329,"State"
8040,20240507,"NY105030724A",0.853559843493964,"State"
8041,20240507,"NY109020958A",0.749322810420359,"State"
8042,20240508,"NY007027669A",0.816908002541551,"State"
8043,20240508,"NY017021423A",0.790489248570378,"State"
8044,20240508,"NY019021831A",0.793599304417617,"State"
8045,20240508,"NY019022195A",0.955723506002742,"State"
8046,20240508,"NY019026018A",0.659030866468247,"State"
8047,20240508,"NY025027154A",0.744507240076247,"State"
8048,20240508,"NY025029271A",0.894191218272414,"State"
8049,20240508,"NY031021733A",0.829849847841354,"State"
8050,20240508,"NY031022969A",0.966525097816273,"State"
8051,20240508,"NY031036706A",0.915526870213691,"State"
8052,20240508,"NY049020125A",0.783433100357824,"State"
8053,20240508,"NY055028231A",0.893622713440123,"State"
8054,20240508,"NY063026336A",0.848643948767682,"State"
8055,20240508,"NY063027979A",0.925659632812761,"State"
8056,20240508,"NY071026310A",0.934354412600742,"State"
8057,20240508,"NY071026522A",0.804367454770424,"State"
8058,20240508,"NY075020257A",0.769354245393439,"State"
8059,20240508,"NY075026301A",0.895060696251212,"State"
8060,20240508,"NY075029106A",0.78985386081664,"State"
8061,20240508,"NY075029114A",0.882352941176471,"State"
8062,20240508,"NY087270598A",0.68177105975989,"State"
8063,20240508,"NY103080683A",0.90716650503294,"State"
8064,20240508,"NY109026638A",0.911681102230545,"State"
8065,20240508,"NY111030082A",0.8579741163094,"State"
8066,20240508,"NY111031208A",0.936193692940508,"State"
8067,20240508,"NY119026689A",0.932515132260977,"State"
8068,20240508,"NY119026701A",0.947296257900545,"State"
8069,20240509,"NY023027561A",0.938166739123165,"State"
8070,20240509,"NY027025976A",0.948934889475972,"State"
8071,20240509,"NY029032093A",0.644383506671571,"State"
8072,20240509,"NY037030546A",0.944353409356921,"State"
8073,20240509,"NY071023680A",0.876300036785607,"State"
8074,20240509,"NY071027901A",0.848376417081898,"State"
8075,20240509,"NY087028533A",0.96649165635555,"State"
8076,20240509,"NY089236586A",0.905628197839682,"State"
8077,20240510,"NY089029831A",0.752533190649768,"State"
8078,20240511,"NY045025984A",0.666989934120322,"State"
8087,20240512,"NY067027081A",0.871852322509447,"State"
8088,20240512,"NY067027618A",0.910577534026686,"State"
8095,20240513,"NY023027561A",0.709159616092031,"State"
8096,20240513,"NY031021733A",0.946828077450423,"State"
8097,20240513,"NY055028231A",0.860047486874227,"State"
8098,20240513,"NY059026450A",0.934488178443634,"State"
8099,20240513,"NY059026859A",0.963114068822526,"State"
8100,20240513,"NY063027057A",0.929070661806508,"State"
8101,20240513,"NY063027979A",0.935692071029663,"State"
8102,20240513,"NY103104809A",0.931712537203625,"State"
8104,20240514,"NY007024414B",0.856669899341203,"State"
8105,20240514,"NY007027669A",0.746614052101796,"State"
8106,20240514,"NY029022136A",0.839313781225964,"State"
8107,20240514,"NY029025950B",0.94000601946293,"State"
8108,20240514,"NY029026395B",0.874561080828011,"State"
8109,20240514,"NY029026395C",0.748353008059392,"State"
8110,20240514,"NY029028410A",0.825502457947363,"State"
8111,20240514,"NY029028436A",0.911714543691268,"State"
8112,20240514,"NY029095401A",0.954519613416714,"State"
8117,20240514,"NY053021539A",0.899274320302311,"State"
8118,20240514,"NY055021610A",0.967996522088085,"State"
8119,20240514,"NY055026794A",0.673711667725646,"State"
8120,20240514,"NY055028339A",0.90338761997124,"State"
8121,20240514,"NY059020567A",0.958432264321306,"State"
8122,20240514,"NY059026620A",0.922282045279738,"State"
8123,20240514,"NY059026778A",0.974751697154132,"State"
8124,20240514,"NY059026841A",0.982978296491991,"State"
8127,20240514,"NY063027774A",0.947496906664883,"State"
8128,20240514,"NY069025968A",0.737250443099355,"State"
8129,20240514,"NY075029106A",0.953449486673578,"State"
8130,20240514,"NY075029114A",0.697588870681871,"State"
8137,20240514,"NY089029831A",0.936594990469184,"State"
8138,20240514,"NY089236586A",0.900511654349062,"State"
8139,20240514,"NY093020516A",0.829448550312678,"State"
8140,20240514,"NY099022365A",0.966324449051935,"State"
8141,20240514,"NY103079324A",0.94201250710631,"State"
8142,20240514,"NY103206644A",0.961943617697221,"State"
8143,20240514,"NY109020958A",0.918570043139484,"State"
8144,20240514,"NY117029475A",0.89970905929171,"State"
8145,20240515,"NY007027669A",0.954352406113099,"State"
8146,20240515,"NY017021423A",0.97495234591847,"State"
8147,20240515,"NY025027154A",0.851152058321908,"State"
8148,20240515,"NY025029271A",0.681169113466876,"State"
8149,20240515,"NY029022543A",0.882252616794302,"State"
8150,20240515,"NY031021733A",0.904558071096546,"State"
8151,20240515,"NY031036706A",0.951543323412367,"State"
8152,20240515,"NY051024449A",0.937364144065813,"State"
8153,20240515,"NY059021822A",0.983513359863559,"State"
8154,20240515,"NY059023523A",0.827709594355081,"State"
8155,20240515,"NY059026450A",0.935157007658095,"State"
8156,20240515,"NY059026859A",0.95903421061432,"State"
8157,20240515,"NY075029106A",0.96615724174832,"State"
8158,20240515,"NY103020061A",0.952747215998395,"State"
8159,20240515,"NY103076988A",0.941544326656188,"State"
8160,20240515,"NY103080683A",0.945022238571381,"State"
8161,20240515,"NY109026638A",0.854429321472762,"State"
8162,20240516,"NY007024414B",0.781225963950105,"State"
8163,20240516,"NY007024414C",0.823897267832659,"State"
8164,20240516,"NY023027561A",0.675383740761797,"State"
8165,20240516,"NY037030546A",0.940975821823897,"State"
8166,20240516,"NY059020567A",0.963883222419155,"State"
8167,20240516,"NY059026620A",0.767280874828613,"State"
8168,20240516,"NY059026778A",0.944520616660536,"State"
8169,20240516,"NY059026841A",0.97762766277631,"State"
8170,20240516,"NY059026999A",0.951677089255259,"State"
8171,20240516,"NY071027901A",0.937096612380029,"State"
8172,20240516,"NY089236586A",0.960973815336254,"State"
8173,20240517,"NY089029831A",0.886399357923954,"State"
8174,20240517,"NY103104809A",0.669096746145872,"State"
8181,20240519,"NY055028339A",0.94100926328462,"State"
8184,20240519,"NY067027081A",0.839079691000903,"State"
8185,20240519,"NY067027723A",0.923552820787212,"State"
8186,20240519,"NY067030571A",0.961508878707822,"State"
8193,20240519,"NY119026689A",0.687255459318463,"State"
8194,20240519,"NY119026697A",0.9610406982577,"State"
8195,20240519,"NY119026701A",0.796107413971842,"State"
8196,20240519,"NY119026786A",0.797913252850885,"State"
8197,20240519,"NY119100803A",0.894090893890245,"State"
8198,20240520,"NY027026255A",0.926529110791559,"State"
8199,20240520,"NY031021733A",0.726749824432331,"State"
8200,20240520,"NY055028231A",0.877637695214527,"State"
8201,20240520,"NY059026450A",0.845099153931044,"State"
8202,20240520,"NY059026859A",0.856770223723372,"State"
8203,20240520,"NY063027057A",0.758452329197739,"State"
8204,20240520,"NY063027979A",0.936360900244123,"State"
8205,20240520,"NY065025780C",0.785640236765542,"State"
8206,20240520,"NY065030864A",0.689830451794134,"State"
8207,20240520,"NY103206644A",0.93054208607832,"State"
8209,20240521,"NY007024414C",0.885329231180818,"State"
8210,20240521,"NY007027669A",0.84851018292479,"State"
8211,20240521,"NY013021334A",0.788950941377119,"State"
8212,20240521,"NY029022136A",0.686753837407618,"State"
8213,20240521,"NY029022543A",0.926495669330836,"State"
8214,20240521,"NY029028436A",0.90439086379293,"State"
8215,20240521,"NY029095401A",0.92475671337324,"State"
8220,20240521,"NY051030635A",0.928669364277832,"State"
8221,20240521,"NY053021539A",0.929940139785306,"State"
8222,20240521,"NY059026620A",0.910778182791024,"State"
8223,20240521,"NY059026999A",0.705681704176838,"State"
8226,20240521,"NY063027774A",0.881516904658395,"State"
8227,20240521,"NY071023680A",0.89225161355048,"State"
8228,20240521,"NY071026328A",0.855198475069391,"State"
8229,20240521,"NY071027901A",0.94067484867739,"State"
8230,20240521,"NY071031518A",0.966692305119888,"State"
8231,20240521,"NY073023256A",0.90549443199679,"State"
8232,20240521,"NY073028401A",0.899976590977494,"State"
8233,20240521,"NY079022721A",0.968866000066883,"State"
8240,20240521,"NY093020516A",0.643748118917834,"State"
8241,20240521,"NY099022365A",0.902484700531719,"State"
8242,20240521,"NY101021431A",0.651673745109186,"State"
8243,20240521,"NY103104809A",0.693141156405712,"State"
8244,20240521,"NY109026638A",0.893622713440123,"State"
8245,20240522,"NY017021423A",0.968330936695315,"State"
8246,20240522,"NY025029271A",0.915794401899475,"State"
8247,20240522,"NY027026255A",0.902551583453165,"State"
8248,20240522,"NY031022187A",0.737986155235261,"State"
8249,20240522,"NY031036706A",0.93187974450724,"State"
8250,20240522,"NY043036528A",0.65194127679497,"State"
8251,20240522,"NY045025151A",0.828779721098218,"State"
8252,20240522,"NY059023523A",0.868942915426546,"State"
8253,20240522,"NY059026450A",0.884292545898405,"State"
8254,20240522,"NY059026859A",0.865364679129184,"State"
8255,20240522,"NY071024422A",0.94880112363308,"State"
8256,20240522,"NY071026310A",0.954787145102498,"State"
8257,20240522,"NY071026522A",0.719660234759054,"State"
8258,20240522,"NY071030490A",0.880747751061766,"State"
8259,20240522,"NY079031356A",0.952680333076949,"State"
8260,20240522,"NY087026051A",0.880781192522489,"State"
8261,20240522,"NY087028533A",0.902150285924489,"State"
8262,20240522,"NY087270598A",0.918837574825268,"State"
8263,20240522,"NY103076988A",0.936594990469184,"State"
8264,20240522,"NY103080683A",0.814165802762265,"State"
8265,20240522,"NY105022454A",0.912884994816574,"State"
8266,20240522,"NY111030082A",0.953315720830686,"State"
8267,20240522,"NY111031208A",0.944420292278367,"State"
8268,20240522,"NY119026689A",0.974183192321841,"State"
8269,20240522,"NY119026697A",0.885897736013109,"State"
8270,20240522,"NY119026701A",0.899575293448818,"State"
8271,20240522,"NY119026719A",0.843995585727185,"State"
8272,20240522,"NY119108324A",0.982276025816808,"State"
8273,20240522,"NY121021504A",0.688359027522322,"State"
8274,20240523,"NY001025739A",0.604922583018426,"State"
8275,20240523,"NY011021903A",0.921981072133231,"State"
8276,20240523,"NY023027561A",0.784703875865298,"State"
8277,20240523,"NY055021610A",0.921111594154433,"State"
8278,20240523,"NY059020567A",0.878707821957663,"State"
8279,20240523,"NY059021822A",0.953850784202254,"State"
8280,20240523,"NY059026620A",0.886967862756245,"State"
8281,20240523,"NY059026778A",0.757382202454603,"State"
8282,20240523,"NY059026841A",0.927833327759757,"State"
8283,20240523,"NY059026999A",0.956960840049493,"State"
8284,20240523,"NY065020494A",0.949637160151155,"State"
8285,20240523,"NY065025780B",0.886031501856001,"State"
8286,20240523,"NY065036790A",0.754104939303749,"State"
8287,20240523,"NY071026328A",0.970237099956526,"State"
8288,20240523,"NY071027901A",0.941878741263418,"State"
8289,20240523,"NY071031518A",0.890278567367823,"State"
8290,20240523,"NY087026051A",0.956158244992141,"State"
8291,20240523,"NY087028533A",0.947563789586329,"State"
8292,20240523,"NY087028851A",0.94034043407016,"State"
8293,20240523,"NY097271942A",0.673878875029261,"State"
8294,20240523,"NY099033308A",0.793465538574725,"State"
8295,20240523,"NY103079324A",0.950172223522723,"State"
8296,20240523,"NY103104809A",0.943584255760292,"State"
8297,20240523,"NY113029050A",0.656589639835468,"State"
8298,20240523,"NY115024929A",0.931812861585794,"State"
8299,20240527,"NY029022136A",0.972377353442798,"State"
8300,20240527,"NY045025984A",0.722803732067017,"State"
8301,20240527,"NY055028231A",0.756178309868575,"State"
8302,20240527,"NY063027057A",0.912249607062837,"State"
8303,20240527,"NY063027979A",0.892285055011203,"State"
8304,20240527,"NY067027081A",0.882653914322978,"State"
8305,20240527,"NY067027723A",0.732334548373073,"State"
8306,20240528,"NY001025739A",0.643748118917834,"State"
8307,20240528,"NY001026867A",0.741597832993345,"State"
8308,20240528,"NY001026875A",0.884560077584189,"State"
8310,20240528,"NY007027669A",0.811289837140086,"State"
8311,20240528,"NY009027162A",0.643380262849881,"State"
8312,20240528,"NY011021903A",0.787780490251814,"State"
8313,20240528,"NY013027570A",0.768317560111026,"State"
8314,20240528,"NY027149209A",0.849747516971541,"State"
8315,20240528,"NY029025950B",0.94100926328462,"State"
8316,20240528,"NY029026395C",0.931846303046517,"State"
8317,20240528,"NY029095401A",0.915125572685015,"State"
8318,20240528,"NY041026484A",0.936795639233522,"State"
8319,20240528,"NY045025984A",0.869344212955222,"State"
8325,20240528,"NY051030635A",0.901013276259907,"State"
8326,20240528,"NY059026450A",0.912316489984282,"State"
8327,20240528,"NY059026620A",0.912684346052236,"State"
8328,20240528,"NY059026841A",0.967294251412902,"State"
8329,20240528,"NY059026859A",0.958365381399859,"State"
8330,20240528,"NY059026999A",0.915159014145738,"State"
8333,20240528,"NY063026336A",0.901481456710029,"State"
8339,20240528,"NY089031194A",0.771160084272481,"State"
8340,20240528,"NY101023906A",0.683710664481825,"State"
8341,20240528,"NY103065358A",0.929739491020968,"State"
8342,20240528,"NY103206644A",0.812727819951175,"State"
8343,20240528,"NY109026638A",0.688660000668829,"State"
8344,20240529,"NY015036986A",0.739323813664181,"State"
8345,20240529,"NY017021423A",0.884426311741297,"State"
8346,20240529,"NY031036706A",0.948600474868742,"State"
8347,20240529,"NY037030546A",0.675216533458181,"State"
8348,20240529,"NY059026450A",0.860114369795673,"State"
8349,20240529,"NY059026859A",0.908002541551015,"State"
8350,20240529,"NY071026522A",0.960271544661071,"State"
8351,20240529,"NY071030490A",0.962144266461559,"State"
8352,20240529,"NY073021873A",0.83938066414741,"State"
8353,20240529,"NY073024678A",0.912717787512959,"State"
8354,20240529,"NY079031356A",0.903086646824733,"State"
8355,20240529,"NY087026051A",0.954185198809484,"State"
8356,20240529,"NY087028533A",0.946226131157409,"State"
8357,20240529,"NY095024201A",0.97562117513293,"State"
8358,20240529,"NY103076988A",0.972578002207136,"State"
8359,20240529,"NY105022454A",0.889074674781794,"State"
8360,20240529,"NY119026689A",0.908203190315353,"State"
8361,20240529,"NY119026697A",0.910744741330301,"State"
8362,20240529,"NY119026701A",0.86442831822894,"State"
8363,20240529,"NY119026719A",0.981005250309333,"State"
8364,20240529,"NY119108324A",0.957796876567569,"State"
8365,20240530,"NY001025739A",0.722001137009665,"State"
8366,20240530,"NY011021903A",0.95047319666923,"State"
8367,20240530,"NY027025976A",0.740561147710932,"State"
8368,20240530,"NY029022543A",0.946593987225362,"State"
8369,20240530,"NY031022969A",0.968464702538207,"State"
8370,20240530,"NY055021610A",0.888773701635287,"State"
8371,20240530,"NY059026778A",0.846971875731532,"State"
8372,20240530,"NY059026841A",0.942881985085109,"State"
8373,20240530,"NY059026999A",0.946426779921747,"State"
8374,20240530,"NY065036790A",0.905695080761128,"State"
8375,20240530,"NY069023531A",0.895729525465672,"State"
8376,20240530,"NY071023680A",0.95291442330201,"State"
8377,20240530,"NY071026328A",0.960739725111193,"State"
8378,20240530,"NY071031518A",0.934120322375681,"State"
8379,20240530,"NY077031151A",0.650336086680266,"State"
8380,20240530,"NY087028533A",0.97796207738354,"State"
8381,20240530,"NY087028851A",0.970905929170986,"State"
8382,20240530,"NY087031895A",0.704845667658763,"State"
8383,20240530,"NY099033308A",0.903621710196301,"State"
8384,20240530,"NY103079324A",0.96170952747216,"State"
8385,20240530,"NY103104809A",0.83593619369294,"State"
8386,20240530,"NY113029050A",0.762331538641608,"State"
8387,20240530,"NY115183695A",0.775173059559242,"State"
8388,20240531,"NY089029831A",0.755643246497007,"State"
8395,20240602,"NY055028339A",0.969702036584958,"State"
8398,20240602,"NY067027081A",0.915192455606461,"State"
8399,20240602,"NY067027596A",0.867103635086781,"State"
8400,20240602,"NY067027618A",0.950305989365615,"State"
8401,20240602,"NY067030571A",0.90984182189078,"State"
8408,20240602,"NY119026689A",0.90683209042571,"State"
8409,20240602,"NY119026697A",0.93933719024847,"State"
8410,20240602,"NY119026701A",0.91964016988262,"State"
8411,20240603,"NY019026018A",0.669698692438886,"State"
8412,20240603,"NY055028231A",0.905895729525466,"State"
8413,20240603,"NY059026450A",0.873256863859813,"State"
8414,20240603,"NY059026859A",0.92719794000602,"State"
8415,20240603,"NY063022331A",0.864495201150386,"State"
8416,20240603,"NY063026336A",0.879142560947062,"State"
8417,20240603,"NY063027979A",0.910109353576564,"State"
8418,20240603,"NY089020117A",0.908069424472461,"State"
8419,20240603,"NY103020061A",0.783667190582885,"State"
8420,20240603,"NY103104809A",0.841186503026452,"State"
8421,20240603,"NY113029050A",0.909440524362104,"State"
8423,20240604,"NY007024414C",0.672173360532388,"State"
8424,20240604,"NY019023949A",0.952713774537672,"State"
8425,20240604,"NY029022136A",0.958164732635521,"State"
8426,20240604,"NY029025950B",0.929037220345785,"State"
8427,20240604,"NY029026395B",0.880580543758151,"State"
8428,20240604,"NY029026395C",0.875932180717654,"State"
8429,20240604,"NY029028410A",0.943417048456677,"State"
8430,20240604,"NY029028436A",0.920008025950574,"State"
8431,20240604,"NY029095401A",0.881985085108518,"State"
8432,20240604,"NY031022187A",0.689094739658228,"State"
8433,20240604,"NY037020907A",0.967929639166639,"State"
8434,20240604,"NY037026514A",0.967428017255794,"State"
8440,20240604,"NY051024384A",0.957128047353108,"State"
8441,20240604,"NY053028525A",0.974183192321841,"State"
8442,20240604,"NY055021610A",0.896632444905193,"State"
8443,20240604,"NY055028339A",0.711199545196134,"State"
8444,20240604,"NY059020567A",0.964184195565662,"State"
8445,20240604,"NY059026620A",0.94167809249908,"State"
8446,20240604,"NY059026778A",0.885228906798649,"State"
8447,20240604,"NY059026841A",0.959335183760827,"State"
8450,20240604,"NY063027057A",0.753870849078688,"State"
8451,20240604,"NY071026310A",0.779219476306725,"State"
8452,20240604,"NY071026328A",0.783566866200716,"State"
8453,20240604,"NY073021873A",0.964652376015784,"State"
8454,20240604,"NY073028401A",0.836203725378725,"State"
8455,20240604,"NY079022721A",0.943952111828245,"State"
8459,20240604,"NY083087971A",0.715245961943618,"State"
8461,20240604,"NY087022748A",0.866535130254489,"State"
8462,20240604,"NY089020818A",0.895428552319165,"State"
8463,20240604,"NY089029831A",0.955690064542019,"State"
8464,20240604,"NY099022365A",0.907333712336555,"State"
8465,20240604,"NY101023906A",0.805504464435007,"State"
8466,20240604,"NY103024881A",0.820720329063974,"State"
8467,20240604,"NY103065358A",0.953817342741531,"State"
8468,20240604,"NY103104809A",0.874795171053072,"State"
8469,20240604,"NY103206644A",0.950774169815738,"State"
8470,20240604,"NY105030716A",0.908771695147644,"State"
8471,20240604,"NY105035645A",0.907400595258001,"State"
8472,20240604,"NY109020958A",0.933484934621944,"State"
8473,20240604,"NY109026638A",0.884593519044912,"State"
8474,20240604,"NY121021504A",0.659097749389693,"State"
8475,20240605,"NY013106895A",0.848242651239006,"State"
8476,20240605,"NY017021423A",0.972979299735812,"State"
8477,20240605,"NY025029271A",0.954318964652376,"State"
8478,20240605,"NY027026255A",0.950172223522723,"State"
8479,20240605,"NY027026271A",0.957061164431662,"State"
8480,20240605,"NY031036706A",0.713941744975421,"State"
8481,20240605,"NY037030546A",0.787312309801692,"State"
8482,20240605,"NY059026859A",0.893422064675785,"State"
8483,20240605,"NY071022144A",0.959535832525165,"State"
8484,20240605,"NY071026310A",0.627261478781393,"State"
8485,20240605,"NY079031356A",0.929906698324583,"State"
8486,20240605,"NY083087971A",0.893823362204461,"State"
8487,20240605,"NY087028533A",0.953282279369963,"State"
8488,20240605,"NY087270598A",0.935457980804602,"State"
8489,20240605,"NY103020061A",0.858877035748921,"State"
8490,20240605,"NY105022454A",0.944687823964151,"State"
8491,20240605,"NY107029262A",0.883423067919607,"State"
8492,20240605,"NY111031208A",0.835233923017757,"State"
8493,20240605,"NY119026697A",0.826773233454837,"State"
8494,20240605,"NY119026701A",0.946660870146808,"State"
8495,20240605,"NY119100803A",0.868608500819316,"State"
8496,20240606,"NY007024414B",0.650570176905327,"State"
8497,20240606,"NY007024414C",0.8437280540414,"State"
8498,20240606,"NY029022543A",0.906029495368358,"State"
8499,20240606,"NY029032093A",0.939571280473531,"State"
8500,20240606,"NY051032328A",0.871350700598602,"State"
8501,20240606,"NY059020567A",0.960472193425409,"State"
8502,20240606,"NY059021822A",0.839414105608133,"State"
8503,20240606,"NY059026620A",0.933451493161221,"State"
8504,20240606,"NY059026841A",0.960572517807578,"State"
8505,20240606,"NY069023531A",0.91897134066816,"State"
8506,20240606,"NY071023680A",0.885697087248771,"State"
8507,20240606,"NY071026328A",0.978162726147878,"State"
8508,20240606,"NY071027901A",0.869477978798114,"State"
8509,20240606,"NY071031518A",0.810152827475504,"State"
8510,20240606,"NY087028533A",0.797879811390162,"State"
8511,20240606,"NY087028851A",0.958967327692874,"State"
8512,20240606,"NY103079324A",0.885864294552386,"State"
8513,20240606,"NY103104809A",0.904357422332208,"State"
8514,20240606,"NY113029050A",0.863458515867973,"State"
8529,20240609,"NY119026697A",0.967093602648564,"State"
8530,20240609,"NY119026701A",0.932648898103869,"State"
8531,20240609,"NY119026719A",0.929170986188677,"State"
8532,20240609,"NY119108324A",0.938802126876902,"State"
8533,20240610,"NY055028231A",0.931980068889409,"State"
8534,20240610,"NY055028339A",0.957395579038892,"State"
8535,20240610,"NY063026336A",0.883623716683945,"State"
8536,20240610,"NY063027979A",0.949503394308263,"State"
8537,20240611,"NY001025739A",0.719827442062669,"State"
8539,20240611,"NY007027669A",0.900478212888339,"State"
8540,20240611,"NY029022136A",0.923385613483597,"State"
8541,20240611,"NY029022543A",0.760826672909073,"State"
8542,20240611,"NY029025950B",0.830552118516537,"State"
8543,20240611,"NY029026395B",0.916028492124536,"State"
8544,20240611,"NY029026395C",0.933183961475437,"State"
8545,20240611,"NY029028410A",0.897936661873391,"State"
8546,20240611,"NY029028436A",0.898505166705682,"State"
8547,20240611,"NY029095401A",0.931311239674949,"State"
8548,20240611,"NY037026514A",0.726248202521486,"State"
8554,20240611,"NY051030635A",0.957863759489014,"State"
8557,20240611,"NY063027057A",0.677891850316022,"State"
8558,20240611,"NY071023680A",0.648429923419055,"State"
8559,20240611,"NY073021873A",0.815938200180584,"State"
8566,20240611,"NY101021431A",0.834531652342574,"State"
8567,20240611,"NY109020958A",0.809985620171889,"State"
8568,20240612,"NY013106895A",0.687823964150754,"State"
8569,20240612,"NY063027057A",0.911681102230545,"State"
8570,20240612,"NY063027774A",0.746981908169749,"State"
8571,20240612,"NY071022144A",0.799150586897636,"State"
8572,20240612,"NY071023680A",0.944687823964151,"State"
8573,20240612,"NY071024422A",0.754840651439655,"State"
8574,20240612,"NY071026310A",0.868508176437147,"State"
8575,20240612,"NY071026522A",0.965020232083737,"State"
8576,20240612,"NY071030490A",0.963481924890479,"State"
8577,20240612,"NY087028533A",0.958566030164198,"State"
8578,20240612,"NY087270598A",0.864562084071832,"State"
8579,20240612,"NY105022454A",0.965622178376751,"State"
8580,20240612,"NY111030082A",0.97351436310738,"State"
8581,20240612,"NY119026697A",0.924121325619503,"State"
8582,20240612,"NY119026701A",0.901213925024245,"State"
8583,20240612,"NY119026719A",0.974417282546902,"State"
8584,20240612,"NY119100803A",0.962913420058188,"State"
8585,20240612,"NY119108324A",0.966859512423503,"State"
8586,20240613,"NY007024414B",0.690298632244256,"State"
8587,20240613,"NY025020265A",0.589639835468013,"State"
8588,20240613,"NY029028436A",0.96749490017724,"State"
8589,20240613,"NY029032093A",0.616693977192924,"State"
8590,20240613,"NY037020907A",0.686151891114604,"State"
8591,20240613,"NY051032328A",0.908571046383306,"State"
8592,20240613,"NY055021610A",0.7515633882888,"State"
8593,20240613,"NY065025780B",0.590308664682473,"State"
8594,20240613,"NY069023531A",0.877804902518142,"State"
8595,20240613,"NY071026328A",0.956726749824432,"State"
8596,20240613,"NY071031518A",0.969635153663512,"State"
8597,20240613,"NY073028401A",0.727953717018359,"State"
8598,20240613,"NY077031151A",0.81366418085142,"State"
8599,20240613,"NY087028533A",0.964150754104939,"State"
8600,20240613,"NY087028851A",0.935491422265325,"State"
8601,20240613,"NY115183695A",0.767882821121627,"State"
8602,20240613,"NY119026689A",0.974751697154132,"State"
8603,20240614,"NY087026051A",0.950874494197907,"State"
8618,20240616,"NY119026689A",0.920342440557804,"State"
8619,20240616,"NY119026697A",0.948767682172357,"State"
8620,20240616,"NY119026701A",0.658529244557402,"State"
8621,20240616,"NY119026786A",0.917934655385747,"State"
8622,20240616,"NY119100803A",0.901748988395813,"State"
8623,20240616,"NY119108324A",0.970538073103033,"State"
8624,20240617,"NY001026875A",0.68421228639267,"State"
8625,20240617,"NY055028231A",0.95592415476708,"State"
8626,20240617,"NY059026859A",0.897501922883992,"State"
8627,20240617,"NY087031895A",0.754874092900378,"State"
8628,20240618,"NY001025739A",0.830685884359429,"State"
8629,20240618,"NY007024414B",0.630873156539478,"State"
8630,20240618,"NY007024414C",0.886432799384677,"State"
8631,20240618,"NY007027669A",0.870113366551851,"State"
8632,20240618,"NY013027570A",0.959301742300104,"State"
8633,20240618,"NY027149209A",0.9396716048557,"State"
8634,20240618,"NY029028436A",0.894826606026151,"State"
8635,20240618,"NY037026514A",0.958867003310705,"State"
8636,20240618,"NY051024384A",0.829080694244725,"State"
8637,20240618,"NY059020567A",0.808280105675016,"State"
8638,20240618,"NY059026778A",0.830017055144969,"State"
8639,20240618,"NY059026999A",0.919406079657559,"State"
8640,20240618,"NY063027057A",0.860047486874227,"State"
8641,20240618,"NY063027979A",0.947864762732836,"State"
8642,20240618,"NY071024422A",0.9325485737217,"State"
8643,20240618,"NY071026328A",0.93833394642678,"State"
8644,20240618,"NY071027901A",0.940708290138113,"State"
8645,20240618,"NY073021873A",0.948500150486573,"State"
8646,20240618,"NY073024678A",0.756077985486406,"State"
8647,20240618,"NY079022721A",0.673544460422031,"State"
8648,20240618,"NY083087971A",0.794435340935692,"State"
8649,20240618,"NY087022748A",0.950372872287061,"State"
8650,20240618,"NY101023906A",0.737952713774538,"State"
8651,20240618,"NY103206644A",0.909975587733672,"State"
8652,20240618,"NY105030724A",0.927565796073972,"State"
8653,20240618,"NY111029351A",0.678025616158914,"State"
8654,20240619,"NY007027669A",0.924021001237334,"State"
8655,20240619,"NY025029271A",0.959769922750226,"State"
8656,20240619,"NY029028436A",0.902618466374611,"State"
8657,20240619,"NY037030546A",0.967795873323747,"State"
8658,20240619,"NY055028231A",0.742935491422265,"State"
8659,20240619,"NY107029262A",0.719359261612547,"State"
8660,20240619,"NY119026689A",0.983981540313681,"State"
8661,20240619,"NY119026701A",0.968029963548808,"State"
8662,20240619,"NY119108324A",0.970805604788817,"State"
8663,20240620,"NY007024414B",0.930675851921212,"State"
8664,20240620,"NY007024414C",0.78316556867204,"State"
8665,20240620,"NY029032093A",0.895997057151456,"State"
8666,20240620,"NY029095401A",0.958666354546367,"State"
8667,20240620,"NY051032328A",0.807912249607063,"State"
8668,20240620,"NY055021610A",0.944554058121259,"State"
8669,20240620,"NY059020567A",0.653479583988229,"State"
8670,20240620,"NY059026999A",0.923853793933719,"State"
8671,20240620,"NY065036790A",0.668829214460088,"State"
8672,20240620,"NY101021431A",0.713741096211083,"State"
8673,20240620,"NY103104809A",0.943517372838846,"State"
8680,20240623,"NY055028339A",0.9610406982577,"State"
8689,20240623,"NY119026689A",0.809082700732368,"State"
8690,20240623,"NY119026697A",0.690432398087148,"State"
8691,20240623,"NY119026701A",0.931645654282179,"State"
8692,20240623,"NY119100803A",0.87833996588971,"State"
8693,20240624,"NY001026875A",0.840852088419222,"State"
8694,20240624,"NY029022136A",0.945590743403672,"State"
8695,20240624,"NY029022543A",0.918536601678761,"State"
8696,20240624,"NY029028436A",0.956392335217202,"State"
8697,20240624,"NY039033545A",0.777313313045514,"State"
8698,20240624,"NY043036528A",0.945590743403672,"State"
8699,20240624,"NY059026859A",0.953984550045146,"State"
8700,20240624,"NY063027057A",0.949938133297662,"State"
8701,20240624,"NY063027979A",0.961609203089991,"State"
8702,20240624,"NY065025780C",0.922047955054677,"State"
8703,20240624,"NY091028240A",0.863291308564358,"State"
8705,20240625,"NY007024414B",0.761227970437749,"State"
8706,20240625,"NY007024414C",0.863960137778818,"State"
8707,20240625,"NY013027570A",0.856569574959034,"State"
8708,20240625,"NY029025950B",0.972778650971474,"State"
8709,20240625,"NY029026395B",0.911380129084038,"State"
8710,20240625,"NY029026395C",0.963348159047587,"State"
8711,20240625,"NY029028410A",0.910310002340902,"State"
8712,20240625,"NY037026514A",0.87533023442464,"State"
8718,20240625,"NY055021610A",0.95970303982878,"State"
8719,20240625,"NY055028339A",0.948299501722235,"State"
8720,20240625,"NY059020567A",0.965153997926629,"State"
8721,20240625,"NY059026778A",0.962779654215296,"State"
8722,20240625,"NY059026999A",0.977460455472695,"State"
8725,20240625,"NY063026336A",0.93699628799786,"State"
8726,20240625,"NY063027057A",0.953416045212855,"State"
8727,20240625,"NY065030864A",0.968230612313146,"State"
8728,20240625,"NY071023680A",0.872955890713306,"State"
8729,20240625,"NY071026310A",0.934922917433033,"State"
8730,20240625,"NY071026328A",0.963782898036986,"State"
8731,20240625,"NY071027901A",0.966056917366151,"State"
8732,20240625,"NY071031518A",0.913787914256095,"State"
8733,20240625,"NY073021873A",0.879777948700799,"State"
8734,20240625,"NY073023256A",0.982811089188376,"State"
8735,20240625,"NY073028401A",0.958231615556968,"State"
8742,20240625,"NY087026051A",0.958599471624921,"State"
8743,20240625,"NY099022365A",0.968397819616761,"State"
8744,20240625,"NY101021431A",0.866668896097382,"State"
8745,20240625,"NY103079324A",0.869076681269438,"State"
8746,20240625,"NY103104809A",0.873992575995719,"State"
8747,20240625,"NY109020958A",0.896966859512423,"State"
8748,20240625,"NY111029351A",0.824198240979166,"State"
8749,20240626,"NY001022225A",0.884426311741297,"State"
8750,20240626,"NY007027669A",0.652777313313046,"State"
8751,20240626,"NY013027961A",0.865331237668461,"State"
8752,20240626,"NY013106895A",0.651339330501956,"State"
8753,20240626,"NY015035742A",0.832525164699194,"State"
8754,20240626,"NY015036986A",0.946058923853794,"State"
8755,20240626,"NY017021423A",0.937263819683644,"State"
8756,20240626,"NY027026255A",0.766779252917767,"State"
8757,20240626,"NY027026271A",0.965755944219644,"State"
8758,20240626,"NY051024449A",0.894425308497475,"State"
8759,20240626,"NY055026794A",0.797545396782931,"State"
8760,20240626,"NY055028231A",0.960940373875531,"State"
8761,20240626,"NY059023523A",0.925291776744808,"State"
8762,20240626,"NY059026859A",0.950740728355015,"State"
8763,20240626,"NY063027774A",0.928468715513494,"State"
8764,20240626,"NY071026310A",0.777614286192021,"State"
8765,20240626,"NY071026522A",0.938133297662442,"State"
8766,20240626,"NY071030490A",0.926595993713005,"State"
8767,20240626,"NY079031356A",0.960070895896733,"State"
8768,20240626,"NY087026051A",0.861485469685316,"State"
8769,20240626,"NY087028533A",0.775072735177073,"State"
8770,20240626,"NY103076988A",0.904925927164499,"State"
8771,20240626,"NY111031208A",0.969902685349296,"State"
8772,20240626,"NY119026689A",0.876534127010668,"State"
8773,20240626,"NY119026697A",0.850249138882386,"State"
8774,20240626,"NY119108324A",0.950372872287061,"State"
8775,20240626,"NY123029726A",0.833227435374377,"State"
8776,20240627,"NY007024414B",0.964317961408554,"State"
8777,20240627,"NY007024414C",0.903086646824733,"State"
8778,20240627,"NY051032328A",0.885897736013109,"State"
8779,20240627,"NY055021610A",0.855466006755175,"State"
8780,20240627,"NY059020567A",0.656890612981975,"State"
8781,20240627,"NY059026778A",0.866568571715213,"State"
8782,20240627,"NY059026841A",0.94234692171354,"State"
8783,20240627,"NY065025780B",0.914557067852724,"State"
8784,20240627,"NY065036790A",0.66418085141959,"State"
8785,20240627,"NY069023531A",0.898572049627128,"State"
8786,20240627,"NY071023680A",0.939303748787747,"State"
8787,20240627,"NY071026328A",0.957763435106845,"State"
8788,20240627,"NY071027901A",0.939069658562686,"State"
8789,20240627,"NY071031518A",0.960639400729024,"State"
8790,20240627,"NY087028533A",0.96749490017724,"State"
8791,20240627,"NY087028851A",0.832090425709795,"State"
8792,20240627,"NY087031895A",0.910243119419456,"State"
8793,20240627,"NY093020516A",0.836304049760894,"State"
8794,20240627,"NY099033308A",0.90649767581848,"State"
8795,20240627,"NY117027171A",0.842758251680433,"State"
8810,20240630,"NY119026701A",0.957663110724676,"State"
8811,20240701,"NY013027961A",0.731097214326322,"State"
8812,20240701,"NY043036528A",0.871116610373541,"State"
8813,20240701,"NY055028231A",0.934320971140019,"State"
8814,20240701,"NY065025780B",0.952178711166104,"State"
8815,20240701,"NY065025780C",0.970905929170986,"State"
8816,20240701,"NY103104809A",0.961609203089991,"State"
8817,20240701,"NY109026638A",0.941744975420526,"State"
8818,20240701,"NY113029050A",0.898337959402067,"State"
8820,20240702,"NY007024414B",0.920375882018527,"State"
8821,20240702,"NY007024414C",0.885931177473832,"State"
8822,20240702,"NY007027669A",0.781660702939504,"State"
8823,20240702,"NY025029271A",0.675283416379627,"State"
8824,20240702,"NY029022136A",0.937464468447982,"State"
8825,20240702,"NY029022543A",0.907066180650771,"State"
8826,20240702,"NY029025950B",0.942045948567033,"State"
8827,20240702,"NY029026395B",0.949871250376216,"State"
8828,20240702,"NY029026395C",0.934086880914958,"State"
8829,20240702,"NY029028410A",0.956392335217202,"State"
8830,20240702,"NY029028436A",0.900511654349062,"State"
8831,20240702,"NY029032093A",0.944754706885597,"State"
8832,20240702,"NY029095401A",0.947831321272113,"State"
8833,20240702,"NY037026514A",0.929806373942414,"State"
8839,20240702,"NY051024384A",0.751931244356754,"State"
8840,20240702,"NY051030635A",0.955522857238404,"State"
8841,20240702,"NY055028339A",0.903788917499916,"State"
8842,20240702,"NY059026620A",0.748653981205899,"State"
8845,20240702,"NY063022331A",0.937397585526536,"State"
8846,20240702,"NY063027057A",0.957796876567569,"State"
8847,20240702,"NY063027979A",0.915760960438752,"State"
8848,20240702,"NY065025780B",0.957261813196,"State"
8849,20240702,"NY065025780C",0.90750091964017,"State"
8850,20240702,"NY069025968A",0.914891482459954,"State"
8851,20240702,"NY073021873A",0.900411329966893,"State"
8852,20240702,"NY073023256A",0.825569340868809,"State"
8859,20240702,"NY093020516A",0.946426779921747,"State"
8860,20240702,"NY099022365A",0.95090793565863,"State"
8861,20240702,"NY101021431A",0.657659766578604,"State"
8862,20240702,"NY109020958A",0.971808848610507,"State"
8863,20240702,"NY109026638A",0.657659766578604,"State"
8864,20240702,"NY113094366A",0.954720262181052,"State"
8865,20240702,"NY115024929A",0.739557903889242,"State"
8866,20240702,"NY117029475A",0.978329933451493,"State"
8867,20240702,"NY119026689A",0.953984550045146,"State"
8868,20240702,"NY119026701A",0.974316958164733,"State"
8869,20240702,"NY119108324A",0.960104337357456,"State"
8870,20240702,"NY121021504A",0.866836103400997,"State"
8871,20240703,"NY007027669A",0.937765441594489,"State"
8872,20240703,"NY017021423A",0.955723506002742,"State"
8873,20240703,"NY025027154A",0.949770925994047,"State"
8874,20240703,"NY029028436A",0.945590743403672,"State"
8875,20240703,"NY037030546A",0.823362204461091,"State"
8876,20240703,"NY043036528A",0.829114135705448,"State"
8877,20240703,"NY051024449A",0.950606962512123,"State"
8878,20240703,"NY055028231A",0.947630672507775,"State"
8879,20240703,"NY063027774A",0.930809617764104,"State"
8880,20240703,"NY123029726A",0.901247366484968,"State"
8881,20240704,"NY029095401A",0.947530348125606,"State"
8882,20240705,"NY071023680A",0.957897200949738,"State"
8883,20240705,"NY071031518A",0.964016988262047,"State"
8890,20240707,"NY055028339A",0.946560545764639,"State"
8899,20240707,"NY119026689A",0.822559609403739,"State"
8900,20240707,"NY119100803A",0.904859044243053,"State"
8901,20240708,"NY027026255A",0.95793064241046,"State"
8902,20240708,"NY087031895A",0.963615690733371,"State"
8903,20240709,"NY027149209A",0.928100859445541,"State"
8904,20240709,"NY029025950B",0.95903421061432,"State"
8905,20240709,"NY029026395B",0.95291442330201,"State"
8906,20240709,"NY029026395C",0.935424539343879,"State"
8907,20240709,"NY029028410A",0.927766444838311,"State"
8908,20240709,"NY029095401A",0.945691067785841,"State"
8909,20240709,"NY037026514A",0.88211885095141,"State"
8915,20240709,"NY055021610A",0.700632043607665,"State"
8916,20240709,"NY055026794A",0.959669598368057,"State"
8917,20240709,"NY055028339A",0.748587098284453,"State"
8920,20240709,"NY063026336A",0.955221884091897,"State"
8921,20240709,"NY071026310A",0.898070427716283,"State"
8922,20240709,"NY071031518A",0.903253854128348,"State"
8929,20240709,"NY099022365A",0.976022472661606,"State"
8930,20240709,"NY105030724A",0.847339731799485,"State"
8931,20240709,"NY109020958A",0.917132060328395,"State"
8932,20240709,"NY117029475A",0.848643948767682,"State"
8933,20240709,"NY121021504A",0.949837808915493,"State"
8934,20240710,"NY025027154A",0.687121693475571,"State"
8935,20240710,"NY037020907A",0.769655218539946,"State"
8936,20240710,"NY037030546A",0.735712135906096,"State"
8937,20240710,"NY073023256A",0.782630505300472,"State"
8938,20240710,"NY073028401A",0.958298498478414,"State"
8939,20240710,"NY107029262A",0.897836337491222,"State"
8940,20240711,"NY007024414B",0.956960840049493,"State"
8941,20240711,"NY007024414C",0.978798113901615,"State"
8942,20240711,"NY055021610A",0.972310470521352,"State"
8943,20240711,"NY069023531A",0.946560545764639,"State"
8944,20240711,"NY099033308A",0.951944620941043,"State"
8951,20240714,"NY055028339A",0.849780958432264,"State"
8961,20240716,"NY007024414C",0.90138113232786,"State"
8962,20240716,"NY037026514A",0.937230378222921,"State"
8968,20240716,"NY051024384A",0.918837574825268,"State"
8969,20240716,"NY051030635A",0.955188442631174,"State"
8970,20240716,"NY055026794A",0.827575828512189,"State"
8971,20240716,"NY055028339A",0.942179714409925,"State"
8974,20240716,"NY073021873A",0.96405042972277,"State"
8975,20240716,"NY073024678A",0.922449252583353,"State"
8982,20240716,"NY109026638A",0.792027555763636,"State"
8983,20240716,"NY121021504A",0.778416881249373,"State"
8984,20240717,"NY007027669A",0.84305922482694,"State"
8985,20240717,"NY017021423A",0.910376885262348,"State"
8986,20240717,"NY025027154A",0.954854028023944,"State"
8987,20240717,"NY025029271A",0.847741029328161,"State"
8988,20240717,"NY037030546A",0.955690064542019,"State"
8989,20240717,"NY051024449A",0.776577600909608,"State"
8990,20240717,"NY055026794A",0.969735478045681,"State"
8991,20240717,"NY055028231A",0.795070728689429,"State"
8992,20240717,"NY109026638A",0.939136541484132,"State"
8993,20240717,"NY123029726A",0.943182958231616,"State"
8994,20240718,"NY099033308A",0.822693375246631,"State"
8995,20240718,"NY117027171A",0.739624786810688,"State"
8996,20240723,"NY037026514A",0.829782964919908,"State"
1,20240701,"NY013027961A",0.731097214326322,"State"
2,20240701,"NY023027561A",0.766311072467645,"State"
3,20240701,"NY043036528A",0.871116610373541,"State"
4,20240701,"NY045025984A",0.948734240711634,"State"
5,20240701,"NY045025984B",0.941744975420526,"State"
6,20240701,"NY055028231A",0.934320971140019,"State"
7,20240701,"NY065025780B",0.952178711166104,"State"
8,20240701,"NY065025780C",0.970905929170986,"State"
9,20240701,"NY089031194A",0.940708290138113,"State"
10,20240701,"NY103104809A",0.961609203089991,"State"
11,20240701,"NY109026638A",0.941744975420526,"State"
12,20240701,"NY113029050A",0.898337959402067,"State"
14,20240702,"NY007024414B",0.920375882018527,"State"
15,20240702,"NY007024414C",0.885931177473832,"State"
16,20240702,"NY007027669A",0.781660702939504,"State"
17,20240702,"NY011021903A",0.888205196802996,"State"
18,20240702,"NY019023949A",0.911012273016085,"State"
19,20240702,"NY025029271A",0.675283416379627,"State"
20,20240702,"NY029022136A",0.937464468447982,"State"
21,20240702,"NY029022543A",0.907066180650771,"State"
22,20240702,"NY029025950B",0.942045948567033,"State"
23,20240702,"NY029026395B",0.949871250376216,"State"
24,20240702,"NY029026395C",0.934086880914958,"State"
25,20240702,"NY029028410A",0.956392335217202,"State"
26,20240702,"NY029028436A",0.900511654349062,"State"
27,20240702,"NY029032093A",0.944754706885597,"State"
28,20240702,"NY029095401A",0.947831321272113,"State"
29,20240702,"NY037026514A",0.929806373942414,"State"
30,20240702,"NY041026484A",0.977560779854864,"State"
36,20240702,"NY051024384A",0.751931244356754,"State"
37,20240702,"NY051030635A",0.955522857238404,"State"
38,20240702,"NY053021539A",0.969635153663512,"State"
39,20240702,"NY053028525A",0.872119854195231,"State"
40,20240702,"NY053029807A",0.955021235327559,"State"
41,20240702,"NY055028339A",0.903788917499916,"State"
42,20240702,"NY059026620A",0.748653981205899,"State"
45,20240702,"NY063022331A",0.937397585526536,"State"
46,20240702,"NY063027057A",0.957796876567569,"State"
47,20240702,"NY063027979A",0.915760960438752,"State"
48,20240702,"NY065025780B",0.957261813196,"State"
49,20240702,"NY065025780C",0.90750091964017,"State"
50,20240702,"NY067025461A",0.936895963615691,"State"
51,20240702,"NY069025968A",0.914891482459954,"State"
52,20240702,"NY073021873A",0.900411329966893,"State"
53,20240702,"NY073023256A",0.825569340868809,"State"
54,20240702,"NY075029106A",0.784904524629636,"State"
55,20240702,"NY075029114A",0.729324816908003,"State"
62,20240702,"NY089020818A",0.897802896030499,"State"
63,20240702,"NY093020516A",0.946426779921747,"State"
64,20240702,"NY099022365A",0.95090793565863,"State"
65,20240702,"NY101021431A",0.657659766578604,"State"
66,20240702,"NY109020958A",0.971808848610507,"State"
67,20240702,"NY109026638A",0.657659766578604,"State"
68,20240702,"NY113094366A",0.954720262181052,"State"
69,20240702,"NY115024929A",0.739557903889242,"State"
70,20240702,"NY117029475A",0.978329933451493,"State"
71,20240702,"NY119026689A",0.953984550045146,"State"
72,20240702,"NY119026701A",0.974316958164733,"State"
73,20240702,"NY119108324A",0.960104337357456,"State"
74,20240702,"NY121021504A",0.866836103400997,"State"
75,20240703,"NY007027669A",0.937765441594489,"State"
76,20240703,"NY017021423A",0.955723506002742,"State"
77,20240703,"NY019026018A",0.654248737584858,"State"
78,20240703,"NY025027154A",0.949770925994047,"State"
79,20240703,"NY029028436A",0.945590743403672,"State"
80,20240703,"NY031036706A",0.925224893823362,"State"
81,20240703,"NY037030546A",0.823362204461091,"State"
82,20240703,"NY043036528A",0.829114135705448,"State"
83,20240703,"NY051024449A",0.950606962512123,"State"
84,20240703,"NY055028231A",0.947630672507775,"State"
85,20240703,"NY063027774A",0.930809617764104,"State"
86,20240703,"NY075026301A",0.94067484867739,"State"
87,20240703,"NY075029114A",0.853492960572518,"State"
88,20240703,"NY083087971A",0.783800956425777,"State"
89,20240703,"NY089020117A",0.752131893121092,"State"
90,20240703,"NY089031194A",0.871116610373541,"State"
91,20240703,"NY123029726A",0.901247366484968,"State"
92,20240704,"NY029095401A",0.947530348125606,"State"
93,20240704,"NY045025984A",0.932080393271578,"State"
94,20240705,"NY023027561A",0.936461224626292,"State"
95,20240705,"NY071023680A",0.957897200949738,"State"
96,20240705,"NY071031518A",0.964016988262047,"State"
103,20240707,"NY055028339A",0.946560545764639,"State"
106,20240707,"NY067027596A",0.73597966759188,"State"
107,20240707,"NY067030317A",0.928100859445541,"State"
108,20240707,"NY067030571A",0.955957596227803,"State"
115,20240707,"NY119026689A",0.822559609403739,"State"
116,20240707,"NY119100803A",0.904859044243053,"State"
117,20240708,"NY013027961A",0.825268367722302,"State"
118,20240708,"NY019026018A",0.810654449386349,"State"
119,20240708,"NY027026255A",0.95793064241046,"State"
120,20240708,"NY041026484A",0.935190449118818,"State"
121,20240708,"NY087031895A",0.963615690733371,"State"
122,20240708,"NY089020117A",0.878172758586095,"State"
123,20240708,"NY089031194A",0.938400829348226,"State"
124,20240709,"NY007024414C",0.950606962512123,"State"
125,20240709,"NY007027669A",0.965254322308798,"State"
126,20240709,"NY013027570A",0.753703641775073,"State"
127,20240709,"NY019023949A",0.805571347356453,"State"
128,20240709,"NY027149209A",0.928100859445541,"State"
129,20240709,"NY029022543A",0.930909942146273,"State"
130,20240709,"NY029025950B",0.95903421061432,"State"
131,20240709,"NY029026395B",0.95291442330201,"State"
132,20240709,"NY029026395C",0.935424539343879,"State"
133,20240709,"NY029028410A",0.927766444838311,"State"
134,20240709,"NY029095401A",0.945691067785841,"State"
135,20240709,"NY031022187A",0.937598234290874,"State"
136,20240709,"NY037026514A",0.88211885095141,"State"
142,20240709,"NY051030635A",0.701033341136341,"State"
143,20240709,"NY053028525A",0.933986556532789,"State"
144,20240709,"NY055021610A",0.700632043607665,"State"
145,20240709,"NY055026794A",0.959669598368057,"State"
146,20240709,"NY055028339A",0.748587098284453,"State"
149,20240709,"NY063026336A",0.955221884091897,"State"
150,20240709,"NY063027057A",0.935190449118818,"State"
151,20240709,"NY063027979A",0.953382603752132,"State"
152,20240709,"NY071026310A",0.898070427716283,"State"
153,20240709,"NY071031518A",0.903253854128348,"State"
160,20240709,"NY089236586A",0.741296859846838,"State"
161,20240709,"NY099022365A",0.976022472661606,"State"
162,20240709,"NY101021431A",0.679965220880848,"State"
163,20240709,"NY101023906A",0.863491957328696,"State"
164,20240709,"NY105030724A",0.847339731799485,"State"
165,20240709,"NY109020958A",0.917132060328395,"State"
166,20240709,"NY117029475A",0.848643948767682,"State"
167,20240709,"NY121021504A",0.949837808915493,"State"
168,20240710,"NY007027669A",0.960739725111193,"State"
169,20240710,"NY013027961A",0.936762197772799,"State"
170,20240710,"NY013106895A",0.772731832926462,"State"
171,20240710,"NY015036986A",0.817911246363241,"State"
172,20240710,"NY017021423A",0.957863759489014,"State"
173,20240710,"NY019021831A",0.718891081162425,"State"
174,20240710,"NY025027154A",0.687121693475571,"State"
175,20240710,"NY025029271A",0.953349162291409,"State"
176,20240710,"NY031021733A",0.958532588703475,"State"
177,20240710,"NY037020907A",0.769655218539946,"State"
178,20240710,"NY037030546A",0.735712135906096,"State"
179,20240710,"NY063027774A",0.853827375179748,"State"
180,20240710,"NY073023256A",0.782630505300472,"State"
181,20240710,"NY073028401A",0.958298498478414,"State"
182,20240710,"NY075029106A",0.841922215162358,"State"
183,20240710,"NY107029262A",0.897836337491222,"State"
184,20240710,"NY119026689A",0.978597465137277,"State"
185,20240710,"NY119026786A",0.960438751964686,"State"
186,20240711,"NY007024414B",0.956960840049493,"State"
187,20240711,"NY007024414C",0.978798113901615,"State"
188,20240711,"NY009027162A",0.682473330435073,"State"
189,20240711,"NY029032093A",0.937364144065813,"State"
190,20240711,"NY055021610A",0.972310470521352,"State"
191,20240711,"NY063027979A",0.860916964853025,"State"
192,20240711,"NY063030651A",0.947831321272113,"State"
193,20240711,"NY069023531A",0.946560545764639,"State"
194,20240711,"NY089020818A",0.680466842791693,"State"
195,20240711,"NY099033308A",0.951944620941043,"State"
196,20240711,"NY101023906A",0.971875731531953,"State"
197,20240712,"NY089029831A",0.66585292445574,"State"
198,20240713,"NY119026719A",0.945958599471625,"State"
200,20240714,"NY029028436A",0.929572283717353,"State"
206,20240714,"NY055028339A",0.849780958432264,"State"
209,20240714,"NY067027596A",0.904859044243053,"State"
210,20240714,"NY067030571A",0.879510417015015,"State"
217,20240714,"NY119026689A",0.955991037688526,"State"
218,20240714,"NY119026697A",0.973915660636057,"State"
219,20240714,"NY119026701A",0.960572517807578,"State"
220,20240714,"NY119100803A",0.98642276694646,"State"
221,20240714,"NY119108324A",0.950506638129954,"State"
222,20240715,"NY023027561A",0.959435508142996,"State"
223,20240715,"NY027026255A",0.820285590074574,"State"
224,20240715,"NY043036528A",0.734341036016453,"State"
225,20240715,"NY059026450A",0.820820653446143,"State"
226,20240715,"NY059026859A",0.939805370698592,"State"
227,20240715,"NY065025780B",0.919472962579005,"State"
228,20240715,"NY065025780C",0.952780657459118,"State"
229,20240715,"NY065030864A",0.65060361836605,"State"
230,20240715,"NY089031194A",0.843192990669832,"State"
231,20240715,"NY103020061A",0.878607497575494,"State"
232,20240715,"NY103104809A",0.930073905628198,"State"
233,20240716,"NY001025739A",0.918001538307193,"State"
235,20240716,"NY007024414C",0.90138113232786,"State"
236,20240716,"NY011021903A",0.959201417917935,"State"
237,20240716,"NY027026255A",0.918068421228639,"State"
238,20240716,"NY027149209A",0.717085242283383,"State"
239,20240716,"NY029022136A",0.955322208474066,"State"
240,20240716,"NY029022543A",0.910310002340902,"State"
241,20240716,"NY029025950B",0.940139785305822,"State"
242,20240716,"NY029026395B",0.959335183760827,"State"
243,20240716,"NY029026395C",0.963214393204695,"State"
244,20240716,"NY029028410A",0.967428017255794,"State"
245,20240716,"NY029095401A",0.952379359930442,"State"
246,20240716,"NY031021733A",0.839447547068856,"State"
247,20240716,"NY037026514A",0.937230378222921,"State"
253,20240716,"NY051024384A",0.918837574825268,"State"
254,20240716,"NY051030635A",0.955188442631174,"State"
255,20240716,"NY053028525A",0.950540079590677,"State"
256,20240716,"NY055026794A",0.827575828512189,"State"
257,20240716,"NY055028339A",0.942179714409925,"State"
258,20240716,"NY059026620A",0.982142259973916,"State"
259,20240716,"NY059026841A",0.940306992609437,"State"
260,20240716,"NY059026999A",0.982877972109822,"State"
263,20240716,"NY063026336A",0.846904992810086,"State"
264,20240716,"NY063027057A",0.896565561983747,"State"
265,20240716,"NY065030864A",0.9292044276494,"State"
266,20240716,"NY071027901A",0.652643547470154,"State"
267,20240716,"NY071031518A",0.91997458448985,"State"
268,20240716,"NY073021873A",0.96405042972277,"State"
269,20240716,"NY073024678A",0.922449252583353,"State"
270,20240716,"NY075029114A",0.765408153028124,"State"
271,20240716,"NY079022721A",0.962144266461559,"State"
278,20240716,"NY087022748A",0.642978965321205,"State"
279,20240716,"NY089020818A",0.914256094706217,"State"
280,20240716,"NY101021431A",0.651406213423402,"State"
281,20240716,"NY103024881A",0.647660769822426,"State"
282,20240716,"NY103065358A",0.911012273016085,"State"
283,20240716,"NY103104809A",0.913754472795372,"State"
284,20240716,"NY103206644A",0.979701033341136,"State"
285,20240716,"NY105030724A",0.78239641507541,"State"
286,20240716,"NY109026638A",0.792027555763636,"State"
287,20240716,"NY113094366A",0.920777179547203,"State"
288,20240716,"NY121021504A",0.778416881249373,"State"
289,20240717,"NY007027669A",0.84305922482694,"State"
290,20240717,"NY013027961A",0.823295321539645,"State"
291,20240717,"NY013106895A",0.928134300906264,"State"
292,20240717,"NY015035742A",0.638765341270107,"State"
293,20240717,"NY015036986A",0.843560846737786,"State"
294,20240717,"NY017021423A",0.910376885262348,"State"
295,20240717,"NY025027154A",0.954854028023944,"State"
296,20240717,"NY025029271A",0.847741029328161,"State"
297,20240717,"NY027026271A",0.754439353910979,"State"
298,20240717,"NY031022969A",0.82924790154834,"State"
299,20240717,"NY031036706A",0.93422064675785,"State"
300,20240717,"NY037030546A",0.955690064542019,"State"
301,20240717,"NY051024449A",0.776577600909608,"State"
302,20240717,"NY055026794A",0.969735478045681,"State"
303,20240717,"NY055028231A",0.795070728689429,"State"
304,20240717,"NY059023523A",0.930241112931813,"State"
305,20240717,"NY059026450A",0.947195933518376,"State"
306,20240717,"NY071026310A",0.931445005517841,"State"
307,20240717,"NY071026522A",0.953416045212855,"State"
308,20240717,"NY071030490A",0.956994281510216,"State"
309,20240717,"NY075020257A",0.792361970370866,"State"
310,20240717,"NY075029106A",0.945724509246564,"State"
311,20240717,"NY075029114A",0.610908604487844,"State"
312,20240717,"NY079031356A",0.849479985285757,"State"
313,20240717,"NY083087971A",0.848209209778283,"State"
314,20240717,"NY087028533A",0.966023475905428,"State"
315,20240717,"NY087270598A",0.796241179814734,"State"
316,20240717,"NY089020117A",0.741898806139852,"State"
317,20240717,"NY103020061A",0.668126943784905,"State"
318,20240717,"NY103076988A",0.89158278433602,"State"
319,20240717,"NY103080683A",0.677657760090961,"State"
320,20240717,"NY109026638A",0.939136541484132,"State"
321,20240717,"NY111029351A",0.928000535063372,"State"
322,20240717,"NY111031208A",0.886700331070461,"State"
323,20240717,"NY123029726A",0.943182958231616,"State"
324,20240718,"NY025026565A",0.91863692606093,"State"
325,20240718,"NY029032093A",0.66551850984851,"State"
326,20240718,"NY053026956A",0.786074975754941,"State"
327,20240718,"NY059020567A",0.954619937798883,"State"
328,20240718,"NY059021822A",0.811691134668762,"State"
329,20240718,"NY059026778A",0.69802360967127,"State"
330,20240718,"NY059026841A",0.748520215363007,"State"
331,20240718,"NY059026999A",0.890880513660837,"State"
332,20240718,"NY063027979A",0.910744741330301,"State"
333,20240718,"NY069023531A",0.6593987225362,"State"
334,20240718,"NY089020818A",0.919907701568405,"State"
335,20240718,"NY093020516A",0.647827977126041,"State"
336,20240718,"NY099033308A",0.822693375246631,"State"
337,20240718,"NY101021431A",0.96204394207939,"State"
338,20240718,"NY101023906A",0.852991338661673,"State"
339,20240718,"NY103079324A",0.881550346119119,"State"
340,20240718,"NY103104809A",0.925927164498545,"State"
341,20240718,"NY113029050A",0.722101461391834,"State"
342,20240718,"NY115024929A",0.940474199913052,"State"
343,20240718,"NY117027171A",0.739624786810688,"State"
344,20240719,"NY045025984A",0.867237400929673,"State"
345,20240719,"NY089029831A",0.95592415476708,"State"
352,20240721,"NY055028339A",0.905929170986189,"State"
355,20240721,"NY067027081A",0.942647894860048,"State"
356,20240721,"NY067027596A",0.966056917366151,"State"
357,20240721,"NY067027618A",0.9111794803197,"State"
358,20240721,"NY067027723A",0.888606494331672,"State"
359,20240721,"NY067030317A",0.939370631709193,"State"
360,20240721,"NY067030571A",0.956960840049493,"State"
367,20240722,"NY031021733A",0.957128047353108,"State"
368,20240722,"NY039033545A",0.870247132394743,"State"
369,20240722,"NY043036528A",0.868742266662208,"State"
370,20240722,"NY045025984A",0.965789385680367,"State"
371,20240722,"NY045025984B",0.95291442330201,"State"
372,20240722,"NY055028231A",0.946761194528977,"State"
373,20240722,"NY065025780B",0.974015985018226,"State"
374,20240722,"NY065025780C",0.8688760325051,"State"
376,20240723,"NY007024414B",0.897869778951945,"State"
377,20240723,"NY007024414C",0.948868006554526,"State"
378,20240723,"NY007027669A",0.951710530715982,"State"
379,20240723,"NY011021903A",0.951041701501522,"State"
380,20240723,"NY013027570A",0.910477209644517,"State"
381,20240723,"NY019021831A",0.97796207738354,"State"
382,20240723,"NY029022136A",0.970538073103033,"State"
383,20240723,"NY029025950B",0.971942614453399,"State"
384,20240723,"NY029026395B",0.937464468447982,"State"
385,20240723,"NY029026395C",0.956459218138648,"State"
386,20240723,"NY029028410A",0.951810855098151,"State"
387,20240723,"NY029028436A",0.946359897000301,"State"
388,20240723,"NY029095401A",0.89803698625556,"State"
389,20240723,"NY031022187A",0.964552051633615,"State"
390,20240723,"NY037026514A",0.829782964919908,"State"
396,20240723,"NY051024384A",0.974082867939672,"State"
397,20240723,"NY051030635A",0.846704344045748,"State"
398,20240723,"NY053028525A",0.91084506571247,"State"
399,20240723,"NY055021610A",0.755241948968331,"State"
400,20240723,"NY055028339A",0.955021235327559,"State"
401,20240723,"NY059020567A",0.821857338728556,"State"
402,20240723,"NY059026620A",0.974818580075578,"State"
403,20240723,"NY059026778A",0.960973815336254,"State"
406,20240723,"NY063022331A",0.959167976457212,"State"
407,20240723,"NY063026336A",0.90338761997124,"State"
408,20240723,"NY063027057A",0.901147042102799,"State"
409,20240723,"NY067025461A",0.681804501220613,"State"
410,20240723,"NY073021873A",0.774069491355382,"State"
411,20240723,"NY073028401A",0.959067652075043,"State"
412,20240723,"NY075029106A",0.888940908938902,"State"
413,20240723,"NY075029114A",0.875363675885363,"State"
420,20240723,"NY089020818A",0.809383673878875,"State"
421,20240723,"NY089029831A",0.946961843293315,"State"
422,20240723,"NY099022365A",0.943249841153062,"State"
423,20240723,"NY101021431A",0.936594990469184,"State"
424,20240723,"NY101023906A",0.921044711232987,"State"
425,20240723,"NY103065358A",0.957562786342507,"State"
426,20240723,"NY103079324A",0.964083871183493,"State"
427,20240723,"NY103206644A",0.987526335150319,"State"
428,20240723,"NY109020958A",0.963883222419155,"State"
429,20240723,"NY109026638A",0.821723572885664,"State"
430,20240723,"NY121021504A",0.928067417984818,"State"
431,20240724,"NY007027669A",0.945222887335719,"State"
432,20240724,"NY015035742A",0.833361201217269,"State"
433,20240724,"NY019022195A",0.683175601110257,"State"
434,20240724,"NY025027154A",0.854563087315654,"State"
435,20240724,"NY025029271A",0.876701334314283,"State"
436,20240724,"NY031021733A",0.968765675684714,"State"
437,20240724,"NY031022969A",0.923151523258536,"State"
438,20240724,"NY031036706A",0.923218406179982,"State"
439,20240724,"NY049020125A",0.895796408387118,"State"
440,20240724,"NY051024449A",0.946961843293315,"State"
441,20240724,"NY059026859A",0.974517606929071,"State"
442,20240724,"NY075026301A",0.944052436210414,"State"
443,20240724,"NY083087971A",0.729792997358125,"State"
444,20240724,"NY089020117A",0.890111360064208,"State"
445,20240724,"NY089031194A",0.95358325251647,"State"
446,20240724,"NY105022454A",0.966892953884226,"State"
447,20240724,"NY109026638A",0.897334715580377,"State"
448,20240724,"NY119026697A",0.970705280406648,"State"
449,20240724,"NY119026701A",0.96916697321339,"State"
450,20240724,"NY123029726A",0.959803364210949,"State"
451,20240725,"NY001022225A",0.781861351703842,"State"
452,20240725,"NY007024414B",0.783265893054209,"State"
453,20240725,"NY007024414C",0.919907701568405,"State"
454,20240725,"NY011021903A",0.922984315954921,"State"
455,20240725,"NY023027561A",0.933986556532789,"State"
456,20240725,"NY029022543A",0.91084506571247,"State"
457,20240725,"NY029032093A",0.823663177607598,"State"
458,20240725,"NY035026042A",0.69267297595559,"State"
459,20240725,"NY059021822A",0.91084506571247,"State"
460,20240725,"NY059026620A",0.991071129986958,"State"
461,20240725,"NY059026778A",0.97495234591847,"State"
462,20240725,"NY063027774A",0.945189445874996,"State"
463,20240725,"NY065025780B",0.777313313045514,"State"
464,20240725,"NY065025780C",0.923887235394442,"State"
465,20240725,"NY069023531A",0.972979299735812,"State"
466,20240725,"NY077031151A",0.947998528575728,"State"
467,20240725,"NY089020818A",0.958900444771428,"State"
468,20240725,"NY089236586A",0.858275089455907,"State"
469,20240725,"NY093020516A",0.7871785439588,"State"
470,20240725,"NY097271942A",0.933919673611343,"State"
471,20240725,"NY099033308A",0.953783901280808,"State"
472,20240725,"NY101021431A",0.930508644617597,"State"
473,20240725,"NY101023906A",0.746747817944688,"State"
474,20240725,"NY113029050A",0.718590108015918,"State"
475,20240725,"NY117027171A",0.8014246062268,"State"
476,20240726,"NY087026051A",0.921245359997325,"State"
477,20240726,"NY089029831A",0.902284051767381,"State"
479,20240728,"NY045025984A",0.964585493094338,"State"
485,20240728,"NY055028339A",0.974718255693409,"State"
488,20240728,"NY067027618A",0.836136842457278,"State"
489,20240728,"NY067027723A",0.776142861920209,"State"
490,20240728,"NY067030317A",0.920308999097081,"State"
497,20240728,"NY119026697A",0.960906932414808,"State"
498,20240728,"NY119026701A",0.964217637026385,"State"
499,20240728,"NY119100803A",0.882185733872856,"State"
500,20240728,"NY119108324A",0.953482928134301,"State"
501,20240729,"NY023027561A",0.966257566130489,"State"
502,20240729,"NY027026255A",0.963649132194094,"State"
503,20240729,"NY031021733A",0.98274420626693,"State"
504,20240729,"NY043036528A",0.949235862622479,"State"
505,20240729,"NY055028231A",0.947530348125606,"State"
506,20240729,"NY059026450A",0.892753235461325,"State"
507,20240729,"NY059026859A",0.919038223589606,"State"
508,20240729,"NY087031895A",0.947597231047052,"State"
509,20240729,"NY089020117A",0.963348159047587,"State"
510,20240729,"NY089031194A",0.976992275022573,"State"
511,20240729,"NY113029050A",0.942581011938601,"State"
513,20240730,"NY007024414B",0.937029729458583,"State"
514,20240730,"NY007027669A",0.950038457679831,"State"
515,20240730,"NY011021903A",0.955957596227803,"State"
516,20240730,"NY019023949A",0.965856268601813,"State"
517,20240730,"NY019025097A",0.970705280406648,"State"
518,20240730,"NY027149209A",0.962746212754573,"State"
519,20240730,"NY029022136A",0.888840584556733,"State"
520,20240730,"NY029025950B",0.949904691836939,"State"
521,20240730,"NY029026395B",0.964986790623014,"State"
522,20240730,"NY029026395C",0.942714777781493,"State"
523,20240730,"NY029028436A",0.732501755676688,"State"
524,20240730,"NY029095401A",0.950740728355015,"State"
525,20240730,"NY031022187A",0.975353643447146,"State"
526,20240730,"NY037026514A",0.822860582550246,"State"
532,20240730,"NY049020125A",0.845667658763335,"State"
533,20240730,"NY051024384A",0.954419289034545,"State"
534,20240730,"NY051030635A",0.973213389960873,"State"
535,20240730,"NY053028525A",0.970705280406648,"State"
536,20240730,"NY053029807A",0.847139083035147,"State"
537,20240730,"NY055026794A",0.967662107480855,"State"
538,20240730,"NY055028339A",0.901347690867137,"State"
541,20240730,"NY063022331A",0.868675383740762,"State"
542,20240730,"NY063026336A",0.920175233254189,"State"
543,20240730,"NY063027979A",0.801892786676922,"State"
544,20240730,"NY067025461A",0.95124235026586,"State"
545,20240730,"NY069025968A",0.93020767147109,"State"
546,20240730,"NY071023680A",0.953048189144902,"State"
547,20240730,"NY075029106A",0.940574524295221,"State"
548,20240730,"NY075029114A",0.957663110724676,"State"
555,20240730,"NY087026051A",0.907467478179447,"State"
556,20240730,"NY089020818A",0.950105340601277,"State"
557,20240730,"NY089029831A",0.953783901280808,"State"
558,20240730,"NY093020516A",0.930809617764104,"State"
559,20240730,"NY101023906A",0.928134300906264,"State"
560,20240730,"NY101025712A",0.784369461258068,"State"
561,20240730,"NY105030724A",0.899608734909541,"State"
562,20240730,"NY109020958A",0.967361134334348,"State"
563,20240730,"NY109026638A",0.904658395478715,"State"
564,20240730,"NY111029351A",0.954118315888038,"State"
565,20240730,"NY121021504A",0.613015416513393,"State"
566,20240731,"NY013027570A",0.948031970036451,"State"
567,20240731,"NY013027961A",0.879777948700799,"State"
568,20240731,"NY013106895A",0.926595993713005,"State"
569,20240731,"NY015035742A",0.860615991706518,"State"
570,20240731,"NY015036986A",0.908136307393907,"State"
571,20240731,"NY019021831A",0.958867003310705,"State"
572,20240731,"NY025027154A",0.963080627361803,"State"
573,20240731,"NY025029271A",0.975420526368592,"State"
574,20240731,"NY031021733A",0.971507875464,"State"
575,20240731,"NY031036706A",0.929906698324583,"State"
576,20240731,"NY037030546A",0.892652911079156,"State"
577,20240731,"NY041026484A",0.973581246028827,"State"
578,20240731,"NY051024449A",0.938902451259071,"State"
579,20240731,"NY055026794A",0.903487944353409,"State"
580,20240731,"NY059026450A",0.881717553422734,"State"
581,20240731,"NY075026301A",0.950406313747785,"State"
582,20240731,"NY075029106A",0.948366384643681,"State"
583,20240731,"NY089020117A",0.914423302009832,"State"
584,20240731,"NY089031194A",0.94167809249908,"State"
585,20240731,"NY091028240A",0.938066414740996,"State"
586,20240731,"NY103080683A",0.948968330936695,"State"
587,20240731,"NY109026638A",0.862354947664114,"State"
588,20240731,"NY119026697A",0.95625856937431,"State"
589,20240801,"NY007024414B",0.969033207370498,"State"
590,20240801,"NY029022543A",0.670735377721299,"State"
591,20240801,"NY051032328A",0.974751697154132,"State"
592,20240801,"NY055021610A",0.960104337357456,"State"
593,20240801,"NY057024333A",0.637695214526971,"State"
594,20240801,"NY063027774A",0.768886064943317,"State"
595,20240801,"NY097271942A",0.907233387954386,"State"
596,20240801,"NY101023906A",0.927599237534696,"State"
597,20240801,"NY101025712A",0.82513460187941,"State"
598,20240803,"NY045025984A",0.897903220412668,"State"
605,20240804,"NY055028339A",0.923519379326489,"State"
614,20240804,"NY119026689A",0.962879978597465,"State"
615,20240804,"NY119026697A",0.981306223455841,"State"
616,20240804,"NY119026701A",0.953416045212855,"State"
617,20240804,"NY119026719A",0.950038457679831,"State"
618,20240804,"NY119100803A",0.964518610172892,"State"
619,20240804,"NY119108324A",0.969534829281343,"State"
620,20240805,"NY027026255A",0.945557301942949,"State"
621,20240805,"NY039033545A",0.953416045212855,"State"
622,20240805,"NY055028231A",0.920576530782865,"State"
623,20240805,"NY103020061A",0.883021770390931,"State"
624,20240805,"NY103104809A",0.809283349496706,"State"
625,20240805,"NY109026638A",0.791927231381467,"State"
627,20240806,"NY007024414B",0.971440992542554,"State"
628,20240806,"NY007024414C",0.973480921646658,"State"
629,20240806,"NY007027669A",0.739390696585627,"State"
630,20240806,"NY011021903A",0.952546567234057,"State"
631,20240806,"NY019023949A",0.948700799250911,"State"
632,20240806,"NY019025097A",0.915593753135137,"State"
633,20240806,"NY021022039A",0.826672909072668,"State"
634,20240806,"NY027149209A",0.899173995920142,"State"
635,20240806,"NY029022136A",0.868307527672809,"State"
636,20240806,"NY029022543A",0.866802661940274,"State"
637,20240806,"NY029025950B",0.774537671805504,"State"
638,20240806,"NY029026395B",0.935190449118818,"State"
639,20240806,"NY029026395C",0.815503461191185,"State"
640,20240806,"NY029028410A",0.941845299802695,"State"
641,20240806,"NY029095401A",0.857338728555663,"State"
642,20240806,"NY031022187A",0.943617697221015,"State"
643,20240806,"NY037026514A",0.922616459886968,"State"
644,20240806,"NY045025984A",0.953884225662977,"State"
645,20240806,"NY045025984B",0.71404206935759,"State"
651,20240806,"NY051024384A",0.931144032371334,"State"
652,20240806,"NY051030635A",0.949904691836939,"State"
653,20240806,"NY053021539A",0.817476507373842,"State"
654,20240806,"NY053029807A",0.954987793866836,"State"
655,20240806,"NY055021610A",0.943116075310169,"State"
656,20240806,"NY055028339A",0.95759622780323,"State"
659,20240806,"NY063022331A",0.945691067785841,"State"
660,20240806,"NY063026336A",0.955021235327559,"State"
661,20240806,"NY063027057A",0.941945624184864,"State"
662,20240806,"NY063027979A",0.95291442330201,"State"
663,20240806,"NY067025461A",0.944219643514029,"State"
664,20240806,"NY071023680A",0.979901682105474,"State"
665,20240806,"NY071027901A",0.969300739056282,"State"
666,20240806,"NY073021873A",0.93766511721232,"State"
667,20240806,"NY073024678A",0.959402066682273,"State"
668,20240806,"NY075029106A",0.898973347155804,"State"
669,20240806,"NY075029114A",0.868641942280039,"State"
670,20240806,"NY079022721A",0.73096344848343,"State"
677,20240806,"NY087022748A",0.953549811055747,"State"
678,20240806,"NY087026051A",0.981105574691503,"State"
679,20240806,"NY089020818A",0.964786141858676,"State"
680,20240806,"NY089236586A",0.934789151590141,"State"
681,20240806,"NY099022365A",0.94512256295355,"State"
682,20240806,"NY101021431A",0.88579741163094,"State"
683,20240806,"NY101023906A",0.896164264455071,"State"
684,20240806,"NY101025712A",0.706383974852022,"State"
685,20240806,"NY103079324A",0.970069892652911,"State"
686,20240806,"NY103104809A",0.898237635019898,"State"
687,20240806,"NY105030724A",0.914490184931278,"State"
688,20240806,"NY109026638A",0.938869009798348,"State"
689,20240806,"NY111029351A",0.849446543825034,"State"
690,20240806,"NY117029475A",0.951008260040799,"State"
691,20240807,"NY015035742A",0.906598000200649,"State"
692,20240807,"NY015036986A",0.942815102163662,"State"
693,20240807,"NY017021423A",0.984282513460188,"State"
694,20240807,"NY019022195A",0.959335183760827,"State"
695,20240807,"NY019026018A",0.943684580142461,"State"
696,20240807,"NY025027154A",0.94646022138247,"State"
697,20240807,"NY025029271A",0.96749490017724,"State"
698,20240807,"NY027026255A",0.983647125706451,"State"
699,20240807,"NY031021733A",0.973815336253888,"State"
700,20240807,"NY031036706A",0.96204394207939,"State"
701,20240807,"NY037030546A",0.943283282613785,"State"
702,20240807,"NY045025151A",0.744206266929739,"State"
703,20240807,"NY051024449A",0.954151757348761,"State"
704,20240807,"NY055026794A",0.958566030164198,"State"
705,20240807,"NY055028231A",0.940808614520282,"State"
706,20240807,"NY069023531A",0.945858275089456,"State"
707,20240807,"NY071023680A",0.981272781995118,"State"
708,20240807,"NY071026310A",0.922148279436846,"State"
709,20240807,"NY071030490A",0.909440524362104,"State"
710,20240807,"NY075020257A",0.966458214894827,"State"
711,20240807,"NY075026301A",0.969066648831221,"State"
712,20240807,"NY075029106A",0.966291007591212,"State"
713,20240807,"NY075029114A",0.958465705782029,"State"
714,20240807,"NY079031356A",0.967896197705916,"State"
715,20240807,"NY087026051A",0.968698792763268,"State"
716,20240807,"NY087028533A",0.969200414674113,"State"
717,20240807,"NY087270598A",0.962679329833127,"State"
718,20240807,"NY089020117A",0.705246965187439,"State"
719,20240807,"NY089031194A",0.961107581179146,"State"
720,20240807,"NY103080683A",0.79396716048557,"State"
721,20240807,"NY107029262A",0.930575527539043,"State"
722,20240807,"NY111029351A",0.960873490954085,"State"
723,20240807,"NY111031208A",0.965421529612413,"State"
724,20240807,"NY119026689A",0.965655619837474,"State"
725,20240807,"NY119026701A",0.847774470788884,"State"
726,20240807,"NY119026719A",0.959769922750226,"State"
727,20240807,"NY119026786A",0.974015985018226,"State"
728,20240807,"NY119100803A",0.952947864762733,"State"
729,20240807,"NY119108324A",0.978931879744507,"State"
730,20240808,"NY007024414B",0.968765675684714,"State"
731,20240808,"NY007024414C",0.966224124669766,"State"
732,20240808,"NY007027669A",0.965287763769521,"State"
733,20240808,"NY009027162A",0.904089890646423,"State"
734,20240808,"NY011021903A",0.975420526368592,"State"
735,20240808,"NY019021831A",0.957395579038892,"State"
736,20240808,"NY023027561A",0.949637160151155,"State"
737,20240808,"NY027025976A",0.979868240644751,"State"
738,20240808,"NY029022543A",0.880781192522489,"State"
739,20240808,"NY029028436A",0.94545697756078,"State"
740,20240808,"NY029032093A",0.972243587599906,"State"
741,20240808,"NY033030376A",0.920275557636358,"State"
742,20240808,"NY035026042A",0.938434270808949,"State"
743,20240808,"NY037020907A",0.665551951309233,"State"
744,20240808,"NY051032328A",0.96716048557001,"State"
745,20240808,"NY053026956A",0.968264053773869,"State"
746,20240808,"NY055021610A",0.979199411430291,"State"
747,20240808,"NY059026841A",0.883389626458884,"State"
748,20240808,"NY063027057A",0.965588736916029,"State"
749,20240808,"NY063027774A",0.953349162291409,"State"
750,20240808,"NY063030651A",0.743136140186603,"State"
751,20240808,"NY071031518A",0.964184195565662,"State"
752,20240808,"NY073023256A",0.642109487342407,"State"
753,20240808,"NY073028401A",0.968096846470254,"State"
754,20240808,"NY087026051A",0.964752700397953,"State"
755,20240808,"NY087028533A",0.969768919506404,"State"
756,20240808,"NY087028851A",0.971909172992676,"State"
757,20240808,"NY087031895A",0.968130287930977,"State"
758,20240808,"NY089020818A",0.974316958164733,"State"
759,20240808,"NY089236586A",0.977861753001371,"State"
760,20240808,"NY097271942A",0.911480453466207,"State"
761,20240808,"NY099033308A",0.973748453332442,"State"
762,20240808,"NY117027171A",0.747817944687824,"State"
763,20240809,"NY089029831A",0.963548807811925,"State"
765,20240811,"NY029028436A",0.971675082767615,"State"
771,20240811,"NY055028339A",0.956526101060094,"State"
774,20240811,"NY067027081A",0.977427014011972,"State"
775,20240811,"NY067027596A",0.969601712202789,"State"
776,20240811,"NY067027618A",0.959903688593118,"State"
777,20240811,"NY067027723A",0.969601712202789,"State"
778,20240811,"NY067030317A",0.977560779854864,"State"
779,20240811,"NY067030571A",0.973715011871719,"State"
786,20240811,"NY119026689A",0.953683576898639,"State"
787,20240811,"NY119026697A",0.962645888372404,"State"
788,20240811,"NY119026719A",0.934086880914958,"State"
789,20240811,"NY119026786A",0.979567267498244,"State"
790,20240811,"NY119100803A",0.958298498478414,"State"
791,20240811,"NY119108324A",0.980871484466441,"State"
792,20240812,"NY019026018A",0.932314483496639,"State"
793,20240812,"NY023027561A",0.96003745443601,"State"
794,20240812,"NY027026255A",0.78172758586095,"State"
795,20240812,"NY031021733A",0.970872487710263,"State"
796,20240812,"NY035026042A",0.646557201618567,"State"
797,20240812,"NY055028231A",0.957495903421061,"State"
798,20240812,"NY059026450A",0.936528107547738,"State"
799,20240812,"NY059026859A",0.880413336454536,"State"
800,20240812,"NY065030864A",0.889342206467579,"State"
801,20240812,"NY087031895A",0.940808614520282,"State"
802,20240812,"NY089020117A",0.952947864762733,"State"
803,20240812,"NY089031194A",0.966056917366151,"State"
804,20240812,"NY103104809A",0.952847540380564,"State"
805,20240813,"NY001025739A",0.966023475905428,"State"
807,20240813,"NY007024414B",0.962746212754573,"State"
808,20240813,"NY007024414C",0.960338427582517,"State"
809,20240813,"NY021022039A",0.710530715981674,"State"
810,20240813,"NY027149209A",0.976022472661606,"State"
811,20240813,"NY029022543A",0.965220880848075,"State"
812,20240813,"NY029025950B",0.907467478179447,"State"
813,20240813,"NY029026395B",0.968029963548808,"State"
814,20240813,"NY029026395C",0.961943617697221,"State"
815,20240813,"NY029028410A",0.938300504966057,"State"
816,20240813,"NY031021733A",0.745677691201552,"State"
817,20240813,"NY037026514A",0.966959836805672,"State"
823,20240813,"NY051024384A",0.985218874360432,"State"
824,20240813,"NY051030635A",0.9752867605257,"State"
825,20240813,"NY055021610A",0.990569508076113,"State"
826,20240813,"NY059020567A",0.788482760926997,"State"
827,20240813,"NY059026999A",0.88680065545263,"State"
830,20240813,"NY063026336A",0.967728990402301,"State"
831,20240813,"NY065021377A",0.791258402167007,"State"
832,20240813,"NY069025968A",0.958900444771428,"State"
833,20240813,"NY071023680A",0.966625422198442,"State"
834,20240813,"NY071026310A",0.979199411430291,"State"
835,20240813,"NY071026328A",0.949503394308263,"State"
836,20240813,"NY071027901A",0.971574758385446,"State"
837,20240813,"NY071031518A",0.976758184797512,"State"
838,20240813,"NY073021873A",0.941979065645587,"State"
845,20240813,"NY087022748A",0.966424773434104,"State"
846,20240813,"NY087026051A",0.982142259973916,"State"
847,20240813,"NY093020516A",0.940240109687991,"State"
848,20240813,"NY099022365A",0.964819583319399,"State"
849,20240813,"NY103021750A",0.919740494264789,"State"
850,20240813,"NY103024881A",0.946861518911146,"State"
851,20240813,"NY103065358A",0.813229441862021,"State"
852,20240813,"NY103079324A",0.896799652208809,"State"
853,20240813,"NY103104809A",0.878975353643447,"State"
854,20240813,"NY103206644A",0.92676320101662,"State"
855,20240813,"NY105030716A",0.936594990469184,"State"
856,20240813,"NY105030724A",0.986656857171521,"State"
857,20240813,"NY109020958A",0.973748453332442,"State"
858,20240813,"NY109026638A",0.924689830451794,"State"
859,20240813,"NY111029351A",0.950005016219108,"State"
860,20240813,"NY117029475A",0.962813095676019,"State"
861,20240813,"NY121021504A",0.971407551081831,"State"
862,20240814,"NY019026018A",0.956626425442263,"State"
863,20240814,"NY025027154A",0.9434504899174,"State"
864,20240814,"NY025029271A",0.95903421061432,"State"
865,20240814,"NY027026255A",0.965956592983982,"State"
866,20240814,"NY027026271A",0.970103334113634,"State"
867,20240814,"NY037030546A",0.771628264722603,"State"
868,20240814,"NY051024449A",0.951208908805137,"State"
869,20240814,"NY055026794A",0.929338193492292,"State"
870,20240814,"NY055028231A",0.965321205230244,"State"
871,20240814,"NY059026450A",0.94512256295355,"State"
872,20240814,"NY071022144A",0.869177005651607,"State"
873,20240814,"NY071026522A",0.957495903421061,"State"
874,20240814,"NY071030490A",0.968565026920376,"State"
875,20240814,"NY087270598A",0.953349162291409,"State"
876,20240814,"NY103020061A",0.784770758786744,"State"
877,20240814,"NY103080683A",0.913721031334649,"State"
878,20240814,"NY105022454A",0.980269538173427,"State"
879,20240814,"NY109026638A",0.878574056114771,"State"
880,20240814,"NY119100803A",0.969300739056282,"State"
881,20240814,"NY123029726A",0.957863759489014,"State"
882,20240815,"NY007024414B",0.968565026920376,"State"
883,20240815,"NY007024414C",0.977527338394141,"State"
884,20240815,"NY007027669A",0.943249841153062,"State"
885,20240815,"NY009027162A",0.880814633983212,"State"
886,20240815,"NY011021903A",0.867270842390396,"State"
887,20240815,"NY017021423A",0.680834698859646,"State"
888,20240815,"NY023027561A",0.816439822091429,"State"
889,20240815,"NY025026531A",0.956726749824432,"State"
890,20240815,"NY025026565A",0.965923151523259,"State"
891,20240815,"NY035026042A",0.911313246162592,"State"
892,20240815,"NY051032328A",0.971942614453399,"State"
893,20240815,"NY055021610A",0.972544560746413,"State"
894,20240815,"NY057020290A",0.695849914724275,"State"
895,20240815,"NY059021822A",0.821288833896265,"State"
896,20240815,"NY059026778A",0.912149282680668,"State"
897,20240815,"NY069023531A",0.959067652075043,"State"
898,20240815,"NY073023256A",0.848142326856837,"State"
899,20240815,"NY077031151A",0.611343343477243,"State"
900,20240815,"NY099033308A",0.978898438283784,"State"
901,20240815,"NY101023906A",0.946426779921747,"State"
902,20240815,"NY117027171A",0.928669364277832,"State"
903,20240816,"NY087026051A",0.978597465137277,"State"
910,20240818,"NY055028339A",0.952345918469719,"State"
913,20240818,"NY067027081A",0.911547336387653,"State"
914,20240818,"NY067027596A",0.88880714309601,"State"
915,20240818,"NY067027618A",0.956827074206601,"State"
916,20240818,"NY067027723A",0.960539076346855,"State"
917,20240818,"NY067030571A",0.926529110791559,"State"
924,20240818,"NY119026689A",0.968130287930977,"State"
925,20240818,"NY119026697A",0.956827074206601,"State"
926,20240818,"NY119026701A",0.957997525331907,"State"
927,20240818,"NY119026719A",0.963013744440357,"State"
928,20240818,"NY119026786A",0.972578002207136,"State"
929,20240818,"NY119108324A",0.989800354479484,"State"
930,20240819,"NY013027961A",0.947831321272113,"State"
931,20240819,"NY027026255A",0.976691301876066,"State"
932,20240819,"NY055028231A",0.973982543557503,"State"
933,20240819,"NY059026859A",0.946159248235963,"State"
934,20240819,"NY103020061A",0.904424305253653,"State"
936,20240820,"NY007024414B",0.961341671404207,"State"
937,20240820,"NY007024414C",0.967963080627362,"State"
938,20240820,"NY007027669A",0.949637160151155,"State"
939,20240820,"NY009027162A",0.932782663946761,"State"
940,20240820,"NY011021903A",0.893957128047353,"State"
941,20240820,"NY013021334A",0.908035983011738,"State"
942,20240820,"NY021022039A",0.970237099956526,"State"
943,20240820,"NY027149209A",0.969969568270742,"State"
944,20240820,"NY031022187A",0.950841052737184,"State"
945,20240820,"NY037026514A",0.922181720897569,"State"
951,20240820,"NY051024384A",0.84984784135371,"State"
952,20240820,"NY051030635A",0.955322208474066,"State"
953,20240820,"NY053021539A",0.951309233187306,"State"
954,20240820,"NY053028525A",0.896097381533625,"State"
955,20240820,"NY053029807A",0.922248603819015,"State"
956,20240820,"NY055021610A",0.919205430893221,"State"
957,20240820,"NY055026794A",0.965789385680367,"State"
958,20240820,"NY055028339A",0.915426545831522,"State"
959,20240820,"NY059026778A",0.895294786476273,"State"
962,20240820,"NY063022331A",0.97428351670401,"State"
963,20240820,"NY063027979A",0.963983546801324,"State"
964,20240820,"NY069025968A",0.777246430124068,"State"
965,20240820,"NY071023680A",0.968029963548808,"State"
966,20240820,"NY071026310A",0.941510885195465,"State"
967,20240820,"NY071027901A",0.976089355583052,"State"
968,20240820,"NY073021873A",0.947630672507775,"State"
969,20240820,"NY073024678A",0.950005016219108,"State"
976,20240820,"NY087022748A",0.951108584422968,"State"
977,20240820,"NY087026051A",0.972310470521352,"State"
978,20240820,"NY093020516A",0.921579774604555,"State"
979,20240820,"NY099022365A",0.955422532856235,"State"
980,20240820,"NY101021431A",0.944052436210414,"State"
981,20240820,"NY101023906A",0.901916195699428,"State"
982,20240820,"NY103021750A",0.696451861017289,"State"
983,20240820,"NY103024881A",0.856502692037588,"State"
984,20240820,"NY103079324A",0.845032271009598,"State"
985,20240820,"NY105030724A",0.972477677824967,"State"
986,20240820,"NY111029351A",0.958432264321306,"State"
987,20240820,"NY117029475A",0.959201417917935,"State"
988,20240820,"NY121021504A",0.938869009798348,"State"
989,20240821,"NY007027669A",0.963782898036986,"State"
990,20240821,"NY013027961A",0.959000769153597,"State"
991,20240821,"NY015035742A",0.95090793565863,"State"
992,20240821,"NY015036986A",0.9183025114537,"State"
993,20240821,"NY025027154A",0.957863759489014,"State"
994,20240821,"NY025029271A",0.985921145035615,"State"
995,20240821,"NY027026271A",0.974350399625456,"State"
996,20240821,"NY031022969A",0.872688359027522,"State"
997,20240821,"NY031036706A",0.967662107480855,"State"
998,20240821,"NY045025984B",0.897669130187607,"State"
999,20240821,"NY051024449A",0.929237869110123,"State"
1000,20240821,"NY055028231A",0.962746212754573,"State"
1001,20240821,"NY059023523A",0.835534896164264,"State"
1002,20240821,"NY059026450A",0.753068254021336,"State"
1003,20240821,"NY059026859A",0.867973113065579,"State"
1004,20240821,"NY063027774A",0.97394910209678,"State"
1005,20240821,"NY071022144A",0.893522389057954,"State"
1006,20240821,"NY071026310A",0.971374109621108,"State"
1007,20240821,"NY071026328A",0.965822827141089,"State"
1008,20240821,"NY071026522A",0.969033207370498,"State"
1009,20240821,"NY071030490A",0.962445239608066,"State"
1010,20240821,"NY071031518A",0.954385847573822,"State"
1011,20240821,"NY075029106A",0.826405377386884,"State"
1012,20240821,"NY079031356A",0.958097849714076,"State"
1013,20240821,"NY087026051A",0.968799117145437,"State"
1014,20240821,"NY087028533A",0.967428017255794,"State"
1015,20240821,"NY087270598A",0.896164264455071,"State"
1016,20240821,"NY089031194A",0.660335083436445,"State"
1017,20240821,"NY103076988A",0.898204193559175,"State"
1018,20240821,"NY105022454A",0.957061164431662,"State"
1019,20240821,"NY107029262A",0.972210146139183,"State"
1020,20240821,"NY111030082A",0.976423770190282,"State"
1021,20240821,"NY119026689A",0.971474434003277,"State"
1022,20240821,"NY119026697A",0.97083904624954,"State"
1023,20240821,"NY119026701A",0.968364378156038,"State"
1024,20240821,"NY119026719A",0.772330535397786,"State"
1025,20240821,"NY119100803A",0.902150285924489,"State"
1026,20240821,"NY119108324A",0.974450724007625,"State"
1027,20240821,"NY123029726A",0.970638397485202,"State"
1028,20240822,"NY007024414B",0.962779654215296,"State"
1029,20240822,"NY007024414C",0.925726515734207,"State"
1030,20240822,"NY009027162A",0.925726515734207,"State"
1031,20240822,"NY017021423A",0.976825067718958,"State"
1032,20240822,"NY027025976A",0.85897736013109,"State"
1033,20240822,"NY029022136A",0.947864762732836,"State"
1034,20240822,"NY029026395B",0.968096846470254,"State"
1035,20240822,"NY051032328A",0.970638397485202,"State"
1036,20240822,"NY053026956A",0.840584556733438,"State"
1037,20240822,"NY055021610A",0.971909172992676,"State"
1038,20240822,"NY059026778A",0.882720797244424,"State"
1039,20240822,"NY059026841A",0.914088887402602,"State"
1040,20240822,"NY059026999A",0.726047553757148,"State"
1041,20240822,"NY069023531A",0.918837574825268,"State"
1042,20240822,"NY071023680A",0.973815336253888,"State"
1043,20240822,"NY071027901A",0.961274788482761,"State"
1044,20240822,"NY071031518A",0.963950105340601,"State"
1045,20240822,"NY087026051A",0.605959268300839,"State"
1046,20240822,"NY087028533A",0.976122797043775,"State"
1047,20240822,"NY087028851A",0.966759188041334,"State"
1048,20240822,"NY087031895A",0.937564792830151,"State"
1049,20240822,"NY089020818A",0.858475738220245,"State"
1050,20240822,"NY097271942A",0.937765441594489,"State"
1051,20240822,"NY099033308A",0.954820586563221,"State"
1052,20240822,"NY101021431A",0.953817342741531,"State"
1053,20240822,"NY103079324A",0.945557301942949,"State"
1054,20240822,"NY105024520A",0.953984550045146,"State"
1055,20240823,"NY087026051A",0.961910176236498,"State"
1056,20240824,"NY045025984A",0.929438517874461,"State"
1058,20240825,"NY029028436A",0.975754940975822,"State"
1064,20240825,"NY055028339A",0.973414038725211,"State"
1067,20240825,"NY067027596A",0.945657626325118,"State"
1068,20240825,"NY067027618A",0.841922215162358,"State"
1069,20240825,"NY067027723A",0.976724743336789,"State"
1070,20240825,"NY067030317A",0.965588736916029,"State"
1077,20240825,"NY119026689A",0.954887469484667,"State"
1078,20240825,"NY119026697A",0.948031970036451,"State"
1079,20240825,"NY119026701A",0.956659866902986,"State"
1080,20240825,"NY119026719A",0.924221650001672,"State"
1081,20240825,"NY119026786A",0.895662642544226,"State"
1082,20240825,"NY119100803A",0.979366618733906,"State"
1083,20240825,"NY119108324A",0.958398822860583,"State"
1084,20240826,"NY001026875A",0.873959134534997,"State"
1085,20240826,"NY019026018A",0.966792629502057,"State"
1086,20240826,"NY027026255A",0.96572250275892,"State"
1087,20240826,"NY031021733A",0.942982309467278,"State"
1088,20240826,"NY055028231A",0.955890713306357,"State"
1089,20240826,"NY059026859A",0.968698792763268,"State"
1090,20240826,"NY063022331A",0.970136775574357,"State"
1091,20240826,"NY063027057A",0.907768451325954,"State"
1092,20240826,"NY063027979A",0.920008025950574,"State"
1093,20240826,"NY089031194A",0.956960840049493,"State"
1095,20240827,"NY007024414B",0.976223121425944,"State"
1096,20240827,"NY007024414C",0.95970303982878,"State"
1097,20240827,"NY009027162A",0.875530883188978,"State"
1098,20240827,"NY029025950B",0.943182958231616,"State"
1099,20240827,"NY029026395B",0.959435508142996,"State"
1100,20240827,"NY029026395C",0.953048189144902,"State"
1101,20240827,"NY029028410A",0.94946995284754,"State"
1102,20240827,"NY037026514A",0.952513125773334,"State"
1103,20240827,"NY045025984A",0.953382603752132,"State"
1104,20240827,"NY045025984B",0.971641641306892,"State"
1110,20240827,"NY051024384A",0.96983580242785,"State"
1111,20240827,"NY051030635A",0.952412801391165,"State"
1112,20240827,"NY053021539A",0.738186803999599,"State"
1113,20240827,"NY053028525A",0.946426779921747,"State"
1114,20240827,"NY053029807A",0.951142025883691,"State"
1115,20240827,"NY055021610A",0.935391097883156,"State"
1116,20240827,"NY055028339A",0.961876734775775,"State"
1117,20240827,"NY059026620A",0.904457746714377,"State"
1120,20240827,"NY069025968A",0.95692739858877,"State"
1121,20240827,"NY071026310A",0.966859512423503,"State"
1122,20240827,"NY071027901A",0.965421529612413,"State"
1123,20240827,"NY073021873A",0.95826505701769,"State"
1124,20240827,"NY073024678A",0.966224124669766,"State"
1125,20240827,"NY075029106A",0.880714309601043,"State"
1126,20240827,"NY075029114A",0.664649031869712,"State"
1131,20240827,"NY083087971A",0.669865899742501,"State"
1134,20240827,"NY089020818A",0.937765441594489,"State"
1135,20240827,"NY089236586A",0.911781426612714,"State"
1136,20240827,"NY099022365A",0.960940373875531,"State"
1137,20240827,"NY101021431A",0.964585493094338,"State"
1138,20240827,"NY101023906A",0.579005450958098,"State"
1139,20240827,"NY103021750A",0.923820352472996,"State"
1140,20240827,"NY103079324A",0.969802360967127,"State"
1141,20240827,"NY103104809A",0.957964083871183,"State"
1142,20240827,"NY105030724A",0.950606962512123,"State"
1143,20240827,"NY109026638A",0.961910176236498,"State"
1144,20240827,"NY111029351A",0.973748453332442,"State"
1145,20240827,"NY117029475A",0.958566030164198,"State"
1146,20240827,"NY121021504A",0.980369862555596,"State"
1147,20240828,"NY007027669A",0.986322442564291,"State"
1148,20240828,"NY013027961A",0.957997525331907,"State"
1149,20240828,"NY015035742A",0.961642644550714,"State"
1150,20240828,"NY019022195A",0.919539845500451,"State"
1151,20240828,"NY019025097A",0.959301742300104,"State"
1152,20240828,"NY025029271A",0.957161488813831,"State"
1153,20240828,"NY027026271A",0.969902685349296,"State"
1154,20240828,"NY031021733A",0.924221650001672,"State"
1155,20240828,"NY031022187A",0.965555295455305,"State"
1156,20240828,"NY037030546A",0.960940373875531,"State"
1157,20240828,"NY041026484A",0.92575995719493,"State"
1158,20240828,"NY051024449A",0.958666354546367,"State"
1159,20240828,"NY055028231A",0.964485168712169,"State"
1160,20240828,"NY059026999A",0.908738253686921,"State"
1161,20240828,"NY071026310A",0.914924923920677,"State"
1162,20240828,"NY071026522A",0.96405042972277,"State"
1163,20240828,"NY071030490A",0.975587733672207,"State"
1164,20240828,"NY075026301A",0.922382369661907,"State"
1165,20240828,"NY075029106A",0.934287529679296,"State"
1166,20240828,"NY075029114A",0.900210681202555,"State"
1167,20240828,"NY079031356A",0.966391331973381,"State"
1168,20240828,"NY083026034A",0.912015516837775,"State"
1169,20240828,"NY083087971A",0.84717252449587,"State"
1170,20240828,"NY087022748A",0.928134300906264,"State"
1171,20240828,"NY087026051A",0.938233622044611,"State"
1172,20240828,"NY087028533A",0.964251078487108,"State"
1173,20240828,"NY087270598A",0.952412801391165,"State"
1174,20240828,"NY089031194A",0.93799953181955,"State"
1175,20240828,"NY091028240A",0.938634919573287,"State"
1176,20240828,"NY095024201A",0.935959602715447,"State"
1177,20240828,"NY103076988A",0.946426779921747,"State"
1178,20240828,"NY105022454A",0.963849780958432,"State"
1179,20240828,"NY107029262A",0.968063405009531,"State"
1180,20240828,"NY111030082A",0.951610206333813,"State"
1181,20240828,"NY111031208A",0.973480921646658,"State"
1182,20240828,"NY119026701A",0.646824733304351,"State"
1183,20240828,"NY123029726A",0.88680065545263,"State"
1184,20240829,"NY001025739A",0.939270307327024,"State"
1185,20240829,"NY007024414C",0.959569273985888,"State"
1186,20240829,"NY009027162A",0.952145269705381,"State"
1187,20240829,"NY019021831A",0.738922516135505,"State"
1188,20240829,"NY025026565A",0.915560311674414,"State"
1189,20240829,"NY027025976A",0.980236096712704,"State"
1190,20240829,"NY037020907A",0.680935023241815,"State"
1191,20240829,"NY051032328A",0.971006253553155,"State"
1192,20240829,"NY053026956A",0.796140855432565,"State"
1193,20240829,"NY055021610A",0.693575895395111,"State"
1194,20240829,"NY059020567A",0.864695849914724,"State"
1195,20240829,"NY059026778A",0.963415041969033,"State"
1196,20240829,"NY063027979A",0.950038457679831,"State"
1197,20240829,"NY065025780C",0.960505634886132,"State"
1198,20240829,"NY069023531A",0.855231916530114,"State"
1199,20240829,"NY071024422A",0.898304517941344,"State"
1200,20240829,"NY071027901A",0.849613751128649,"State"
1201,20240829,"NY071031518A",0.683242484031703,"State"
1202,20240829,"NY073023256A",0.966391331973381,"State"
1203,20240829,"NY073028401A",0.983914657392235,"State"
1204,20240829,"NY077031151A",0.967728990402301,"State"
1205,20240829,"NY087026051A",0.807745042303448,"State"
1206,20240829,"NY087028851A",0.88746948466709,"State"
1207,20240829,"NY089020818A",0.915459987292245,"State"
1208,20240829,"NY099033308A",0.955155001170451,"State"
1209,20240829,"NY101023906A",0.957061164431662,"State"
1210,20240829,"NY115024929A",0.880547102297428,"State"
1211,20240829,"NY117027171A",0.896364913219409,"State"
1212,20240901,"NY055028339A",0.920074908872019,"State"
1213,20240902,"NY063022331A",0.927331705848911,"State"
1214,20240902,"NY063027057A",0.945189445874996,"State"
1215,20240902,"NY119026697A",0.960472193425409,"State"
1216,20240902,"NY119026719A",0.866969869243889,"State"
1217,20240902,"NY119026786A",0.7624653044845,"State"
1219,20240903,"NY007024414C",0.852523158211551,"State"
1220,20240903,"NY007027669A",0.963950105340601,"State"
1221,20240903,"NY013027570A",0.960405310503963,"State"
1222,20240903,"NY029022136A",0.965889710062536,"State"
1223,20240903,"NY029022543A",0.966792629502057,"State"
1224,20240903,"NY029025950B",0.963214393204695,"State"
1225,20240903,"NY029026395B",0.95793064241046,"State"
1226,20240903,"NY029026395C",0.925726515734207,"State"
1227,20240903,"NY029028410A",0.943684580142461,"State"
1228,20240903,"NY029028436A",0.928100859445541,"State"
1229,20240903,"NY029095401A",0.97428351670401,"State"
1235,20240903,"NY055021610A",0.960137778818179,"State"
1236,20240903,"NY055028339A",0.923118081797813,"State"
1237,20240903,"NY059026778A",0.714142393739759,"State"
1238,20240903,"NY059026841A",0.883991572751898,"State"
1239,20240903,"NY059026859A",0.742032571982744,"State"
1240,20240903,"NY059026999A",0.90037788850617,"State"
1243,20240903,"NY063026336A",0.960840049493362,"State"
1244,20240903,"NY063027979A",0.93020767147109,"State"
1251,20240903,"NY103021750A",0.817309300070227,"State"
1252,20240903,"NY117029475A",0.953014747684179,"State"
1253,20240904,"NY007027669A",0.850483229107447,"State"
1254,20240904,"NY013027961A",0.843761495502124,"State"
1255,20240904,"NY015035742A",0.871150051834264,"State"
1256,20240904,"NY025027154A",0.695950239106444,"State"
1257,20240904,"NY037030546A",0.928167742366987,"State"
1258,20240904,"NY051024449A",0.943851787446076,"State"
1259,20240904,"NY055026794A",0.814567100290941,"State"
1260,20240904,"NY059023523A",0.836638464368124,"State"
1261,20240904,"NY063027774A",0.965254322308798,"State"
1262,20240904,"NY071023680A",0.699428151021637,"State"
1263,20240904,"NY071026310A",0.968799117145437,"State"
1264,20240904,"NY071026522A",0.949068655318864,"State"
1265,20240904,"NY071030490A",0.953717018359362,"State"
1266,20240904,"NY073021873A",0.924489181687456,"State"
1267,20240904,"NY073024678A",0.659298398154031,"State"
1268,20240904,"NY079031356A",0.885897736013109,"State"
1269,20240904,"NY087022748A",0.939571280473531,"State"
1270,20240904,"NY087026051A",0.940072902384376,"State"
1271,20240904,"NY087028533A",0.943952111828245,"State"
1272,20240904,"NY087270598A",0.681269437849045,"State"
1273,20240904,"NY103076988A",0.572283717352774,"State"
1274,20240904,"NY107029262A",0.945089121492827,"State"
1275,20240904,"NY109020958A",0.966190683209043,"State"
1276,20240904,"NY109026638A",0.969367621977728,"State"
1277,20240904,"NY111029351A",0.908236631776076,"State"
1278,20240904,"NY111031208A",0.916697321338996,"State"
1279,20240904,"NY119100803A",0.951877738019597,"State"
1280,20240904,"NY119108324A",0.960338427582517,"State"
1281,20240904,"NY123029726A",0.966357890512658,"State"
1282,20240905,"NY007024414B",0.968264053773869,"State"
1283,20240905,"NY017021423A",0.968765675684714,"State"
1284,20240905,"NY027025976A",0.768384443032472,"State"
1285,20240905,"NY029032093A",0.960773166571916,"State"
1286,20240905,"NY037020907A",0.952379359930442,"State"
1287,20240905,"NY059026778A",0.881717553422734,"State"
1288,20240905,"NY059026841A",0.941778416881249,"State"
1289,20240905,"NY063027979A",0.964652376015784,"State"
1290,20240905,"NY071023680A",0.964418285790723,"State"
1291,20240905,"NY071026328A",0.890111360064208,"State"
1292,20240905,"NY071031518A",0.978731230980169,"State"
1293,20240905,"NY073023256A",0.836304049760894,"State"
1294,20240905,"NY087026051A",0.922783667190583,"State"
1295,20240905,"NY087031895A",0.805170049827777,"State"
1296,20240905,"NY097271942A",0.890044477142762,"State"
1297,20240905,"NY099033308A",0.953349162291409,"State"
1298,20240905,"NY101023906A",0.727719626793298,"State"
1299,20240905,"NY103079324A",0.95558974015985,"State"
1300,20240905,"NY117027171A",0.911814868073437,"State"
1301,20240906,"NY023027561A",0.845767983145504,"State"
1302,20240906,"NY087026051A",0.965153997926629,"State"
1304,20240908,"NY029028436A",0.830284586830753,"State"
1310,20240908,"NY055028339A",0.942714777781493,"State"
1313,20240908,"NY065030864A",0.961809851854329,"State"
1314,20240908,"NY067027596A",0.97929973581246,"State"
1315,20240908,"NY067027723A",0.962545563990235,"State"
1316,20240908,"NY067030317A",0.878975353643447,"State"
1317,20240908,"NY067030571A",0.976925392101127,"State"
1324,20240908,"NY119026701A",0.873725044309935,"State"
1325,20240908,"NY119100803A",0.673477577500585,"State"
1326,20240909,"NY013027961A",0.944587499581982,"State"
1327,20240909,"NY019026018A",0.964451727251446,"State"
1328,20240909,"NY039033545A",0.973380597264489,"State"
1329,20240909,"NY043036528A",0.952379359930442,"State"
1330,20240909,"NY063022331A",0.960505634886132,"State"
1331,20240909,"NY063026336A",0.952379359930442,"State"
1332,20240909,"NY063027057A",0.959067652075043,"State"
1333,20240909,"NY063027979A",0.966859512423503,"State"
1334,20240909,"NY089020117A",0.957128047353108,"State"
1335,20240909,"NY089031194A",0.957161488813831,"State"
1336,20240909,"NY091028240A",0.924857037755409,"State"
1337,20240909,"NY103104809A",0.949904691836939,"State"
1339,20240910,"NY009027162A",0.963481924890479,"State"
1340,20240910,"NY011021903A",0.686653513025449,"State"
1341,20240910,"NY021022039A",0.622847205965957,"State"
1342,20240910,"NY027149209A",0.868307527672809,"State"
1343,20240910,"NY029022136A",0.879309768250677,"State"
1344,20240910,"NY029025950B",0.975420526368592,"State"
1345,20240910,"NY029026395B",0.962913420058188,"State"
1346,20240910,"NY029026395C",0.963782898036986,"State"
1347,20240910,"NY029028410A",0.892753235461325,"State"
1348,20240910,"NY029028436A",0.962244590843728,"State"
1349,20240910,"NY029095401A",0.942514129017155,"State"
1350,20240910,"NY031022187A",0.780824666421429,"State"
1351,20240910,"NY037026514A",0.910711299869578,"State"
1357,20240910,"NY053021539A",0.760893555830519,"State"
1358,20240910,"NY053028525A",0.96916697321339,"State"
1359,20240910,"NY057020290A",0.71571414239374,"State"
1360,20240910,"NY059026999A",0.967060161187841,"State"
1363,20240910,"NY073021873A",0.920375882018527,"State"
1364,20240910,"NY073024678A",0.93087650068555,"State"
1365,20240910,"NY075029114A",0.942246597331371,"State"
1372,20240910,"NY087026051A",0.809283349496706,"State"
1373,20240910,"NY089029831A",0.857405611477109,"State"
1374,20240910,"NY101021431A",0.959636156907334,"State"
1375,20240910,"NY101025712A",0.942748219242217,"State"
1376,20240910,"NY103021750A",0.942547570477879,"State"
1377,20240910,"NY103104809A",0.969936126810019,"State"
1378,20240910,"NY117029475A",0.966591980737719,"State"
1379,20240910,"NY121021504A",0.776176303380932,"State"
1380,20240911,"NY007027669A",0.63167575159683,"State"
1381,20240911,"NY013106895A",0.946326455539578,"State"
1382,20240911,"NY015036986A",0.882553589940809,"State"
1383,20240911,"NY019021831A",0.955155001170451,"State"
1384,20240911,"NY019026018A",0.890077918603485,"State"
1385,20240911,"NY031021733A",0.896699327826639,"State"
1386,20240911,"NY037030546A",0.966291007591212,"State"
1387,20240911,"NY045025984A",0.705748587098284,"State"
1388,20240911,"NY049020125A",0.694244724609571,"State"
1389,20240911,"NY051024449A",0.660000668829214,"State"
1390,20240911,"NY055026794A",0.95291442330201,"State"
1391,20240911,"NY055028231A",0.671504531317928,"State"
1392,20240911,"NY057024333A",0.961676086011437,"State"
1393,20240911,"NY063027774A",0.95592415476708,"State"
1394,20240911,"NY075029114A",0.950005016219108,"State"
1395,20240911,"NY089020117A",0.847975119553222,"State"
1396,20240911,"NY089031194A",0.627060830017055,"State"
1397,20240911,"NY103080683A",0.942213155870648,"State"
1398,20240911,"NY107029262A",0.967595224559409,"State"
1399,20240911,"NY123029726A",0.954218640270207,"State"
1400,20240912,"NY001025739A",0.956225127913587,"State"
1401,20240912,"NY007024414C",0.956726749824432,"State"
1402,20240912,"NY009027162A",0.968197170852423,"State"
1403,20240912,"NY017021423A",0.732434872755242,"State"
1404,20240912,"NY025029271A",0.949302745543925,"State"
1405,20240912,"NY029025950B",0.962579005450958,"State"
1406,20240912,"NY029026395B",0.963615690733371,"State"
1407,20240912,"NY029026395C",0.755175066046885,"State"
1408,20240912,"NY029028410A",0.931378122596395,"State"
1409,20240912,"NY029032093A",0.970337424338695,"State"
1410,20240912,"NY029095401A",0.960539076346855,"State"
1411,20240912,"NY033030376A",0.907099622111494,"State"
1412,20240912,"NY051032328A",0.920476206400696,"State"
1413,20240912,"NY063027979A",0.958298498478414,"State"
1414,20240912,"NY089236586A",0.954051432966592,"State"
1415,20240912,"NY103104809A",0.81700832692372,"State"
1416,20240912,"NY117027171A",0.905728522221851,"State"
1423,20240915,"NY055028339A",0.965220880848075,"State"
1432,20240915,"NY119026719A",0.839514429990302,"State"
1433,20240915,"NY119026786A",0.931578771360733,"State"
1434,20240915,"NY119100803A",0.864261110925325,"State"
1435,20240916,"NY001026867A",0.964919907701568,"State"
1436,20240916,"NY013027961A",0.939203424405578,"State"
1437,20240916,"NY019026018A",0.866702337558105,"State"
1438,20240916,"NY027026255A",0.961074139718423,"State"
1439,20240916,"NY031021733A",0.831421596495335,"State"
1440,20240916,"NY039033545A",0.695247968431261,"State"
1441,20240916,"NY043036528A",0.950807611276461,"State"
1442,20240916,"NY089020117A",0.980938367387888,"State"
1443,20240916,"NY089031194A",0.978463699294385,"State"
1445,20240917,"NY011021903A",0.965856268601813,"State"
1446,20240917,"NY013027570A",0.950138782062,"State"
1447,20240917,"NY019023949A",0.957228371735277,"State"
1448,20240917,"NY019025097A",0.955489415777681,"State"
1449,20240917,"NY027149209A",0.961274788482761,"State"
1450,20240917,"NY029022136A",0.959970571514564,"State"
1451,20240917,"NY029025950B",0.981674079523794,"State"
1452,20240917,"NY029026395B",0.968932882988329,"State"
1453,20240917,"NY029026395C",0.957830318028291,"State"
1454,20240917,"NY029028410A",0.960572517807578,"State"
1455,20240917,"NY029095401A",0.942647894860048,"State"
1456,20240917,"NY037026514A",0.917533357857071,"State"
1462,20240917,"NY053021539A",0.966023475905428,"State"
1463,20240917,"NY053028525A",0.950406313747785,"State"
1466,20240917,"NY065021385A",0.971708524228338,"State"
1467,20240917,"NY067025461A",0.968631909841822,"State"
1468,20240917,"NY071026310A",0.923853793933719,"State"
1469,20240917,"NY073021873A",0.971073136474601,"State"
1470,20240917,"NY073024678A",0.851118616861185,"State"
1471,20240917,"NY075029114A",0.966558539276996,"State"
1478,20240917,"NY087022748A",0.835869310771495,"State"
1479,20240917,"NY089029831A",0.933685583386282,"State"
1480,20240917,"NY089236586A",0.970471190181587,"State"
1481,20240917,"NY099022365A",0.856235160351804,"State"
1482,20240917,"NY101021431A",0.94712905059693,"State"
1483,20240917,"NY103079324A",0.967227368491456,"State"
1484,20240917,"NY109020958A",0.917901213925024,"State"
1485,20240917,"NY117029475A",0.94946995284754,"State"
1486,20240917,"NY121021504A",0.883690599605391,"State"
1487,20240918,"NY019026018A",0.948734240711634,"State"
1488,20240918,"NY031021733A",0.75734876099388,"State"
1489,20240918,"NY037020907A",0.950774169815738,"State"
1490,20240918,"NY037030546A",0.910945390094639,"State"
1491,20240918,"NY045025151A",0.816707353777213,"State"
1492,20240918,"NY055028231A",0.965555295455305,"State"
1493,20240918,"NY057024333A",0.953549811055747,"State"
1494,20240918,"NY073028401A",0.936895963615691,"State"
1495,20240918,"NY075020257A",0.962846537136742,"State"
1496,20240918,"NY075029106A",0.961542320168545,"State"
1497,20240918,"NY075029114A",0.974183192321841,"State"
1498,20240918,"NY089020117A",0.972042938835568,"State"
1499,20240918,"NY089031194A",0.973414038725211,"State"
1500,20240918,"NY095024201A",0.959402066682273,"State"
1501,20240918,"NY107029262A",0.952479684312611,"State"
1502,20240919,"NY007024414B",0.949168979701033,"State"
1503,20240919,"NY019021831A",0.651840952412801,"State"
1504,20240919,"NY023027561A",0.76447179212788,"State"
1505,20240919,"NY041026484A",0.97729324816908,"State"
1506,20240919,"NY053026956A",0.930709293381935,"State"
1507,20240919,"NY059026841A",0.980670835702103,"State"
1508,20240919,"NY089020818A",0.850917968096846,"State"
1509,20240919,"NY099033308A",0.965421529612413,"State"
1510,20240920,"NY089029831A",0.857505935859278,"State"
1517,20240922,"NY055028339A",0.953817342741531,"State"
1519,20240922,"NY067027081A",0.613851453031468,"State"
1520,20240922,"NY067027596A",0.891850316021804,"State"
1521,20240922,"NY067027723A",0.714577132729158,"State"
1528,20240923,"NY023027561A",0.959134534996489,"State"
1529,20240923,"NY029028436A",0.954887469484667,"State"
1530,20240923,"NY031021733A",0.974316958164733,"State"
1531,20240923,"NY045025984B",0.565528542286727,"State"
1532,20240923,"NY055028231A",0.825502457947363,"State"
1533,20240923,"NY059026450A",0.935457980804602,"State"
1534,20240923,"NY059026859A",0.922315486740461,"State"
1535,20240923,"NY063022331A",0.945557301942949,"State"
1536,20240923,"NY063026336A",0.959435508142996,"State"
1537,20240923,"NY063027057A",0.966859512423503,"State"
1538,20240923,"NY063027979A",0.971240343778216,"State"
1539,20240923,"NY089020117A",0.807176537471157,"State"
1540,20240923,"NY089031194A",0.964886466240845,"State"
1541,20240923,"NY103104809A",0.862589037889175,"State"
1543,20240924,"NY007024414C",0.903086646824733,"State"
1544,20240924,"NY013106895A",0.911747985151991,"State"
1545,20240924,"NY019025097A",0.813831388155035,"State"
1546,20240924,"NY029022543A",0.973815336253888,"State"
1547,20240924,"NY029025950B",0.958800120389259,"State"
1548,20240924,"NY029026395B",0.942280038792094,"State"
1549,20240924,"NY029026395C",0.941410560813296,"State"
1550,20240924,"NY029028410A",0.888439287028057,"State"
1551,20240924,"NY029028436A",0.934187205297127,"State"
1552,20240924,"NY029095401A",0.943216399692339,"State"
1553,20240924,"NY031022187A",0.981807845366686,"State"
1554,20240924,"NY037020907A",0.946426779921747,"State"
1555,20240924,"NY037026514A",0.962144266461559,"State"
1561,20240924,"NY051024384A",0.944253084974752,"State"
1562,20240924,"NY055028339A",0.971273785238939,"State"
1563,20240924,"NY059026620A",0.845232919773936,"State"
1564,20240924,"NY059026778A",0.955288767013343,"State"
1565,20240924,"NY059026841A",0.956158244992141,"State"
1566,20240924,"NY059026999A",0.944821589807043,"State"
1569,20240924,"NY073021873A",0.945824833628733,"State"
1570,20240924,"NY073023256A",0.882687355783701,"State"
1571,20240924,"NY073024678A",0.957964083871183,"State"
1572,20240924,"NY073028401A",0.834665418185466,"State"
1573,20240924,"NY075029106A",0.713941744975421,"State"
1574,20240924,"NY075029114A",0.972410794903521,"State"
1581,20240924,"NY089020818A",0.952111828244658,"State"
1582,20240924,"NY089029831A",0.957228371735277,"State"
1583,20240924,"NY089236586A",0.869678627562452,"State"
1584,20240924,"NY099022365A",0.966257566130489,"State"
1585,20240924,"NY101021431A",0.965655619837474,"State"
1586,20240924,"NY101025712A",0.705614821255392,"State"
1587,20240924,"NY103024881A",0.956425776677925,"State"
1588,20240924,"NY103065358A",0.956124803531418,"State"
1589,20240924,"NY103079324A",0.907367153797278,"State"
1590,20240925,"NY015035742A",0.927064174163127,"State"
1591,20240925,"NY025027154A",0.904089890646423,"State"
1592,20240925,"NY025029271A",0.94167809249908,"State"
1593,20240925,"NY031021733A",0.956325452295756,"State"
1594,20240925,"NY031036706A",0.974216633782564,"State"
1595,20240925,"NY049020125A",0.97351436310738,"State"
1596,20240925,"NY051024449A",0.960070895896733,"State"
1597,20240925,"NY055026794A",0.96983580242785,"State"
1598,20240925,"NY059026859A",0.783800956425777,"State"
1599,20240925,"NY063027774A",0.962244590843728,"State"
1600,20240925,"NY075026301A",0.938935892719794,"State"
1601,20240925,"NY075029106A",0.958198174096245,"State"
1602,20240925,"NY089020117A",0.961809851854329,"State"
1603,20240925,"NY089031194A",0.954553054877437,"State"
1604,20240925,"NY103076988A",0.955790388924188,"State"
1605,20240925,"NY103080683A",0.919707052804067,"State"
1606,20240925,"NY107029262A",0.909975587733672,"State"
1607,20240925,"NY109020958A",0.961809851854329,"State"
1608,20240926,"NY007024414B",0.950305989365615,"State"
1609,20240926,"NY007024414C",0.952078386783935,"State"
1610,20240926,"NY017021423A",0.973480921646658,"State"
1611,20240926,"NY025026565A",0.872989332174029,"State"
1612,20240926,"NY031022969A",0.939805370698592,"State"
1613,20240926,"NY033030376A",0.8973681570411,"State"
1614,20240926,"NY051032328A",0.735411162759589,"State"
1615,20240926,"NY053026956A",0.868039995987025,"State"
1616,20240926,"NY059020567A",0.929940139785306,"State"
1617,20240926,"NY059021822A",0.952680333076949,"State"
1618,20240926,"NY059026620A",0.928000535063372,"State"
1619,20240926,"NY059026841A",0.850550112028893,"State"
1620,20240926,"NY089236586A",0.915192455606461,"State"
1621,20240926,"NY101021431A",0.83058555997726,"State"
1622,20240926,"NY101023906A",0.721867371166773,"State"
1623,20240926,"NY101025712A",0.967595224559409,"State"
1624,20240926,"NY103079324A",0.962946861518911,"State"
1625,20240927,"NY089029831A",0.950573521051399,"State"
1632,20240929,"NY055028339A",0.93833394642678,"State"
1634,20240929,"NY067027618A",0.977192923786911,"State"
1635,20240929,"NY067030317A",0.755977661104237,"State"
1636,20240929,"NY067030571A",0.925158010901916,"State"
1643,20240929,"NY119026689A",0.965990034444705,"State"
1644,20240929,"NY119100803A",0.919238872353944,"State"
1645,20240929,"NY119108324A",0.883055211851654,"State"
1646,20240930,"NY013027961A",0.922348928201184,"State"
1647,20240930,"NY027026255A",0.892786676922048,"State"
1648,20240930,"NY029028436A",0.959067652075043,"State"
1649,20240930,"NY031021733A",0.969969568270742,"State"
1650,20240930,"NY035026042A",0.85529879945156,"State"
1651,20240930,"NY059026450A",0.956057920609972,"State"
1652,20240930,"NY063022331A",0.840918971340668,"State"
1653,20240930,"NY063026336A",0.940607965755944,"State"
1654,20240930,"NY063027057A",0.958097849714076,"State"
1655,20240930,"NY063027979A",0.897267832658931,"State"
1656,20240930,"NY119026701A",0.928033976524095,"State"
1658,20241001,"NY007024414B",0.956492659599371,"State"
1659,20241001,"NY007024414C",0.795605792060997,"State"
1660,20241001,"NY007027669A",0.888773701635287,"State"
1661,20241001,"NY027149209A",0.824031033675551,"State"
1662,20241001,"NY029022136A",0.937765441594489,"State"
1663,20241001,"NY029025950B",0.971875731531953,"State"
1664,20241001,"NY037026514A",0.807243420392603,"State"
1665,20241001,"NY045025984B",0.907467478179447,"State"
1671,20241001,"NY051024384A",0.647861418586764,"State"
1672,20241001,"NY053021539A",0.94478814834632,"State"
1673,20241001,"NY055021610A",0.750326054242049,"State"
1674,20241001,"NY059026841A",0.777915259338528,"State"
1677,20241001,"NY071026310A",0.849948165735879,"State"
1678,20241001,"NY073021873A",0.968264053773869,"State"
1679,20241001,"NY073024678A",0.8475069391031,"State"
1680,20241001,"NY075029106A",0.952680333076949,"State"
1681,20241001,"NY075029114A",0.957629669263953,"State"
1686,20241001,"NY083087971A",0.753101695482059,"State"
1689,20241001,"NY089020818A",0.955991037688526,"State"
1690,20241001,"NY089029831A",0.693642778316557,"State"
1691,20241001,"NY099022365A",0.928970337424339,"State"
1692,20241001,"NY101021431A",0.944052436210414,"State"
1693,20241001,"NY101025712A",0.852456275290105,"State"
1694,20241001,"NY103024881A",0.917366150553456,"State"
1695,20241001,"NY103104809A",0.937932648898104,"State"
1696,20241001,"NY105030724A",0.946560545764639,"State"
1697,20241001,"NY111029351A",0.681001906163261,"State"
1698,20241001,"NY121021504A",0.949436511386817,"State"
1699,20241002,"NY007027669A",0.900010032438217,"State"
1700,20241002,"NY013027961A",0.906731766043541,"State"
1701,20241002,"NY027026255A",0.79463598970003,"State"
1702,20241002,"NY027026271A",0.732100458148012,"State"
1703,20241002,"NY031021733A",0.774537671805504,"State"
1704,20241002,"NY031022969A",0.897167508276762,"State"
1705,20241002,"NY037020907A",0.948299501722235,"State"
1706,20241002,"NY037030546A",0.842022539544527,"State"
1707,20241002,"NY049020125A",0.970939370631709,"State"
1708,20241002,"NY055026794A",0.960104337357456,"State"
1709,20241002,"NY071026522A",0.944687823964151,"State"
1710,20241002,"NY073023256A",0.963883222419155,"State"
1711,20241002,"NY075029114A",0.810353476239842,"State"
1712,20241002,"NY087026051A",0.777513961809852,"State"
1713,20241002,"NY109020958A",0.961876734775775,"State"
1714,20241003,"NY009027162A",0.912650904591513,"State"
1715,20241003,"NY017021423A",0.941577768116911,"State"
1716,20241003,"NY029022543A",0.944420292278367,"State"
1717,20241003,"NY045025984A",0.933284285857606,"State"
1718,20241003,"NY051032328A",0.658997425007524,"State"
1719,20241003,"NY055021610A",0.950673845433569,"State"
1720,20241003,"NY059026841A",0.923786911012273,"State"
1721,20241003,"NY065025780B",0.943885228906799,"State"
1722,20241003,"NY069023531A",0.851453031468415,"State"
1723,20241003,"NY097271942A",0.655017891181487,"State"
1724,20241003,"NY099033308A",0.942581011938601,"State"
1725,20241003,"NY101023906A",0.894124335350968,"State"
1726,20241003,"NY101025712A",0.789486004748687,"State"
1727,20241003,"NY115183695A",0.955021235327559,"State"
1728,20241003,"NY117027171A",0.939437514630639,"State"
1734,20241006,"NY055028339A",0.949068655318864,"State"
1743,20241006,"NY119026689A",0.888639935792395,"State"
1744,20241006,"NY119026697A",0.868842591044377,"State"
1745,20241006,"NY119026786A",0.925592749891315,"State"
1746,20241006,"NY119108324A",0.94067484867739,"State"
1747,20241007,"NY013027961A",0.635889375647928,"State"
1748,20241007,"NY029028436A",0.846202722134903,"State"
1749,20241007,"NY065025780C",0.933852790689897,"State"
1750,20241007,"NY087031895A",0.843192990669832,"State"
1751,20241007,"NY103104809A",0.934789151590141,"State"
1752,20241008,"NY001025739A",0.94034043407016,"State"
1754,20241008,"NY007024414B",0.745075744908538,"State"
1755,20241008,"NY007024414C",0.94034043407016,"State"
1756,20241008,"NY007027669A",0.793131123967495,"State"
1757,20241008,"NY021022039A",0.967461458716517,"State"
1758,20241008,"NY029022136A",0.942313480252817,"State"
1759,20241008,"NY029025950B",0.936126810019062,"State"
1760,20241008,"NY029026395B",0.943985553288968,"State"
1761,20241008,"NY029026395C",0.955623181620573,"State"
1762,20241008,"NY029028410A",0.914757716617062,"State"
1763,20241008,"NY029095401A",0.960873490954085,"State"
1764,20241008,"NY039033545A",0.865398120589907,"State"
1770,20241008,"NY051024384A",0.965755944219644,"State"
1771,20241008,"NY051030635A",0.868240644751363,"State"
1772,20241008,"NY055021610A",0.950941377119353,"State"
1773,20241008,"NY055026794A",0.922883991572752,"State"
1776,20241008,"NY073021873A",0.937096612380029,"State"
1777,20241008,"NY073023256A",0.918101862689362,"State"
1778,20241008,"NY073024678A",0.855231916530114,"State"
1779,20241008,"NY073028401A",0.618232284386182,"State"
1786,20241008,"NY087022748A",0.910343443801625,"State"
1787,20241008,"NY087026051A",0.832324515934856,"State"
1788,20241008,"NY089236586A",0.784536668561683,"State"
1789,20241008,"NY093020516A",0.880948399826104,"State"
1790,20241008,"NY099022365A",0.971474434003277,"State"
1791,20241008,"NY101025712A",0.728087482861251,"State"
1792,20241008,"NY109020958A",0.952011503862489,"State"
1793,20241008,"NY111029351A",0.871751998127278,"State"
1794,20241008,"NY113094366A",0.638029629134201,"State"
1795,20241008,"NY117029475A",0.849379660903588,"State"
1796,20241008,"NY121021504A",0.757148112229542,"State"
1797,20241009,"NY013027961A",0.844363441795138,"State"
1798,20241009,"NY025029271A",0.966090358826874,"State"
1799,20241009,"NY027026255A",0.760024077851721,"State"
1800,20241009,"NY027026271A",0.630505300471525,"State"
1801,20241009,"NY037030546A",0.942045948567033,"State"
1802,20241009,"NY043036528A",0.772765274387185,"State"
1803,20241009,"NY055026794A",0.82346252884326,"State"
1804,20241009,"NY055028231A",0.92107815269371,"State"
1805,20241009,"NY063030651A",0.936829080694245,"State"
1806,20241009,"NY071026310A",0.955857271845634,"State"
1807,20241009,"NY071030490A",0.789218473062903,"State"
1808,20241009,"NY075026301A",0.900745744574123,"State"
1809,20241009,"NY083087971A",0.704645018894425,"State"
1810,20241009,"NY087270598A",0.928067417984818,"State"
1811,20241009,"NY089020117A",0.866033508343644,"State"
1812,20241009,"NY089031194A",0.963615690733371,"State"
1813,20241009,"NY091028240A",0.782697388221917,"State"
1814,20241009,"NY107029262A",0.84884459753202,"State"
1815,20241009,"NY111029351A",0.900177239741832,"State"
1816,20241009,"NY111030082A",0.923987559776611,"State"
1817,20241009,"NY111031208A",0.976524094572451,"State"
1818,20241010,"NY007024414B",0.96716048557001,"State"
1819,20241010,"NY019021831A",0.779085710463833,"State"
1820,20241010,"NY025026565A",0.769621777079223,"State"
1821,20241010,"NY029032093A",0.962645888372404,"State"
1822,20241010,"NY033030376A",0.715312844865064,"State"
1823,20241010,"NY045025984A",0.811156071297194,"State"
1824,20241010,"NY045025984B",0.820753770524697,"State"
1825,20241010,"NY051032328A",0.964953349162291,"State"
1826,20241010,"NY053026956A",0.866568571715213,"State"
1827,20241010,"NY055021610A",0.900010032438217,"State"
1828,20241010,"NY065025780C",0.679831455037956,"State"
1829,20241010,"NY089236586A",0.758218238972678,"State"
1830,20241010,"NY099033308A",0.829314784469786,"State"
1831,20241010,"NY101021431A",0.709995652610106,"State"
1832,20241010,"NY101023906A",0.760492258301843,"State"
1833,20241010,"NY101025712A",0.916128816506705,"State"
1834,20241010,"NY113029050A",0.95324883790924,"State"
1835,20241010,"NY115183695A",0.939738487777146,"State"
1836,20241010,"NY117027171A",0.954218640270207,"State"
1837,20241012,"NY045025984A",0.935491422265325,"State"
1838,20241013,"NY067027618A",0.883757482526837,"State"
1839,20241013,"NY067027723A",0.976858509179681,"State"
1840,20241013,"NY067030317A",0.89770257164833,"State"
1841,20241014,"NY059026859A",0.7054810554125,"State"
1842,20241014,"NY063022331A",0.825301809183025,"State"
1843,20241014,"NY063026336A",0.907735009865231,"State"
1844,20241014,"NY063027057A",0.921880747751062,"State"
1845,20241014,"NY121021504A",0.955288767013343,"State"
1847,20241015,"NY007024414B",0.93900277564124,"State"
1848,20241015,"NY007024414C",0.68177105975989,"State"
1849,20241015,"NY009027162A",0.935324214961709,"State"
1850,20241015,"NY013021334A",0.845868307527673,"State"
1851,20241015,"NY019021831A",0.94411931913186,"State"
1852,20241015,"NY019023949A",0.858107882152292,"State"
1853,20241015,"NY019025097A",0.940574524295221,"State"
1854,20241015,"NY023027561A",0.97117346085677,"State"
1855,20241015,"NY029022136A",0.929639166638799,"State"
1856,20241015,"NY029022543A",0.958599471624921,"State"
1857,20241015,"NY029025950B",0.958766678928536,"State"
1858,20241015,"NY029026395B",0.92375346955155,"State"
1859,20241015,"NY029026395C",0.923920676855165,"State"
1860,20241015,"NY029028436A",0.935725512490386,"State"
1861,20241015,"NY029095401A",0.756847139083035,"State"
1862,20241015,"NY031022187A",0.947496906664883,"State"
1863,20241015,"NY045025984A",0.939738487777146,"State"
1869,20241015,"NY051030635A",0.949302745543925,"State"
1870,20241015,"NY053028525A",0.883322743537438,"State"
1871,20241015,"NY055028339A",0.909774938969334,"State"
1874,20241015,"NY065021385A",0.869778951944621,"State"
1875,20241015,"NY065025780B",0.953315720830686,"State"
1876,20241015,"NY067025461A",0.894291542654583,"State"
1877,20241015,"NY075029114A",0.965087115005183,"State"
1884,20241015,"NY089020818A",0.939437514630639,"State"
1885,20241015,"NY089029831A",0.86208741597833,"State"
1886,20241015,"NY089236586A",0.80409992308464,"State"
1887,20241015,"NY099022365A",0.917466474935625,"State"
1888,20241015,"NY101021431A",0.924790154833963,"State"
1889,20241015,"NY109020958A",0.720830685884359,"State"
1890,20241015,"NY109026638A",0.866234157107982,"State"
1891,20241015,"NY117029475A",0.706551182155637,"State"
1892,20241016,"NY007027669A",0.975989031200883,"State"
1893,20241016,"NY013106895A",0.77704578135973,"State"
1894,20241016,"NY015035742A",0.701534963047186,"State"
1895,20241016,"NY015036986A",0.631541985753938,"State"
1896,20241016,"NY019026018A",0.817075209845166,"State"
1897,20241016,"NY031021733A",0.965789385680367,"State"
1898,20241016,"NY037020907A",0.80988529578972,"State"
1899,20241016,"NY037030546A",0.891515901414574,"State"
1900,20241016,"NY049020125A",0.844530649098753,"State"
1901,20241016,"NY055028231A",0.959134534996489,"State"
1902,20241016,"NY059023523A",0.859278333277598,"State"
1903,20241016,"NY063027774A",0.701769053272247,"State"
1904,20241016,"NY073023256A",0.951543323412367,"State"
1905,20241016,"NY073024678A",0.847072200113701,"State"
1906,20241016,"NY075020257A",0.968631909841822,"State"
1907,20241016,"NY075029106A",0.856502692037588,"State"
1908,20241016,"NY075029114A",0.943182958231616,"State"
1909,20241016,"NY083087971A",0.848543624385513,"State"
1910,20241016,"NY089020117A",0.957964083871183,"State"
1911,20241016,"NY103080683A",0.934655385747249,"State"
1912,20241016,"NY109026638A",0.900511654349062,"State"
1913,20241016,"NY123029726A",0.706350533391298,"State"
1914,20241017,"NY007024414B",0.94612580677524,"State"
1915,20241017,"NY007024414C",0.905059693007391,"State"
1916,20241017,"NY017021423A",0.956827074206601,"State"
1917,20241017,"NY031022969A",0.909708056047888,"State"
1918,20241017,"NY041026484A",0.946861518911146,"State"
1919,20241017,"NY055021610A",0.947296257900545,"State"
1920,20241017,"NY077031151A",0.949302745543925,"State"
1921,20241017,"NY099033308A",0.945724509246564,"State"
1922,20241017,"NY101023906A",0.898204193559175,"State"
1923,20241018,"NY029032093A",0.91796809684647,"State"
1924,20241018,"NY059026450A",0.761328294819918,"State"
1925,20241018,"NY071024422A",0.886064943316724,"State"
1926,20241018,"NY089029831A",0.867739022840518,"State"
1927,20241020,"NY055028339A",0.816473263552152,"State"
1928,20241020,"NY067027081A",0.895361669397719,"State"
1929,20241020,"NY067027596A",0.944955355649935,"State"
1930,20241020,"NY067027723A",0.802795706116443,"State"
1931,20241020,"NY067030317A",0.875965622178377,"State"
1932,20241020,"NY119026689A",0.911681102230545,"State"
1933,20241020,"NY119026697A",0.65026920375882,"State"
1934,20241020,"NY119100803A",0.95324883790924,"State"
1935,20241020,"NY119108324A",0.937431026987259,"State"
1936,20241021,"NY019026018A",0.831087181888105,"State"
1937,20241021,"NY027026255A",0.688024612915092,"State"
1938,20241021,"NY043036528A",0.826338494465438,"State"
1939,20241021,"NY055028231A",0.900311005584724,"State"
1940,20241021,"NY059026450A",0.8508510851754,"State"
1941,20241021,"NY059026859A",0.775841888773702,"State"
1942,20241021,"NY063022331A",0.928569039895663,"State"
1943,20241021,"NY063026336A",0.9325485737217,"State"
1944,20241021,"NY063027057A",0.932849546868207,"State"
1945,20241021,"NY065025780B",0.796341504196903,"State"
1946,20241021,"NY065025780C",0.902417817610273,"State"
1947,20241021,"NY065030864A",0.822057987492894,"State"
1948,20241021,"NY087031895A",0.824064475136274,"State"
1949,20241021,"NY089020117A",0.878239641507541,"State"
1950,20241021,"NY089031194A",0.943584255760292,"State"
1951,20241021,"NY103104809A",0.752299100424707,"State"
1953,20241022,"NY007024414C",0.957964083871183,"State"
1954,20241022,"NY007027669A",0.932916429789653,"State"
1955,20241022,"NY011021903A",0.89459251580109,"State"
1956,20241022,"NY019023949A",0.918436277296592,"State"
1957,20241022,"NY019025097A",0.938166739123165,"State"
1958,20241022,"NY021022039A",0.945022238571381,"State"
1959,20241022,"NY029022136A",0.920777179547203,"State"
1960,20241022,"NY029022543A",0.94244724609571,"State"
1961,20241022,"NY029025950B",0.919272313814667,"State"
1962,20241022,"NY029026395B",0.966658863659165,"State"
1963,20241022,"NY029026395C",0.955890713306357,"State"
1964,20241022,"NY029028436A",0.961977059157944,"State"
1965,20241022,"NY029095401A",0.961241347022038,"State"
1971,20241022,"NY051024384A",0.797010333411363,"State"
1972,20241022,"NY053021539A",0.885396114102264,"State"
1973,20241022,"NY055021610A",0.785339263619035,"State"
1974,20241022,"NY059026778A",0.933953115072066,"State"
1977,20241022,"NY065021377A",0.793498980035448,"State"
1978,20241022,"NY065021385A",0.944018994749691,"State"
1979,20241022,"NY065022110A",0.967361134334348,"State"
1980,20241022,"NY071023680A",0.909005785372705,"State"
1981,20241022,"NY071024422A",0.889409089389025,"State"
1982,20241022,"NY071026310A",0.868474734976424,"State"
1983,20241022,"NY071027901A",0.94612580677524,"State"
1984,20241022,"NY071031518A",0.881617229040564,"State"
1991,20241022,"NY089029831A",0.844597532020199,"State"
1992,20241022,"NY089236586A",0.765107179881617,"State"
1993,20241022,"NY093020516A",0.903956124803531,"State"
1994,20241022,"NY101021431A",0.932013510350132,"State"
1995,20241022,"NY101023906A",0.720128415209176,"State"
1996,20241022,"NY103021750A",0.729425141290172,"State"
1997,20241022,"NY103065358A",0.778115908102866,"State"
1998,20241022,"NY103104809A",0.895762966926395,"State"
1999,20241022,"NY103206644A",0.947831321272113,"State"
2000,20241022,"NY111029351A",0.772564625622847,"State"
2001,20241022,"NY113094366A",0.943249841153062,"State"
2002,20241022,"NY121021504A",0.761963682573655,"State"
2003,20241023,"NY007027669A",0.961241347022038,"State"
2004,20241023,"NY015035742A",0.903354178510517,"State"
2005,20241023,"NY015036986A",0.641407216667224,"State"
2006,20241023,"NY019022195A",0.589974250075243,"State"
2007,20241023,"NY019026018A",0.943283282613785,"State"
2008,20241023,"NY025027154A",0.88914155770324,"State"
2009,20241023,"NY025029271A",0.971006253553155,"State"
2010,20241023,"NY027026271A",0.929973581246029,"State"
2011,20241023,"NY031021733A",0.939303748787747,"State"
2012,20241023,"NY037030546A",0.966892953884226,"State"
2013,20241023,"NY045025984B",0.701769053272247,"State"
2014,20241023,"NY051024449A",0.874059458917166,"State"
2015,20241023,"NY057024333A",0.938835568337625,"State"
2016,20241023,"NY059023523A",0.840317025047654,"State"
2017,20241023,"NY059026859A",0.815536902651908,"State"
2018,20241023,"NY063027774A",0.911346687623315,"State"
2019,20241023,"NY071022144A",0.940574524295221,"State"
2020,20241023,"NY071026310A",0.957061164431662,"State"
2021,20241023,"NY071030490A",0.972477677824967,"State"
2022,20241023,"NY073021873A",0.685449620439421,"State"
2023,20241023,"NY073028401A",0.587533023442464,"State"
2024,20241023,"NY075029114A",0.951509881951644,"State"
2025,20241023,"NY083087971A",0.851754004614922,"State"
2026,20241023,"NY089020117A",0.905427549075344,"State"
2027,20241023,"NY089031194A",0.93666187339063,"State"
2028,20241023,"NY091028240A",0.954419289034545,"State"
2029,20241023,"NY103020061A",0.95358325251647,"State"
2030,20241023,"NY103076988A",0.863391632946527,"State"
2031,20241023,"NY103080683A",0.821422599739157,"State"
2032,20241023,"NY107029262A",0.907902217168846,"State"
2033,20241023,"NY111031208A",0.846269605056349,"State"
2034,20241023,"NY119026689A",0.766745811457044,"State"
2035,20241023,"NY119026697A",0.707353777212989,"State"
2036,20241024,"NY007024414B",0.846436812359964,"State"
2037,20241024,"NY007024414C",0.895696084004949,"State"
2038,20241024,"NY011021903A",0.785807444069157,"State"
2039,20241024,"NY029032093A",0.975688058054376,"State"
2040,20241024,"NY033030376A",0.917332709092733,"State"
2041,20241024,"NY051032328A",0.780757783499983,"State"
2042,20241024,"NY059020567A",0.800822659933786,"State"
2043,20241024,"NY059021822A",0.775641240009364,"State"
2044,20241024,"NY059026778A",0.854696853158546,"State"
2045,20241024,"NY059026841A",0.917332709092733,"State"
2046,20241024,"NY059026999A",0.752232217503261,"State"
2047,20241024,"NY063022331A",0.838176771561382,"State"
2048,20241024,"NY071031518A",0.963314717586864,"State"
2049,20241024,"NY087028533A",0.903320737049794,"State"
2050,20241024,"NY087031895A",0.813463532087082,"State"
2051,20241024,"NY089020818A",0.872788683409691,"State"
2052,20241024,"NY089236586A",0.751964685817477,"State"
2053,20241024,"NY093020516A",0.782429856536134,"State"
2054,20241024,"NY097271942A",0.655285422867271,"State"
2055,20241024,"NY103079324A",0.965120556465906,"State"
2056,20241024,"NY103104809A",0.756479283015082,"State"
2057,20241024,"NY109020958A",0.787078219576631,"State"
2058,20241024,"NY115024929A",0.907868775708123,"State"
2059,20241024,"NY115183695A",0.926696318095174,"State"
2060,20241024,"NY117027171A",0.724107949035214,"State"
2067,20241027,"NY055028339A",0.914322977627663,"State"
2076,20241027,"NY119026719A",0.767782496739458,"State"
2077,20241027,"NY119026786A",0.691502524830285,"State"
2078,20241027,"NY119108324A",0.641741631274454,"State"
2079,20241028,"NY013027961A",0.803665184095241,"State"
2080,20241028,"NY021022039A",0.912851553355851,"State"
2081,20241028,"NY027026255A",0.642176370263853,"State"
2082,20241028,"NY031021733A",0.930709293381935,"State"
2083,20241028,"NY059026450A",0.847941678092499,"State"
2084,20241028,"NY059026859A",0.946092365314517,"State"
2085,20241028,"NY063026336A",0.940975821823897,"State"
2086,20241028,"NY087031895A",0.898237635019898,"State"
2087,20241028,"NY089020117A",0.831154064809551,"State"
2088,20241028,"NY103104809A",0.949704043072601,"State"
2089,20241029,"NY011021903A",0.926830083938066,"State"
2090,20241029,"NY019023949A",0.909106109754874,"State"
2091,20241029,"NY029022136A",0.910610975487409,"State"
2092,20241029,"NY029025950B",0.920375882018527,"State"
2093,20241029,"NY029026395B",0.897134066816039,"State"
2094,20241029,"NY029026395C",0.954887469484667,"State"
2095,20241029,"NY029028410A",0.634919573286961,"State"
2096,20241029,"NY029028436A",0.963348159047587,"State"
2097,20241029,"NY029095401A",0.948700799250911,"State"
2098,20241029,"NY031022187A",0.712771293850115,"State"
2099,20241029,"NY037026514A",0.926228137645052,"State"
2100,20241029,"NY041026484A",0.974216633782564,"State"
2101,20241029,"NY045025984A",0.943885228906799,"State"
2102,20241029,"NY051030635A",0.90683209042571,"State"
2103,20241029,"NY055028339A",0.694244724609571,"State"
2104,20241029,"NY059026778A",0.878707821957663,"State"
2105,20241029,"NY059026999A",0.888071430960104,"State"
2106,20241029,"NY067025461A",0.958398822860583,"State"
2107,20241029,"NY071026310A",0.727050797578838,"State"
2108,20241029,"NY071026328A",0.812460288265391,"State"
2109,20241029,"NY071027901A",0.870180249473297,"State"
2110,20241029,"NY071031518A",0.914724275156339,"State"
2111,20241029,"NY073021873A",0.790121392502425,"State"
2112,20241029,"NY075029114A",0.824733304350734,"State"
2113,20241029,"NY087026051A",0.833729057285222,"State"
2114,20241029,"NY089020818A",0.91362070695248,"State"
2115,20241029,"NY089029831A",0.894492191418921,"State"
2116,20241029,"NY099022365A",0.919606728421898,"State"
2117,20241029,"NY101021431A",0.887268835902752,"State"
2118,20241029,"NY101023906A",0.672875631207571,"State"
2119,20241029,"NY103079324A",0.949503394308263,"State"
2120,20241029,"NY103104809A",0.874795171053072,"State"
2121,20241029,"NY103206644A",0.863358191485804,"State"
2122,20241029,"NY105030724A",0.924656388991071,"State"
2123,20241029,"NY109020958A",0.940507641373775,"State"
2124,20241029,"NY117029475A",0.888840584556733,"State"
2125,20241029,"NY121021504A",0.844263117412969,"State"
2126,20241030,"NY013027961A",0.916563555496104,"State"
2127,20241030,"NY015035742A",0.763602314149082,"State"
2128,20241030,"NY019022195A",0.901949637160151,"State"
2129,20241030,"NY019026018A",0.834698859646189,"State"
2130,20241030,"NY025027154A",0.952713774537672,"State"
2131,20241030,"NY025029271A",0.867137076547504,"State"
2132,20241030,"NY027026255A",0.785004849011805,"State"
2133,20241030,"NY031021733A",0.896030498612179,"State"
2134,20241030,"NY037030546A",0.844062468648631,"State"
2135,20241030,"NY051024449A",0.889375647928301,"State"
2136,20241030,"NY055028231A",0.951476440490921,"State"
2137,20241030,"NY057024333A",0.647961742968933,"State"
2138,20241030,"NY059023523A",0.946025482393071,"State"
2139,20241030,"NY059026450A",0.82546901648664,"State"
2140,20241030,"NY059026859A",0.840082934822593,"State"
2141,20241030,"NY063027774A",0.721131659030867,"State"
2142,20241030,"NY071022144A",0.846604019663579,"State"
2143,20241030,"NY071026522A",0.746580610641073,"State"
2144,20241030,"NY071030490A",0.823094672775307,"State"
2145,20241030,"NY073023256A",0.943149516770893,"State"
2146,20241030,"NY073028401A",0.829883289302077,"State"
2147,20241030,"NY075026301A",0.894391867036752,"State"
2148,20241030,"NY075029114A",0.898638932548574,"State"
2149,20241030,"NY079031356A",0.689696685951242,"State"
2150,20241030,"NY087026051A",0.750158846938434,"State"
2151,20241030,"NY087270598A",0.913921680098987,"State"
2152,20241030,"NY111030082A",0.874293549142227,"State"
2153,20241030,"NY119026689A",0.91017623649801,"State"
2154,20241030,"NY119026719A",0.672674982443233,"State"
2155,20241030,"NY119108324A",0.853492960572518,"State"
2156,20241031,"NY007024414B",0.924121325619503,"State"
2157,20241031,"NY011021903A",0.846135839213457,"State"
2158,20241031,"NY017021423A",0.959636156907334,"State"
2159,20241031,"NY051032328A",0.959836805671672,"State"
2160,20241031,"NY059021822A",0.928736247199278,"State"
2161,20241031,"NY059026778A",0.934287529679296,"State"
2162,20241031,"NY089020818A",0.815135605123232,"State"
2163,20241031,"NY097271942A",0.854663411697823,"State"
2164,20241031,"NY099033308A",0.689496037186904,"State"
2165,20241031,"NY101023906A",0.872654917566799,"State"
2166,20241031,"NY103079324A",0.960639400729024,"State"
2167,20241031,"NY115183695A",0.851419590007692,"State"
2168,20241101,"NY071024422A",0.665685717152125,"State"
2175,20241103,"NY055028339A",0.921813864829616,"State"
2178,20241103,"NY067027081A",0.833160552452931,"State"
2179,20241103,"NY067027723A",0.963749456576263,"State"
2180,20241103,"NY067030317A",0.823228438618199,"State"
2187,20241103,"NY119026689A",0.633080292947196,"State"
2188,20241103,"NY119026697A",0.940607965755944,"State"
2189,20241103,"NY119100803A",0.810487242082734,"State"
2190,20241104,"NY001026867A",0.855532889676621,"State"
2191,20241104,"NY013027961A",0.861050730695917,"State"
2192,20241104,"NY023027561A",0.751095207838678,"State"
2193,20241104,"NY029028436A",0.960806608032639,"State"
2194,20241104,"NY031021733A",0.961107581179146,"State"
2195,20241104,"NY043036528A",0.749021837273852,"State"
2196,20241104,"NY045025984A",0.873825368692104,"State"
2197,20241104,"NY055028231A",0.926361903487944,"State"
2198,20241104,"NY057020290A",0.726315085442932,"State"
2199,20241104,"NY063022331A",0.951008260040799,"State"
2200,20241104,"NY063026336A",0.724342039260275,"State"
2201,20241104,"NY063027979A",0.933351168779052,"State"
2202,20241104,"NY083087971A",0.871986088352339,"State"
2203,20241104,"NY089020117A",0.951944620941043,"State"
2204,20241104,"NY089031194A",0.8973681570411,"State"
2205,20241104,"NY113029050A",0.728120924321974,"State"
2206,20241105,"NY007024414B",0.91997458448985,"State"
2207,20241105,"NY007024414C",0.909908704812226,"State"
2208,20241105,"NY027149209A",0.949068655318864,"State"
2209,20241105,"NY029022136A",0.94268133632077,"State"
2210,20241105,"NY029025950B",0.89659900344447,"State"
2211,20241105,"NY029026395C",0.945022238571381,"State"
2212,20241105,"NY029095401A",0.953549811055747,"State"
2213,20241105,"NY037026514A",0.741965689061298,"State"
2214,20241105,"NY051024384A",0.936762197772799,"State"
2215,20241105,"NY055028339A",0.942480687556432,"State"
2216,20241105,"NY069025968A",0.892117847707588,"State"
2217,20241105,"NY071026328A",0.587533023442464,"State"
2218,20241105,"NY071027901A",0.850115373039494,"State"
2219,20241105,"NY087026051A",0.856435809116142,"State"
2220,20241105,"NY099022365A",0.935023241815202,"State"
2221,20241105,"NY101025712A",0.913185967963081,"State"
2222,20241105,"NY105030724A",0.971206902317493,"State"
2223,20241105,"NY109020958A",0.951409557569475,"State"
2224,20241105,"NY111029351A",0.66083670534729,"State"
2225,20241105,"NY113094366A",0.786208741597833,"State"
2226,20241106,"NY007027669A",0.967862756245193,"State"
2227,20241106,"NY013027961A",0.890111360064208,"State"
2228,20241106,"NY013106895A",0.838879042236565,"State"
2229,20241106,"NY019026018A",0.810420359161288,"State"
2230,20241106,"NY025027154A",0.964217637026385,"State"
2231,20241106,"NY027026255A",0.819182021870715,"State"
2232,20241106,"NY031036706A",0.927632678995419,"State"
2233,20241106,"NY037030546A",0.730261177808247,"State"
2234,20241106,"NY051024449A",0.665284419623449,"State"
2235,20241106,"NY057024333A",0.636892619469618,"State"
2236,20241106,"NY059026859A",0.89803698625556,"State"
2237,20241106,"NY063027774A",0.916496672574658,"State"
2238,20241106,"NY071026522A",0.9292044276494,"State"
2239,20241106,"NY073028401A",0.922348928201184,"State"
2240,20241106,"NY075026301A",0.853225428886734,"State"
2241,20241106,"NY075029114A",0.760492258301843,"State"
2242,20241106,"NY079022721A",0.874527639367288,"State"
2243,20241106,"NY087026051A",0.789419121827241,"State"
2244,20241106,"NY087028533A",0.739491020967796,"State"
2245,20241106,"NY087270598A",0.717486539812059,"State"
2246,20241106,"NY089020117A",0.956893957128047,"State"
2247,20241106,"NY089031194A",0.749657225027589,"State"
2248,20241106,"NY095024201A",0.704544694512256,"State"
2249,20241106,"NY103206644A",0.925592749891315,"State"
2250,20241106,"NY107029262A",0.961910176236498,"State"
2251,20241106,"NY109026638A",0.81734274153095,"State"
2252,20241106,"NY111031208A",0.850349463264555,"State"
2253,20241106,"NY119026697A",0.946326455539578,"State"
2254,20241106,"NY119026701A",0.967127044109287,"State"
2255,20241106,"NY123029726A",0.965187439387352,"State"
2256,20241107,"NY011021903A",0.692572651573421,"State"
2257,20241107,"NY017021423A",0.918269069992977,"State"
2258,20241107,"NY029022543A",0.918335952914423,"State"
2259,20241107,"NY029032093A",0.96548841253386,"State"
2260,20241107,"NY055021610A",0.896097381533625,"State"
2261,20241107,"NY059020567A",0.936829080694245,"State"
2262,20241107,"NY059026999A",0.962344915225897,"State"
2263,20241107,"NY063027979A",0.913787914256095,"State"
2264,20241107,"NY089020818A",0.937497909908705,"State"
2265,20241107,"NY093020516A",0.708490786877571,"State"
2266,20241107,"NY097271942A",0.619904357422332,"State"
2267,20241107,"NY099033308A",0.698993412032238,"State"
2268,20241107,"NY101023906A",0.756947463465204,"State"
2269,20241107,"NY101025712A",0.887402601745644,"State"
2270,20241107,"NY113029050A",0.897267832658931,"State"
2271,20241107,"NY115024929A",0.817242417148781,"State"
2272,20241107,"NY117027171A",0.89937464468448,"State"
2273,20241108,"NY071024422A",0.75467344413604,"State"
2274,20241108,"NY087031895A",0.716182322843862,"State"
2275,20241110,"NY029028436A",0.966892953884226,"State"
2276,20241110,"NY119026689A",0.952713774537672,"State"
2277,20241110,"NY119026701A",0.802160318362706,"State"
2278,20241110,"NY119026719A",0.966625422198442,"State"
2279,20241110,"NY119026786A",0.951643647794536,"State"
2280,20241110,"NY119100803A",0.724877102631843,"State"
2281,20241111,"NY013027961A",0.868474734976424,"State"
2282,20241111,"NY027026255A",0.895194462094104,"State"
2283,20241111,"NY031021733A",0.948834565093803,"State"
2284,20241111,"NY055028231A",0.694445373373909,"State"
2285,20241111,"NY059026859A",0.916463231113935,"State"
2286,20241111,"NY063027979A",0.66785941209912,"State"
2287,20241111,"NY067027081A",0.708189813731064,"State"
2288,20241111,"NY067027723A",0.665886365916463,"State"
2289,20241112,"NY001025739A",0.949235862622479,"State"
2291,20241112,"NY007024414B",0.943885228906799,"State"
2292,20241112,"NY007024414C",0.861619235528208,"State"
2293,20241112,"NY011021903A",0.76681269437849,"State"
2294,20241112,"NY013027570A",0.942647894860048,"State"
2295,20241112,"NY021022039A",0.809952178711166,"State"
2296,20241112,"NY027149209A",0.854730294619269,"State"
2297,20241112,"NY029025950B",0.930909942146273,"State"
2298,20241112,"NY029026395B",0.929338193492292,"State"
2299,20241112,"NY029026395C",0.919439521118282,"State"
2300,20241112,"NY029095401A",0.947396582282714,"State"
2301,20241112,"NY037026514A",0.912483697287898,"State"
2302,20241112,"NY043036528A",0.902284051767381,"State"
2308,20241112,"NY051024384A",0.762699394709561,"State"
2309,20241112,"NY051030635A",0.907032739190048,"State"
2312,20241112,"NY063026336A",0.952713774537672,"State"
2313,20241112,"NY065025780B",0.947898204193559,"State"
2314,20241112,"NY065025780C",0.958532588703475,"State"
2315,20241112,"NY071023680A",0.854228672708424,"State"
2316,20241112,"NY071026310A",0.717687188576397,"State"
2317,20241112,"NY071026328A",0.740327057485871,"State"
2318,20241112,"NY071027901A",0.913386616727419,"State"
2319,20241112,"NY075029106A",0.646389994314952,"State"
2324,20241112,"NY083087971A",0.895662642544226,"State"
2327,20241112,"NY087026051A",0.673945757950707,"State"
2328,20241112,"NY101023906A",0.873390629702705,"State"
2329,20241112,"NY113094366A",0.948700799250911,"State"
2330,20241112,"NY117029475A",0.708223255191787,"State"
2331,20241112,"NY119026719A",0.843861819884293,"State"
2332,20241112,"NY121021504A",0.896966859512423,"State"
2333,20241113,"NY013027961A",0.91629602381032,"State"
2334,20241113,"NY013106895A",0.795806440825335,"State"
2335,20241113,"NY015036986A",0.901147042102799,"State"
2336,20241113,"NY025029271A",0.732802728823195,"State"
2337,20241113,"NY027026271A",0.740293616025148,"State"
2338,20241113,"NY037030546A",0.603986222118182,"State"
2339,20241113,"NY045025984B",0.616526769889309,"State"
2340,20241113,"NY051024449A",0.927933652141926,"State"
2341,20241113,"NY055028231A",0.922181720897569,"State"
2342,20241113,"NY063027774A",0.697187573153195,"State"
2343,20241113,"NY071024422A",0.719258937230378,"State"
2344,20241113,"NY071026310A",0.760525699762566,"State"
2345,20241113,"NY071026522A",0.966190683209043,"State"
2346,20241113,"NY075029106A",0.874962378356687,"State"
2347,20241113,"NY087028533A",0.77126040865465,"State"
2348,20241113,"NY087270598A",0.871852322509447,"State"
2349,20241113,"NY089020117A",0.958933886232151,"State"
2350,20241113,"NY089031194A",0.877537370832358,"State"
2351,20241113,"NY091028240A",0.936059927097616,"State"
2352,20241113,"NY105022454A",0.907032739190048,"State"
2353,20241113,"NY107029262A",0.91395512155971,"State"
2354,20241113,"NY109026638A",0.709092733170585,"State"
2355,20241113,"NY111029351A",0.746379961876735,"State"
2356,20241113,"NY111030082A",0.929605725178076,"State"
2357,20241113,"NY119026689A",0.785907768451326,"State"
2358,20241113,"NY119100803A",0.755877336722068,"State"
2359,20241114,"NY001025739A",0.916229140888874,"State"
2360,20241114,"NY007024414B",0.954017991505869,"State"
2361,20241114,"NY007024414C",0.797545396782931,"State"
2362,20241114,"NY011021903A",0.675417182222519,"State"
2363,20241114,"NY017021423A",0.942848543624386,"State"
2364,20241114,"NY025026565A",0.878808146339832,"State"
2365,20241114,"NY051032328A",0.894559074340367,"State"
2366,20241114,"NY055021610A",0.909808380430057,"State"
2367,20241114,"NY059021822A",0.977995518844263,"State"
2368,20241114,"NY059026999A",0.91051065110524,"State"
2369,20241114,"NY065025780B",0.883991572751898,"State"
2370,20241114,"NY071026328A",0.894993813329766,"State"
2371,20241114,"NY071027901A",0.868474734976424,"State"
2372,20241114,"NY087028533A",0.898103869177006,"State"
2373,20241114,"NY087028851A",0.779252917767448,"State"
2374,20241114,"NY087031895A",0.91596160920309,"State"
2375,20241114,"NY089020818A",0.925626191352038,"State"
2376,20241114,"NY093020516A",0.810487242082734,"State"
2377,20241114,"NY099033308A",0.927131057084573,"State"
2378,20241114,"NY101021431A",0.73330435073404,"State"
2379,20241114,"NY101023906A",0.960739725111193,"State"
2380,20241114,"NY101025712A",0.800287596562218,"State"
2381,20241114,"NY103104809A",0.919807377186236,"State"
2382,20241114,"NY115024929A",0.899441527605926,"State"
2383,20241116,"NY045025984A",0.693776544159449,"State"
2385,20241117,"NY029028436A",0.926027488880714,"State"
2391,20241117,"NY055028339A",0.876400361167776,"State"
2400,20241117,"NY119026689A",0.944286526435475,"State"
2401,20241117,"NY119026697A",0.823194997157476,"State"
2402,20241117,"NY119026701A",0.944085877671137,"State"
2403,20241117,"NY119100803A",0.755409156271946,"State"
2404,20241118,"NY019026018A",0.68855967628666,"State"
2405,20241118,"NY043036528A",0.866468247333044,"State"
2406,20241118,"NY063026336A",0.83225763301341,"State"
2407,20241118,"NY065025780B",0.927164498545296,"State"
2408,20241118,"NY065025780C",0.949904691836939,"State"
2409,20241118,"NY087031895A",0.96338160050831,"State"
2410,20241118,"NY089020117A",0.94646022138247,"State"
2411,20241118,"NY089031194A",0.771327291576096,"State"
2412,20241118,"NY091028240A",0.876734775775006,"State"
2414,20241119,"NY007027669A",0.934789151590141,"State"
2415,20241119,"NY011021903A",0.819416112095776,"State"
2416,20241119,"NY019023949A",0.914757716617062,"State"
2417,20241119,"NY021022039A",0.950774169815738,"State"
2418,20241119,"NY029022136A",0.86987927632679,"State"
2419,20241119,"NY029022543A",0.906965856268602,"State"
2420,20241119,"NY029025950B",0.909540848744273,"State"
2421,20241119,"NY029026395B",0.948366384643681,"State"
2422,20241119,"NY029026395C",0.926662876634451,"State"
2423,20241119,"NY029028410A",0.937297261144367,"State"
2424,20241119,"NY029095401A",0.946493662843193,"State"
2425,20241119,"NY031021733A",0.929672608099522,"State"
2426,20241119,"NY031022187A",0.868942915426546,"State"
2427,20241119,"NY037026514A",0.825000836036518,"State"
2428,20241119,"NY045025984A",0.70113366551851,"State"
2434,20241119,"NY053021539A",0.924221650001672,"State"
2435,20241119,"NY053029807A",0.856703340801926,"State"
2436,20241119,"NY055021610A",0.933919673611343,"State"
2437,20241119,"NY055028339A",0.863659164632311,"State"
2438,20241119,"NY057020290A",0.934320971140019,"State"
2441,20241119,"NY065021385A",0.734508243320068,"State"
2442,20241119,"NY071023680A",0.953616693977193,"State"
2443,20241119,"NY071026310A",0.704678460355148,"State"
2444,20241119,"NY071026328A",0.913754472795372,"State"
2445,20241119,"NY071027901A",0.845232919773936,"State"
2446,20241119,"NY073021873A",0.747985151991439,"State"
2447,20241119,"NY075029114A",0.936762197772799,"State"
2452,20241119,"NY083087971A",0.806808681403204,"State"
2455,20241119,"NY087022748A",0.892385379393372,"State"
2456,20241119,"NY089020818A",0.831722569641842,"State"
2457,20241119,"NY089029831A",0.879945156004414,"State"
2458,20241119,"NY099022365A",0.93733070260509,"State"
2459,20241119,"NY101021431A",0.900344447045447,"State"
2460,20241119,"NY101023906A",0.936695314851353,"State"
2461,20241119,"NY101025712A",0.749824432331204,"State"
2462,20241119,"NY103079324A",0.821489482660603,"State"
2463,20241119,"NY105030724A",0.912818111895128,"State"
2464,20241119,"NY109020958A",0.672741865364679,"State"
2465,20241119,"NY109026638A",0.964853024780122,"State"
2466,20241119,"NY111029351A",0.956994281510216,"State"
2467,20241119,"NY117029475A",0.826004079858208,"State"
2468,20241120,"NY007027669A",0.622847205965957,"State"
2469,20241120,"NY013106895A",0.783700632043608,"State"
2470,20241120,"NY015035742A",0.696853158545965,"State"
2471,20241120,"NY015036986A",0.62956893957128,"State"
2472,20241120,"NY019026018A",0.80209343544126,"State"
2473,20241120,"NY027026255A",0.939872253620038,"State"
2474,20241120,"NY029028436A",0.897334715580377,"State"
2475,20241120,"NY029032093A",0.945289770257165,"State"
2476,20241120,"NY031021733A",0.925291776744808,"State"
2477,20241120,"NY031036706A",0.845199478313213,"State"
2478,20241120,"NY037030546A",0.752600073571214,"State"
2479,20241120,"NY071026310A",0.840918971340668,"State"
2480,20241120,"NY071026522A",0.961241347022038,"State"
2481,20241120,"NY071030490A",0.934956358893757,"State"
2482,20241120,"NY075029106A",0.930274554392536,"State"
2483,20241120,"NY083026034A",0.904424305253653,"State"
2484,20241120,"NY087028533A",0.952145269705381,"State"
2485,20241120,"NY087270598A",0.710530715981674,"State"
2486,20241120,"NY089020117A",0.869310771494499,"State"
2487,20241120,"NY089031194A",0.746915025248303,"State"
2488,20241120,"NY095024201A",0.760325050998228,"State"
2489,20241120,"NY107029262A",0.857572818780724,"State"
2490,20241120,"NY111029351A",0.920342440557804,"State"
2491,20241120,"NY111030082A",0.935290773500987,"State"
2492,20241120,"NY111031208A",0.921278801458048,"State"
2493,20241120,"NY119026689A",0.78349998327927,"State"
2494,20241120,"NY119026697A",0.76480620673511,"State"
2495,20241120,"NY119026719A",0.906598000200649,"State"
2496,20241120,"NY119100803A",0.964485168712169,"State"
2497,20241121,"NY007024414B",0.714677457111327,"State"
2498,20241121,"NY007024414C",0.862020533056884,"State"
2499,20241121,"NY011021903A",0.921111594154433,"State"
2500,20241121,"NY017021423A",0.974651372771963,"State"
2501,20241121,"NY023027561A",0.925525866969869,"State"
2502,20241121,"NY025029271A",0.777112664281176,"State"
2503,20241121,"NY031022969A",0.772363976858509,"State"
2504,20241121,"NY033030376A",0.91194863391633,"State"
2505,20241121,"NY055021610A",0.932648898103869,"State"
2506,20241121,"NY057020290A",0.928134300906264,"State"
2507,20241121,"NY065025780C",0.794134367789185,"State"
2508,20241121,"NY069023531A",0.822626492325185,"State"
2509,20241121,"NY071023680A",0.965655619837474,"State"
2510,20241121,"NY071026328A",0.826104404240377,"State"
2511,20241121,"NY071027901A",0.959970571514564,"State"
2512,20241121,"NY087026051A",0.885964618934555,"State"
2513,20241121,"NY087028851A",0.845099153931044,"State"
2514,20241121,"NY087031895A",0.737049794335017,"State"
2515,20241121,"NY089020818A",0.871785439588001,"State"
2516,20241121,"NY089236586A",0.955355649934789,"State"
2517,20241121,"NY099033308A",0.947931645654282,"State"
2518,20241121,"NY113029050A",0.77738019596696,"State"
2519,20241122,"NY089029831A",0.85830853091663,"State"
2521,20241124,"NY029028436A",0.944152760592583,"State"
2529,20241124,"NY067027596A",0.906196702671973,"State"
2530,20241124,"NY067027618A",0.837742032571983,"State"
2531,20241124,"NY067027723A",0.953014747684179,"State"
2538,20241124,"NY119026689A",0.702571648329599,"State"
2539,20241124,"NY119026697A",0.941611209577634,"State"
2540,20241124,"NY119100803A",0.891749991639635,"State"
2541,20241124,"NY119108324A",0.740828679396716,"State"
2542,20241125,"NY001025739A",0.842156305387419,"State"
2543,20241125,"NY013027961A",0.816105407484199,"State"
2544,20241125,"NY031021733A",0.922148279436846,"State"
2545,20241125,"NY045025984A",0.905996053907635,"State"
2546,20241125,"NY063022331A",0.862722803732067,"State"
2547,20241125,"NY063026336A",0.930976825067719,"State"
2548,20241125,"NY063027979A",0.938400829348226,"State"
2549,20241125,"NY065025780C",0.955088118249005,"State"
2550,20241125,"NY075029106A",0.932916429789653,"State"
2551,20241126,"NY007024414C",0.943851787446076,"State"
2552,20241126,"NY007027669A",0.835969635153664,"State"
2553,20241126,"NY011021903A",0.800254155101495,"State"
2554,20241126,"NY013027570A",0.830050496605692,"State"
2555,20241126,"NY019025097A",0.937732000133766,"State"
2556,20241126,"NY027149209A",0.638029629134201,"State"
2557,20241126,"NY029022136A",0.934588502825803,"State"
2558,20241126,"NY029025950B",0.873089656556198,"State"
2559,20241126,"NY029026395B",0.86008092833495,"State"
2560,20241126,"NY029026395C",0.942179714409925,"State"
2561,20241126,"NY029032093A",0.952847540380564,"State"
2562,20241126,"NY029095401A",0.947730996889944,"State"
2563,20241126,"NY031022187A",0.882152292412133,"State"
2564,20241126,"NY051030635A",0.848376417081898,"State"
2565,20241126,"NY051032328A",0.907367153797278,"State"
2566,20241126,"NY055021610A",0.803163562184396,"State"
2567,20241126,"NY055028339A",0.938735243955456,"State"
2568,20241126,"NY059026999A",0.757816941444002,"State"
2569,20241126,"NY063027057A",0.886299033541785,"State"
2570,20241126,"NY065036790A",0.838912483697288,"State"
2571,20241126,"NY071023680A",0.913420058188142,"State"
2572,20241126,"NY071026310A",0.940039460923653,"State"
2573,20241126,"NY071026522A",0.789586329130856,"State"
2574,20241126,"NY071027901A",0.942514129017155,"State"
2575,20241126,"NY079031356A",0.681536969534829,"State"
2576,20241126,"NY087022748A",0.864394876768217,"State"
2577,20241126,"NY087026051A",0.917332709092733,"State"
2578,20241126,"NY087028533A",0.744406915694077,"State"
2579,20241126,"NY087270598A",0.959101093535766,"State"
2580,20241126,"NY089020818A",0.830150820987861,"State"
2581,20241126,"NY089236586A",0.736146874895495,"State"
2582,20241126,"NY101021431A",0.931177473832057,"State"
2583,20241126,"NY101023906A",0.671136675249975,"State"
2584,20241126,"NY109020958A",0.772698391465739,"State"
2585,20241126,"NY117029475A",0.818546634116978,"State"
2586,20241126,"NY119026701A",0.865130588904123,"State"
2587,20241126,"NY119026719A",0.921546333143832,"State"
2588,20241126,"NY119100803A",0.935591746647494,"State"
2589,20241126,"NY119108324A",0.910577534026686,"State"
2590,20241126,"NY121021504A",0.951075142962245,"State"
2591,20241127,"NY013106895A",0.785372705079758,"State"
2592,20241127,"NY015035742A",0.873524395545597,"State"
2593,20241127,"NY015036986A",0.963013744440357,"State"
2594,20241127,"NY025027154A",0.955690064542019,"State"
2595,20241127,"NY025029271A",0.955857271845634,"State"
2596,20241127,"NY027026255A",0.778416881249373,"State"
2597,20241127,"NY027026271A",0.963515366351202,"State"
2598,20241127,"NY043036528A",0.928468715513494,"State"
2599,20241127,"NY045025984A",0.641641306892285,"State"
2600,20241127,"NY055028231A",0.960472193425409,"State"
2601,20241127,"NY063027774A",0.930174230010367,"State"
2602,20241127,"NY071022144A",0.918101862689362,"State"
2603,20241127,"NY071024422A",0.642343577567468,"State"
2604,20241127,"NY071026310A",0.948600474868742,"State"
2605,20241127,"NY071026328A",0.880881516904658,"State"
2606,20241127,"NY071027901A",0.766444838310537,"State"
2607,20241127,"NY071030490A",0.773333779219476,"State"
2608,20241127,"NY075026301A",0.720462829816406,"State"
2609,20241127,"NY087026051A",0.911413570544761,"State"
2610,20241127,"NY087028533A",0.613583921345684,"State"
2611,20241127,"NY087028851A",0.955455974316958,"State"
2612,20241127,"NY103080683A",0.835100157174865,"State"
2613,20241127,"NY103104809A",0.871651673745109,"State"
2614,20241127,"NY109026638A",0.630070561482126,"State"
2615,20241127,"NY111030082A",0.899943149516771,"State"
2616,20241127,"NY117027171A",0.872521151723907,"State"
2617,20241127,"NY119026719A",0.950774169815738,"State"
2618,20241128,"NY029022543A",0.944955355649935,"State"
2625,20241201,"NY055028339A",0.944319967896198,"State"
2634,20241201,"NY119026697A",0.886967862756245,"State"
2635,20241201,"NY119026701A",0.880446777915259,"State"
2636,20241201,"NY119026786A",0.748687422666622,"State"
2637,20241201,"NY119100803A",0.630037120021403,"State"
2638,20241201,"NY119108324A",0.71838945925158,"State"
2639,20241202,"NY027026255A",0.81433301006588,"State"
2640,20241202,"NY035026042A",0.94100926328462,"State"
2641,20241202,"NY055028231A",0.782530180918303,"State"
2642,20241202,"NY063022331A",0.91796809684647,"State"
2643,20241202,"NY063026336A",0.89559575962278,"State"
2644,20241202,"NY063027057A",0.890612981975053,"State"
2645,20241202,"NY063027979A",0.938300504966057,"State"
2646,20241202,"NY065025780B",0.973648128950273,"State"
2647,20241202,"NY065025780C",0.944487175199813,"State"
2648,20241202,"NY103104809A",0.896966859512423,"State"
2649,20241202,"NY113029050A",0.8973681570411,"State"
2651,20241203,"NY007024414C",0.752934488178444,"State"
2652,20241203,"NY007027669A",0.834364445038959,"State"
2653,20241203,"NY011021903A",0.964485168712169,"State"
2654,20241203,"NY013021334A",0.874293549142227,"State"
2655,20241203,"NY029022136A",0.770324047754406,"State"
2656,20241203,"NY029025950B",0.920777179547203,"State"
2657,20241203,"NY029026395B",0.913587265491757,"State"
2658,20241203,"NY029026395C",0.958800120389259,"State"
2659,20241203,"NY029028410A",0.653981205899074,"State"
2660,20241203,"NY029095401A",0.942915426545831,"State"
2661,20241203,"NY031022187A",0.949570277229709,"State"
2667,20241203,"NY055028339A",0.915560311674414,"State"
2670,20241203,"NY071026328A",0.840985854262114,"State"
2671,20241203,"NY071027901A",0.935190449118818,"State"
2672,20241203,"NY071031518A",0.876300036785607,"State"
2673,20241203,"NY073024678A",0.61542320168545,"State"
2674,20241203,"NY075029114A",0.820920977828312,"State"
2681,20241203,"NY087022748A",0.909540848744273,"State"
2682,20241203,"NY089020818A",0.881416580276226,"State"
2683,20241203,"NY089236586A",0.871584790823663,"State"
2684,20241203,"NY093020516A",0.892652911079156,"State"
2685,20241203,"NY099022365A",0.959836805671672,"State"
2686,20241203,"NY101021431A",0.846670902585025,"State"
2687,20241203,"NY105030724A",0.784068488111561,"State"
2688,20241203,"NY109020958A",0.933284285857606,"State"
2689,20241203,"NY109026638A",0.88068086814032,"State"
2690,20241203,"NY113094366A",0.925458984048423,"State"
2691,20241203,"NY119026719A",0.818947931645654,"State"
2692,20241204,"NY001022225A",0.855566331137344,"State"
2693,20241204,"NY007027669A",0.796742801725579,"State"
2694,20241204,"NY013027961A",0.918603484600207,"State"
2695,20241204,"NY015035742A",0.825335250643748,"State"
2696,20241204,"NY015036986A",0.927064174163127,"State"
2697,20241204,"NY027026255A",0.902919439521118,"State"
2698,20241204,"NY031021733A",0.927933652141926,"State"
2699,20241204,"NY031022969A",0.903186971206902,"State"
2700,20241204,"NY037030546A",0.885396114102264,"State"
2701,20241204,"NY041026484A",0.880112363308029,"State"
2702,20241204,"NY045025151A",0.896465237601578,"State"
2703,20241204,"NY051024449A",0.849948165735879,"State"
2704,20241204,"NY055028231A",0.854930943383607,"State"
2705,20241204,"NY057024333A",0.93221415911447,"State"
2706,20241204,"NY063027774A",0.929170986188677,"State"
2707,20241204,"NY063030651A",0.94411931913186,"State"
2708,20241204,"NY071022144A",0.975219877604254,"State"
2709,20241204,"NY071024422A",0.962913420058188,"State"
2710,20241204,"NY071026310A",0.947329699361268,"State"
2711,20241204,"NY071026522A",0.837474500886199,"State"
2712,20241204,"NY071030490A",0.967026719727118,"State"
2713,20241204,"NY075026301A",0.754472795371702,"State"
2714,20241204,"NY087026051A",0.905561314918236,"State"
2715,20241204,"NY087028533A",0.895796408387118,"State"
2716,20241204,"NY089020117A",0.846436812359964,"State"
2717,20241204,"NY105022454A",0.790054509580978,"State"
2718,20241204,"NY107029262A",0.950673845433569,"State"
2719,20241204,"NY109026638A",0.972076380296291,"State"
2720,20241204,"NY111029351A",0.726649500050162,"State"
2721,20241204,"NY119026689A",0.813028793097683,"State"
2722,20241204,"NY119026697A",0.91696485302478,"State"
2723,20241204,"NY119026701A",0.888706818713841,"State"
2724,20241204,"NY119100803A",0.880814633983212,"State"
2725,20241205,"NY001025739A",0.911915192455606,"State"
2726,20241205,"NY007024414B",0.798347991840284,"State"
2727,20241205,"NY007024414C",0.733371233655486,"State"
2728,20241205,"NY011021903A",0.962077383540113,"State"
2729,20241205,"NY023027561A",0.890746747817945,"State"
2730,20241205,"NY027025976A",0.967528341637963,"State"
2731,20241205,"NY029022543A",0.857505935859278,"State"
2732,20241205,"NY029028436A",0.952145269705381,"State"
2733,20241205,"NY029032093A",0.927264822927465,"State"
2734,20241205,"NY051032328A",0.747349764237702,"State"
2735,20241205,"NY055021610A",0.909774938969334,"State"
2736,20241205,"NY057020290A",0.961809851854329,"State"
2737,20241205,"NY059026841A",0.953549811055747,"State"
2738,20241205,"NY065025780B",0.891281811189513,"State"
2739,20241205,"NY065025780C",0.958967327692874,"State"
2740,20241205,"NY071026328A",0.748754305588068,"State"
2741,20241205,"NY071027901A",0.918469718757315,"State"
2742,20241205,"NY071031518A",0.924288532923118,"State"
2743,20241205,"NY087028533A",0.900645420191954,"State"
2744,20241205,"NY087028851A",0.69233856134836,"State"
2745,20241205,"NY087031895A",0.816874561080828,"State"
2746,20241205,"NY089236586A",0.831455037956058,"State"
2747,20241205,"NY093020516A",0.909975587733672,"State"
2748,20241205,"NY097271942A",0.851486472929138,"State"
2749,20241205,"NY099033308A",0.915192455606461,"State"
2750,20241205,"NY101025712A",0.879309768250677,"State"
2751,20241205,"NY113029050A",0.926696318095174,"State"
2752,20241205,"NY115183695A",0.810621007925626,"State"
2753,20241205,"NY117027171A",0.926060930341437,"State"
2760,20241208,"NY055028339A",0.836805671671739,"State"
2763,20241208,"NY067027618A",0.820954419289035,"State"
2764,20241208,"NY067027723A",0.934655385747249,"State"
2765,20241208,"NY067030317A",0.860014045413504,"State"
2772,20241208,"NY119026697A",0.951710530715982,"State"
2773,20241208,"NY119026701A",0.922583018426245,"State"
2774,20241208,"NY119026719A",0.783800956425777,"State"
2775,20241208,"NY119026786A",0.891148045346621,"State"
2776,20241208,"NY119100803A",0.93522389057954,"State"
2777,20241209,"NY013027961A",0.87389225161355,"State"
2778,20241209,"NY023027561A",0.713239474300237,"State"
2779,20241209,"NY027026255A",0.96849814399893,"State"
2780,20241209,"NY055028231A",0.819282346252884,"State"
2781,20241209,"NY063026336A",0.957763435106845,"State"
2782,20241209,"NY063027057A",0.912717787512959,"State"
2783,20241209,"NY063027979A",0.933752466307728,"State"
2784,20241209,"NY087031895A",0.93154532990001,"State"
2786,20241210,"NY007024414B",0.948199177340066,"State"
2787,20241210,"NY007024414C",0.71437648396482,"State"
2788,20241210,"NY007027669A",0.824632979968565,"State"
2789,20241210,"NY011021903A",0.961441995786376,"State"
2790,20241210,"NY019023949A",0.955890713306357,"State"
2791,20241210,"NY019025097A",0.966291007591212,"State"
2792,20241210,"NY027149209A",0.906196702671973,"State"
2793,20241210,"NY029022136A",0.886098384777447,"State"
2794,20241210,"NY029022543A",0.735578370063204,"State"
2795,20241210,"NY029025950B",0.794769755542922,"State"
2796,20241210,"NY029095401A",0.886299033541785,"State"
2797,20241210,"NY031022187A",0.918937899207437,"State"
2798,20241210,"NY037026514A",0.892117847707588,"State"
2799,20241210,"NY045025984A",0.731197538708491,"State"
2800,20241210,"NY045025984B",0.851887770457814,"State"
2806,20241210,"NY051030635A",0.818881048724208,"State"
2807,20241210,"NY053021539A",0.647794535665318,"State"
2808,20241210,"NY053029807A",0.665786041534294,"State"
2809,20241210,"NY055021610A",0.955957596227803,"State"
2810,20241210,"NY055028339A",0.950707286894292,"State"
2813,20241210,"NY067025461A",0.839748520215363,"State"
2814,20241210,"NY069025968A",0.858877035748921,"State"
2815,20241210,"NY071026328A",0.931511888439287,"State"
2816,20241210,"NY071027901A",0.947965087115005,"State"
2817,20241210,"NY071031518A",0.950138782062,"State"
2818,20241210,"NY075029114A",0.90850416346186,"State"
2825,20241210,"NY087022748A",0.970303982877972,"State"
2826,20241210,"NY089020818A",0.627629334849346,"State"
2827,20241210,"NY089029831A",0.93121091529278,"State"
2828,20241210,"NY099022365A",0.963013744440357,"State"
2829,20241210,"NY105030724A",0.933250844396883,"State"
2830,20241210,"NY109020958A",0.975186436143531,"State"
2831,20241210,"NY109026638A",0.769454569775608,"State"
2832,20241210,"NY111029351A",0.741631274454068,"State"
2833,20241211,"NY009027162A",0.776644483831054,"State"
2834,20241211,"NY013027961A",0.907935658629569,"State"
2835,20241211,"NY015035742A",0.868106878908471,"State"
2836,20241211,"NY015036986A",0.636591646323111,"State"
2837,20241211,"NY019022195A",0.899976590977494,"State"
2838,20241211,"NY025027154A",0.979701033341136,"State"
2839,20241211,"NY027026271A",0.932515132260977,"State"
2840,20241211,"NY031022969A",0.935357656422433,"State"
2841,20241211,"NY037030546A",0.932816105407484,"State"
2842,20241211,"NY045025151A",0.863592281710865,"State"
2843,20241211,"NY049020125A",0.838778717854396,"State"
2844,20241211,"NY055028231A",0.924288532923118,"State"
2845,20241211,"NY071024422A",0.918503160218038,"State"
2846,20241211,"NY071026310A",0.96615724174832,"State"
2847,20241211,"NY071026522A",0.949436511386817,"State"
2848,20241211,"NY075029106A",0.665384744005618,"State"
2849,20241211,"NY079031356A",0.967728990402301,"State"
2850,20241211,"NY087026051A",0.873323746781259,"State"
2851,20241211,"NY087028533A",0.952713774537672,"State"
2852,20241211,"NY089031194A",0.744774771762031,"State"
2853,20241211,"NY107029262A",0.933585259004113,"State"
2854,20241211,"NY109026638A",0.907066180650771,"State"
2855,20241211,"NY111029351A",0.950974818580076,"State"
2856,20241211,"NY111031208A",0.815169046583955,"State"
2857,20241211,"NY119026689A",0.952479684312611,"State"
2858,20241211,"NY119026697A",0.795438584757382,"State"
2859,20241211,"NY119100803A",0.769822425843561,"State"
2860,20241211,"NY123029726A",0.925358659666254,"State"
2861,20241212,"NY007024414C",0.760893555830519,"State"
2862,20241212,"NY011021903A",0.792796709360265,"State"
2863,20241212,"NY017021423A",0.926261579105775,"State"
2864,20241212,"NY019021831A",0.910276560880179,"State"
2865,20241212,"NY023027561A",0.965254322308798,"State"
2866,20241212,"NY025026531A",0.9078353342474,"State"
2867,20241212,"NY027025976A",0.938200180583888,"State"
2868,20241212,"NY033030376A",0.913353175266696,"State"
2869,20241212,"NY051032328A",0.979935123566197,"State"
2870,20241212,"NY055021610A",0.87833996588971,"State"
2871,20241212,"NY069023531A",0.883322743537438,"State"
2872,20241212,"NY071023680A",0.901548339631475,"State"
2873,20241212,"NY071026328A",0.657191586128482,"State"
2874,20241212,"NY071027901A",0.924723271912517,"State"
2875,20241212,"NY071031518A",0.975989031200883,"State"
2876,20241212,"NY087028533A",0.919707052804067,"State"
2877,20241212,"NY087028851A",0.802260642744875,"State"
2878,20241212,"NY087031895A",0.899909708056048,"State"
2879,20241212,"NY099033308A",0.871116610373541,"State"
2880,20241212,"NY101023906A",0.834498210881851,"State"
2881,20241212,"NY101025712A",0.937598234290874,"State"
2882,20241212,"NY117027171A",0.954519613416714,"State"
2883,20241213,"NY087026051A",0.937364144065813,"State"
2884,20241215,"NY029028436A",0.910544092565963,"State"
2885,20241215,"NY035026042A",0.882386382637194,"State"
2890,20241215,"NY055028339A",0.9434504899174,"State"
2891,20241215,"NY067027081A",0.811457044443701,"State"
2892,20241215,"NY067027596A",0.833762498745945,"State"
2893,20241215,"NY067027618A",0.963916663879878,"State"
2894,20241215,"NY067027723A",0.760358492458951,"State"
2895,20241215,"NY067030317A",0.905360666153898,"State"
2896,20241215,"NY067030571A",0.871016285991372,"State"
2900,20241215,"NY119026697A",0.966959836805672,"State"
2901,20241215,"NY119026701A",0.921646657526001,"State"
2902,20241215,"NY119026786A",0.927766444838311,"State"
2903,20241215,"NY119100803A",0.928401832592048,"State"
2904,20241215,"NY119108324A",0.705213523726716,"State"
2905,20241216,"NY013027961A",0.874092900377889,"State"
2906,20241216,"NY023027561A",0.912316489984282,"State"
2907,20241216,"NY027026255A",0.966190683209043,"State"
2908,20241216,"NY031021733A",0.929973581246029,"State"
2909,20241216,"NY055028231A",0.94545697756078,"State"
2910,20241216,"NY059026859A",0.771996120790556,"State"
2911,20241216,"NY063022331A",0.925291776744808,"State"
2912,20241216,"NY063026336A",0.793131123967495,"State"
2913,20241216,"NY063027057A",0.956893957128047,"State"
2914,20241216,"NY063027979A",0.956659866902986,"State"
2915,20241216,"NY065030864A",0.959468949603719,"State"
2916,20241216,"NY089020117A",0.870280573855466,"State"
2917,20241216,"NY089031194A",0.891382135571682,"State"
2918,20241217,"NY001025739A",0.950573521051399,"State"
2920,20241217,"NY007024414B",0.949336187004648,"State"
2921,20241217,"NY007024414C",0.947430023743437,"State"
2922,20241217,"NY011021903A",0.907367153797278,"State"
2923,20241217,"NY019021831A",0.90883857806909,"State"
2924,20241217,"NY019023949A",0.961910176236498,"State"
2925,20241217,"NY027149209A",0.949704043072601,"State"
2926,20241217,"NY029022136A",0.934387854061465,"State"
2927,20241217,"NY029025950B",0.94779787981139,"State"
2928,20241217,"NY029026395B",0.956626425442263,"State"
2929,20241217,"NY029026395C",0.960405310503963,"State"
2930,20241217,"NY029028410A",0.955556298699127,"State"
2931,20241217,"NY029095401A",0.909975587733672,"State"
2932,20241217,"NY031022187A",0.955188442631174,"State"
2938,20241217,"NY051030635A",0.90984182189078,"State"
2939,20241217,"NY053029807A",0.93422064675785,"State"
2940,20241217,"NY055021610A",0.953181954987794,"State"
2941,20241217,"NY055028339A",0.932782663946761,"State"
2942,20241217,"NY057020290A",0.672440892218172,"State"
2943,20241217,"NY059026620A",0.931277798214226,"State"
2944,20241217,"NY059026778A",0.962579005450958,"State"
2945,20241217,"NY059026999A",0.902885998060395,"State"
2948,20241217,"NY065021385A",0.945222887335719,"State"
2949,20241217,"NY065022110A",0.966123800287597,"State"
2950,20241217,"NY065030864A",0.970738721867371,"State"
2951,20241217,"NY067025461A",0.80687556432465,"State"
2952,20241217,"NY071023680A",0.852322509447213,"State"
2953,20241217,"NY071026310A",0.969066648831221,"State"
2954,20241217,"NY071026328A",0.931378122596395,"State"
2955,20241217,"NY071027901A",0.955021235327559,"State"
2956,20241217,"NY071031518A",0.968063405009531,"State"
2957,20241217,"NY073021873A",0.59161288165067,"State"
2958,20241217,"NY075029106A",0.941444002274019,"State"
2959,20241217,"NY075029114A",0.93833394642678,"State"
2960,20241217,"NY079022721A",0.900745744574123,"State"
2965,20241217,"NY083087971A",0.904089890646423,"State"
2968,20241217,"NY087022748A",0.919707052804067,"State"
2969,20241217,"NY089029831A",0.871484466441494,"State"
2970,20241217,"NY089236586A",0.884727284887804,"State"
2971,20241217,"NY093020516A",0.767983145503796,"State"
2972,20241217,"NY099022365A",0.967528341637963,"State"
2973,20241217,"NY103024881A",0.878808146339832,"State"
2974,20241217,"NY103079324A",0.912918436277297,"State"
2975,20241217,"NY103104809A",0.756579607397251,"State"
2976,20241217,"NY105030724A",0.951610206333813,"State"
2977,20241217,"NY111029351A",0.885295789720095,"State"
2978,20241217,"NY117029475A",0.957863759489014,"State"
2979,20241217,"NY121021504A",0.94813229441862,"State"
2980,20241218,"NY007027669A",0.692372002809083,"State"
2981,20241218,"NY013027961A",0.801056750158847,"State"
2982,20241218,"NY013106895A",0.882486707019363,"State"
2983,20241218,"NY015035742A",0.879209443868508,"State"
2984,20241218,"NY015036986A",0.871150051834264,"State"
2985,20241218,"NY019022195A",0.963481924890479,"State"
2986,20241218,"NY019026018A",0.9610406982577,"State"
2987,20241218,"NY025027154A",0.958900444771428,"State"
2988,20241218,"NY027026255A",0.909340199979935,"State"
2989,20241218,"NY031021733A",0.928033976524095,"State"
2990,20241218,"NY031022969A",0.957863759489014,"State"
2991,20241218,"NY031036706A",0.683643781560379,"State"
2992,20241218,"NY051024449A",0.711734608567702,"State"
2993,20241218,"NY055028231A",0.924054442698057,"State"
2994,20241218,"NY059023523A",0.983011737952714,"State"
2995,20241218,"NY059026859A",0.892686352539879,"State"
2996,20241218,"NY063027774A",0.691836939437515,"State"
2997,20241218,"NY071022144A",0.942413804634986,"State"
2998,20241218,"NY071024422A",0.954318964652376,"State"
2999,20241218,"NY071026310A",0.964919907701568,"State"
3000,20241218,"NY071026522A",0.972878975353643,"State"
3001,20241218,"NY071030490A",0.979767916262582,"State"
3002,20241218,"NY075029106A",0.933652141925559,"State"
3003,20241218,"NY075029114A",0.908905460990536,"State"
3004,20241218,"NY079031356A",0.97595558974016,"State"
3005,20241218,"NY083026034A",0.916262582349597,"State"
3006,20241218,"NY087028533A",0.964485168712169,"State"
3007,20241218,"NY087270598A",0.857271845634217,"State"
3008,20241218,"NY089020117A",0.918101862689362,"State"
3009,20241218,"NY089031194A",0.941444002274019,"State"
3010,20241218,"NY095024201A",0.898873022773635,"State"
3011,20241218,"NY103080683A",0.962344915225897,"State"
3012,20241218,"NY105022454A",0.923552820787212,"State"
3013,20241218,"NY109020958A",0.638832224191553,"State"
3014,20241218,"NY109026638A",0.631241012607431,"State"
3015,20241218,"NY111029351A",0.908872019529813,"State"
3016,20241218,"NY111030082A",0.933585259004113,"State"
3017,20241218,"NY117027171A",0.963114068822526,"State"
3018,20241218,"NY119026689A",0.967461458716517,"State"
3019,20241218,"NY119026697A",0.907400595258001,"State"
3020,20241218,"NY119026701A",0.978363374912216,"State"
3021,20241218,"NY119026786A",0.929237869110123,"State"
3022,20241218,"NY119100803A",0.729792997358125,"State"
3023,20241218,"NY119108324A",0.941845299802695,"State"
3024,20241219,"NY007024414B",0.952011503862489,"State"
3025,20241219,"NY007024414C",0.965020232083737,"State"
3026,20241219,"NY009027162A",0.930642410460489,"State"
3027,20241219,"NY011021903A",0.942547570477879,"State"
3028,20241219,"NY017021423A",0.88001203892586,"State"
3029,20241219,"NY027025976A",0.708323579573956,"State"
3030,20241219,"NY029022543A",0.731431628933552,"State"
3031,20241219,"NY033030376A",0.952345918469719,"State"
3032,20241219,"NY041026484A",0.783968163729392,"State"
3033,20241219,"NY051032328A",0.964552051633615,"State"
3034,20241219,"NY053026956A",0.743738086479617,"State"
3035,20241219,"NY055021610A",0.946828077450423,"State"
3036,20241219,"NY057020290A",0.957027722970939,"State"
3037,20241219,"NY059020567A",0.953181954987794,"State"
3038,20241219,"NY059026620A",0.905394107614621,"State"
3039,20241219,"NY059026778A",0.955522857238404,"State"
3040,20241219,"NY059026841A",0.97461793131124,"State"
3041,20241219,"NY059026999A",0.974049426478949,"State"
3042,20241219,"NY065025780C",0.958632913085644,"State"
3043,20241219,"NY065036790A",0.940908938902451,"State"
3044,20241219,"NY069023531A",0.961107581179146,"State"
3045,20241219,"NY071023680A",0.967695548941578,"State"
3046,20241219,"NY071026328A",0.966759188041334,"State"
3047,20241219,"NY071027901A",0.956526101060094,"State"
3048,20241219,"NY071031518A",0.971875731531953,"State"
3049,20241219,"NY077031151A",0.971976055914122,"State"
3050,20241219,"NY087028533A",0.944018994749691,"State"
3051,20241219,"NY087028851A",0.907467478179447,"State"
3052,20241219,"NY087031895A",0.944988797110658,"State"
3053,20241219,"NY089020818A",0.969233856134836,"State"
3054,20241219,"NY089236586A",0.909908704812226,"State"
3055,20241219,"NY093020516A",0.883690599605391,"State"
3056,20241219,"NY099033308A",0.947496906664883,"State"
3057,20241219,"NY101021431A",0.918904457746714,"State"
3058,20241219,"NY101023906A",0.873022773634752,"State"
3059,20241219,"NY101025712A",0.918034979767916,"State"
3060,20241219,"NY103104809A",0.935859278333278,"State"
3061,20241220,"NY023027561A",0.956693308363709,"State"
3063,20241222,"NY029028436A",0.90037788850617,"State"
3069,20241222,"NY055028339A",0.951743972176705,"State"
3072,20241222,"NY063022331A",0.885864294552386,"State"
3073,20241222,"NY067027081A",0.948266060261512,"State"
3074,20241222,"NY067027723A",0.963682573654817,"State"
3075,20241222,"NY075029114A",0.883255860615992,"State"
3082,20241222,"NY119026697A",0.946660870146808,"State"
3083,20241222,"NY119026786A",0.955121559709728,"State"
3084,20241222,"NY119100803A",0.919707052804067,"State"
3085,20241222,"NY119108324A",0.886834096913353,"State"
3086,20241223,"NY001025739A",0.881951643647795,"State"
3087,20241223,"NY001026867A",0.953282279369963,"State"
3088,20241223,"NY001026875A",0.902986322442564,"State"
3089,20241223,"NY007027669A",0.959335183760827,"State"
3090,20241223,"NY013027961A",0.721900812627496,"State"
3091,20241223,"NY023027561A",0.935290773500987,"State"
3092,20241223,"NY027026255A",0.969434504899174,"State"
3093,20241223,"NY035026042A",0.93455506136508,"State"
3094,20241223,"NY043036528A",0.97328027288232,"State"
3095,20241223,"NY045025984A",0.663144166137177,"State"
3096,20241223,"NY045025984B",0.891214928268067,"State"
3097,20241223,"NY051024449A",0.969668595124235,"State"
3098,20241223,"NY055028231A",0.916530114035381,"State"
3099,20241223,"NY057020290A",0.943952111828245,"State"
3100,20241223,"NY059026450A",0.968029963548808,"State"
3101,20241223,"NY059026859A",0.959101093535766,"State"
3102,20241223,"NY063026336A",0.968765675684714,"State"
3103,20241223,"NY063027979A",0.977092599404742,"State"
3104,20241223,"NY071026310A",0.940373875530883,"State"
3105,20241223,"NY075029106A",0.966056917366151,"State"
3106,20241223,"NY083087971A",0.947764438350667,"State"
3107,20241223,"NY087022748A",0.985051667056817,"State"
3108,20241223,"NY087031895A",0.894860047486874,"State"
3109,20241223,"NY089020117A",0.924656388991071,"State"
3110,20241223,"NY089031194A",0.952178711166104,"State"
3111,20241223,"NY091028240A",0.877069190382236,"State"
3112,20241223,"NY103076988A",0.890947396582283,"State"
3113,20241223,"NY103080683A",0.907701568404508,"State"
3114,20241223,"NY103104809A",0.889509413771194,"State"
3115,20241223,"NY103206644A",0.971942614453399,"State"
3116,20241223,"NY105024520A",0.88379092398756,"State"
3117,20241224,"NY001022225A",0.960773166571916,"State"
3118,20241224,"NY013027570A",0.684680466842792,"State"
3119,20241224,"NY029022543A",0.942581011938601,"State"
3120,20241224,"NY029025950B",0.958131291174799,"State"
3121,20241224,"NY029026395B",0.941143029127512,"State"
3122,20241224,"NY029026395C",0.872119854195231,"State"
3123,20241224,"NY029032093A",0.842791693141156,"State"
3124,20241224,"NY029095401A",0.969768919506404,"State"
3125,20241224,"NY055021610A",0.9254255425877,"State"
3126,20241224,"NY055026794A",0.947062167675484,"State"
3127,20241224,"NY055028339A",0.972578002207136,"State"
3128,20241224,"NY059023523A",0.91017623649801,"State"
3129,20241224,"NY059026620A",0.824332006822058,"State"
3130,20241224,"NY059026778A",0.965354646690967,"State"
3131,20241224,"NY059026841A",0.699929772932482,"State"
3132,20241224,"NY059026859A",0.913520382570311,"State"
3133,20241224,"NY089020818A",0.832759254924255,"State"
3134,20241224,"NY089236586A",0.962278032304451,"State"
3135,20241224,"NY091028240A",0.797879811390162,"State"
3136,20241224,"NY093020516A",0.950506638129954,"State"
3137,20241224,"NY101023906A",0.783734073504331,"State"
3138,20241224,"NY103024881A",0.831555362338227,"State"
3139,20241224,"NY103065358A",0.946694311607531,"State"
3140,20241224,"NY103079324A",0.977794870079925,"State"
3141,20241224,"NY103104809A",0.945624184864395,"State"
3142,20241224,"NY113094366A",0.912216165602113,"State"
3143,20241224,"NY121021504A",0.962746212754573,"State"
3144,20241225,"NY013027961A",0.804835635220546,"State"
3145,20241225,"NY055028231A",0.956191686452864,"State"
3146,20241225,"NY119026689A",0.960171220278902,"State"
3147,20241225,"NY119026697A",0.960204661739625,"State"
3148,20241225,"NY119026701A",0.964652376015784,"State"
3149,20241225,"NY119100803A",0.958164732635521,"State"
3150,20241226,"NY001025739A",0.952747215998395,"State"
3151,20241226,"NY007024414B",0.975086111761362,"State"
3152,20241226,"NY007027669A",0.95759622780323,"State"
3153,20241226,"NY009027162A",0.909641173126442,"State"
3154,20241226,"NY011021903A",0.956091362070695,"State"
3155,20241226,"NY013106895A",0.899341203223757,"State"
3156,20241226,"NY019021831A",0.925525866969869,"State"
3157,20241226,"NY019022195A",0.904156773567869,"State"
3158,20241226,"NY023027561A",0.870949403069926,"State"
3159,20241226,"NY031021733A",0.888740260174564,"State"
3160,20241226,"NY031022187A",0.970972812092432,"State"
3161,20241226,"NY033030376A",0.763936728756312,"State"
3162,20241226,"NY045025151A",0.940373875530883,"State"
3163,20241226,"NY045025984A",0.924589506069625,"State"
3164,20241226,"NY051032328A",0.955054676788282,"State"
3165,20241226,"NY055021610A",0.885864294552386,"State"
3166,20241226,"NY057020290A",0.937899207437381,"State"
3167,20241226,"NY059020567A",0.969668595124235,"State"
3168,20241226,"NY059026620A",0.970671838945925,"State"
3169,20241226,"NY059026841A",0.910945390094639,"State"
3170,20241226,"NY065025780B",0.951442999030198,"State"
3171,20241226,"NY065025780C",0.970872487710263,"State"
3172,20241226,"NY065036790A",0.919773935725512,"State"
3173,20241226,"NY071026522A",0.972343911982075,"State"
3174,20241226,"NY071031518A",0.967528341637963,"State"
3175,20241226,"NY077031151A",0.935257332040264,"State"
3176,20241226,"NY083026034A",0.946961843293315,"State"
3177,20241226,"NY083087971A",0.783466541818547,"State"
3178,20241226,"NY087026051A",0.882988328930208,"State"
3179,20241226,"NY087028533A",0.935524863726048,"State"
3180,20241226,"NY087028851A",0.969668595124235,"State"
3181,20241226,"NY087031895A",0.92786676922048,"State"
3182,20241226,"NY089020818A",0.963816339497709,"State"
3183,20241226,"NY089031194A",0.956960840049493,"State"
3184,20241226,"NY089236586A",0.963180951743972,"State"
3185,20241226,"NY093020516A",0.913052202120189,"State"
3186,20241226,"NY097271942A",0.76279971909173,"State"
3187,20241226,"NY099033308A",0.951710530715982,"State"
3188,20241226,"NY103020061A",0.728923519379327,"State"
3189,20241226,"NY103079324A",0.978229609069324,"State"
3190,20241226,"NY103104809A",0.893957128047353,"State"
3191,20241226,"NY107029262A",0.935324214961709,"State"
3192,20241226,"NY115024929A",0.880078921847306,"State"
3193,20241226,"NY115183695A",0.959335183760827,"State"
3194,20241226,"NY117027171A",0.93565862956894,"State"
3195,20241227,"NY059026450A",0.98475069391031,"State"
3196,20241227,"NY087026051A",0.960004012975287,"State"
3198,20241229,"NY029028436A",0.865197471825569,"State"
3204,20241229,"NY055028339A",0.964552051633615,"State"
3207,20241229,"NY063022331A",0.939838812159315,"State"
3208,20241229,"NY067027081A",0.961910176236498,"State"
3209,20241229,"NY067027596A",0.969334180517005,"State"
3210,20241229,"NY067027618A",0.928569039895663,"State"
3211,20241229,"NY067027723A",0.965655619837474,"State"
3212,20241229,"NY067030317A",0.957429020499615,"State"
3213,20241229,"NY067030571A",0.963649132194094,"State"
3220,20241229,"NY119026689A",0.962746212754573,"State"
3221,20241229,"NY119026697A",0.946828077450423,"State"
3222,20241229,"NY119026701A",0.943216399692339,"State"
3223,20241229,"NY119026719A",0.931980068889409,"State"
3224,20241229,"NY119026786A",0.953683576898639,"State"
3225,20241229,"NY119100803A",0.960773166571916,"State"
3226,20241229,"NY119108324A",0.933384610239775,"State"
3227,20241230,"NY001025739A",0.939738487777146,"State"
3228,20241230,"NY001026867A",0.923452496405043,"State"
3229,20241230,"NY001026875A",0.827542387051466,"State"
3230,20241230,"NY013027961A",0.873457512624151,"State"
3231,20241230,"NY023027561A",0.96649165635555,"State"
3232,20241230,"NY027026255A",0.881316255894057,"State"
3233,20241230,"NY027149209A",0.961609203089991,"State"
3234,20241230,"NY031021733A",0.93422064675785,"State"
3235,20241230,"NY031036706A",0.851754004614922,"State"
3236,20241230,"NY043036528A",0.834899508410527,"State"
3237,20241230,"NY045025984A",0.896164264455071,"State"
3238,20241230,"NY045025984B",0.951777413637428,"State"
3239,20241230,"NY055028231A",0.895395110858442,"State"
3240,20241230,"NY063026336A",0.947597231047052,"State"
3241,20241230,"NY065025780B",0.968464702538207,"State"
3242,20241230,"NY065025780C",0.976758184797512,"State"
3243,20241230,"NY065030864A",0.975086111761362,"State"
3244,20241230,"NY071026310A",0.966056917366151,"State"
3245,20241230,"NY083087971A",0.950406313747785,"State"
3246,20241230,"NY087022748A",0.977861753001371,"State"
3247,20241230,"NY087026051A",0.948700799250911,"State"
3248,20241230,"NY087031895A",0.870982844530649,"State"
3249,20241230,"NY089020117A",0.913119085041635,"State"
3250,20241230,"NY089031194A",0.955188442631174,"State"
3251,20241230,"NY091028240A",0.933852790689897,"State"
3252,20241230,"NY113029050A",0.974517606929071,"State"
3253,20241230,"NY121021504A",0.947329699361268,"State"
3254,20241231,"NY001022225A",0.861117613617363,"State"
3255,20241231,"NY007024414B",0.900678861652677,"State"
3256,20241231,"NY007024414C",0.967127044109287,"State"
3257,20241231,"NY011021903A",0.96538808815169,"State"
3258,20241231,"NY029022136A",0.951944620941043,"State"
3259,20241231,"NY029022543A",0.94545697756078,"State"
3260,20241231,"NY029025950B",0.933719024847005,"State"
3261,20241231,"NY029026395B",0.955489415777681,"State"
3262,20241231,"NY029026395C",0.937798883055212,"State"
3263,20241231,"NY029095401A",0.951509881951644,"State"
3264,20241231,"NY055021610A",0.936427783165569,"State"
3265,20241231,"NY055028339A",0.922783667190583,"State"
3266,20241231,"NY057020290A",0.949770925994047,"State"
3267,20241231,"NY059026859A",0.955389091395512,"State"
3268,20241231,"NY071026328A",0.890546099053607,"State"
3269,20241231,"NY071030490A",0.935257332040264,"State"
3270,20241231,"NY071031518A",0.836103400996556,"State"
3271,20241231,"NY087028533A",0.961408554325653,"State"
3272,20241231,"NY087270598A",0.933953115072066,"State"
3273,20241231,"NY089236586A",0.948600474868742,"State"
3274,20241231,"NY091028240A",0.958766678928536,"State"
3275,20241231,"NY101021431A",0.627194595859947,"State"
3276,20241231,"NY101023906A",0.908403839079691,"State"
3277,20241231,"NY111031208A",0.964919907701568,"State"
3278,20241231,"NY113094366A",0.945590743403672,"State"
3279,20250101,"NY041026484A",0.913119085041635,"State"
3280,20250101,"NY055028231A",0.936561549008461,"State"
3281,20250101,"NY119026689A",0.878440290271879,"State"
3282,20250101,"NY119100803A",0.881182490051165,"State"
3283,20250102,"NY001025739A",0.949603718690432,"State"
3284,20250102,"NY007024414B",0.926529110791559,"State"
3285,20250102,"NY007024414C",0.929639166638799,"State"
3286,20250102,"NY007027669A",0.800153830719326,"State"
3287,20250102,"NY009027162A",0.929003778885062,"State"
3288,20250102,"NY011021903A",0.946092365314517,"State"
3289,20250102,"NY013106895A",0.878841587800555,"State"
3290,20250102,"NY017021423A",0.958164732635521,"State"
3291,20250102,"NY019021831A",0.96682607096278,"State"
3292,20250102,"NY019022195A",0.973380597264489,"State"
3293,20250102,"NY023027561A",0.942748219242217,"State"
3294,20250102,"NY029028410A",0.953482928134301,"State"
3295,20250102,"NY031022187A",0.955021235327559,"State"
3296,20250102,"NY031022969A",0.884192221516236,"State"
3297,20250102,"NY033030376A",0.906029495368358,"State"
3298,20250102,"NY049020125A",0.636324114637327,"State"
3299,20250102,"NY051032328A",0.887904223656489,"State"
3300,20250102,"NY053026956A",0.921379125840217,"State"
3301,20250102,"NY055021610A",0.928569039895663,"State"
3302,20250102,"NY057020290A",0.974918904457747,"State"
3303,20250102,"NY059026620A",0.972243587599906,"State"
3304,20250102,"NY059026841A",0.795940206668227,"State"
3305,20250102,"NY059026999A",0.971273785238939,"State"
3306,20250102,"NY063027979A",0.957328696117446,"State"
3307,20250102,"NY065025780B",0.946426779921747,"State"
3308,20250102,"NY065025780C",0.940875497441728,"State"
3309,20250102,"NY065036790A",0.908035983011738,"State"
3310,20250102,"NY071027901A",0.948901448015249,"State"
3311,20250102,"NY071031518A",0.91863692606093,"State"
3312,20250102,"NY075029106A",0.964552051633615,"State"
3313,20250102,"NY075029114A",0.964150754104939,"State"
3314,20250102,"NY077031151A",0.94579139216801,"State"
3315,20250102,"NY079031356A",0.906598000200649,"State"
3316,20250102,"NY083026034A",0.944955355649935,"State"
3317,20250102,"NY087028851A",0.956693308363709,"State"
3318,20250102,"NY087031895A",0.861284820920978,"State"
3319,20250102,"NY089020818A",0.947062167675484,"State"
3320,20250102,"NY089236586A",0.875163027121025,"State"
3321,20250102,"NY097271942A",0.82068688760325,"State"
3322,20250102,"NY099033308A",0.944587499581982,"State"
3323,20250102,"NY101023906A",0.901849312777982,"State"
3324,20250102,"NY103020061A",0.915928167742367,"State"
3325,20250102,"NY107029262A",0.950540079590677,"State"
3326,20250102,"NY109020958A",0.672775306825402,"State"
3327,20250102,"NY109026638A",0.957562786342507,"State"
3328,20250102,"NY113029050A",0.960840049493362,"State"
3329,20250102,"NY115183695A",0.966458214894827,"State"
3330,20250102,"NY117027171A",0.96538808815169,"State"
3331,20250103,"NY045025984A",0.78617530013711,"State"
3332,20250103,"NY059026450A",0.911747985151991,"State"
3333,20250103,"NY071024422A",0.950105340601277,"State"
3334,20250103,"NY071026310A",0.971206902317493,"State"
3343,20250105,"NY067027081A",0.95224559408755,"State"
3344,20250105,"NY067027596A",0.895395110858442,"State"
3345,20250105,"NY067027618A",0.967193927030733,"State"
3346,20250105,"NY067027723A",0.973848777714611,"State"
3347,20250105,"NY067030317A",0.924355415844564,"State"
3348,20250105,"NY067030571A",0.945624184864395,"State"
3355,20250105,"NY119026689A",0.876901983078621,"State"
3356,20250105,"NY119026697A",0.923352172022874,"State"
3357,20250105,"NY119026719A",0.889375647928301,"State"
3358,20250105,"NY119026786A",0.926729759555897,"State"
3359,20250105,"NY119100803A",0.974484165468348,"State"
3360,20250105,"NY119108324A",0.962645888372404,"State"
3361,20250106,"NY001026867A",0.962879978597465,"State"
3362,20250106,"NY001026875A",0.970939370631709,"State"
3363,20250106,"NY019026018A",0.930608968999766,"State"
3364,20250106,"NY023027561A",0.966625422198442,"State"
3365,20250106,"NY035026042A",0.68722201785774,"State"
3366,20250106,"NY043036528A",0.812092432197438,"State"
3367,20250106,"NY059026450A",0.909774938969334,"State"
3368,20250106,"NY059026859A",0.895361669397719,"State"
3369,20250106,"NY063026336A",0.946359897000301,"State"
3370,20250106,"NY063027057A",0.94545697756078,"State"
3371,20250106,"NY063027979A",0.944420292278367,"State"
3372,20250106,"NY065025780B",0.969668595124235,"State"
3373,20250106,"NY065025780C",0.97328027288232,"State"
3374,20250106,"NY089031194A",0.960472193425409,"State"
3375,20250106,"NY103065358A",0.887636691970705,"State"
3376,20250106,"NY113029050A",0.973414038725211,"State"
3377,20250107,"NY001025739A",0.95903421061432,"State"
3379,20250107,"NY007024414B",0.939036217101963,"State"
3380,20250107,"NY007027669A",0.954017991505869,"State"
3381,20250107,"NY011021903A",0.959067652075043,"State"
3382,20250107,"NY013027570A",0.874126341838611,"State"
3383,20250107,"NY019021831A",0.944654382503428,"State"
3384,20250107,"NY019023949A",0.740728355014547,"State"
3385,20250107,"NY029022136A",0.961107581179146,"State"
3386,20250107,"NY029022543A",0.938267063505334,"State"
3387,20250107,"NY029025950B",0.939437514630639,"State"
3388,20250107,"NY029026395B",0.955088118249005,"State"
3389,20250107,"NY029026395C",0.948834565093803,"State"
3390,20250107,"NY029028410A",0.933451493161221,"State"
3391,20250107,"NY029028436A",0.915560311674414,"State"
3392,20250107,"NY029095401A",0.945189445874996,"State"
3393,20250107,"NY031022187A",0.952613450155503,"State"
3399,20250107,"NY051024384A",0.907266829415109,"State"
3400,20250107,"NY051030635A",0.949837808915493,"State"
3401,20250107,"NY053021539A",0.962110825000836,"State"
3402,20250107,"NY055028339A",0.782864595525533,"State"
3403,20250107,"NY057020290A",0.904491188175099,"State"
3404,20250107,"NY059026620A",0.962445239608066,"State"
3405,20250107,"NY059026841A",0.93121091529278,"State"
3406,20250107,"NY059026999A",0.901213925024245,"State"
3409,20250107,"NY065021377A",0.945590743403672,"State"
3410,20250107,"NY065021385A",0.939771929237869,"State"
3411,20250107,"NY065022110A",0.902016520081597,"State"
3412,20250107,"NY065030864A",0.831488479416781,"State"
3413,20250107,"NY067025461A",0.946159248235963,"State"
3414,20250107,"NY069025968A",0.952847540380564,"State"
3415,20250107,"NY071026328A",0.975453967829315,"State"
3416,20250107,"NY071027901A",0.966123800287597,"State"
3417,20250107,"NY073021873A",0.624719927766445,"State"
3418,20250107,"NY075020257A",0.879844831622245,"State"
3419,20250107,"NY075029106A",0.814834631976725,"State"
3424,20250107,"NY083087971A",0.964418285790723,"State"
3427,20250107,"NY089020818A",0.950540079590677,"State"
3428,20250107,"NY091028240A",0.963883222419155,"State"
3429,20250107,"NY093020516A",0.983847774470789,"State"
3430,20250107,"NY099022365A",0.980603952780657,"State"
3431,20250107,"NY101021431A",0.889208440624687,"State"
3432,20250107,"NY101023906A",0.931612212821456,"State"
3433,20250107,"NY101025712A",0.817476507373842,"State"
3434,20250107,"NY103104809A",0.882921446008762,"State"
3435,20250107,"NY103206644A",0.928803130120724,"State"
3436,20250107,"NY105030724A",0.936594990469184,"State"
3437,20250107,"NY109020958A",0.95291442330201,"State"
3438,20250107,"NY109026638A",0.908437280540414,"State"
3439,20250107,"NY111029351A",0.925258335284085,"State"
3440,20250107,"NY113094366A",0.973046182657259,"State"
3441,20250107,"NY117029475A",0.951677089255259,"State"
3442,20250107,"NY121021504A",0.978363374912216,"State"
3443,20250108,"NY001022225A",0.929906698324583,"State"
3444,20250108,"NY013027961A",0.857204962712771,"State"
3445,20250108,"NY013106895A",0.849078687757081,"State"
3446,20250108,"NY015035742A",0.907434036718724,"State"
3447,20250108,"NY015036986A",0.900511654349062,"State"
3448,20250108,"NY019022195A",0.974651372771963,"State"
3449,20250108,"NY025027154A",0.895194462094104,"State"
3450,20250108,"NY031022969A",0.976557536033174,"State"
3451,20250108,"NY031036706A",0.945189445874996,"State"
3452,20250108,"NY041026484A",0.972076380296291,"State"
3453,20250108,"NY043036528A",0.959870247132395,"State"
3454,20250108,"NY049020125A",0.889174999163963,"State"
3455,20250108,"NY051024449A",0.92575995719493,"State"
3456,20250108,"NY055026794A",0.930675851921212,"State"
3457,20250108,"NY055028231A",0.950606962512123,"State"
3458,20250108,"NY059023523A",0.881550346119119,"State"
3459,20250108,"NY059026450A",0.950038457679831,"State"
3460,20250108,"NY059026859A",0.789653212052302,"State"
3461,20250108,"NY063027774A",0.933050195632545,"State"
3462,20250108,"NY063030651A",0.950807611276461,"State"
3463,20250108,"NY075026301A",0.965622178376751,"State"
3464,20250108,"NY083026034A",0.915225897067184,"State"
3465,20250108,"NY083087971A",0.959870247132395,"State"
3466,20250108,"NY089020117A",0.897334715580377,"State"
3467,20250108,"NY095024201A",0.839614754372471,"State"
3468,20250108,"NY101021431A",0.711868374410594,"State"
3469,20250108,"NY103076988A",0.940875497441728,"State"
3470,20250108,"NY103080683A",0.706484299234191,"State"
3471,20250108,"NY107029262A",0.870681871384142,"State"
3472,20250108,"NY109026638A",0.957629669263953,"State"
3473,20250108,"NY111029351A",0.972745209510751,"State"
3474,20250108,"NY119026689A",0.953014747684179,"State"
3475,20250108,"NY119026697A",0.913119085041635,"State"
3476,20250108,"NY119026786A",0.957529344881784,"State"
3477,20250108,"NY119108324A",0.916128816506705,"State"
3478,20250109,"NY001025739A",0.968765675684714,"State"
3479,20250109,"NY007024414B",0.885630204327325,"State"
3480,20250109,"NY009027162A",0.757950707286894,"State"
3481,20250109,"NY011021903A",0.889342206467579,"State"
3482,20250109,"NY017021423A",0.954352406113099,"State"
3483,20250109,"NY029032093A",0.931043707989165,"State"
3484,20250109,"NY033030376A",0.959636156907334,"State"
3485,20250109,"NY055021610A",0.959502391064442,"State"
3486,20250109,"NY059020567A",0.935859278333278,"State"
3487,20250109,"NY059026620A",0.949001772397418,"State"
3488,20250109,"NY059026841A",0.875530883188978,"State"
3489,20250109,"NY059026999A",0.916596996956827,"State"
3490,20250109,"NY065025780B",0.947062167675484,"State"
3491,20250109,"NY065025780C",0.935457980804602,"State"
3492,20250109,"NY071026328A",0.963682573654817,"State"
3493,20250109,"NY077031151A",0.966759188041334,"State"
3494,20250109,"NY087026051A",0.807611276460556,"State"
3495,20250109,"NY087028533A",0.966859512423503,"State"
3496,20250109,"NY087028851A",0.938166739123165,"State"
3497,20250109,"NY089020818A",0.90649767581848,"State"
3498,20250109,"NY089236586A",0.960438751964686,"State"
3499,20250109,"NY091028240A",0.965020232083737,"State"
3500,20250109,"NY093020516A",0.864929940139785,"State"
3501,20250109,"NY099033308A",0.715279403404341,"State"
3502,20250109,"NY101025712A",0.655552954553055,"State"
3503,20250109,"NY103079324A",0.915827843360198,"State"
3504,20250109,"NY103104809A",0.827074206601344,"State"
3505,20250109,"NY113029050A",0.966257566130489,"State"
3506,20250109,"NY115024929A",0.935023241815202,"State"
3507,20250109,"NY115183695A",0.976825067718958,"State"
3508,20250109,"NY119026701A",0.970237099956526,"State"
3509,20250110,"NY071031518A",0.942848543624386,"State"
3510,20250110,"NY087026051A",0.943015750928,"State"
3512,20250112,"NY045025984A",0.940908938902451,"State"
3517,20250112,"NY055028339A",0.959167976457212,"State"
3519,20250112,"NY067027596A",0.902618466374611,"State"
3520,20250112,"NY067027618A",0.956659866902986,"State"
3521,20250112,"NY067027723A",0.941510885195465,"State"
3522,20250112,"NY067030317A",0.956659866902986,"State"
3529,20250112,"NY089020117A",0.789887302277363,"State"
3530,20250112,"NY119026689A",0.935056683275926,"State"
3531,20250112,"NY119026697A",0.933284285857606,"State"
3532,20250112,"NY119026701A",0.962144266461559,"State"
3533,20250112,"NY119026786A",0.951777413637428,"State"
3534,20250112,"NY119100803A",0.927131057084573,"State"
3535,20250112,"NY119108324A",0.930843059224827,"State"
3536,20250113,"NY013027961A",0.807611276460556,"State"
3537,20250113,"NY023027561A",0.944855031267766,"State"
3538,20250113,"NY031021733A",0.912416814366452,"State"
3539,20250113,"NY035026042A",0.929037220345785,"State"
3540,20250113,"NY055028231A",0.931612212821456,"State"
3541,20250113,"NY059026859A",0.894191218272414,"State"
3542,20250113,"NY063026336A",0.943383606995954,"State"
3543,20250113,"NY065025780B",0.973213389960873,"State"
3544,20250113,"NY065025780C",0.954352406113099,"State"
3545,20250113,"NY065030864A",0.853225428886734,"State"
3546,20250113,"NY089020117A",0.937765441594489,"State"
3547,20250113,"NY089031194A",0.94646022138247,"State"
3548,20250113,"NY103104809A",0.79664247734341,"State"
3549,20250113,"NY113029050A",0.945423536100057,"State"
3550,20250114,"NY001026867A",0.926863525398789,"State"
3551,20250114,"NY001026875A",0.964251078487108,"State"
3553,20250114,"NY007024414C",0.946761194528977,"State"
3554,20250114,"NY009027162A",0.915794401899475,"State"
3555,20250114,"NY011021903A",0.968932882988329,"State"
3556,20250114,"NY013021334A",0.843092666287663,"State"
3557,20250114,"NY013027570A",0.701434638665017,"State"
3558,20250114,"NY019023949A",0.937698558673043,"State"
3559,20250114,"NY029022136A",0.956893957128047,"State"
3560,20250114,"NY029025950B",0.842089422465973,"State"
3561,20250114,"NY029026395B",0.960539076346855,"State"
3562,20250114,"NY029026395C",0.955322208474066,"State"
3563,20250114,"NY029028410A",0.966959836805672,"State"
3564,20250114,"NY029095401A",0.929137544727954,"State"
3565,20250114,"NY031022187A",0.956793632745878,"State"
3566,20250114,"NY037026514A",0.890044477142762,"State"
3567,20250114,"NY041026484A",0.951376116108752,"State"
3573,20250114,"NY051024384A",0.9467946359897,"State"
3574,20250114,"NY053021539A",0.956659866902986,"State"
3575,20250114,"NY053029807A",0.95592415476708,"State"
3576,20250114,"NY055021610A",0.963114068822526,"State"
3577,20250114,"NY055028339A",0.942146272949202,"State"
3578,20250114,"NY057020290A",0.914590509313447,"State"
3579,20250114,"NY059026778A",0.898170752098452,"State"
3580,20250114,"NY059026841A",0.725345283081965,"State"
3581,20250114,"NY059026999A",0.787078219576631,"State"
3584,20250114,"NY065022110A",0.612781326288332,"State"
3585,20250114,"NY065030864A",0.926896966859512,"State"
3586,20250114,"NY067025461A",0.969969568270742,"State"
3587,20250114,"NY069025968A",0.927532354613249,"State"
3588,20250114,"NY071023680A",0.754606561214594,"State"
3589,20250114,"NY071026310A",0.938568036651841,"State"
3590,20250114,"NY071026328A",0.844931946627429,"State"
3591,20250114,"NY071027901A",0.904925927164499,"State"
3592,20250114,"NY071031518A",0.799250911279805,"State"
3593,20250114,"NY075029106A",0.967896197705916,"State"
3598,20250114,"NY083087971A",0.96137511286493,"State"
3600,20250114,"NY087022748A",0.898806139852189,"State"
3601,20250114,"NY089020818A",0.961107581179146,"State"
3602,20250114,"NY089029831A",0.953884225662977,"State"
3603,20250114,"NY089236586A",0.948667357790188,"State"
3604,20250114,"NY099022365A",0.954519613416714,"State"
3605,20250114,"NY101021431A",0.818178778049025,"State"
3606,20250114,"NY103021750A",0.791392168009899,"State"
3607,20250114,"NY103024881A",0.882152292412133,"State"
3608,20250114,"NY103079324A",0.870815637227034,"State"
3609,20250114,"NY109020958A",0.958164732635521,"State"
3610,20250114,"NY109026638A",0.916530114035381,"State"
3611,20250114,"NY111029351A",0.889676621074808,"State"
3612,20250114,"NY117029475A",0.942781660702939,"State"
3613,20250114,"NY119026719A",0.947730996889944,"State"
3614,20250115,"NY007027669A",0.968063405009531,"State"
3615,20250115,"NY013027961A",0.945256328796442,"State"
3616,20250115,"NY015035742A",0.944152760592583,"State"
3617,20250115,"NY015036986A",0.951978062401766,"State"
3618,20250115,"NY019021831A",0.955322208474066,"State"
3619,20250115,"NY025027154A",0.967093602648564,"State"
3620,20250115,"NY027026255A",0.963548807811925,"State"
3621,20250115,"NY031021733A",0.961107581179146,"State"
3622,20250115,"NY031036706A",0.950807611276461,"State"
3623,20250115,"NY037020907A",0.711567401264087,"State"
3624,20250115,"NY043036528A",0.967963080627362,"State"
3625,20250115,"NY045025151A",0.938434270808949,"State"
3626,20250115,"NY045025984A",0.923151523258536,"State"
3627,20250115,"NY049020125A",0.944754706885597,"State"
3628,20250115,"NY051024449A",0.928602481356386,"State"
3629,20250115,"NY055026794A",0.903855800421362,"State"
3630,20250115,"NY071024422A",0.951409557569475,"State"
3631,20250115,"NY071026310A",0.928468715513494,"State"
3632,20250115,"NY071026522A",0.976256562886667,"State"
3633,20250115,"NY071030490A",0.970003009731465,"State"
3634,20250115,"NY075029106A",0.944520616660536,"State"
3635,20250115,"NY079031356A",0.787579841487476,"State"
3636,20250115,"NY083026034A",0.921145035615156,"State"
3637,20250115,"NY083087971A",0.965287763769521,"State"
3638,20250115,"NY087026051A",0.797445072400762,"State"
3639,20250115,"NY087028533A",0.854930943383607,"State"
3640,20250115,"NY089020117A",0.814934956358894,"State"
3641,20250115,"NY095024201A",0.936427783165569,"State"
3642,20250115,"NY103076988A",0.926729759555897,"State"
3643,20250115,"NY105022454A",0.930675851921212,"State"
3644,20250115,"NY107029262A",0.919573286961174,"State"
3645,20250115,"NY111029351A",0.896298030297963,"State"
3646,20250115,"NY111031208A",0.838410861786443,"State"
3647,20250115,"NY119026689A",0.953014747684179,"State"
3648,20250115,"NY119026697A",0.934287529679296,"State"
3649,20250115,"NY119026786A",0.946092365314517,"State"
3650,20250115,"NY119100803A",0.941912182724141,"State"
3651,20250115,"NY119108324A",0.961809851854329,"State"
3652,20250116,"NY007024414B",0.95358325251647,"State"
3653,20250116,"NY007024414C",0.969568270742066,"State"
3654,20250116,"NY011021903A",0.949603718690432,"State"
3655,20250116,"NY017021423A",0.93666187339063,"State"
3656,20250116,"NY023027561A",0.965087115005183,"State"
3657,20250116,"NY025026531A",0.885964618934555,"State"
3658,20250116,"NY025026565A",0.948332943182958,"State"
3659,20250116,"NY033030376A",0.851118616861185,"State"
3660,20250116,"NY051032328A",0.97662441895462,"State"
3661,20250116,"NY053026956A",0.940072902384376,"State"
3662,20250116,"NY055021610A",0.872654917566799,"State"
3663,20250116,"NY057020290A",0.924589506069625,"State"
3664,20250116,"NY059020567A",0.930976825067719,"State"
3665,20250116,"NY059026620A",0.924857037755409,"State"
3666,20250116,"NY059026841A",0.902752232217503,"State"
3667,20250116,"NY059026999A",0.929505400795907,"State"
3668,20250116,"NY065025780B",0.946593987225362,"State"
3669,20250116,"NY065025780C",0.964919907701568,"State"
3670,20250116,"NY065036790A",0.945323211717888,"State"
3671,20250116,"NY069023531A",0.837742032571983,"State"
3672,20250116,"NY071023680A",0.904959368625222,"State"
3673,20250116,"NY071026328A",0.913052202120189,"State"
3674,20250116,"NY071027901A",0.696819717085242,"State"
3675,20250116,"NY071031518A",0.932414807878808,"State"
3676,20250116,"NY077031151A",0.938634919573287,"State"
3677,20250116,"NY087026051A",0.92709761562385,"State"
3678,20250116,"NY087028851A",0.709560913620707,"State"
3679,20250116,"NY089020818A",0.947162492057653,"State"
3680,20250116,"NY089236586A",0.932314483496639,"State"
3681,20250116,"NY091028240A",0.940574524295221,"State"
3682,20250116,"NY093020516A",0.936461224626292,"State"
3683,20250116,"NY097271942A",0.875965622178377,"State"
3684,20250116,"NY099033308A",0.937765441594489,"State"
3685,20250116,"NY101023906A",0.776243186302378,"State"
3686,20250116,"NY113029050A",0.954787145102498,"State"
3687,20250116,"NY115024929A",0.914155770324048,"State"
3688,20250116,"NY117027171A",0.940741731598836,"State"
3689,20250117,"NY045025984A",0.969401063438451,"State"
3690,20250117,"NY087026051A",0.918770691903822,"State"
3691,20250119,"NY119026719A",0.964819583319399,"State"
3692,20250119,"NY119026786A",0.942948868006555,"State"
3693,20250119,"NY119100803A",0.885162023877203,"State"
3694,20250119,"NY119108324A",0.966892953884226,"State"
3695,20250120,"NY013027961A",0.900110356820386,"State"
3696,20250120,"NY029028436A",0.908537604922583,"State"
3697,20250120,"NY055028339A",0.973480921646658,"State"
3698,20250120,"NY059026859A",0.88445975320202,"State"
3699,20250120,"NY063022331A",0.831020298966659,"State"
3700,20250120,"NY063027979A",0.948299501722235,"State"
3701,20250120,"NY067027081A",0.94445373373909,"State"
3702,20250120,"NY067027596A",0.91395512155971,"State"
3703,20250120,"NY067027618A",0.939203424405578,"State"
3704,20250120,"NY067027723A",0.919138547971775,"State"
3705,20250120,"NY067030317A",0.974684814232686,"State"
3706,20250120,"NY119026697A",0.955188442631174,"State"
3707,20250120,"NY119026701A",0.942112831488479,"State"
3708,20250121,"NY001025739A",0.914924923920677,"State"
3709,20250121,"NY001026875A",0.939370631709193,"State"
3711,20250121,"NY007024414B",0.967561783098686,"State"
3712,20250121,"NY007027669A",0.969300739056282,"State"
3713,20250121,"NY011021903A",0.92642878640939,"State"
3714,20250121,"NY013027570A",0.958967327692874,"State"
3715,20250121,"NY023027561A",0.958398822860583,"State"
3716,20250121,"NY027149209A",0.929338193492292,"State"
3717,20250121,"NY029022136A",0.944052436210414,"State"
3718,20250121,"NY029025950B",0.926495669330836,"State"
3719,20250121,"NY029026395B",0.919539845500451,"State"
3720,20250121,"NY029026395C",0.963247834665418,"State"
3721,20250121,"NY029028410A",0.824699862890011,"State"
3722,20250121,"NY029095401A",0.962612446911681,"State"
3723,20250121,"NY031021733A",0.969969568270742,"State"
3724,20250121,"NY031022187A",0.966692305119888,"State"
3725,20250121,"NY045025984A",0.948199177340066,"State"
3726,20250121,"NY045025984B",0.744975420526369,"State"
3732,20250121,"NY051030635A",0.943584255760292,"State"
3733,20250121,"NY055028231A",0.976524094572451,"State"
3734,20250121,"NY055028339A",0.962077383540113,"State"
3735,20250121,"NY059026620A",0.885496438484433,"State"
3736,20250121,"NY059026778A",0.740460823328763,"State"
3739,20250121,"NY063026336A",0.902585024913888,"State"
3740,20250121,"NY065025780C",0.963415041969033,"State"
3741,20250121,"NY067025461A",0.960806608032639,"State"
3742,20250121,"NY069025968A",0.966759188041334,"State"
3743,20250121,"NY071023680A",0.923619703708658,"State"
3744,20250121,"NY071031518A",0.924388857305287,"State"
3745,20250121,"NY075020257A",0.938634919573287,"State"
3746,20250121,"NY075029106A",0.787312309801692,"State"
3747,20250121,"NY075029114A",0.957495903421061,"State"
3748,20250121,"NY079022721A",0.910209677958733,"State"
3753,20250121,"NY083087971A",0.963582249272648,"State"
3756,20250121,"NY087022748A",0.952814098919841,"State"
3757,20250121,"NY087026051A",0.926796642477343,"State"
3758,20250121,"NY089020818A",0.968631909841822,"State"
3759,20250121,"NY089029831A",0.931645654282179,"State"
3760,20250121,"NY091028240A",0.883724041066114,"State"
3761,20250121,"NY099022365A",0.954553054877437,"State"
3762,20250121,"NY101023906A",0.817877804902518,"State"
3763,20250121,"NY103024881A",0.775674681470087,"State"
3764,20250121,"NY103065358A",0.971140019396047,"State"
3765,20250121,"NY105030724A",0.973113065578704,"State"
3766,20250121,"NY109020958A",0.977326689629803,"State"
3767,20250121,"NY109026638A",0.889174999163963,"State"
3768,20250121,"NY111029351A",0.960405310503963,"State"
3769,20250121,"NY117029475A",0.908403839079691,"State"
3770,20250121,"NY119026719A",0.960605959268301,"State"
3771,20250121,"NY121021504A",0.938869009798348,"State"
3772,20250122,"NY001022225A",0.939638163394977,"State"
3773,20250122,"NY007027669A",0.96237835668662,"State"
3774,20250122,"NY013027961A",0.923184964719259,"State"
3775,20250122,"NY013106895A",0.871986088352339,"State"
3776,20250122,"NY019022195A",0.971407551081831,"State"
3777,20250122,"NY019026018A",0.963983546801324,"State"
3778,20250122,"NY025027154A",0.968999765909775,"State"
3779,20250122,"NY025029271A",0.965354646690967,"State"
3780,20250122,"NY027026255A",0.929973581246029,"State"
3781,20250122,"NY027026271A",0.958833561849982,"State"
3782,20250122,"NY031021733A",0.976223121425944,"State"
3783,20250122,"NY031036706A",0.947363140821991,"State"
3784,20250122,"NY045025151A",0.959402066682273,"State"
3785,20250122,"NY049020125A",0.973347155803766,"State"
3786,20250122,"NY051024449A",0.965990034444705,"State"
3787,20250122,"NY055028231A",0.772664950005016,"State"
3788,20250122,"NY059026859A",0.962077383540113,"State"
3789,20250122,"NY071026310A",0.849379660903588,"State"
3790,20250122,"NY071026522A",0.976724743336789,"State"
3791,20250122,"NY071030490A",0.978229609069324,"State"
3792,20250122,"NY073021873A",0.697421663378256,"State"
3793,20250122,"NY075026301A",0.808146339832124,"State"
3794,20250122,"NY075029106A",0.942781660702939,"State"
3795,20250122,"NY075029114A",0.95936862522155,"State"
3796,20250122,"NY079031356A",0.924121325619503,"State"
3797,20250122,"NY083026034A",0.961274788482761,"State"
3798,20250122,"NY083087971A",0.937497909908705,"State"
3799,20250122,"NY087028533A",0.949403069926094,"State"
3800,20250122,"NY087270598A",0.922482694044076,"State"
3801,20250122,"NY089031194A",0.928134300906264,"State"
3802,20250122,"NY103020061A",0.824632979968565,"State"
3803,20250122,"NY103076988A",0.656489315453299,"State"
3804,20250122,"NY105024520A",0.884727284887804,"State"
3805,20250122,"NY107029262A",0.952613450155503,"State"
3806,20250122,"NY109026638A",0.953750459820085,"State"
3807,20250122,"NY111031208A",0.948065411497174,"State"
3808,20250122,"NY119026689A",0.948934889475972,"State"
3809,20250122,"NY119026697A",0.95793064241046,"State"
3810,20250122,"NY119108324A",0.930274554392536,"State"
3811,20250122,"NY123029726A",0.777647727652744,"State"
3812,20250123,"NY007024414B",0.960572517807578,"State"
3813,20250123,"NY009027162A",0.834331003578236,"State"
3814,20250123,"NY011021903A",0.970471190181587,"State"
3815,20250123,"NY017021423A",0.968330936695315,"State"
3816,20250123,"NY019021831A",0.949570277229709,"State"
3817,20250123,"NY023027561A",0.973681570410996,"State"
3818,20250123,"NY027025976A",0.917734006621409,"State"
3819,20250123,"NY029022543A",0.953650135437916,"State"
3820,20250123,"NY029032093A",0.854362438551316,"State"
3821,20250123,"NY031022969A",0.887670133431428,"State"
3822,20250123,"NY033030376A",0.965120556465906,"State"
3823,20250123,"NY051032328A",0.937966090358827,"State"
3824,20250123,"NY053026956A",0.927833327759757,"State"
3825,20250123,"NY055021610A",0.974250075243287,"State"
3826,20250123,"NY057020290A",0.968698792763268,"State"
3827,20250123,"NY059020567A",0.895729525465672,"State"
3828,20250123,"NY059021822A",0.627662776310069,"State"
3829,20250123,"NY059026778A",0.861217937999532,"State"
3830,20250123,"NY059026841A",0.86008092833495,"State"
3831,20250123,"NY063027774A",0.954686820720329,"State"
3832,20250123,"NY063027979A",0.870982844530649,"State"
3833,20250123,"NY065036790A",0.965287763769521,"State"
3834,20250123,"NY071023680A",0.974383841086179,"State"
3835,20250123,"NY071026310A",0.916128816506705,"State"
3836,20250123,"NY071026328A",0.957897200949738,"State"
3837,20250123,"NY071031518A",0.962813095676019,"State"
3838,20250123,"NY087026051A",0.932080393271578,"State"
3839,20250123,"NY087028533A",0.943316724074508,"State"
3840,20250123,"NY087028851A",0.852590041132997,"State"
3841,20250123,"NY087031895A",0.909340199979935,"State"
3842,20250123,"NY089020818A",0.859612747884828,"State"
3843,20250123,"NY097271942A",0.733571882419824,"State"
3844,20250123,"NY099033308A",0.96371601511554,"State"
3845,20250123,"NY101023906A",0.828077450423034,"State"
3846,20250123,"NY101025712A",0.877403604989466,"State"
3847,20250123,"NY113029050A",0.971273785238939,"State"
3848,20250123,"NY115024929A",0.883590275223222,"State"
3849,20250123,"NY117027171A",0.965856268601813,"State"
3850,20250123,"NY119026701A",0.918770691903822,"State"
3851,20250124,"NY045025984A",0.937899207437381,"State"
3852,20250124,"NY091028240A",0.945390094639334,"State"
3859,20250126,"NY055028339A",0.94545697756078,"State"
3862,20250126,"NY067027596A",0.957562786342507,"State"
3863,20250126,"NY067027723A",0.944955355649935,"State"
3864,20250126,"NY067030317A",0.962278032304451,"State"
3871,20250126,"NY119026689A",0.96271277129385,"State"
3872,20250126,"NY119026786A",0.95124235026586,"State"
3873,20250127,"NY019026018A",0.885964618934555,"State"
3874,20250127,"NY021022039A",0.943116075310169,"State"
3875,20250127,"NY023027561A",0.911614219309099,"State"
3876,20250127,"NY027026255A",0.907567802561616,"State"
3877,20250127,"NY045025984A",0.94034043407016,"State"
3878,20250127,"NY055028231A",0.956158244992141,"State"
3879,20250127,"NY089031194A",0.969334180517005,"State"
3880,20250127,"NY113029050A",0.948098852957897,"State"
3881,20250128,"NY001025739A",0.973815336253888,"State"
3882,20250128,"NY001026867A",0.877637695214527,"State"
3883,20250128,"NY001026875A",0.94000601946293,"State"
3885,20250128,"NY007024414B",0.934187205297127,"State"
3886,20250128,"NY007027669A",0.936561549008461,"State"
3887,20250128,"NY009027162A",0.920008025950574,"State"
3888,20250128,"NY011021903A",0.94411931913186,"State"
3889,20250128,"NY013027570A",0.964284519947831,"State"
3890,20250128,"NY019023949A",0.942781660702939,"State"
3891,20250128,"NY019025097A",0.962010500618667,"State"
3892,20250128,"NY029022136A",0.92743203023108,"State"
3893,20250128,"NY029022543A",0.920442764939973,"State"
3894,20250128,"NY029025950B",0.965321205230244,"State"
3895,20250128,"NY029026395B",0.926328462027221,"State"
3896,20250128,"NY029026395C",0.963214393204695,"State"
3897,20250128,"NY029028410A",0.925124569441193,"State"
3898,20250128,"NY029028436A",0.968631909841822,"State"
3899,20250128,"NY029095401A",0.939036217101963,"State"
3900,20250128,"NY031022187A",0.966959836805672,"State"
3906,20250128,"NY051024384A",0.929940139785306,"State"
3907,20250128,"NY051030635A",0.845400127077551,"State"
3908,20250128,"NY055021610A",0.954987793866836,"State"
3909,20250128,"NY055028339A",0.969568270742066,"State"
3910,20250128,"NY057020290A",0.966090358826874,"State"
3913,20250128,"NY067025461A",0.975587733672207,"State"
3914,20250128,"NY075029106A",0.949704043072601,"State"
3919,20250128,"NY083087971A",0.950640403972846,"State"
3922,20250128,"NY089020818A",0.955188442631174,"State"
3923,20250128,"NY091028240A",0.915894726281644,"State"
3924,20250128,"NY093020516A",0.933986556532789,"State"
3925,20250128,"NY099022365A",0.955121559709728,"State"
3926,20250128,"NY101021431A",0.783901280807946,"State"
3927,20250128,"NY101023906A",0.942280038792094,"State"
3928,20250128,"NY103065358A",0.987492893689596,"State"
3929,20250128,"NY103104809A",0.890144801524931,"State"
3930,20250128,"NY109020958A",0.96983580242785,"State"
3931,20250128,"NY113094366A",0.969735478045681,"State"
3932,20250128,"NY117029475A",0.946359897000301,"State"
3933,20250128,"NY121021504A",0.863124101260743,"State"
3934,20250129,"NY001022225A",0.975554292211484,"State"
3935,20250129,"NY007027669A",0.962512122529512,"State"
3936,20250129,"NY013106895A",0.850081931578771,"State"
3937,20250129,"NY019022195A",0.972544560746413,"State"
3938,20250129,"NY019026018A",0.932849546868207,"State"
3939,20250129,"NY025027154A",0.944386850817644,"State"
3940,20250129,"NY025029271A",0.974116309400395,"State"
3941,20250129,"NY031021733A",0.97294585827509,"State"
3942,20250129,"NY043036528A",0.909975587733672,"State"
3943,20250129,"NY049020125A",0.937063170919306,"State"
3944,20250129,"NY051024449A",0.958833561849982,"State"
3945,20250129,"NY055026794A",0.969334180517005,"State"
3946,20250129,"NY055028231A",0.959803364210949,"State"
3947,20250129,"NY059023523A",0.91729926763201,"State"
3948,20250129,"NY075029106A",0.896833093669531,"State"
3949,20250129,"NY083026034A",0.952713774537672,"State"
3950,20250129,"NY083087971A",0.95826505701769,"State"
3951,20250129,"NY089020117A",0.935157007658095,"State"
3952,20250129,"NY107029262A",0.936962846537137,"State"
3953,20250129,"NY109026638A",0.929003778885062,"State"
3954,20250129,"NY123029726A",0.917566799317794,"State"
3955,20250130,"NY001025739A",0.946159248235963,"State"
3956,20250130,"NY007024414B",0.935625188108217,"State"
3957,20250130,"NY007024414C",0.932515132260977,"State"
3958,20250130,"NY009027162A",0.930040464167475,"State"
3959,20250130,"NY017021423A",0.964485168712169,"State"
3960,20250130,"NY023027561A",0.927131057084573,"State"
3961,20250130,"NY025026565A",0.960204661739625,"State"
3962,20250130,"NY029032093A",0.963481924890479,"State"
3963,20250130,"NY033030376A",0.941778416881249,"State"
3964,20250130,"NY045025984A",0.956760191285155,"State"
3965,20250130,"NY053026956A",0.927498913152527,"State"
3966,20250130,"NY055021610A",0.914657392234893,"State"
3967,20250130,"NY057020290A",0.916831087181888,"State"
3968,20250130,"NY059026841A",0.987158479082366,"State"
3969,20250130,"NY059026999A",0.949403069926094,"State"
3970,20250130,"NY063027979A",0.910243119419456,"State"
3971,20250130,"NY065036790A",0.964819583319399,"State"
3972,20250130,"NY069023531A",0.959468949603719,"State"
3973,20250130,"NY091028240A",0.956091362070695,"State"
3974,20250130,"NY093020516A",0.964351402869277,"State"
3975,20250130,"NY097271942A",0.915660636056583,"State"
3976,20250130,"NY099033308A",0.96983580242785,"State"
3977,20250130,"NY101023906A",0.939537839012808,"State"
3978,20250130,"NY113029050A",0.942748219242217,"State"
3979,20250130,"NY115024929A",0.926562552252282,"State"
3980,20250130,"NY115183695A",0.962813095676019,"State"
3981,20250130,"NY117027171A",0.96204394207939,"State"
3982,20250131,"NY041026484A",0.945523860482226,"State"
3983,20250131,"NY089029831A",0.94234692171354,"State"
3990,20250202,"NY055028339A",0.948232618800789,"State"
3993,20250202,"NY067027081A",0.938032973280273,"State"
3994,20250202,"NY067027618A",0.955322208474066,"State"
3995,20250202,"NY067027723A",0.956492659599371,"State"
3996,20250202,"NY067030317A",0.933618700464836,"State"
3997,20250202,"NY067030571A",0.959602715446611,"State"
4004,20250203,"NY013027961A",0.736013109052603,"State"
4005,20250203,"NY021022039A",0.960171220278902,"State"
4006,20250203,"NY023027561A",0.803197003645119,"State"
4007,20250203,"NY043036528A",0.962813095676019,"State"
4008,20250203,"NY055028231A",0.960672842189747,"State"
4009,20250203,"NY059026859A",0.699194060796576,"State"
4010,20250203,"NY063022331A",0.941544326656188,"State"
4011,20250203,"NY063026336A",0.910075912115841,"State"
4012,20250203,"NY065030864A",0.938133297662442,"State"
4013,20250203,"NY089020117A",0.937029729458583,"State"
4014,20250203,"NY089031194A",0.974985787379193,"State"
4015,20250203,"NY113029050A",0.951075142962245,"State"
4016,20250204,"NY001025739A",0.953884225662977,"State"
4017,20250204,"NY001026867A",0.962344915225897,"State"
4018,20250204,"NY001026875A",0.960070895896733,"State"
4020,20250204,"NY007024414B",0.954084874427315,"State"
4021,20250204,"NY007024414C",0.884861050730696,"State"
4022,20250204,"NY009027162A",0.662542219844163,"State"
4023,20250204,"NY011021903A",0.940808614520282,"State"
4024,20250204,"NY013021334A",0.858408855298799,"State"
4025,20250204,"NY013027570A",0.667324348727552,"State"
4026,20250204,"NY019023949A",0.941711533959803,"State"
4027,20250204,"NY019025097A",0.981038691770057,"State"
4028,20250204,"NY029022136A",0.941544326656188,"State"
4029,20250204,"NY029022543A",0.952613450155503,"State"
4030,20250204,"NY029025950B",0.930441761696151,"State"
4031,20250204,"NY029026395B",0.975086111761362,"State"
4032,20250204,"NY029026395C",0.967595224559409,"State"
4033,20250204,"NY029028410A",0.9149583653814,"State"
4034,20250204,"NY029028436A",0.907066180650771,"State"
4035,20250204,"NY029095401A",0.887034745677691,"State"
4041,20250204,"NY051024384A",0.804133364545363,"State"
4042,20250204,"NY051030635A",0.783466541818547,"State"
4043,20250204,"NY053028525A",0.93522389057954,"State"
4044,20250204,"NY053029807A",0.947095609136207,"State"
4045,20250204,"NY055021610A",0.938099856201719,"State"
4046,20250204,"NY057020290A",0.949837808915493,"State"
4047,20250204,"NY059026620A",0.82001805838879,"State"
4048,20250204,"NY059026841A",0.958465705782029,"State"
4051,20250204,"NY065022110A",0.938200180583888,"State"
4052,20250204,"NY065030864A",0.937531351369428,"State"
4053,20250204,"NY067025461A",0.976323445808113,"State"
4054,20250204,"NY069025968A",0.923552820787212,"State"
4055,20250204,"NY075020257A",0.967260809952179,"State"
4056,20250204,"NY075029106A",0.933418051700498,"State"
4061,20250204,"NY083087971A",0.903220412667625,"State"
4064,20250204,"NY089020818A",0.944219643514029,"State"
4065,20250204,"NY089236586A",0.922449252583353,"State"
4066,20250204,"NY091028240A",0.95903421061432,"State"
4067,20250204,"NY093020516A",0.966993278266395,"State"
4068,20250204,"NY099022365A",0.956726749824432,"State"
4069,20250204,"NY101021431A",0.94234692171354,"State"
4070,20250204,"NY101023906A",0.840785205497776,"State"
4071,20250204,"NY103024881A",0.911212921780423,"State"
4072,20250204,"NY109020958A",0.954452730495268,"State"
4073,20250204,"NY109026638A",0.93565862956894,"State"
4074,20250204,"NY113094366A",0.94779787981139,"State"
4075,20250204,"NY117029475A",0.96615724174832,"State"
4076,20250204,"NY121021504A",0.92887001304217,"State"
4077,20250205,"NY001022225A",0.968264053773869,"State"
4078,20250205,"NY007027669A",0.977427014011972,"State"
4079,20250205,"NY013106895A",0.893087650068555,"State"
4080,20250205,"NY015036986A",0.839246898304518,"State"
4081,20250205,"NY019021831A",0.941577768116911,"State"
4082,20250205,"NY019022195A",0.914155770324048,"State"
4083,20250205,"NY019026018A",0.869344212955222,"State"
4084,20250205,"NY031021733A",0.948968330936695,"State"
4085,20250205,"NY031036706A",0.896833093669531,"State"
4086,20250205,"NY037030546A",0.781092198107213,"State"
4087,20250205,"NY043036528A",0.955823830384911,"State"
4088,20250205,"NY045025151A",0.748419890980838,"State"
4089,20250205,"NY051024449A",0.961977059157944,"State"
4090,20250205,"NY055026794A",0.964518610172892,"State"
4091,20250205,"NY055028231A",0.932013510350132,"State"
4092,20250205,"NY057024333A",0.978463699294385,"State"
4093,20250205,"NY059023523A",0.845132595391767,"State"
4094,20250205,"NY059026450A",0.898939905695081,"State"
4095,20250205,"NY063027774A",0.94268133632077,"State"
4096,20250205,"NY063030651A",0.958164732635521,"State"
4097,20250205,"NY075026301A",0.919773935725512,"State"
4098,20250205,"NY075029114A",0.900979834799184,"State"
4099,20250205,"NY083026034A",0.960840049493362,"State"
4100,20250205,"NY083087971A",0.93288298832893,"State"
4101,20250205,"NY089020117A",0.940072902384376,"State"
4102,20250205,"NY089031194A",0.969267297595559,"State"
4103,20250205,"NY095024201A",0.884727284887804,"State"
4104,20250205,"NY103076988A",0.98274420626693,"State"
4105,20250205,"NY109026638A",0.946761194528977,"State"
4106,20250205,"NY123029726A",0.692271678426914,"State"
4107,20250206,"NY001025739A",0.953315720830686,"State"
4108,20250206,"NY007024414B",0.93498980035448,"State"
4109,20250206,"NY007024414C",0.906363909975588,"State"
4110,20250206,"NY009027162A",0.887870782195766,"State"
4111,20250206,"NY011021903A",0.952145269705381,"State"
4112,20250206,"NY029032093A",0.924589506069625,"State"
4113,20250206,"NY031022969A",0.644784804200247,"State"
4114,20250206,"NY033030376A",0.977259806708357,"State"
4115,20250206,"NY053026956A",0.908303514697522,"State"
4116,20250206,"NY055021610A",0.961174464100592,"State"
4117,20250206,"NY059020567A",0.82580343109387,"State"
4118,20250206,"NY059026620A",0.752165334581815,"State"
4119,20250206,"NY059026999A",0.885329231180818,"State"
4120,20250206,"NY063027979A",0.926595993713005,"State"
4121,20250206,"NY065025780B",0.964986790623014,"State"
4122,20250206,"NY065025780C",0.936829080694245,"State"
4123,20250206,"NY069023531A",0.910209677958733,"State"
4124,20250206,"NY071027901A",0.92609437180216,"State"
4125,20250206,"NY087026051A",0.88847272848878,"State"
4126,20250206,"NY089020818A",0.965421529612413,"State"
4127,20250206,"NY099033308A",0.930575527539043,"State"
4128,20250206,"NY101021431A",0.872922449252583,"State"
4129,20250206,"NY101023906A",0.822626492325185,"State"
4130,20250206,"NY103079324A",0.878640939036217,"State"
4131,20250206,"NY103104809A",0.966224124669766,"State"
4132,20250206,"NY113029050A",0.963950105340601,"State"
4133,20250206,"NY115024929A",0.899341203223757,"State"
4142,20250209,"NY067027081A",0.936561549008461,"State"
4143,20250209,"NY067027596A",0.852924455740227,"State"
4144,20250209,"NY067027723A",0.781125639567936,"State"
4145,20250209,"NY067030317A",0.963649132194094,"State"
4152,20250209,"NY119026701A",0.957094605892385,"State"
4153,20250209,"NY119026719A",0.933685583386282,"State"
4154,20250209,"NY119026786A",0.804300571848978,"State"
4155,20250209,"NY119100803A",0.911814868073437,"State"
4156,20250209,"NY119108324A",0.972042938835568,"State"
4157,20250210,"NY019026018A",0.958800120389259,"State"
4158,20250210,"NY023027561A",0.973781894793165,"State"
4159,20250210,"NY027026255A",0.975888706818714,"State"
4160,20250210,"NY055028231A",0.971006253553155,"State"
4161,20250210,"NY063022331A",0.94411931913186,"State"
4162,20250210,"NY089020117A",0.859913721031335,"State"
4163,20250210,"NY089031194A",0.927131057084573,"State"
4165,20250211,"NY007024414B",0.931612212821456,"State"
4166,20250211,"NY007027669A",0.968966324449052,"State"
4167,20250211,"NY009027162A",0.954686820720329,"State"
4168,20250211,"NY011021903A",0.941444002274019,"State"
4169,20250211,"NY013021334A",0.641206567902886,"State"
4170,20250211,"NY019025097A",0.972678326589305,"State"
4171,20250211,"NY027149209A",0.881851319265626,"State"
4172,20250211,"NY029022136A",0.924154767080226,"State"
4173,20250211,"NY029022543A",0.963415041969033,"State"
4174,20250211,"NY029025950B",0.97762766277631,"State"
4175,20250211,"NY029026395B",0.960338427582517,"State"
4176,20250211,"NY029026395C",0.88914155770324,"State"
4177,20250211,"NY029028410A",0.937765441594489,"State"
4178,20250211,"NY029028436A",0.929271310570846,"State"
4179,20250211,"NY029095401A",0.949436511386817,"State"
4180,20250211,"NY045025984B",0.919105106511052,"State"
4186,20250211,"NY051024384A",0.936895963615691,"State"
4187,20250211,"NY051030635A",0.933685583386282,"State"
4188,20250211,"NY053021539A",0.934822593050864,"State"
4189,20250211,"NY053029807A",0.940908938902451,"State"
4190,20250211,"NY055028339A",0.902518141992442,"State"
4191,20250211,"NY059026841A",0.758887068187138,"State"
4194,20250211,"NY065030864A",0.951978062401766,"State"
4195,20250211,"NY067025461A",0.955857271845634,"State"
4196,20250211,"NY069025968A",0.890746747817945,"State"
4197,20250211,"NY071023680A",0.92953884225663,"State"
4198,20250211,"NY071026328A",0.934488178443634,"State"
4199,20250211,"NY071027901A",0.802728823194997,"State"
4206,20250211,"NY087026051A",0.91930575527539,"State"
4207,20250211,"NY089020818A",0.935692071029663,"State"
4208,20250211,"NY089236586A",0.940808614520282,"State"
4209,20250211,"NY099022365A",0.9752867605257,"State"
4210,20250211,"NY101023906A",0.890312008828546,"State"
4211,20250211,"NY103080683A",0.759555897401598,"State"
4212,20250211,"NY109020958A",0.969401063438451,"State"
4213,20250211,"NY109026638A",0.961007256796977,"State"
4214,20250211,"NY111029351A",0.654783800956426,"State"
4215,20250211,"NY121021504A",0.953850784202254,"State"
4216,20250212,"NY001022225A",0.943383606995954,"State"
4217,20250212,"NY013106895A",0.826305053004715,"State"
4218,20250212,"NY015035742A",0.924255091462395,"State"
4219,20250212,"NY015036986A",0.830986857505936,"State"
4220,20250212,"NY025029271A",0.870748754305588,"State"
4221,20250212,"NY037030546A",0.925392101126977,"State"
4222,20250212,"NY055026794A",0.965923151523259,"State"
4223,20250212,"NY059023523A",0.664047085576698,"State"
4224,20250212,"NY059026859A",0.693709661238003,"State"
4225,20250212,"NY073028401A",0.736113433434772,"State"
4226,20250212,"NY075026301A",0.909206434137043,"State"
4227,20250212,"NY095024201A",0.969568270742066,"State"
4228,20250212,"NY107029262A",0.875029261278133,"State"
4229,20250212,"NY109026638A",0.923017757415644,"State"
4230,20250212,"NY119026701A",0.925024245059024,"State"
4231,20250213,"NY007024414B",0.893622713440123,"State"
4232,20250213,"NY007024414C",0.928602481356386,"State"
4233,20250213,"NY009027162A",0.898237635019898,"State"
4234,20250213,"NY017021423A",0.964083871183493,"State"
4235,20250213,"NY019021831A",0.783065244289871,"State"
4236,20250213,"NY033030376A",0.71504531317928,"State"
4237,20250213,"NY057020290A",0.949202421161756,"State"
4238,20250213,"NY059026778A",0.753837407617965,"State"
4239,20250213,"NY065036790A",0.94445373373909,"State"
4240,20250213,"NY091028240A",0.95659298398154,"State"
4241,20250213,"NY099033308A",0.903554827274855,"State"
4242,20250213,"NY101023906A",0.624719927766445,"State"
4243,20250213,"NY101025712A",0.852222185065044,"State"
4244,20250213,"NY103104809A",0.763970170217035,"State"
4245,20250213,"NY115183695A",0.966090358826874,"State"
4246,20250213,"NY117027171A",0.88479416780925,"State"
4247,20250214,"NY041026484A",0.950406313747785,"State"
4248,20250214,"NY045025984A",0.920910945390095,"State"
4249,20250216,"NY055028339A",0.94034043407016,"State"
4250,20250216,"NY119026689A",0.957295254656723,"State"
4251,20250216,"NY119026701A",0.960104337357456,"State"
4252,20250216,"NY119026786A",0.883389626458884,"State"
4253,20250216,"NY119100803A",0.95558974015985,"State"
4254,20250216,"NY119108324A",0.962478681068789,"State"
4255,20250217,"NY031021733A",0.661104237033074,"State"
4256,20250217,"NY059026859A",0.705313848108885,"State"
4257,20250217,"NY063026336A",0.918335952914423,"State"
4258,20250217,"NY065030864A",0.919907701568405,"State"
4259,20250217,"NY089020117A",0.968130287930977,"State"
4260,20250217,"NY089031194A",0.597966759188041,"State"
4261,20250217,"NY119026697A",0.9183025114537,"State"
4262,20250218,"NY001025739A",0.909473965822827,"State"
4263,20250218,"NY001026867A",0.947630672507775,"State"
4264,20250218,"NY001026875A",0.928936895963616,"State"
4266,20250218,"NY007027669A",0.954017991505869,"State"
4267,20250218,"NY009027162A",0.706684947998529,"State"
4268,20250218,"NY011021903A",0.871785439588001,"State"
4269,20250218,"NY013021334A",0.574892151289168,"State"
4270,20250218,"NY019025097A",0.699495033943083,"State"
4271,20250218,"NY027149209A",0.949737484533324,"State"
4272,20250218,"NY029022136A",0.951476440490921,"State"
4273,20250218,"NY029022543A",0.909039226833428,"State"
4274,20250218,"NY029025950B",0.965622178376751,"State"
4275,20250218,"NY029026395B",0.921111594154433,"State"
4276,20250218,"NY029026395C",0.947864762732836,"State"
4277,20250218,"NY029028410A",0.932481690800254,"State"
4278,20250218,"NY029095401A",0.945490419021503,"State"
4279,20250218,"NY031022187A",0.898103869177006,"State"
4280,20250218,"NY045025984A",0.957629669263953,"State"
4286,20250218,"NY051024384A",0.920074908872019,"State"
4287,20250218,"NY051030635A",0.949704043072601,"State"
4288,20250218,"NY055021610A",0.92743203023108,"State"
4289,20250218,"NY055028339A",0.931679095742902,"State"
4290,20250218,"NY059026778A",0.797077216332809,"State"
4293,20250218,"NY067025461A",0.952513125773334,"State"
4294,20250218,"NY067027081A",0.966190683209043,"State"
4295,20250218,"NY067027618A",0.913687589873926,"State"
4296,20250218,"NY067027723A",0.920041467411297,"State"
4297,20250218,"NY067030317A",0.940407316991606,"State"
4298,20250218,"NY067030571A",0.975052670300639,"State"
4299,20250218,"NY071023680A",0.922348928201184,"State"
4300,20250218,"NY071026310A",0.579741163094004,"State"
4301,20250218,"NY071026328A",0.9078353342474,"State"
4302,20250218,"NY071026522A",0.964317961408554,"State"
4303,20250218,"NY071031518A",0.969100090291944,"State"
4304,20250218,"NY075029106A",0.844530649098753,"State"
4305,20250218,"NY075029114A",0.954519613416714,"State"
4306,20250218,"NY079022721A",0.975821823897268,"State"
4313,20250218,"NY087026051A",0.920910945390095,"State"
4314,20250218,"NY089236586A",0.945624184864395,"State"
4315,20250218,"NY091028240A",0.933819349229174,"State"
4316,20250218,"NY099022365A",0.894625957261813,"State"
4317,20250218,"NY101021431A",0.960338427582517,"State"
4318,20250218,"NY109020958A",0.940373875530883,"State"
4319,20250218,"NY109026638A",0.948065411497174,"State"
4320,20250218,"NY111029351A",0.922583018426245,"State"
4321,20250218,"NY117029475A",0.913219409423804,"State"
4322,20250218,"NY119026701A",0.935290773500987,"State"
4323,20250219,"NY007027669A",0.955389091395512,"State"
4324,20250219,"NY019026018A",0.697087248771026,"State"
4325,20250219,"NY025029271A",0.919406079657559,"State"
4326,20250219,"NY027026255A",0.948266060261512,"State"
4327,20250219,"NY027026271A",0.926796642477343,"State"
4328,20250219,"NY031021733A",0.781894793164565,"State"
4329,20250219,"NY031022969A",0.910778182791024,"State"
4330,20250219,"NY031036706A",0.940842055981005,"State"
4331,20250219,"NY043036528A",0.954151757348761,"State"
4332,20250219,"NY049020125A",0.959201417917935,"State"
4333,20250219,"NY051024449A",0.964919907701568,"State"
4334,20250219,"NY055026794A",0.960438751964686,"State"
4335,20250219,"NY071022144A",0.926796642477343,"State"
4336,20250219,"NY071026310A",0.962177707922282,"State"
4337,20250219,"NY071030490A",0.953282279369963,"State"
4338,20250219,"NY075026301A",0.837775474032706,"State"
4339,20250219,"NY075029106A",0.902417817610273,"State"
4340,20250219,"NY075029114A",0.65672340567836,"State"
4341,20250219,"NY079031356A",0.823529411764706,"State"
4342,20250219,"NY083026034A",0.941143029127512,"State"
4343,20250219,"NY083087971A",0.916128816506705,"State"
4344,20250219,"NY087026051A",0.959636156907334,"State"
4345,20250219,"NY087028533A",0.939638163394977,"State"
4346,20250219,"NY089020117A",0.872353944420292,"State"
4347,20250219,"NY089031194A",0.749423134802528,"State"
4348,20250219,"NY095024201A",0.893689596361569,"State"
4349,20250219,"NY105022454A",0.953416045212855,"State"
4350,20250219,"NY105024520A",0.845433568538274,"State"
4351,20250219,"NY107029262A",0.660636056582952,"State"
4352,20250219,"NY109026638A",0.709494030699261,"State"
4353,20250219,"NY111029351A",0.647560445440257,"State"
4354,20250219,"NY111031208A",0.923686586630104,"State"
4355,20250219,"NY119026689A",0.968197170852423,"State"
4356,20250219,"NY119026697A",0.938768685416179,"State"
4357,20250219,"NY119100803A",0.938267063505334,"State"
4358,20250219,"NY119108324A",0.954820586563221,"State"
4359,20250219,"NY123029726A",0.847005317192255,"State"
4360,20250220,"NY011021903A",0.976189679965221,"State"
4361,20250220,"NY017021423A",0.948667357790188,"State"
4362,20250220,"NY023027561A",0.923786911012273,"State"
4363,20250220,"NY027025976A",0.973046182657259,"State"
4364,20250220,"NY033030376A",0.736882587031402,"State"
4365,20250220,"NY045025984A",0.874159783299335,"State"
4366,20250220,"NY055021610A",0.959201417917935,"State"
4367,20250220,"NY059026620A",0.714744340032773,"State"
4368,20250220,"NY059026999A",0.858141323613015,"State"
4369,20250220,"NY065025780B",0.950540079590677,"State"
4370,20250220,"NY065025780C",0.952446242851888,"State"
4371,20250220,"NY069023531A",0.888439287028057,"State"
4372,20250220,"NY071023680A",0.880814633983212,"State"
4373,20250220,"NY071024422A",0.911079155937531,"State"
4374,20250220,"NY071027901A",0.928234625288433,"State"
4375,20250220,"NY071031518A",0.726716382971608,"State"
4376,20250220,"NY077031151A",0.94512256295355,"State"
4377,20250220,"NY087028533A",0.961642644550714,"State"
4378,20250220,"NY087031895A",0.942146272949202,"State"
4379,20250220,"NY089236586A",0.90683209042571,"State"
4380,20250220,"NY093020516A",0.950305989365615,"State"
4381,20250220,"NY099033308A",0.885529879945156,"State"
4382,20250220,"NY101021431A",0.960639400729024,"State"
4383,20250220,"NY103079324A",0.809283349496706,"State"
4384,20250220,"NY103104809A",0.905661639300405,"State"
4385,20250220,"NY113029050A",0.960773166571916,"State"
4386,20250220,"NY115024929A",0.866167274186536,"State"
4387,20250220,"NY117027171A",0.851586797311307,"State"
4388,20250221,"NY059026450A",0.889108116242518,"State"
4395,20250223,"NY055028339A",0.922382369661907,"State"
4398,20250223,"NY067027081A",0.925325218205531,"State"
4399,20250223,"NY067027618A",0.864695849914724,"State"
4400,20250223,"NY067030317A",0.638765341270107,"State"
4401,20250223,"NY067030571A",0.926361903487944,"State"
4408,20250223,"NY089020117A",0.937163495301475,"State"
4409,20250224,"NY001025739A",0.918503160218038,"State"
4410,20250224,"NY013027961A",0.898973347155804,"State"
4411,20250224,"NY019026018A",0.636926060930341,"State"
4412,20250224,"NY021022039A",0.823061231314584,"State"
4413,20250224,"NY023027561A",0.928401832592048,"State"
4414,20250224,"NY031021733A",0.94980436745477,"State"
4415,20250224,"NY055028231A",0.955221884091897,"State"
4416,20250224,"NY065030864A",0.713172591378791,"State"
4417,20250224,"NY089031194A",0.95625856937431,"State"
4418,20250224,"NY113029050A",0.849647192589372,"State"
4420,20250225,"NY007027669A",0.954787145102498,"State"
4421,20250225,"NY009027162A",0.786810687890847,"State"
4422,20250225,"NY013021334A",0.747951710530716,"State"
4423,20250225,"NY013027570A",0.924455740226733,"State"
4424,20250225,"NY029022136A",0.92341905494432,"State"
4425,20250225,"NY029026395B",0.958900444771428,"State"
4426,20250225,"NY029026395C",0.940775173059559,"State"
4427,20250225,"NY029095401A",0.970471190181587,"State"
4433,20250225,"NY051024384A",0.759188041333645,"State"
4434,20250225,"NY051030635A",0.904290539410761,"State"
4435,20250225,"NY053021539A",0.844798180784537,"State"
4436,20250225,"NY055028339A",0.920008025950574,"State"
4437,20250225,"NY059026620A",0.936628431929907,"State"
4440,20250225,"NY065022110A",0.837574825268368,"State"
4441,20250225,"NY069025968A",0.950272547904892,"State"
4448,20250225,"NY091028240A",0.901983078620874,"State"
4449,20250225,"NY099022365A",0.97428351670401,"State"
4450,20250225,"NY103206644A",0.944353409356921,"State"
4451,20250225,"NY109020958A",0.901347690867137,"State"
4452,20250225,"NY109026638A",0.799217469819082,"State"
4453,20250226,"NY001022225A",0.742935491422265,"State"
4454,20250226,"NY007027669A",0.978129284687155,"State"
4455,20250226,"NY013027961A",0.928468715513494,"State"
4456,20250226,"NY013106895A",0.632511788114905,"State"
4457,20250226,"NY015036986A",0.814934956358894,"State"
4458,20250226,"NY025027154A",0.770725345283082,"State"
4459,20250226,"NY025029271A",0.750426378624218,"State"
4460,20250226,"NY037026514A",0.895896732769287,"State"
4461,20250226,"NY055026794A",0.963749456576263,"State"
4462,20250226,"NY055028231A",0.964351402869277,"State"
4463,20250226,"NY073023256A",0.610741397184229,"State"
4464,20250226,"NY107029262A",0.933618700464836,"State"
4465,20250226,"NY109026638A",0.956225127913587,"State"
4466,20250226,"NY123029726A",0.947396582282714,"State"
4467,20250227,"NY009027162A",0.847105641574424,"State"
4468,20250227,"NY017021423A",0.952345918469719,"State"
4469,20250227,"NY029025950B",0.939036217101963,"State"
4470,20250227,"NY051032328A",0.917667123699963,"State"
4471,20250227,"NY055021610A",0.731565394776444,"State"
4472,20250227,"NY057020290A",0.678594120991205,"State"
4473,20250227,"NY065025780C",0.944085877671137,"State"
4474,20250227,"NY069023531A",0.948299501722235,"State"
4475,20250227,"NY091028240A",0.693308363709327,"State"
4476,20250227,"NY093020516A",0.781961676086011,"State"
4477,20250227,"NY097271942A",0.82546901648664,"State"
4478,20250227,"NY101023906A",0.895963615690733,"State"
4479,20250227,"NY113029050A",0.817443065913119,"State"
4480,20250227,"NY117027171A",0.961809851854329,"State"
4487,20250302,"NY055028339A",0.982376350198977,"State"
4496,20250303,"NY013027961A",0.956760191285155,"State"
4497,20250303,"NY055028231A",0.971039695013878,"State"
4498,20250303,"NY059026859A",0.629903354178511,"State"
4499,20250303,"NY089031194A",0.799016821054744,"State"
4500,20250303,"NY103020061A",0.885496438484433,"State"
4502,20250304,"NY007024414B",0.946192689696686,"State"
4503,20250304,"NY007024414C",0.965923151523259,"State"
4504,20250304,"NY007027669A",0.958833561849982,"State"
4505,20250304,"NY011021903A",0.952947864762733,"State"
4506,20250304,"NY031022187A",0.935123566197371,"State"
4507,20250304,"NY045025984A",0.894224659733137,"State"
4508,20250304,"NY045025984B",0.642377019028191,"State"
4514,20250304,"NY051024384A",0.822492726482293,"State"
4515,20250304,"NY051030635A",0.891783433100358,"State"
4516,20250304,"NY059026620A",0.92676320101662,"State"
4517,20250304,"NY059026999A",0.807945691067786,"State"
4520,20250304,"NY069025968A",0.969334180517005,"State"
4521,20250304,"NY075029106A",0.903421061431963,"State"
4522,20250304,"NY075029114A",0.806674915560312,"State"
4529,20250304,"NY099022365A",0.931913185967963,"State"
4530,20250304,"NY101023906A",0.950105340601277,"State"
4531,20250304,"NY109020958A",0.965822827141089,"State"
4532,20250304,"NY117029475A",0.970772163328094,"State"
4533,20250304,"NY121021504A",0.93020767147109,"State"
4534,20250305,"NY007027669A",0.974918904457747,"State"
4535,20250305,"NY013027961A",0.654817242417149,"State"
4536,20250305,"NY013106895A",0.937564792830151,"State"
4537,20250305,"NY019026018A",0.9220813965154,"State"
4538,20250305,"NY045025151A",0.859345216199044,"State"
4539,20250305,"NY051024449A",0.932347924957362,"State"
4540,20250305,"NY055026794A",0.96070628365047,"State"
4541,20250305,"NY055028231A",0.926796642477343,"State"
4542,20250305,"NY057024333A",0.744808213222754,"State"
4543,20250305,"NY059023523A",0.847139083035147,"State"
4544,20250305,"NY059026450A",0.861351703842424,"State"
4545,20250305,"NY083087971A",0.959201417917935,"State"
4546,20250305,"NY107029262A",0.971206902317493,"State"
4547,20250305,"NY123029726A",0.917700565160686,"State"
4548,20250306,"NY009027162A",0.888104872420827,"State"
4549,20250306,"NY017021423A",0.670802260642745,"State"
4550,20250306,"NY029028436A",0.902083403003043,"State"
4551,20250306,"NY051032328A",0.967662107480855,"State"
4552,20250306,"NY055021610A",0.857071196869879,"State"
4553,20250306,"NY057020290A",0.91863692606093,"State"
4554,20250306,"NY059026620A",0.78751295856603,"State"
4555,20250306,"NY059026841A",0.883891248369729,"State"
4556,20250306,"NY059026999A",0.775173059559242,"State"
4557,20250306,"NY065025780B",0.93321740293616,"State"
4558,20250306,"NY065025780C",0.930140788549644,"State"
4559,20250306,"NY077031151A",0.898939905695081,"State"
4560,20250306,"NY099033308A",0.960940373875531,"State"
4561,20250306,"NY117027171A",0.96003745443601,"State"
4570,20250309,"NY067027081A",0.951142025883691,"State"
4571,20250309,"NY067030317A",0.859077684513259,"State"
4572,20250309,"NY067030571A",0.875163027121025,"State"
4579,20250310,"NY013027961A",0.671069792328529,"State"
4580,20250310,"NY031021733A",0.967728990402301,"State"
4581,20250310,"NY063022331A",0.911982075377052,"State"
4582,20250310,"NY063027979A",0.773032806072969,"State"
4583,20250310,"NY089031194A",0.820519680299636,"State"
4585,20250311,"NY007024414B",0.960137778818179,"State"
4586,20250311,"NY007024414C",0.962612446911681,"State"
4587,20250311,"NY007027669A",0.960171220278902,"State"
4588,20250311,"NY019021831A",0.847573822024546,"State"
4589,20250311,"NY029022136A",0.942045948567033,"State"
4590,20250311,"NY029025950B",0.896130822994348,"State"
4591,20250311,"NY029026395B",0.877236397685851,"State"
4592,20250311,"NY029026395C",0.900611978731231,"State"
4593,20250311,"NY029028436A",0.952312477008996,"State"
4594,20250311,"NY029095401A",0.938166739123165,"State"
4600,20250311,"NY051024384A",0.95692739858877,"State"
4601,20250311,"NY053021539A",0.809383673878875,"State"
4602,20250311,"NY055021610A",0.891114603885898,"State"
4603,20250311,"NY055028339A",0.838578069090058,"State"
4606,20250311,"NY073024678A",0.732033575226566,"State"
4613,20250311,"NY099022365A",0.937732000133766,"State"
4614,20250311,"NY117029475A",0.840818646958499,"State"
4615,20250311,"NY121021504A",0.763836404374143,"State"
4616,20250312,"NY007027669A",0.964552051633615,"State"
4617,20250312,"NY013027961A",0.864996823061231,"State"
4618,20250312,"NY025029271A",0.959836805671672,"State"
4619,20250312,"NY031021733A",0.928635922817109,"State"
4620,20250312,"NY031036706A",0.81332976624419,"State"
4621,20250312,"NY051024449A",0.921914189211785,"State"
4622,20250312,"NY055026794A",0.968531585459653,"State"
4623,20250312,"NY063027774A",0.860381901481457,"State"
4624,20250312,"NY089031194A",0.770992876968866,"State"
4625,20250312,"NY107029262A",0.951309233187306,"State"
4626,20250312,"NY123029726A",0.603016419757215,"State"
4627,20250313,"NY007024414B",0.930073905628198,"State"
4628,20250313,"NY007024414C",0.959201417917935,"State"
4629,20250313,"NY011021903A",0.946593987225362,"State"
4630,20250313,"NY025026531A",0.921278801458048,"State"
4631,20250313,"NY029028410A",0.925325218205531,"State"
4632,20250313,"NY029032093A",0.950272547904892,"State"
4633,20250313,"NY051032328A",0.980537069859211,"State"
4634,20250313,"NY065036790A",0.926662876634451,"State"
4635,20250313,"NY099033308A",0.95023910644417,"State"
4636,20250313,"NY103104809A",0.950606962512123,"State"
4637,20250313,"NY117027171A",0.949369628465371,"State"
4642,20250316,"NY055028339A",0.858007557770123,"State"
4645,20250316,"NY067027723A",0.92786676922048,"State"
4646,20250316,"NY067030571A",0.812326522422499,"State"
4652,20250317,"NY013027961A",0.66083670534729,"State"
4653,20250317,"NY055028231A",0.921345684379494,"State"
4654,20250317,"NY059026450A",0.837808915493429,"State"
4655,20250317,"NY059026859A",0.974149750861118,"State"
4656,20250317,"NY065025780B",0.83125438919172,"State"
4657,20250317,"NY065025780C",0.928368391131325,"State"
4658,20250317,"NY065030864A",0.788382436544828,"State"
4659,20250317,"NY069025968A",0.912015516837775,"State"
4661,20250318,"NY007024414B",0.945590743403672,"State"
4662,20250318,"NY007024414C",0.955991037688526,"State"
4663,20250318,"NY019023949A",0.851118616861185,"State"
4664,20250318,"NY023027561A",0.917667123699963,"State"
4665,20250318,"NY029022136A",0.917065177406949,"State"
4666,20250318,"NY029025950B",0.9325485737217,"State"
4667,20250318,"NY029026395B",0.837206969200415,"State"
4668,20250318,"NY029026395C",0.933852790689897,"State"
4669,20250318,"NY029028410A",0.92074373808648,"State"
4670,20250318,"NY029028436A",0.920074908872019,"State"
4671,20250318,"NY029095401A",0.920442764939973,"State"
4672,20250318,"NY037030546A",0.710196301374444,"State"
4673,20250318,"NY045025984A",0.921713540447447,"State"
4678,20250318,"NY051030635A",0.841688124937297,"State"
4679,20250318,"NY055021610A",0.932013510350132,"State"
4680,20250318,"NY055028339A",0.968063405009531,"State"
4681,20250318,"NY059026620A",0.951543323412367,"State"
4682,20250318,"NY059026841A",0.891816874561081,"State"
4684,20250318,"NY073024678A",0.623248503494633,"State"
4685,20250318,"NY075029106A",0.953951108584423,"State"
4692,20250318,"NY099022365A",0.942982309467278,"State"
4693,20250318,"NY103104809A",0.879309768250677,"State"
4694,20250318,"NY103206644A",0.871818881048724,"State"
4695,20250318,"NY117029475A",0.930073905628198,"State"
4696,20250318,"NY121021504A",0.962278032304451,"State"
4697,20250319,"NY007027669A",0.959134534996489,"State"
4698,20250319,"NY013027961A",0.890077918603485,"State"
4699,20250319,"NY013106895A",0.708089489348895,"State"
4700,20250319,"NY025029271A",0.750326054242049,"State"
4701,20250319,"NY055026794A",0.936929405076414,"State"
4702,20250319,"NY059026859A",0.921947630672508,"State"
4703,20250319,"NY063027774A",0.949603718690432,"State"
4704,20250319,"NY075029114A",0.954820586563221,"State"
4705,20250319,"NY107029262A",0.951309233187306,"State"
4706,20250320,"NY007024414C",0.93388623215062,"State"
4707,20250320,"NY007027669A",0.947363140821991,"State"
4708,20250320,"NY023027561A",0.965689061298198,"State"
4709,20250320,"NY029022543A",0.807510952078387,"State"
4710,20250320,"NY029032093A",0.883757482526837,"State"
4711,20250320,"NY051032328A",0.933752466307728,"State"
4712,20250320,"NY055021610A",0.921379125840217,"State"
4713,20250320,"NY059026450A",0.827341738287128,"State"
4714,20250320,"NY059026778A",0.862856569574959,"State"
4715,20250320,"NY059026841A",0.831555362338227,"State"
4716,20250320,"NY059026999A",0.881416580276226,"State"
4717,20250320,"NY065036790A",0.95625856937431,"State"
4718,20250320,"NY069023531A",0.740862120857439,"State"
4719,20250320,"NY103104809A",0.781660702939504,"State"
4720,20250320,"NY117027171A",0.9467946359897,"State"
4726,20250323,"NY055028339A",0.892117847707588,"State"
4729,20250323,"NY067027081A",0.975320201986423,"State"
4730,20250323,"NY067030317A",0.867304283851119,"State"
4737,20250324,"NY023027561A",0.966926395344949,"State"
4738,20250324,"NY029028436A",0.878774704879109,"State"
4739,20250324,"NY055028231A",0.750928000535063,"State"
4740,20250324,"NY059026778A",0.811691134668762,"State"
4741,20250324,"NY063022331A",0.968732234223991,"State"
4742,20250324,"NY063027057A",0.910677858408855,"State"
4743,20250324,"NY063027979A",0.851252382704077,"State"
4745,20250325,"NY011021903A",0.843928702805739,"State"
4746,20250325,"NY013021334A",0.858475738220245,"State"
4747,20250325,"NY029022136A",0.927365147309634,"State"
4748,20250325,"NY029022543A",0.951108584422968,"State"
4749,20250325,"NY029025950B",0.956827074206601,"State"
4750,20250325,"NY029026395B",0.933484934621944,"State"
4751,20250325,"NY029026395C",0.940106343845099,"State"
4752,20250325,"NY029028410A",0.865164030364846,"State"
4753,20250325,"NY029095401A",0.925057686519747,"State"
4754,20250325,"NY045025984B",0.83670534728957,"State"
4760,20250325,"NY051024384A",0.891950640403973,"State"
4761,20250325,"NY051030635A",0.954218640270207,"State"
4762,20250325,"NY053021539A",0.943283282613785,"State"
4763,20250325,"NY055021610A",0.952947864762733,"State"
4764,20250325,"NY059026620A",0.968330936695315,"State"
4767,20250325,"NY065022110A",0.935892719794001,"State"
4768,20250325,"NY075029106A",0.950774169815738,"State"
4769,20250325,"NY075029114A",0.886633448149015,"State"
4774,20250325,"NY083087971A",0.955756947463465,"State"
4777,20250325,"NY099022365A",0.950941377119353,"State"
4778,20250325,"NY103024881A",0.859679630806274,"State"
4779,20250325,"NY103206644A",0.881483463197672,"State"
4780,20250325,"NY113094366A",0.947262816439822,"State"
4781,20250325,"NY117029475A",0.912048958298499,"State"
4782,20250326,"NY001022225A",0.935257332040264,"State"
4783,20250326,"NY001026867A",0.96716048557001,"State"
4784,20250326,"NY001026875A",0.842958900444771,"State"
4785,20250326,"NY013106895A",0.881249372972611,"State"
4786,20250326,"NY025029271A",0.704344045747918,"State"
4787,20250326,"NY031022969A",0.938568036651841,"State"
4788,20250326,"NY041026484A",0.803263886566565,"State"
4789,20250326,"NY051024449A",0.872688359027522,"State"
4790,20250326,"NY055026794A",0.967728990402301,"State"
4791,20250326,"NY063027774A",0.918871016285991,"State"
4792,20250326,"NY075026301A",0.948734240711634,"State"
4793,20250326,"NY083026034A",0.907935658629569,"State"
4794,20250326,"NY083087971A",0.963816339497709,"State"
4795,20250326,"NY095024201A",0.872621476106076,"State"
4796,20250326,"NY107029262A",0.944988797110658,"State"
4797,20250327,"NY001025739A",0.902685349296057,"State"
4798,20250327,"NY051032328A",0.969033207370498,"State"
4799,20250327,"NY057020290A",0.84550045145972,"State"
4800,20250327,"NY059020567A",0.891850316021804,"State"
4801,20250327,"NY059026450A",0.867371166772565,"State"
4802,20250327,"NY059026620A",0.981172457612949,"State"
4803,20250327,"NY059026778A",0.729926763201017,"State"
4804,20250327,"NY059026841A",0.932481690800254,"State"
4805,20250327,"NY059026999A",0.89659900344447,"State"
4806,20250327,"NY065025780C",0.885931177473832,"State"
4807,20250327,"NY065036790A",0.938869009798348,"State"
4808,20250327,"NY077031151A",0.933652141925559,"State"
4809,20250327,"NY091028240A",0.953081630605625,"State"
4810,20250327,"NY093020516A",0.955957596227803,"State"
4811,20250327,"NY103079324A",0.969601712202789,"State"
4812,20250327,"NY113029050A",0.936427783165569,"State"
4813,20250327,"NY115183695A",0.850081931578771,"State"
4814,20250327,"NY117027171A",0.940206668227268,"State"
4821,20250330,"NY055028339A",0.924288532923118,"State"
4824,20250330,"NY067027081A",0.913119085041635,"State"
4825,20250330,"NY067027596A",0.95358325251647,"State"
4826,20250330,"NY067027618A",0.957061164431662,"State"
4827,20250330,"NY067027723A",0.904524629635822,"State"
4828,20250330,"NY067030317A",0.941644651038357,"State"
4829,20250330,"NY067030571A",0.925793398655653,"State"
4836,20250331,"NY055028231A",0.955389091395512,"State"
4837,20250331,"NY063022331A",0.608935558305187,"State"
4838,20250331,"NY063027057A",0.740059525800087,"State"
4839,20250331,"NY065025780B",0.88746948466709,"State"
4840,20250331,"NY065025780C",0.843427080894893,"State"
4841,20250331,"NY065030864A",0.935491422265325,"State"
4842,20250331,"NY113029050A",0.84583486606695,"State"
4843,20250401,"NY001025739A",0.91930575527539,"State"
4844,20250401,"NY001026867A",0.932816105407484,"State"
4845,20250401,"NY001026875A",0.91629602381032,"State"
4847,20250401,"NY009027162A",0.763568872688359,"State"
4848,20250401,"NY013021334A",0.787412634183861,"State"
4849,20250401,"NY013027570A",0.938032973280273,"State"
4850,20250401,"NY019023949A",0.685315854596529,"State"
4851,20250401,"NY029025950B",0.859713072266997,"State"
4852,20250401,"NY029028436A",0.881182490051165,"State"
4858,20250401,"NY051024384A",0.682540213356519,"State"
4859,20250401,"NY055028339A",0.936461224626292,"State"
4860,20250401,"NY057020290A",0.828612513794603,"State"
4863,20250401,"NY065022110A",0.952479684312611,"State"
4867,20250401,"NY083087971A",0.929706049560245,"State"
4870,20250401,"NY091028240A",0.875764973414039,"State"
4871,20250401,"NY093020516A",0.908035983011738,"State"
4872,20250401,"NY099022365A",0.960906932414808,"State"
4873,20250401,"NY117029475A",0.959268300839381,"State"
4874,20250401,"NY121021504A",0.958064408253352,"State"
4875,20250402,"NY001022225A",0.956057920609972,"State"
4876,20250402,"NY013106895A",0.831053740427382,"State"
4877,20250402,"NY019022195A",0.776912015516838,"State"
4878,20250402,"NY031036706A",0.690867137076547,"State"
4879,20250402,"NY041026484A",0.880848075443935,"State"
4880,20250402,"NY045025151A",0.962579005450958,"State"
4881,20250402,"NY051024449A",0.957261813196,"State"
4882,20250402,"NY055026794A",0.962311473765174,"State"
4883,20250402,"NY055028231A",0.931745978664348,"State"
4884,20250402,"NY063030651A",0.859010801591814,"State"
4885,20250402,"NY083026034A",0.947831321272113,"State"
4886,20250402,"NY095024201A",0.943383606995954,"State"
4887,20250403,"NY017021423A",0.622646557201619,"State"
4888,20250403,"NY029022543A",0.79941811858342,"State"
4889,20250403,"NY029032093A",0.936294017322677,"State"
4890,20250403,"NY031022969A",0.798883055211852,"State"
4891,20250403,"NY051032328A",0.868240644751363,"State"
4892,20250403,"NY057020290A",0.840785205497776,"State"
4893,20250403,"NY065036790A",0.941076146206066,"State"
4894,20250403,"NY077031151A",0.611443667859412,"State"
4895,20250403,"NY099033308A",0.974316958164733,"State"
4896,20250403,"NY115183695A",0.840617998194161,"State"
4897,20250403,"NY117027171A",0.957964083871183,"State"
4904,20250406,"NY055028339A",0.961174464100592,"State"
4913,20250407,"NY055028231A",0.974885462997024,"State"
4914,20250407,"NY065025780B",0.963515366351202,"State"
4915,20250407,"NY065025780C",0.92642878640939,"State"
4916,20250408,"NY001025739A",0.944821589807043,"State"
4917,20250408,"NY001026867A",0.771327291576096,"State"
4919,20250408,"NY013027570A",0.776209744841655,"State"
4920,20250408,"NY019025097A",0.683242484031703,"State"
4921,20250408,"NY029022136A",0.863224425642912,"State"
4922,20250408,"NY029025950B",0.894224659733137,"State"
4923,20250408,"NY029026395B",0.896465237601578,"State"
4924,20250408,"NY029026395C",0.872688359027522,"State"
4925,20250408,"NY029028410A",0.927900210681203,"State"
4926,20250408,"NY029028436A",0.837273852121861,"State"
4932,20250408,"NY051024384A",0.9220813965154,"State"
4933,20250408,"NY051030635A",0.974049426478949,"State"
4934,20250408,"NY057020290A",0.948968330936695,"State"
4937,20250408,"NY065022110A",0.798381433301007,"State"
4938,20250408,"NY065030864A",0.940942380363174,"State"
4943,20250408,"NY083087971A",0.881048724208273,"State"
4946,20250408,"NY093020516A",0.949737484533324,"State"
4947,20250408,"NY099022365A",0.977493896933418,"State"
4948,20250408,"NY113094366A",0.866167274186536,"State"
4949,20250408,"NY117029475A",0.980135772330535,"State"
4950,20250408,"NY121021504A",0.96615724174832,"State"
4951,20250409,"NY001022225A",0.911747985151991,"State"
4952,20250409,"NY013027961A",0.868441293515701,"State"
4953,20250409,"NY019021831A",0.92709761562385,"State"
4954,20250409,"NY019022195A",0.675350299301073,"State"
4955,20250409,"NY031036706A",0.928368391131325,"State"
4956,20250409,"NY041026484A",0.940741731598836,"State"
4957,20250409,"NY043036528A",0.93054208607832,"State"
4958,20250409,"NY045025151A",0.935391097883156,"State"
4959,20250409,"NY051024449A",0.93766511721232,"State"
4960,20250409,"NY075026301A",0.911012273016085,"State"
4961,20250409,"NY083026034A",0.958833561849982,"State"
4962,20250409,"NY107029262A",0.646055579707722,"State"
4963,20250410,"NY009027162A",0.6950138782062,"State"
4964,20250410,"NY011021903A",0.819951175467344,"State"
4965,20250410,"NY023027561A",0.947095609136207,"State"
4966,20250410,"NY033030376A",0.975387084907869,"State"
4967,20250410,"NY051032328A",0.934421295522188,"State"
4968,20250410,"NY069023531A",0.889041233321071,"State"
4969,20250410,"NY099033308A",0.862856569574959,"State"
4970,20250410,"NY117027171A",0.950172223522723,"State"
4979,20250413,"NY067027081A",0.950372872287061,"State"
4986,20250414,"NY055028231A",0.951710530715982,"State"
4987,20250415,"NY007027669A",0.973447480185935,"State"
4988,20250415,"NY019025097A",0.96716048557001,"State"
4989,20250415,"NY045025984A",0.873858810152828,"State"
4994,20250415,"NY055028339A",0.965187439387352,"State"
4996,20250415,"NY075029114A",0.843928702805739,"State"
5002,20250415,"NY089020818A",0.955088118249005,"State"
5003,20250415,"NY099022365A",0.67130388255359,"State"
5004,20250415,"NY117029475A",0.829448550312678,"State"
5005,20250415,"NY121021504A",0.797879811390162,"State"
5006,20250416,"NY019022195A",0.975989031200883,"State"
5007,20250416,"NY025029271A",0.783265893054209,"State"
5008,20250416,"NY031036706A",0.789753536434471,"State"
5009,20250416,"NY045025151A",0.955221884091897,"State"
5010,20250416,"NY049020125A",0.853760492258302,"State"
5011,20250416,"NY051024449A",0.959134534996489,"State"
5012,20250416,"NY055026794A",0.902183727385212,"State"
5013,20250416,"NY055028231A",0.876601009932114,"State"
5014,20250416,"NY075029106A",0.922449252583353,"State"
5015,20250416,"NY075029114A",0.911045714476808,"State"
5016,20250416,"NY107029262A",0.951376116108752,"State"
5017,20250416,"NY123029726A",0.684747349764238,"State"
5018,20250417,"NY055021610A",0.792596060595927,"State"
5019,20250417,"NY099033308A",0.680533725713139,"State"
5020,20250417,"NY117027171A",0.957796876567569,"State"
5049,20250422,"NY099022365A",0.94234692171354,"State"
5050,20250423,"NY025029271A",0.792361970370866,"State"
