"file_name","mean_depth","date","cdc_id","drop"
"/home/dthill/seq-diversity/data/genomewide_depth//20240701NY013027961A_depths.tsv",56.2949342560554,"20240701","NY013027961A_depths","tsv"
"/home/dthill/seq-diversity/data/genomewide_depth//20240701NY023027561A_depths.tsv",92.1017370242214,"20240701","NY023027561A_depths","tsv"
"/home/dthill/seq-diversity/data/genomewide_depth//20240701NY043036528A_depths.tsv",78.9488235294118,"20240701","NY043036528A_depths","tsv"
"/home/dthill/seq-diversity/data/genomewide_depth//20240701NY045025984A_depths.tsv",240.94223183391,"20240701","NY045025984A_depths","tsv"
"/home/dthill/seq-diversity/data/genomewide_depth//20240701NY045025984B_depths.tsv",187.318,"20240701","NY045025984B_depths","tsv"
"/home/dthill/seq-diversity/data/genomewide_depth//20240701NY055028231A_depths.tsv",209.371370242215,"20240701","NY055028231A_depths","tsv"
"/home/dthill/seq-diversity/data/genomewide_depth//20240701NY065025780B_depths.tsv",373.787266435986,"20240701","NY065025780B_depths","tsv"
"/home/dthill/seq-diversity/data/genomewide_depth//20240701NY065025780C_depths.tsv",819.01069550173,"20240701","NY065025780C_depths","tsv"
"/home/dthill/seq-diversity/data/genomewide_depth//20240701NY089031194A_depths.tsv",140.698730103806,"20240701","NY089031194A_depths","tsv"
"/home/dthill/seq-diversity/data/genomewide_depth//20240701NY103104809A_depths.tsv",330.449096885813,"20240701","NY103104809A_depths","tsv"
"/home/dthill/seq-diversity/data/genomewide_depth//20240701NY109026638A_depths.tsv",247.11298615917,"20240701","NY109026638A_depths","tsv"
"/home/dthill/seq-diversity/data/genomewide_depth//20240701NY113029050A_depths.tsv",104.218041522491,"20240701","NY113029050A_depths","tsv"
"/home/dthill/seq-diversity/data/genomewide_depth//20240702NY005026191A_depths.tsv",3891.2007266436,"20240702","NY005026191A_depths","tsv"
"/home/dthill/seq-diversity/data/genomewide_depth//20240702NY007024414B_depths.tsv",95.779830449827,"20240702","NY007024414B_depths","tsv"
"/home/dthill/seq-diversity/data/genomewide_depth//20240702NY007024414C_depths.tsv",73.6742837370242,"20240702","NY007024414C_depths","tsv"
"/home/dthill/seq-diversity/data/genomewide_depth//20240702NY007027669A_depths.tsv",66.1489031141869,"20240702","NY007027669A_depths","tsv"
"/home/dthill/seq-diversity/data/genomewide_depth//20240702NY011021903A_depths.tsv",67.3927162629758,"20240702","NY011021903A_depths","tsv"
"/home/dthill/seq-diversity/data/genomewide_depth//20240702NY019023949A_depths.tsv",176.160027681661,"20240702","NY019023949A_depths","tsv"
"/home/dthill/seq-diversity/data/genomewide_depth//20240702NY025029271A_depths.tsv",26.420830449827,"20240702","NY025029271A_depths","tsv"
"/home/dthill/seq-diversity/data/genomewide_depth//20240702NY029022136A_depths.tsv",350.105996539792,"20240702","NY029022136A_depths","tsv"
"/home/dthill/seq-diversity/data/genomewide_depth//20240702NY029022543A_depths.tsv",139.385674740484,"20240702","NY029022543A_depths","tsv"
"/home/dthill/seq-diversity/data/genomewide_depth//20240702NY029025950B_depths.tsv",438.148633217993,"20240702","NY029025950B_depths","tsv"
"/home/dthill/seq-diversity/data/genomewide_depth//20240702NY029026395B_depths.tsv",361.632525951557,"20240702","NY029026395B_depths","tsv"
"/home/dthill/seq-diversity/data/genomewide_depth//20240702NY029026395C_depths.tsv",413.902474048443,"20240702","NY029026395C_depths","tsv"
"/home/dthill/seq-diversity/data/genomewide_depth//20240702NY029028410A_depths.tsv",323.159629757785,"20240702","NY029028410A_depths","tsv"
"/home/dthill/seq-diversity/data/genomewide_depth//20240702NY029028436A_depths.tsv",214.005321799308,"20240702","NY029028436A_depths","tsv"
"/home/dthill/seq-diversity/data/genomewide_depth//20240702NY029032093A_depths.tsv",483.406249134948,"20240702","NY029032093A_depths","tsv"
"/home/dthill/seq-diversity/data/genomewide_depth//20240702NY029095401A_depths.tsv",1012.43691695502,"20240702","NY029095401A_depths","tsv"
"/home/dthill/seq-diversity/data/genomewide_depth//20240702NY037026514A_depths.tsv",111.578581314879,"20240702","NY037026514A_depths","tsv"
"/home/dthill/seq-diversity/data/genomewide_depth//20240702NY041026484A_depths.tsv",1055.53024221453,"20240702","NY041026484A_depths","tsv"
"/home/dthill/seq-diversity/data/genomewide_depth//20240702NY047026166A_depths.tsv",3384.50673702422,"20240702","NY047026166A_depths","tsv"
"/home/dthill/seq-diversity/data/genomewide_depth//20240702NY047026182A_depths.tsv",4241.18485813149,"20240702","NY047026182A_depths","tsv"
"/home/dthill/seq-diversity/data/genomewide_depth//20240702NY047026204A_depths.tsv",3732.61898961938,"20240702","NY047026204A_depths","tsv"
"/home/dthill/seq-diversity/data/genomewide_depth//20240702NY047026212A_depths.tsv",2885.81631487889,"20240702","NY047026212A_depths","tsv"
"/home/dthill/seq-diversity/data/genomewide_depth//20240702NY047027073A_depths.tsv",3440.40016262976,"20240702","NY047027073A_depths","tsv"
"/home/dthill/seq-diversity/data/genomewide_depth//20240702NY051024384A_depths.tsv",45.1662214532872,"20240702","NY051024384A_depths","tsv"
"/home/dthill/seq-diversity/data/genomewide_depth//20240702NY051030635A_depths.tsv",308.904712802768,"20240702","NY051030635A_depths","tsv"
"/home/dthill/seq-diversity/data/genomewide_depth//20240702NY053021539A_depths.tsv",1670.39969204152,"20240702","NY053021539A_depths","tsv"
"/home/dthill/seq-diversity/data/genomewide_depth//20240702NY053028525A_depths.tsv",155.750460207612,"20240702","NY053028525A_depths","tsv"
"/home/dthill/seq-diversity/data/genomewide_depth//20240702NY053029807A_depths.tsv",422.225826989619,"20240702","NY053029807A_depths","tsv"
"/home/dthill/seq-diversity/data/genomewide_depth//20240702NY055028339A_depths.tsv",147.832415224913,"20240702","NY055028339A_depths","tsv"
"/home/dthill/seq-diversity/data/genomewide_depth//20240702NY059026620A_depths.tsv",32.9847162629758,"20240702","NY059026620A_depths","tsv"
"/home/dthill/seq-diversity/data/genomewide_depth//20240702NY061026131A_depths.tsv",3321.5598615917,"20240702","NY061026131A_depths","tsv"
"/home/dthill/seq-diversity/data/genomewide_depth//20240702NY061026247A_depths.tsv",3780.76858823529,"20240702","NY061026247A_depths","tsv"
"/home/dthill/seq-diversity/data/genomewide_depth//20240702NY063022331A_depths.tsv",308.303515570934,"20240702","NY063022331A_depths","tsv"
"/home/dthill/seq-diversity/data/genomewide_depth//20240702NY063027057A_depths.tsv",342.337356401384,"20240702","NY063027057A_depths","tsv"
"/home/dthill/seq-diversity/data/genomewide_depth//20240702NY063027979A_depths.tsv",230.930006920415,"20240702","NY063027979A_depths","tsv"
"/home/dthill/seq-diversity/data/genomewide_depth//20240702NY065025780B_depths.tsv",386.134238754325,"20240702","NY065025780B_depths","tsv"
"/home/dthill/seq-diversity/data/genomewide_depth//20240702NY065025780C_depths.tsv",202.891252595156,"20240702","NY065025780C_depths","tsv"
"/home/dthill/seq-diversity/data/genomewide_depth//20240702NY067025461A_depths.tsv",142.153577854671,"20240702","NY067025461A_depths","tsv"
"/home/dthill/seq-diversity/data/genomewide_depth//20240702NY069025968A_depths.tsv",160.111747404844,"20240702","NY069025968A_depths","tsv"
"/home/dthill/seq-diversity/data/genomewide_depth//20240702NY073021873A_depths.tsv",125.243083044983,"20240702","NY073021873A_depths","tsv"
"/home/dthill/seq-diversity/data/genomewide_depth//20240702NY073023256A_depths.tsv",69.887062283737,"20240702","NY073023256A_depths","tsv"
"/home/dthill/seq-diversity/data/genomewide_depth//20240702NY075029106A_depths.tsv",53.8825294117647,"20240702","NY075029106A_depths","tsv"
"/home/dthill/seq-diversity/data/genomewide_depth//20240702NY075029114A_depths.tsv",37.0940795847751,"20240702","NY075029114A_depths","tsv"
"/home/dthill/seq-diversity/data/genomewide_depth//20240702NY081026115A_depths.tsv",2884.92775086505,"20240702","NY081026115A_depths","tsv"
"/home/dthill/seq-diversity/data/genomewide_depth//20240702NY081026158A_depths.tsv",4291.69208650519,"20240702","NY081026158A_depths","tsv"
"/home/dthill/seq-diversity/data/genomewide_depth//20240702NY081026221A_depths.tsv",2812.35453979239,"20240702","NY081026221A_depths","tsv"
"/home/dthill/seq-diversity/data/genomewide_depth//20240702NY081026239A_depths.tsv",3336.38255363322,"20240702","NY081026239A_depths","tsv"
"/home/dthill/seq-diversity/data/genomewide_depth//20240702NY085026107A_depths.tsv",3088.97201384083,"20240702","NY085026107A_depths","tsv"
"/home/dthill/seq-diversity/data/genomewide_depth//20240702NY085026174A_depths.tsv",4180.71221453287,"20240702","NY085026174A_depths","tsv"
"/home/dthill/seq-diversity/data/genomewide_depth//20240702NY089020818A_depths.tsv",93.2370415224914,"20240702","NY089020818A_depths","tsv"
"/home/dthill/seq-diversity/data/genomewide_depth//20240702NY093020516A_depths.tsv",621.515508650519,"20240702","NY093020516A_depths","tsv"
"/home/dthill/seq-diversity/data/genomewide_depth//20240702NY099022365A_depths.tsv",567.971726643599,"20240702","NY099022365A_depths","tsv"
"/home/dthill/seq-diversity/data/genomewide_depth//20240702NY101021431A_depths.tsv",55.0026505190311,"20240702","NY101021431A_depths","tsv"
"/home/dthill/seq-diversity/data/genomewide_depth//20240702NY109020958A_depths.tsv",1566.65352941176,"20240702","NY109020958A_depths","tsv"
"/home/dthill/seq-diversity/data/genomewide_depth//20240702NY109026638A_depths.tsv",32.4524152249135,"20240702","NY109026638A_depths","tsv"
"/home/dthill/seq-diversity/data/genomewide_depth//20240702NY113094366A_depths.tsv",292.784501730104,"20240702","NY113094366A_depths","tsv"
"/home/dthill/seq-diversity/data/genomewide_depth//20240702NY115024929A_depths.tsv",45.058615916955,"20240702","NY115024929A_depths","tsv"
"/home/dthill/seq-diversity/data/genomewide_depth//20240702NY117029475A_depths.tsv",1726.89826989619,"20240702","NY117029475A_depths","tsv"
"/home/dthill/seq-diversity/data/genomewide_depth//20240702NY119026689A_depths.tsv",511.970546712803,"20240702","NY119026689A_depths","tsv"
"/home/dthill/seq-diversity/data/genomewide_depth//20240702NY119026701A_depths.tsv",1279.73029757785,"20240702","NY119026701A_depths","tsv"
"/home/dthill/seq-diversity/data/genomewide_depth//20240702NY119108324A_depths.tsv",454.700418685121,"20240702","NY119108324A_depths","tsv"
"/home/dthill/seq-diversity/data/genomewide_depth//20240702NY121021504A_depths.tsv",74.8361903114187,"20240702","NY121021504A_depths","tsv"
"/home/dthill/seq-diversity/data/genomewide_depth//20240703NY007027669A_depths.tsv",458.326702422145,"20240703","NY007027669A_depths","tsv"
"/home/dthill/seq-diversity/data/genomewide_depth//20240703NY017021423A_depths.tsv",366.522961937716,"20240703","NY017021423A_depths","tsv"
"/home/dthill/seq-diversity/data/genomewide_depth//20240703NY019026018A_depths.tsv",42.7055224913495,"20240703","NY019026018A_depths","tsv"
"/home/dthill/seq-diversity/data/genomewide_depth//20240703NY025027154A_depths.tsv",619.736764705882,"20240703","NY025027154A_depths","tsv"
"/home/dthill/seq-diversity/data/genomewide_depth//20240703NY029028436A_depths.tsv",571.794948096886,"20240703","NY029028436A_depths","tsv"
"/home/dthill/seq-diversity/data/genomewide_depth//20240703NY031036706A_depths.tsv",183.431910034602,"20240703","NY031036706A_depths","tsv"
"/home/dthill/seq-diversity/data/genomewide_depth//20240703NY037030546A_depths.tsv",66.0946193771626,"20240703","NY037030546A_depths","tsv"
"/home/dthill/seq-diversity/data/genomewide_depth//20240703NY043036528A_depths.tsv",52.42276816609,"20240703","NY043036528A_depths","tsv"
"/home/dthill/seq-diversity/data/genomewide_depth//20240703NY051024449A_depths.tsv",156.279141868512,"20240703","NY051024449A_depths","tsv"
"/home/dthill/seq-diversity/data/genomewide_depth//20240703NY055028231A_depths.tsv",328.367577854671,"20240703","NY055028231A_depths","tsv"
"/home/dthill/seq-diversity/data/genomewide_depth//20240703NY063027774A_depths.tsv",242.259806228374,"20240703","NY063027774A_depths","tsv"
"/home/dthill/seq-diversity/data/genomewide_depth//20240703NY075026301A_depths.tsv",117.906692041522,"20240703","NY075026301A_depths","tsv"
"/home/dthill/seq-diversity/data/genomewide_depth//20240703NY075029114A_depths.tsv",65.4672352941176,"20240703","NY075029114A_depths","tsv"
"/home/dthill/seq-diversity/data/genomewide_depth//20240703NY083087971A_depths.tsv",44.1517923875433,"20240703","NY083087971A_depths","tsv"
"/home/dthill/seq-diversity/data/genomewide_depth//20240703NY089020117A_depths.tsv",55.1994809688581,"20240703","NY089020117A_depths","tsv"
"/home/dthill/seq-diversity/data/genomewide_depth//20240703NY089031194A_depths.tsv",78.4748339100346,"20240703","NY089031194A_depths","tsv"
"/home/dthill/seq-diversity/data/genomewide_depth//20240703NY123029726A_depths.tsv",222.42960899654,"20240703","NY123029726A_depths","tsv"
"/home/dthill/seq-diversity/data/genomewide_depth//20240704NY029095401A_depths.tsv",595.004515570934,"20240704","NY029095401A_depths","tsv"
"/home/dthill/seq-diversity/data/genomewide_depth//20240704NY045025984A_depths.tsv",110.167069204152,"20240704","NY045025984A_depths","tsv"
"/home/dthill/seq-diversity/data/genomewide_depth//20240705NY023027561A_depths.tsv",268.254384083045,"20240705","NY023027561A_depths","tsv"
"/home/dthill/seq-diversity/data/genomewide_depth//20240705NY071023680A_depths.tsv",167.665968858131,"20240705","NY071023680A_depths","tsv"
"/home/dthill/seq-diversity/data/genomewide_depth//20240705NY071031518A_depths.tsv",800.644525951557,"20240705","NY071031518A_depths","tsv"
"/home/dthill/seq-diversity/data/genomewide_depth//20240707NY005026191A_depths.tsv",6534.06268858132,"20240707","NY005026191A_depths","tsv"
"/home/dthill/seq-diversity/data/genomewide_depth//20240707NY047026166A_depths.tsv",10794.0832629758,"20240707","NY047026166A_depths","tsv"
"/home/dthill/seq-diversity/data/genomewide_depth//20240707NY047026182A_depths.tsv",5657.15687889273,"20240707","NY047026182A_depths","tsv"
"/home/dthill/seq-diversity/data/genomewide_depth//20240707NY047026204A_depths.tsv",5088.64239446367,"20240707","NY047026204A_depths","tsv"
"/home/dthill/seq-diversity/data/genomewide_depth//20240707NY047026212A_depths.tsv",5339.2454982699,"20240707","NY047026212A_depths","tsv"
"/home/dthill/seq-diversity/data/genomewide_depth//20240707NY047027073A_depths.tsv",4559.98889619377,"20240707","NY047027073A_depths","tsv"
"/home/dthill/seq-diversity/data/genomewide_depth//20240707NY055028339A_depths.tsv",382.535204152249,"20240707","NY055028339A_depths","tsv"
"/home/dthill/seq-diversity/data/genomewide_depth//20240707NY061026131A_depths.tsv",4008.20825605536,"20240707","NY061026131A_depths","tsv"
"/home/dthill/seq-diversity/data/genomewide_depth//20240707NY061026247A_depths.tsv",7116.47836678201,"20240707","NY061026247A_depths","tsv"
"/home/dthill/seq-diversity/data/genomewide_depth//20240707NY067027596A_depths.tsv",40.4291557093426,"20240707","NY067027596A_depths","tsv"
"/home/dthill/seq-diversity/data/genomewide_depth//20240707NY067030317A_depths.tsv",116.844958477509,"20240707","NY067030317A_depths","tsv"
"/home/dthill/seq-diversity/data/genomewide_depth//20240707NY067030571A_depths.tsv",184.581916955017,"20240707","NY067030571A_depths","tsv"
"/home/dthill/seq-diversity/data/genomewide_depth//20240707NY081026115A_depths.tsv",6561.59903806228,"20240707","NY081026115A_depths","tsv"
"/home/dthill/seq-diversity/data/genomewide_depth//20240707NY081026158A_depths.tsv",4116.62497231834,"20240707","NY081026158A_depths","tsv"
"/home/dthill/seq-diversity/data/genomewide_depth//20240707NY081026221A_depths.tsv",5968.34552941176,"20240707","NY081026221A_depths","tsv"
"/home/dthill/seq-diversity/data/genomewide_depth//20240707NY081026239A_depths.tsv",6967.43247750865,"20240707","NY081026239A_depths","tsv"
"/home/dthill/seq-diversity/data/genomewide_depth//20240707NY085026107A_depths.tsv",4375.00376470588,"20240707","NY085026107A_depths","tsv"
"/home/dthill/seq-diversity/data/genomewide_depth//20240707NY085026174A_depths.tsv",4271.00926643599,"20240707","NY085026174A_depths","tsv"
"/home/dthill/seq-diversity/data/genomewide_depth//20240707NY119026689A_depths.tsv",44.6504740484429,"20240707","NY119026689A_depths","tsv"
"/home/dthill/seq-diversity/data/genomewide_depth//20240707NY119100803A_depths.tsv",153.042442906574,"20240707","NY119100803A_depths","tsv"
"/home/dthill/seq-diversity/data/genomewide_depth//20240708NY013027961A_depths.tsv",79.4862352941176,"20240708","NY013027961A_depths","tsv"
"/home/dthill/seq-diversity/data/genomewide_depth//20240708NY019026018A_depths.tsv",48.4899134948097,"20240708","NY019026018A_depths","tsv"
"/home/dthill/seq-diversity/data/genomewide_depth//20240708NY027026255A_depths.tsv",141.893591695502,"20240708","NY027026255A_depths","tsv"
"/home/dthill/seq-diversity/data/genomewide_depth//20240708NY041026484A_depths.tsv",144.603647058824,"20240708","NY041026484A_depths","tsv"
"/home/dthill/seq-diversity/data/genomewide_depth//20240708NY087031895A_depths.tsv",516.411128027682,"20240708","NY087031895A_depths","tsv"
"/home/dthill/seq-diversity/data/genomewide_depth//20240708NY089020117A_depths.tsv",52.9282733564014,"20240708","NY089020117A_depths","tsv"
"/home/dthill/seq-diversity/data/genomewide_depth//20240708NY089031194A_depths.tsv",298.021702422145,"20240708","NY089031194A_depths","tsv"
"/home/dthill/seq-diversity/data/genomewide_depth//20240709NY007024414C_depths.tsv",148.369138408305,"20240709","NY007024414C_depths","tsv"
"/home/dthill/seq-diversity/data/genomewide_depth//20240709NY007027669A_depths.tsv",583.450474048443,"20240709","NY007027669A_depths","tsv"
"/home/dthill/seq-diversity/data/genomewide_depth//20240709NY013027570A_depths.tsv",83.4402076124567,"20240709","NY013027570A_depths","tsv"
"/home/dthill/seq-diversity/data/genomewide_depth//20240709NY019023949A_depths.tsv",52.8264429065744,"20240709","NY019023949A_depths","tsv"
"/home/dthill/seq-diversity/data/genomewide_depth//20240709NY027149209A_depths.tsv",86.9967647058824,"20240709","NY027149209A_depths","tsv"
"/home/dthill/seq-diversity/data/genomewide_depth//20240709NY029022543A_depths.tsv",360.152560553633,"20240709","NY029022543A_depths","tsv"
"/home/dthill/seq-diversity/data/genomewide_depth//20240709NY029025950B_depths.tsv",2527.37623875433,"20240709","NY029025950B_depths","tsv"
"/home/dthill/seq-diversity/data/genomewide_depth//20240709NY029026395B_depths.tsv",436.141612456747,"20240709","NY029026395B_depths","tsv"
"/home/dthill/seq-diversity/data/genomewide_depth//20240709NY029026395C_depths.tsv",310.313252595156,"20240709","NY029026395C_depths","tsv"
"/home/dthill/seq-diversity/data/genomewide_depth//20240709NY029028410A_depths.tsv",397.589290657439,"20240709","NY029028410A_depths","tsv"
"/home/dthill/seq-diversity/data/genomewide_depth//20240709NY029095401A_depths.tsv",827.444339100346,"20240709","NY029095401A_depths","tsv"
"/home/dthill/seq-diversity/data/genomewide_depth//20240709NY031022187A_depths.tsv",187.521404844291,"20240709","NY031022187A_depths","tsv"
"/home/dthill/seq-diversity/data/genomewide_depth//20240709NY037026514A_depths.tsv",148.061339100346,"20240709","NY037026514A_depths","tsv"
"/home/dthill/seq-diversity/data/genomewide_depth//20240709NY047026166A_depths.tsv",6553.78163321799,"20240709","NY047026166A_depths","tsv"
"/home/dthill/seq-diversity/data/genomewide_depth//20240709NY047026182A_depths.tsv",4825.1594532872,"20240709","NY047026182A_depths","tsv"
"/home/dthill/seq-diversity/data/genomewide_depth//20240709NY047026204A_depths.tsv",4817.57370242215,"20240709","NY047026204A_depths","tsv"
"/home/dthill/seq-diversity/data/genomewide_depth//20240709NY047026212A_depths.tsv",5369.3991349481,"20240709","NY047026212A_depths","tsv"
"/home/dthill/seq-diversity/data/genomewide_depth//20240709NY047027073A_depths.tsv",4650.20574394464,"20240709","NY047027073A_depths","tsv"
"/home/dthill/seq-diversity/data/genomewide_depth//20240709NY051030635A_depths.tsv",34.4777958477509,"20240709","NY051030635A_depths","tsv"
"/home/dthill/seq-diversity/data/genomewide_depth//20240709NY053028525A_depths.tsv",324.43169550173,"20240709","NY053028525A_depths","tsv"
"/home/dthill/seq-diversity/data/genomewide_depth//20240709NY055021610A_depths.tsv",33.9583460207612,"20240709","NY055021610A_depths","tsv"
"/home/dthill/seq-diversity/data/genomewide_depth//20240709NY055026794A_depths.tsv",190.67769550173,"20240709","NY055026794A_depths","tsv"
"/home/dthill/seq-diversity/data/genomewide_depth//20240709NY055028339A_depths.tsv",84.1923460207612,"20240709","NY055028339A_depths","tsv"
"/home/dthill/seq-diversity/data/genomewide_depth//20240709NY061026131A_depths.tsv",5884.27952941176,"20240709","NY061026131A_depths","tsv"
"/home/dthill/seq-diversity/data/genomewide_depth//20240709NY061026247A_depths.tsv",4252.22971626298,"20240709","NY061026247A_depths","tsv"
"/home/dthill/seq-diversity/data/genomewide_depth//20240709NY063026336A_depths.tsv",555.178273356401,"20240709","NY063026336A_depths","tsv"
"/home/dthill/seq-diversity/data/genomewide_depth//20240709NY063027057A_depths.tsv",178.728252595156,"20240709","NY063027057A_depths","tsv"
"/home/dthill/seq-diversity/data/genomewide_depth//20240709NY063027979A_depths.tsv",379.96053633218,"20240709","NY063027979A_depths","tsv"
"/home/dthill/seq-diversity/data/genomewide_depth//20240709NY071026310A_depths.tsv",210.480484429066,"20240709","NY071026310A_depths","tsv"
"/home/dthill/seq-diversity/data/genomewide_depth//20240709NY071031518A_depths.tsv",93.3762560553633,"20240709","NY071031518A_depths","tsv"
"/home/dthill/seq-diversity/data/genomewide_depth//20240709NY081026115A_depths.tsv",4805.6953633218,"20240709","NY081026115A_depths","tsv"
"/home/dthill/seq-diversity/data/genomewide_depth//20240709NY081026158A_depths.tsv",727.682955017301,"20240709","NY081026158A_depths","tsv"
"/home/dthill/seq-diversity/data/genomewide_depth//20240709NY081026221A_depths.tsv",7571.38921799308,"20240709","NY081026221A_depths","tsv"
"/home/dthill/seq-diversity/data/genomewide_depth//20240709NY081026239A_depths.tsv",4717.01306920415,"20240709","NY081026239A_depths","tsv"
"/home/dthill/seq-diversity/data/genomewide_depth//20240709NY085026107A_depths.tsv",4867.14199653979,"20240709","NY085026107A_depths","tsv"
"/home/dthill/seq-diversity/data/genomewide_depth//20240709NY085026174A_depths.tsv",7243.43552249135,"20240709","NY085026174A_depths","tsv"
"/home/dthill/seq-diversity/data/genomewide_depth//20240709NY089236586A_depths.tsv",40.461169550173,"20240709","NY089236586A_depths","tsv"
"/home/dthill/seq-diversity/data/genomewide_depth//20240709NY099022365A_depths.tsv",1017.73811764706,"20240709","NY099022365A_depths","tsv"
"/home/dthill/seq-diversity/data/genomewide_depth//20240709NY101021431A_depths.tsv",38.893124567474,"20240709","NY101021431A_depths","tsv"
"/home/dthill/seq-diversity/data/genomewide_depth//20240709NY101023906A_depths.tsv",115.318034602076,"20240709","NY101023906A_depths","tsv"
"/home/dthill/seq-diversity/data/genomewide_depth//20240709NY105030724A_depths.tsv",76.0117750865052,"20240709","NY105030724A_depths","tsv"
"/home/dthill/seq-diversity/data/genomewide_depth//20240709NY109020958A_depths.tsv",187.865615916955,"20240709","NY109020958A_depths","tsv"
"/home/dthill/seq-diversity/data/genomewide_depth//20240709NY117029475A_depths.tsv",58.3943979238754,"20240709","NY117029475A_depths","tsv"
"/home/dthill/seq-diversity/data/genomewide_depth//20240709NY121021504A_depths.tsv",118.06676816609,"20240709","NY121021504A_depths","tsv"
"/home/dthill/seq-diversity/data/genomewide_depth//20240710NY007027669A_depths.tsv",218.184197231834,"20240710","NY007027669A_depths","tsv"
"/home/dthill/seq-diversity/data/genomewide_depth//20240710NY013027961A_depths.tsv",273.972833910035,"20240710","NY013027961A_depths","tsv"
"/home/dthill/seq-diversity/data/genomewide_depth//20240710NY013106895A_depths.tsv",58.5390069204152,"20240710","NY013106895A_depths","tsv"
"/home/dthill/seq-diversity/data/genomewide_depth//20240710NY015036986A_depths.tsv",88.8652698961938,"20240710","NY015036986A_depths","tsv"
"/home/dthill/seq-diversity/data/genomewide_depth//20240710NY017021423A_depths.tsv",246.548896193772,"20240710","NY017021423A_depths","tsv"
"/home/dthill/seq-diversity/data/genomewide_depth//20240710NY019021831A_depths.tsv",55.262508650519,"20240710","NY019021831A_depths","tsv"
"/home/dthill/seq-diversity/data/genomewide_depth//20240710NY025027154A_depths.tsv",39.9887785467128,"20240710","NY025027154A_depths","tsv"
"/home/dthill/seq-diversity/data/genomewide_depth//20240710NY025029271A_depths.tsv",311.793505190311,"20240710","NY025029271A_depths","tsv"
"/home/dthill/seq-diversity/data/genomewide_depth//20240710NY031021733A_depths.tsv",343.939200692042,"20240710","NY031021733A_depths","tsv"
"/home/dthill/seq-diversity/data/genomewide_depth//20240710NY037020907A_depths.tsv",74.229830449827,"20240710","NY037020907A_depths","tsv"
"/home/dthill/seq-diversity/data/genomewide_depth//20240710NY037030546A_depths.tsv",49.1719723183391,"20240710","NY037030546A_depths","tsv"
"/home/dthill/seq-diversity/data/genomewide_depth//20240710NY063027774A_depths.tsv",113.671401384083,"20240710","NY063027774A_depths","tsv"
"/home/dthill/seq-diversity/data/genomewide_depth//20240710NY073023256A_depths.tsv",76.0930934256055,"20240710","NY073023256A_depths","tsv"
"/home/dthill/seq-diversity/data/genomewide_depth//20240710NY073028401A_depths.tsv",896.137228373702,"20240710","NY073028401A_depths","tsv"
"/home/dthill/seq-diversity/data/genomewide_depth//20240710NY075029106A_depths.tsv",89.1150415224914,"20240710","NY075029106A_depths","tsv"
"/home/dthill/seq-diversity/data/genomewide_depth//20240710NY107029262A_depths.tsv",191.805173010381,"20240710","NY107029262A_depths","tsv"
"/home/dthill/seq-diversity/data/genomewide_depth//20240710NY119026689A_depths.tsv",4008.35239446367,"20240710","NY119026689A_depths","tsv"
"/home/dthill/seq-diversity/data/genomewide_depth//20240710NY119026786A_depths.tsv",266.447636678201,"20240710","NY119026786A_depths","tsv"
"/home/dthill/seq-diversity/data/genomewide_depth//20240711NY007024414B_depths.tsv",230.187837370242,"20240711","NY007024414B_depths","tsv"
"/home/dthill/seq-diversity/data/genomewide_depth//20240711NY007024414C_depths.tsv",758.562027681661,"20240711","NY007024414C_depths","tsv"
"/home/dthill/seq-diversity/data/genomewide_depth//20240711NY009027162A_depths.tsv",29.2213667820069,"20240711","NY009027162A_depths","tsv"
"/home/dthill/seq-diversity/data/genomewide_depth//20240711NY029032093A_depths.tsv",235.06521799308,"20240711","NY029032093A_depths","tsv"
"/home/dthill/seq-diversity/data/genomewide_depth//20240711NY055021610A_depths.tsv",1559.78384775087,"20240711","NY055021610A_depths","tsv"
"/home/dthill/seq-diversity/data/genomewide_depth//20240711NY063027979A_depths.tsv",153.075411764706,"20240711","NY063027979A_depths","tsv"
"/home/dthill/seq-diversity/data/genomewide_depth//20240711NY063030651A_depths.tsv",185.330743944637,"20240711","NY063030651A_depths","tsv"
"/home/dthill/seq-diversity/data/genomewide_depth//20240711NY069023531A_depths.tsv",369.203871972318,"20240711","NY069023531A_depths","tsv"
"/home/dthill/seq-diversity/data/genomewide_depth//20240711NY089020818A_depths.tsv",34.5743148788927,"20240711","NY089020818A_depths","tsv"
"/home/dthill/seq-diversity/data/genomewide_depth//20240711NY099033308A_depths.tsv",175.972996539792,"20240711","NY099033308A_depths","tsv"
"/home/dthill/seq-diversity/data/genomewide_depth//20240711NY101023906A_depths.tsv",2478.1445916955,"20240711","NY101023906A_depths","tsv"
"/home/dthill/seq-diversity/data/genomewide_depth//20240712NY089029831A_depths.tsv",33.6193806228374,"20240712","NY089029831A_depths","tsv"
"/home/dthill/seq-diversity/data/genomewide_depth//20240713NY119026719A_depths.tsv",475.313422145329,"20240713","NY119026719A_depths","tsv"
"/home/dthill/seq-diversity/data/genomewide_depth//20240714NY005026191A_depths.tsv",5093.47012110727,"20240714","NY005026191A_depths","tsv"
"/home/dthill/seq-diversity/data/genomewide_depth//20240714NY029028436A_depths.tsv",875.253173010381,"20240714","NY029028436A_depths","tsv"
"/home/dthill/seq-diversity/data/genomewide_depth//20240714NY047026166A_depths.tsv",4665.24569896194,"20240714","NY047026166A_depths","tsv"
"/home/dthill/seq-diversity/data/genomewide_depth//20240714NY047026182A_depths.tsv",4197.11217647059,"20240714","NY047026182A_depths","tsv"
"/home/dthill/seq-diversity/data/genomewide_depth//20240714NY047026204A_depths.tsv",5585.34144982699,"20240714","NY047026204A_depths","tsv"
"/home/dthill/seq-diversity/data/genomewide_depth//20240714NY047026212A_depths.tsv",7068.30893079585,"20240714","NY047026212A_depths","tsv"
"/home/dthill/seq-diversity/data/genomewide_depth//20240714NY047027073A_depths.tsv",2324.64214532872,"20240714","NY047027073A_depths","tsv"
"/home/dthill/seq-diversity/data/genomewide_depth//20240714NY055028339A_depths.tsv",61.35876816609,"20240714","NY055028339A_depths","tsv"
"/home/dthill/seq-diversity/data/genomewide_depth//20240714NY061026131A_depths.tsv",3703.91255709343,"20240714","NY061026131A_depths","tsv"
"/home/dthill/seq-diversity/data/genomewide_depth//20240714NY061026247A_depths.tsv",5325.09965051903,"20240714","NY061026247A_depths","tsv"
"/home/dthill/seq-diversity/data/genomewide_depth//20240714NY067027596A_depths.tsv",64.5641141868512,"20240714","NY067027596A_depths","tsv"
"/home/dthill/seq-diversity/data/genomewide_depth//20240714NY067030571A_depths.tsv",59.9771487889273,"20240714","NY067030571A_depths","tsv"
"/home/dthill/seq-diversity/data/genomewide_depth//20240714NY081026115A_depths.tsv",6411.36064013841,"20240714","NY081026115A_depths","tsv"
"/home/dthill/seq-diversity/data/genomewide_depth//20240714NY081026158A_depths.tsv",3293.39426643599,"20240714","NY081026158A_depths","tsv"
"/home/dthill/seq-diversity/data/genomewide_depth//20240714NY081026221A_depths.tsv",2838.74900346021,"20240714","NY081026221A_depths","tsv"
"/home/dthill/seq-diversity/data/genomewide_depth//20240714NY081026239A_depths.tsv",4176.07941522491,"20240714","NY081026239A_depths","tsv"
"/home/dthill/seq-diversity/data/genomewide_depth//20240714NY085026107A_depths.tsv",3288.85871972318,"20240714","NY085026107A_depths","tsv"
"/home/dthill/seq-diversity/data/genomewide_depth//20240714NY085026174A_depths.tsv",5387.39216608997,"20240714","NY085026174A_depths","tsv"
"/home/dthill/seq-diversity/data/genomewide_depth//20240714NY119026689A_depths.tsv",311.043487889273,"20240714","NY119026689A_depths","tsv"
"/home/dthill/seq-diversity/data/genomewide_depth//20240714NY119026697A_depths.tsv",614.465435986159,"20240714","NY119026697A_depths","tsv"
"/home/dthill/seq-diversity/data/genomewide_depth//20240714NY119026701A_depths.tsv",133.122958477509,"20240714","NY119026701A_depths","tsv"
"/home/dthill/seq-diversity/data/genomewide_depth//20240714NY119100803A_depths.tsv",2127.82527681661,"20240714","NY119100803A_depths","tsv"
"/home/dthill/seq-diversity/data/genomewide_depth//20240714NY119108324A_depths.tsv",519.206044982699,"20240714","NY119108324A_depths","tsv"
"/home/dthill/seq-diversity/data/genomewide_depth//20240715NY023027561A_depths.tsv",553.502996539792,"20240715","NY023027561A_depths","tsv"
"/home/dthill/seq-diversity/data/genomewide_depth//20240715NY027026255A_depths.tsv",59.775321799308,"20240715","NY027026255A_depths","tsv"
"/home/dthill/seq-diversity/data/genomewide_depth//20240715NY043036528A_depths.tsv",41.8804740484429,"20240715","NY043036528A_depths","tsv"
"/home/dthill/seq-diversity/data/genomewide_depth//20240715NY059026450A_depths.tsv",94.9564982698962,"20240715","NY059026450A_depths","tsv"
"/home/dthill/seq-diversity/data/genomewide_depth//20240715NY059026859A_depths.tsv",530.438892733564,"20240715","NY059026859A_depths","tsv"
"/home/dthill/seq-diversity/data/genomewide_depth//20240715NY065025780B_depths.tsv",242.261311418685,"20240715","NY065025780B_depths","tsv"
"/home/dthill/seq-diversity/data/genomewide_depth//20240715NY065025780C_depths.tsv",487.680401384083,"20240715","NY065025780C_depths","tsv"
"/home/dthill/seq-diversity/data/genomewide_depth//20240715NY065030864A_depths.tsv",48.1887162629758,"20240715","NY065030864A_depths","tsv"
"/home/dthill/seq-diversity/data/genomewide_depth//20240715NY089031194A_depths.tsv",63.9740553633218,"20240715","NY089031194A_depths","tsv"
"/home/dthill/seq-diversity/data/genomewide_depth//20240715NY103020061A_depths.tsv",73.0343044982699,"20240715","NY103020061A_depths","tsv"
"/home/dthill/seq-diversity/data/genomewide_depth//20240715NY103104809A_depths.tsv",943.918034602076,"20240715","NY103104809A_depths","tsv"
"/home/dthill/seq-diversity/data/genomewide_depth//20240716NY001025739A_depths.tsv",228.612910034602,"20240716","NY001025739A_depths","tsv"
"/home/dthill/seq-diversity/data/genomewide_depth//20240716NY005026191A_depths.tsv",3966.07394117647,"20240716","NY005026191A_depths","tsv"
"/home/dthill/seq-diversity/data/genomewide_depth//20240716NY007024414C_depths.tsv",152.756716262976,"20240716","NY007024414C_depths","tsv"
"/home/dthill/seq-diversity/data/genomewide_depth//20240716NY011021903A_depths.tsv",190.12037716263,"20240716","NY011021903A_depths","tsv"
"/home/dthill/seq-diversity/data/genomewide_depth//20240716NY027026255A_depths.tsv",110.29624567474,"20240716","NY027026255A_depths","tsv"
"/home/dthill/seq-diversity/data/genomewide_depth//20240716NY027149209A_depths.tsv",48.5016470588235,"20240716","NY027149209A_depths","tsv"
"/home/dthill/seq-diversity/data/genomewide_depth//20240716NY029022136A_depths.tsv",815.814944636678,"20240716","NY029022136A_depths","tsv"
"/home/dthill/seq-diversity/data/genomewide_depth//20240716NY029022543A_depths.tsv",170.643868512111,"20240716","NY029022543A_depths","tsv"
"/home/dthill/seq-diversity/data/genomewide_depth//20240716NY029025950B_depths.tsv",601.459598615917,"20240716","NY029025950B_depths","tsv"
"/home/dthill/seq-diversity/data/genomewide_depth//20240716NY029026395B_depths.tsv",696.372705882353,"20240716","NY029026395B_depths","tsv"
"/home/dthill/seq-diversity/data/genomewide_depth//20240716NY029026395C_depths.tsv",1209.51896885813,"20240716","NY029026395C_depths","tsv"
"/home/dthill/seq-diversity/data/genomewide_depth//20240716NY029028410A_depths.tsv",857.618633217993,"20240716","NY029028410A_depths","tsv"
"/home/dthill/seq-diversity/data/genomewide_depth//20240716NY029095401A_depths.tsv",861.494688581315,"20240716","NY029095401A_depths","tsv"
"/home/dthill/seq-diversity/data/genomewide_depth//20240716NY031021733A_depths.tsv",49.6106228373702,"20240716","NY031021733A_depths","tsv"
"/home/dthill/seq-diversity/data/genomewide_depth//20240716NY037026514A_depths.tsv",265.714069204152,"20240716","NY037026514A_depths","tsv"
"/home/dthill/seq-diversity/data/genomewide_depth//20240716NY047026166A_depths.tsv",5668.65025605536,"20240716","NY047026166A_depths","tsv"
"/home/dthill/seq-diversity/data/genomewide_depth//20240716NY047026182A_depths.tsv",4228.57332179931,"20240716","NY047026182A_depths","tsv"
"/home/dthill/seq-diversity/data/genomewide_depth//20240716NY047026204A_depths.tsv",3947.96651557093,"20240716","NY047026204A_depths","tsv"
"/home/dthill/seq-diversity/data/genomewide_depth//20240716NY047026212A_depths.tsv",4069.09870934256,"20240716","NY047026212A_depths","tsv"
"/home/dthill/seq-diversity/data/genomewide_depth//20240716NY047027073A_depths.tsv",1616.14664359862,"20240716","NY047027073A_depths","tsv"
"/home/dthill/seq-diversity/data/genomewide_depth//20240716NY051024384A_depths.tsv",151.2663183391,"20240716","NY051024384A_depths","tsv"
"/home/dthill/seq-diversity/data/genomewide_depth//20240716NY051030635A_depths.tsv",290.932778546713,"20240716","NY051030635A_depths","tsv"
"/home/dthill/seq-diversity/data/genomewide_depth//20240716NY053028525A_depths.tsv",1492.87309342561,"20240716","NY053028525A_depths","tsv"
"/home/dthill/seq-diversity/data/genomewide_depth//20240716NY055026794A_depths.tsv",53.3064809688581,"20240716","NY055026794A_depths","tsv"
"/home/dthill/seq-diversity/data/genomewide_depth//20240716NY055028339A_depths.tsv",283.314017301038,"20240716","NY055028339A_depths","tsv"
"/home/dthill/seq-diversity/data/genomewide_depth//20240716NY059026620A_depths.tsv",7336.9714532872,"20240716","NY059026620A_depths","tsv"
"/home/dthill/seq-diversity/data/genomewide_depth//20240716NY059026841A_depths.tsv",505.438256055363,"20240716","NY059026841A_depths","tsv"
"/home/dthill/seq-diversity/data/genomewide_depth//20240716NY059026999A_depths.tsv",6601.95443944637,"20240716","NY059026999A_depths","tsv"
"/home/dthill/seq-diversity/data/genomewide_depth//20240716NY061026131A_depths.tsv",3845.48011418685,"20240716","NY061026131A_depths","tsv"
"/home/dthill/seq-diversity/data/genomewide_depth//20240716NY061026247A_depths.tsv",4342.62728719723,"20240716","NY061026247A_depths","tsv"
"/home/dthill/seq-diversity/data/genomewide_depth//20240716NY063026336A_depths.tsv",157.372674740484,"20240716","NY063026336A_depths","tsv"
"/home/dthill/seq-diversity/data/genomewide_depth//20240716NY063027057A_depths.tsv",111.780889273356,"20240716","NY063027057A_depths","tsv"
"/home/dthill/seq-diversity/data/genomewide_depth//20240716NY065030864A_depths.tsv",1043.3554982699,"20240716","NY065030864A_depths","tsv"
"/home/dthill/seq-diversity/data/genomewide_depth//20240716NY071027901A_depths.tsv",55.0325709342561,"20240716","NY071027901A_depths","tsv"
"/home/dthill/seq-diversity/data/genomewide_depth//20240716NY071031518A_depths.tsv",129.741394463668,"20240716","NY071031518A_depths","tsv"
"/home/dthill/seq-diversity/data/genomewide_depth//20240716NY073021873A_depths.tsv",386.043397923875,"20240716","NY073021873A_depths","tsv"
"/home/dthill/seq-diversity/data/genomewide_depth//20240716NY073024678A_depths.tsv",391.449342560554,"20240716","NY073024678A_depths","tsv"
"/home/dthill/seq-diversity/data/genomewide_depth//20240716NY075029114A_depths.tsv",32.9988823529412,"20240716","NY075029114A_depths","tsv"
"/home/dthill/seq-diversity/data/genomewide_depth//20240716NY079022721A_depths.tsv",387.076806228374,"20240716","NY079022721A_depths","tsv"
"/home/dthill/seq-diversity/data/genomewide_depth//20240716NY081026115A_depths.tsv",4067.48629757785,"20240716","NY081026115A_depths","tsv"
"/home/dthill/seq-diversity/data/genomewide_depth//20240716NY081026158A_depths.tsv",4260.02848096886,"20240716","NY081026158A_depths","tsv"
"/home/dthill/seq-diversity/data/genomewide_depth//20240716NY081026221A_depths.tsv",4204.29085813149,"20240716","NY081026221A_depths","tsv"
"/home/dthill/seq-diversity/data/genomewide_depth//20240716NY081026239A_depths.tsv",2983.28466089965,"20240716","NY081026239A_depths","tsv"
"/home/dthill/seq-diversity/data/genomewide_depth//20240716NY085026107A_depths.tsv",3663.60624221453,"20240716","NY085026107A_depths","tsv"
"/home/dthill/seq-diversity/data/genomewide_depth//20240716NY085026174A_depths.tsv",4769.33837370242,"20240716","NY085026174A_depths","tsv"
"/home/dthill/seq-diversity/data/genomewide_depth//20240716NY087022748A_depths.tsv",27.854553633218,"20240716","NY087022748A_depths","tsv"
"/home/dthill/seq-diversity/data/genomewide_depth//20240716NY089020818A_depths.tsv",85.8021107266436,"20240716","NY089020818A_depths","tsv"
"/home/dthill/seq-diversity/data/genomewide_depth//20240716NY101021431A_depths.tsv",79.0161003460208,"20240716","NY101021431A_depths","tsv"
"/home/dthill/seq-diversity/data/genomewide_depth//20240716NY103024881A_depths.tsv",37.8495882352941,"20240716","NY103024881A_depths","tsv"
"/home/dthill/seq-diversity/data/genomewide_depth//20240716NY103065358A_depths.tsv",276.823692041523,"20240716","NY103065358A_depths","tsv"
"/home/dthill/seq-diversity/data/genomewide_depth//20240716NY103104809A_depths.tsv",331.12737716263,"20240716","NY103104809A_depths","tsv"
"/home/dthill/seq-diversity/data/genomewide_depth//20240716NY103206644A_depths.tsv",10502.4680588235,"20240716","NY103206644A_depths","tsv"
"/home/dthill/seq-diversity/data/genomewide_depth//20240716NY105030724A_depths.tsv",57.2619100346021,"20240716","NY105030724A_depths","tsv"
"/home/dthill/seq-diversity/data/genomewide_depth//20240716NY109026638A_depths.tsv",68.2006989619377,"20240716","NY109026638A_depths","tsv"
"/home/dthill/seq-diversity/data/genomewide_depth//20240716NY113094366A_depths.tsv",528.391868512111,"20240716","NY113094366A_depths","tsv"
"/home/dthill/seq-diversity/data/genomewide_depth//20240716NY121021504A_depths.tsv",49.3047577854671,"20240716","NY121021504A_depths","tsv"
"/home/dthill/seq-diversity/data/genomewide_depth//20240717NY007027669A_depths.tsv",81.8719411764706,"20240717","NY007027669A_depths","tsv"
"/home/dthill/seq-diversity/data/genomewide_depth//20240717NY013027961A_depths.tsv",80.3625432525952,"20240717","NY013027961A_depths","tsv"
"/home/dthill/seq-diversity/data/genomewide_depth//20240717NY013106895A_depths.tsv",396.850595155709,"20240717","NY013106895A_depths","tsv"
"/home/dthill/seq-diversity/data/genomewide_depth//20240717NY015035742A_depths.tsv",77.9289826989619,"20240717","NY015035742A_depths","tsv"
"/home/dthill/seq-diversity/data/genomewide_depth//20240717NY015036986A_depths.tsv",78.931401384083,"20240717","NY015036986A_depths","tsv"
"/home/dthill/seq-diversity/data/genomewide_depth//20240717NY017021423A_depths.tsv",113.714439446367,"20240717","NY017021423A_depths","tsv"
"/home/dthill/seq-diversity/data/genomewide_depth//20240717NY025027154A_depths.tsv",177.817349480969,"20240717","NY025027154A_depths","tsv"
"/home/dthill/seq-diversity/data/genomewide_depth//20240717NY025029271A_depths.tsv",103.49685467128,"20240717","NY025029271A_depths","tsv"
"/home/dthill/seq-diversity/data/genomewide_depth//20240717NY027026271A_depths.tsv",37.4401972318339,"20240717","NY027026271A_depths","tsv"
"/home/dthill/seq-diversity/data/genomewide_depth//20240717NY031022969A_depths.tsv",77.1262214532872,"20240717","NY031022969A_depths","tsv"
"/home/dthill/seq-diversity/data/genomewide_depth//20240717NY031036706A_depths.tsv",138.765740484429,"20240717","NY031036706A_depths","tsv"
"/home/dthill/seq-diversity/data/genomewide_depth//20240717NY037030546A_depths.tsv",482.493051903114,"20240717","NY037030546A_depths","tsv"
"/home/dthill/seq-diversity/data/genomewide_depth//20240717NY051024449A_depths.tsv",47.2933702422145,"20240717","NY051024449A_depths","tsv"
"/home/dthill/seq-diversity/data/genomewide_depth//20240717NY055026794A_depths.tsv",475.501961937716,"20240717","NY055026794A_depths","tsv"
"/home/dthill/seq-diversity/data/genomewide_depth//20240717NY055028231A_depths.tsv",68.6214152249135,"20240717","NY055028231A_depths","tsv"
"/home/dthill/seq-diversity/data/genomewide_depth//20240717NY059023523A_depths.tsv",173.243923875433,"20240717","NY059023523A_depths","tsv"
"/home/dthill/seq-diversity/data/genomewide_depth//20240717NY059026450A_depths.tsv",157.128678200692,"20240717","NY059026450A_depths","tsv"
"/home/dthill/seq-diversity/data/genomewide_depth//20240717NY071026310A_depths.tsv",193.651283737024,"20240717","NY071026310A_depths","tsv"
"/home/dthill/seq-diversity/data/genomewide_depth//20240717NY071026522A_depths.tsv",460.879415224913,"20240717","NY071026522A_depths","tsv"
"/home/dthill/seq-diversity/data/genomewide_depth//20240717NY071030490A_depths.tsv",218.096702422145,"20240717","NY071030490A_depths","tsv"
"/home/dthill/seq-diversity/data/genomewide_depth//20240717NY075020257A_depths.tsv",56.2775432525952,"20240717","NY075020257A_depths","tsv"
"/home/dthill/seq-diversity/data/genomewide_depth//20240717NY075029106A_depths.tsv",184.788169550173,"20240717","NY075029106A_depths","tsv"
"/home/dthill/seq-diversity/data/genomewide_depth//20240717NY075029114A_depths.tsv",28.4960934256055,"20240717","NY075029114A_depths","tsv"
"/home/dthill/seq-diversity/data/genomewide_depth//20240717NY079031356A_depths.tsv",53.1965224913495,"20240717","NY079031356A_depths","tsv"
"/home/dthill/seq-diversity/data/genomewide_depth//20240717NY083087971A_depths.tsv",115.188138408304,"20240717","NY083087971A_depths","tsv"
"/home/dthill/seq-diversity/data/genomewide_depth//20240717NY087028533A_depths.tsv",281.271429065744,"20240717","NY087028533A_depths","tsv"
"/home/dthill/seq-diversity/data/genomewide_depth//20240717NY087270598A_depths.tsv",58.0660692041522,"20240717","NY087270598A_depths","tsv"
"/home/dthill/seq-diversity/data/genomewide_depth//20240717NY089020117A_depths.tsv",48.7954186851211,"20240717","NY089020117A_depths","tsv"
"/home/dthill/seq-diversity/data/genomewide_depth//20240717NY103020061A_depths.tsv",30.1103979238754,"20240717","NY103020061A_depths","tsv"
"/home/dthill/seq-diversity/data/genomewide_depth//20240717NY103076988A_depths.tsv",103.408214532872,"20240717","NY103076988A_depths","tsv"
"/home/dthill/seq-diversity/data/genomewide_depth//20240717NY103080683A_depths.tsv",32.2395363321799,"20240717","NY103080683A_depths","tsv"
"/home/dthill/seq-diversity/data/genomewide_depth//20240717NY109026638A_depths.tsv",124.212712802768,"20240717","NY109026638A_depths","tsv"
"/home/dthill/seq-diversity/data/genomewide_depth//20240717NY111029351A_depths.tsv",137.521238754325,"20240717","NY111029351A_depths","tsv"
"/home/dthill/seq-diversity/data/genomewide_depth//20240717NY111031208A_depths.tsv",54.2738027681661,"20240717","NY111031208A_depths","tsv"
"/home/dthill/seq-diversity/data/genomewide_depth//20240717NY123029726A_depths.tsv",312.545525951557,"20240717","NY123029726A_depths","tsv"
"/home/dthill/seq-diversity/data/genomewide_depth//20240718NY025026565A_depths.tsv",352.134103806228,"20240718","NY025026565A_depths","tsv"
"/home/dthill/seq-diversity/data/genomewide_depth//20240718NY029032093A_depths.tsv",32.8718408304498,"20240718","NY029032093A_depths","tsv"
"/home/dthill/seq-diversity/data/genomewide_depth//20240718NY053026956A_depths.tsv",43.1759411764706,"20240718","NY053026956A_depths","tsv"
"/home/dthill/seq-diversity/data/genomewide_depth//20240718NY059020567A_depths.tsv",315.403640138408,"20240718","NY059020567A_depths","tsv"
"/home/dthill/seq-diversity/data/genomewide_depth//20240718NY059021822A_depths.tsv",52.396214532872,"20240718","NY059021822A_depths","tsv"
"/home/dthill/seq-diversity/data/genomewide_depth//20240718NY059026778A_depths.tsv",38.2117404844291,"20240718","NY059026778A_depths","tsv"
"/home/dthill/seq-diversity/data/genomewide_depth//20240718NY059026841A_depths.tsv",38.1484117647059,"20240718","NY059026841A_depths","tsv"
"/home/dthill/seq-diversity/data/genomewide_depth//20240718NY059026999A_depths.tsv",89.2393356401384,"20240718","NY059026999A_depths","tsv"
"/home/dthill/seq-diversity/data/genomewide_depth//20240718NY063027979A_depths.tsv",215.968955017301,"20240718","NY063027979A_depths","tsv"
"/home/dthill/seq-diversity/data/genomewide_depth//20240718NY069023531A_depths.tsv",31.3333425605536,"20240718","NY069023531A_depths","tsv"
"/home/dthill/seq-diversity/data/genomewide_depth//20240718NY089020818A_depths.tsv",154.598044982699,"20240718","NY089020818A_depths","tsv"
"/home/dthill/seq-diversity/data/genomewide_depth//20240718NY093020516A_depths.tsv",42.2234359861592,"20240718","NY093020516A_depths","tsv"
"/home/dthill/seq-diversity/data/genomewide_depth//20240718NY099033308A_depths.tsv",73.3090968858131,"20240718","NY099033308A_depths","tsv"
"/home/dthill/seq-diversity/data/genomewide_depth//20240718NY101021431A_depths.tsv",367.67492733564,"20240718","NY101021431A_depths","tsv"
"/home/dthill/seq-diversity/data/genomewide_depth//20240718NY101023906A_depths.tsv",134.036044982699,"20240718","NY101023906A_depths","tsv"
"/home/dthill/seq-diversity/data/genomewide_depth//20240718NY103079324A_depths.tsv",70.0689792387543,"20240718","NY103079324A_depths","tsv"
"/home/dthill/seq-diversity/data/genomewide_depth//20240718NY103104809A_depths.tsv",80.9536297577855,"20240718","NY103104809A_depths","tsv"
"/home/dthill/seq-diversity/data/genomewide_depth//20240718NY113029050A_depths.tsv",53.5218408304498,"20240718","NY113029050A_depths","tsv"
"/home/dthill/seq-diversity/data/genomewide_depth//20240718NY115024929A_depths.tsv",438.119034602076,"20240718","NY115024929A_depths","tsv"
"/home/dthill/seq-diversity/data/genomewide_depth//20240718NY117027171A_depths.tsv",44.270062283737,"20240718","NY117027171A_depths","tsv"
"/home/dthill/seq-diversity/data/genomewide_depth//20240719NY045025984A_depths.tsv",93.5277716262976,"20240719","NY045025984A_depths","tsv"
"/home/dthill/seq-diversity/data/genomewide_depth//20240719NY089029831A_depths.tsv",401.466062283737,"20240719","NY089029831A_depths","tsv"
"/home/dthill/seq-diversity/data/genomewide_depth//20240721NY005026191A_depths.tsv",6343.24588927336,"20240721","NY005026191A_depths","tsv"
"/home/dthill/seq-diversity/data/genomewide_depth//20240721NY047026166A_depths.tsv",7179.65412110727,"20240721","NY047026166A_depths","tsv"
"/home/dthill/seq-diversity/data/genomewide_depth//20240721NY047026182A_depths.tsv",4793.21928027682,"20240721","NY047026182A_depths","tsv"
"/home/dthill/seq-diversity/data/genomewide_depth//20240721NY047026204A_depths.tsv",4392.37784775086,"20240721","NY047026204A_depths","tsv"
"/home/dthill/seq-diversity/data/genomewide_depth//20240721NY047026212A_depths.tsv",5521.58459515571,"20240721","NY047026212A_depths","tsv"
"/home/dthill/seq-diversity/data/genomewide_depth//20240721NY047027073A_depths.tsv",3955.22582698962,"20240721","NY047027073A_depths","tsv"
"/home/dthill/seq-diversity/data/genomewide_depth//20240721NY055028339A_depths.tsv",66.9743598615917,"20240721","NY055028339A_depths","tsv"
"/home/dthill/seq-diversity/data/genomewide_depth//20240721NY061026131A_depths.tsv",4412.83802422145,"20240721","NY061026131A_depths","tsv"
"/home/dthill/seq-diversity/data/genomewide_depth//20240721NY061026247A_depths.tsv",6066.2306366782,"20240721","NY061026247A_depths","tsv"
"/home/dthill/seq-diversity/data/genomewide_depth//20240721NY067027081A_depths.tsv",197.86244982699,"20240721","NY067027081A_depths","tsv"
"/home/dthill/seq-diversity/data/genomewide_depth//20240721NY067027596A_depths.tsv",1003.70163321799,"20240721","NY067027596A_depths","tsv"
"/home/dthill/seq-diversity/data/genomewide_depth//20240721NY067027618A_depths.tsv",130.050570934256,"20240721","NY067027618A_depths","tsv"
"/home/dthill/seq-diversity/data/genomewide_depth//20240721NY067027723A_depths.tsv",113.271733564014,"20240721","NY067027723A_depths","tsv"
"/home/dthill/seq-diversity/data/genomewide_depth//20240721NY067030317A_depths.tsv",248.662861591696,"20240721","NY067030317A_depths","tsv"
"/home/dthill/seq-diversity/data/genomewide_depth//20240721NY067030571A_depths.tsv",435.344359861592,"20240721","NY067030571A_depths","tsv"
"/home/dthill/seq-diversity/data/genomewide_depth//20240721NY081026115A_depths.tsv",577.443256055363,"20240721","NY081026115A_depths","tsv"
"/home/dthill/seq-diversity/data/genomewide_depth//20240721NY081026158A_depths.tsv",5884.48833910035,"20240721","NY081026158A_depths","tsv"
"/home/dthill/seq-diversity/data/genomewide_depth//20240721NY081026221A_depths.tsv",6568.66592041522,"20240721","NY081026221A_depths","tsv"
"/home/dthill/seq-diversity/data/genomewide_depth//20240721NY081026239A_depths.tsv",2735.18351211073,"20240721","NY081026239A_depths","tsv"
"/home/dthill/seq-diversity/data/genomewide_depth//20240721NY085026107A_depths.tsv",1813.2354532872,"20240721","NY085026107A_depths","tsv"
"/home/dthill/seq-diversity/data/genomewide_depth//20240721NY085026174A_depths.tsv",3788.46669550173,"20240721","NY085026174A_depths","tsv"
"/home/dthill/seq-diversity/data/genomewide_depth//20240722NY031021733A_depths.tsv",192.796366782007,"20240722","NY031021733A_depths","tsv"
"/home/dthill/seq-diversity/data/genomewide_depth//20240722NY039033545A_depths.tsv",87.0827958477509,"20240722","NY039033545A_depths","tsv"
"/home/dthill/seq-diversity/data/genomewide_depth//20240722NY043036528A_depths.tsv",69.5578477508651,"20240722","NY043036528A_depths","tsv"
"/home/dthill/seq-diversity/data/genomewide_depth//20240722NY045025984A_depths.tsv",405.210712802768,"20240722","NY045025984A_depths","tsv"
"/home/dthill/seq-diversity/data/genomewide_depth//20240722NY045025984B_depths.tsv",177.135048442907,"20240722","NY045025984B_depths","tsv"
"/home/dthill/seq-diversity/data/genomewide_depth//20240722NY055028231A_depths.tsv",111.561179930796,"20240722","NY055028231A_depths","tsv"
"/home/dthill/seq-diversity/data/genomewide_depth//20240722NY065025780B_depths.tsv",917.08084083045,"20240722","NY065025780B_depths","tsv"
"/home/dthill/seq-diversity/data/genomewide_depth//20240722NY065025780C_depths.tsv",191.145224913495,"20240722","NY065025780C_depths","tsv"
"/home/dthill/seq-diversity/data/genomewide_depth//20240723NY005026191A_depths.tsv",5938.0938615917,"20240723","NY005026191A_depths","tsv"
"/home/dthill/seq-diversity/data/genomewide_depth//20240723NY007024414B_depths.tsv",71.9437301038062,"20240723","NY007024414B_depths","tsv"
"/home/dthill/seq-diversity/data/genomewide_depth//20240723NY007024414C_depths.tsv",240.49514532872,"20240723","NY007024414C_depths","tsv"
"/home/dthill/seq-diversity/data/genomewide_depth//20240723NY007027669A_depths.tsv",561.269750865052,"20240723","NY007027669A_depths","tsv"
"/home/dthill/seq-diversity/data/genomewide_depth//20240723NY011021903A_depths.tsv",367.960352941176,"20240723","NY011021903A_depths","tsv"
"/home/dthill/seq-diversity/data/genomewide_depth//20240723NY013027570A_depths.tsv",119.305065743945,"20240723","NY013027570A_depths","tsv"
"/home/dthill/seq-diversity/data/genomewide_depth//20240723NY019021831A_depths.tsv",692.386764705882,"20240723","NY019021831A_depths","tsv"
"/home/dthill/seq-diversity/data/genomewide_depth//20240723NY029022136A_depths.tsv",795.069698961938,"20240723","NY029022136A_depths","tsv"
"/home/dthill/seq-diversity/data/genomewide_depth//20240723NY029025950B_depths.tsv",559.709394463668,"20240723","NY029025950B_depths","tsv"
"/home/dthill/seq-diversity/data/genomewide_depth//20240723NY029026395B_depths.tsv",267.616640138408,"20240723","NY029026395B_depths","tsv"
"/home/dthill/seq-diversity/data/genomewide_depth//20240723NY029026395C_depths.tsv",911.406743944637,"20240723","NY029026395C_depths","tsv"
"/home/dthill/seq-diversity/data/genomewide_depth//20240723NY029028410A_depths.tsv",310.53347750865,"20240723","NY029028410A_depths","tsv"
"/home/dthill/seq-diversity/data/genomewide_depth//20240723NY029028436A_depths.tsv",414.619128027682,"20240723","NY029028436A_depths","tsv"
"/home/dthill/seq-diversity/data/genomewide_depth//20240723NY029095401A_depths.tsv",464.512657439446,"20240723","NY029095401A_depths","tsv"
"/home/dthill/seq-diversity/data/genomewide_depth//20240723NY031022187A_depths.tsv",876.087702422145,"20240723","NY031022187A_depths","tsv"
"/home/dthill/seq-diversity/data/genomewide_depth//20240723NY037026514A_depths.tsv",81.2884671280277,"20240723","NY037026514A_depths","tsv"
"/home/dthill/seq-diversity/data/genomewide_depth//20240723NY047026166A_depths.tsv",3543.13773356401,"20240723","NY047026166A_depths","tsv"
"/home/dthill/seq-diversity/data/genomewide_depth//20240723NY047026182A_depths.tsv",5272.50847750865,"20240723","NY047026182A_depths","tsv"
"/home/dthill/seq-diversity/data/genomewide_depth//20240723NY047026204A_depths.tsv",3352.92798269896,"20240723","NY047026204A_depths","tsv"
"/home/dthill/seq-diversity/data/genomewide_depth//20240723NY047026212A_depths.tsv",5190.33670242215,"20240723","NY047026212A_depths","tsv"
"/home/dthill/seq-diversity/data/genomewide_depth//20240723NY047027073A_depths.tsv",6892.59143252595,"20240723","NY047027073A_depths","tsv"
"/home/dthill/seq-diversity/data/genomewide_depth//20240723NY051024384A_depths.tsv",1360.57719377163,"20240723","NY051024384A_depths","tsv"
"/home/dthill/seq-diversity/data/genomewide_depth//20240723NY051030635A_depths.tsv",57.9413667820069,"20240723","NY051030635A_depths","tsv"
"/home/dthill/seq-diversity/data/genomewide_depth//20240723NY053028525A_depths.tsv",106.30091349481,"20240723","NY053028525A_depths","tsv"
"/home/dthill/seq-diversity/data/genomewide_depth//20240723NY055021610A_depths.tsv",41.8228892733564,"20240723","NY055021610A_depths","tsv"
"/home/dthill/seq-diversity/data/genomewide_depth//20240723NY055028339A_depths.tsv",115.273688581315,"20240723","NY055028339A_depths","tsv"
"/home/dthill/seq-diversity/data/genomewide_depth//20240723NY059020567A_depths.tsv",125.625276816609,"20240723","NY059020567A_depths","tsv"
"/home/dthill/seq-diversity/data/genomewide_depth//20240723NY059026620A_depths.tsv",2606.12369204152,"20240723","NY059026620A_depths","tsv"
"/home/dthill/seq-diversity/data/genomewide_depth//20240723NY059026778A_depths.tsv",435.304242214533,"20240723","NY059026778A_depths","tsv"
"/home/dthill/seq-diversity/data/genomewide_depth//20240723NY061026131A_depths.tsv",4883.91547058824,"20240723","NY061026131A_depths","tsv"
"/home/dthill/seq-diversity/data/genomewide_depth//20240723NY061026247A_depths.tsv",4956.45705190311,"20240723","NY061026247A_depths","tsv"
"/home/dthill/seq-diversity/data/genomewide_depth//20240723NY063022331A_depths.tsv",1007.90551903114,"20240723","NY063022331A_depths","tsv"
"/home/dthill/seq-diversity/data/genomewide_depth//20240723NY063026336A_depths.tsv",241.113785467128,"20240723","NY063026336A_depths","tsv"
"/home/dthill/seq-diversity/data/genomewide_depth//20240723NY063027057A_depths.tsv",160.880955017301,"20240723","NY063027057A_depths","tsv"
"/home/dthill/seq-diversity/data/genomewide_depth//20240723NY067025461A_depths.tsv",37.4781972318339,"20240723","NY067025461A_depths","tsv"
"/home/dthill/seq-diversity/data/genomewide_depth//20240723NY073021873A_depths.tsv",81.7038235294118,"20240723","NY073021873A_depths","tsv"
"/home/dthill/seq-diversity/data/genomewide_depth//20240723NY073028401A_depths.tsv",468.093020761246,"20240723","NY073028401A_depths","tsv"
"/home/dthill/seq-diversity/data/genomewide_depth//20240723NY075029106A_depths.tsv",88.9681557093426,"20240723","NY075029106A_depths","tsv"
"/home/dthill/seq-diversity/data/genomewide_depth//20240723NY075029114A_depths.tsv",98.739937716263,"20240723","NY075029114A_depths","tsv"
"/home/dthill/seq-diversity/data/genomewide_depth//20240723NY081026115A_depths.tsv",8755.10912456747,"20240723","NY081026115A_depths","tsv"
"/home/dthill/seq-diversity/data/genomewide_depth//20240723NY081026158A_depths.tsv",9841.81052941176,"20240723","NY081026158A_depths","tsv"
"/home/dthill/seq-diversity/data/genomewide_depth//20240723NY081026221A_depths.tsv",4179.82384775086,"20240723","NY081026221A_depths","tsv"
"/home/dthill/seq-diversity/data/genomewide_depth//20240723NY081026239A_depths.tsv",3466.41655017301,"20240723","NY081026239A_depths","tsv"
"/home/dthill/seq-diversity/data/genomewide_depth//20240723NY085026107A_depths.tsv",4638.70824567474,"20240723","NY085026107A_depths","tsv"
"/home/dthill/seq-diversity/data/genomewide_depth//20240723NY085026174A_depths.tsv",5548.39863321799,"20240723","NY085026174A_depths","tsv"
"/home/dthill/seq-diversity/data/genomewide_depth//20240723NY089020818A_depths.tsv",57.1074394463668,"20240723","NY089020818A_depths","tsv"
"/home/dthill/seq-diversity/data/genomewide_depth//20240723NY089029831A_depths.tsv",184.941640138408,"20240723","NY089029831A_depths","tsv"
"/home/dthill/seq-diversity/data/genomewide_depth//20240723NY099022365A_depths.tsv",1079.50000692042,"20240723","NY099022365A_depths","tsv"
"/home/dthill/seq-diversity/data/genomewide_depth//20240723NY101021431A_depths.tsv",607.132795847751,"20240723","NY101021431A_depths","tsv"
"/home/dthill/seq-diversity/data/genomewide_depth//20240723NY101023906A_depths.tsv",146.329647058824,"20240723","NY101023906A_depths","tsv"
"/home/dthill/seq-diversity/data/genomewide_depth//20240723NY103065358A_depths.tsv",569.431162629758,"20240723","NY103065358A_depths","tsv"
"/home/dthill/seq-diversity/data/genomewide_depth//20240723NY103079324A_depths.tsv",776.948508650519,"20240723","NY103079324A_depths","tsv"
"/home/dthill/seq-diversity/data/genomewide_depth//20240723NY103206644A_depths.tsv",10295.6244290657,"20240723","NY103206644A_depths","tsv"
"/home/dthill/seq-diversity/data/genomewide_depth//20240723NY109020958A_depths.tsv",1223.06031487889,"20240723","NY109020958A_depths","tsv"
"/home/dthill/seq-diversity/data/genomewide_depth//20240723NY109026638A_depths.tsv",110.456719723183,"20240723","NY109026638A_depths","tsv"
"/home/dthill/seq-diversity/data/genomewide_depth//20240723NY121021504A_depths.tsv",164.455456747405,"20240723","NY121021504A_depths","tsv"
"/home/dthill/seq-diversity/data/genomewide_depth//20240724NY007027669A_depths.tsv",178.085017301038,"20240724","NY007027669A_depths","tsv"
"/home/dthill/seq-diversity/data/genomewide_depth//20240724NY015035742A_depths.tsv",98.4059619377163,"20240724","NY015035742A_depths","tsv"
"/home/dthill/seq-diversity/data/genomewide_depth//20240724NY019022195A_depths.tsv",40.5185328719723,"20240724","NY019022195A_depths","tsv"
"/home/dthill/seq-diversity/data/genomewide_depth//20240724NY025027154A_depths.tsv",60.4914498269896,"20240724","NY025027154A_depths","tsv"
"/home/dthill/seq-diversity/data/genomewide_depth//20240724NY025029271A_depths.tsv",95.9728027681661,"20240724","NY025029271A_depths","tsv"
"/home/dthill/seq-diversity/data/genomewide_depth//20240724NY031021733A_depths.tsv",1097.84284429066,"20240724","NY031021733A_depths","tsv"
"/home/dthill/seq-diversity/data/genomewide_depth//20240724NY031022969A_depths.tsv",82.6594221453287,"20240724","NY031022969A_depths","tsv"
"/home/dthill/seq-diversity/data/genomewide_depth//20240724NY031036706A_depths.tsv",248.326882352941,"20240724","NY031036706A_depths","tsv"
"/home/dthill/seq-diversity/data/genomewide_depth//20240724NY049020125A_depths.tsv",102.766532871972,"20240724","NY049020125A_depths","tsv"
"/home/dthill/seq-diversity/data/genomewide_depth//20240724NY051024449A_depths.tsv",349.785356401384,"20240724","NY051024449A_depths","tsv"
"/home/dthill/seq-diversity/data/genomewide_depth//20240724NY059026859A_depths.tsv",1850.09042906574,"20240724","NY059026859A_depths","tsv"
"/home/dthill/seq-diversity/data/genomewide_depth//20240724NY075026301A_depths.tsv",338.058266435986,"20240724","NY075026301A_depths","tsv"
"/home/dthill/seq-diversity/data/genomewide_depth//20240724NY083087971A_depths.tsv",44.1970311418685,"20240724","NY083087971A_depths","tsv"
"/home/dthill/seq-diversity/data/genomewide_depth//20240724NY089020117A_depths.tsv",118.299650519031,"20240724","NY089020117A_depths","tsv"
"/home/dthill/seq-diversity/data/genomewide_depth//20240724NY089031194A_depths.tsv",373.206394463668,"20240724","NY089031194A_depths","tsv"
"/home/dthill/seq-diversity/data/genomewide_depth//20240724NY105022454A_depths.tsv",994.499667820069,"20240724","NY105022454A_depths","tsv"
"/home/dthill/seq-diversity/data/genomewide_depth//20240724NY109026638A_depths.tsv",156.486629757785,"20240724","NY109026638A_depths","tsv"
"/home/dthill/seq-diversity/data/genomewide_depth//20240724NY119026697A_depths.tsv",715.988823529412,"20240724","NY119026697A_depths","tsv"
"/home/dthill/seq-diversity/data/genomewide_depth//20240724NY119026701A_depths.tsv",897.588128027682,"20240724","NY119026701A_depths","tsv"
"/home/dthill/seq-diversity/data/genomewide_depth//20240724NY123029726A_depths.tsv",745.452429065744,"20240724","NY123029726A_depths","tsv"
"/home/dthill/seq-diversity/data/genomewide_depth//20240725NY001022225A_depths.tsv",67.013384083045,"20240725","NY001022225A_depths","tsv"
"/home/dthill/seq-diversity/data/genomewide_depth//20240725NY007024414B_depths.tsv",52.8220069204152,"20240725","NY007024414B_depths","tsv"
"/home/dthill/seq-diversity/data/genomewide_depth//20240725NY007024414C_depths.tsv",103.596401384083,"20240725","NY007024414C_depths","tsv"
"/home/dthill/seq-diversity/data/genomewide_depth//20240725NY011021903A_depths.tsv",86.5999861591695,"20240725","NY011021903A_depths","tsv"
"/home/dthill/seq-diversity/data/genomewide_depth//20240725NY023027561A_depths.tsv",147.037128027682,"20240725","NY023027561A_depths","tsv"
"/home/dthill/seq-diversity/data/genomewide_depth//20240725NY029022543A_depths.tsv",195.552017301038,"20240725","NY029022543A_depths","tsv"
"/home/dthill/seq-diversity/data/genomewide_depth//20240725NY029032093A_depths.tsv",71.3812491349481,"20240725","NY029032093A_depths","tsv"
"/home/dthill/seq-diversity/data/genomewide_depth//20240725NY035026042A_depths.tsv",35.1750311418685,"20240725","NY035026042A_depths","tsv"
"/home/dthill/seq-diversity/data/genomewide_depth//20240725NY059021822A_depths.tsv",259.93930449827,"20240725","NY059021822A_depths","tsv"
"/home/dthill/seq-diversity/data/genomewide_depth//20240725NY059026620A_depths.tsv",24003.8873010381,"20240725","NY059026620A_depths","tsv"
"/home/dthill/seq-diversity/data/genomewide_depth//20240725NY059026778A_depths.tsv",4587.31415916955,"20240725","NY059026778A_depths","tsv"
"/home/dthill/seq-diversity/data/genomewide_depth//20240725NY063027774A_depths.tsv",798.040615916955,"20240725","NY063027774A_depths","tsv"
"/home/dthill/seq-diversity/data/genomewide_depth//20240725NY065025780B_depths.tsv",46.9571833910035,"20240725","NY065025780B_depths","tsv"
"/home/dthill/seq-diversity/data/genomewide_depth//20240725NY065025780C_depths.tsv",150.54660899654,"20240725","NY065025780C_depths","tsv"
"/home/dthill/seq-diversity/data/genomewide_depth//20240725NY069023531A_depths.tsv",1538.43021799308,"20240725","NY069023531A_depths","tsv"
"/home/dthill/seq-diversity/data/genomewide_depth//20240725NY077031151A_depths.tsv",516.602529411765,"20240725","NY077031151A_depths","tsv"
"/home/dthill/seq-diversity/data/genomewide_depth//20240725NY089020818A_depths.tsv",236.410467128028,"20240725","NY089020818A_depths","tsv"
"/home/dthill/seq-diversity/data/genomewide_depth//20240725NY089236586A_depths.tsv",56.6490484429066,"20240725","NY089236586A_depths","tsv"
"/home/dthill/seq-diversity/data/genomewide_depth//20240725NY093020516A_depths.tsv",43.4146678200692,"20240725","NY093020516A_depths","tsv"
"/home/dthill/seq-diversity/data/genomewide_depth//20240725NY097271942A_depths.tsv",414.802262975779,"20240725","NY097271942A_depths","tsv"
"/home/dthill/seq-diversity/data/genomewide_depth//20240725NY099033308A_depths.tsv",590.882543252595,"20240725","NY099033308A_depths","tsv"
"/home/dthill/seq-diversity/data/genomewide_depth//20240725NY101021431A_depths.tsv",585.310591695502,"20240725","NY101021431A_depths","tsv"
"/home/dthill/seq-diversity/data/genomewide_depth//20240725NY101023906A_depths.tsv",71.026,"20240725","NY101023906A_depths","tsv"
"/home/dthill/seq-diversity/data/genomewide_depth//20240725NY113029050A_depths.tsv",28.479785467128,"20240725","NY113029050A_depths","tsv"
"/home/dthill/seq-diversity/data/genomewide_depth//20240725NY117027171A_depths.tsv",52.4557474048443,"20240725","NY117027171A_depths","tsv"
"/home/dthill/seq-diversity/data/genomewide_depth//20240726NY087026051A_depths.tsv",175.24030449827,"20240726","NY087026051A_depths","tsv"
"/home/dthill/seq-diversity/data/genomewide_depth//20240726NY089029831A_depths.tsv",108.901996539792,"20240726","NY089029831A_depths","tsv"
"/home/dthill/seq-diversity/data/genomewide_depth//20240728NY005026191A_depths.tsv",4254.92523875433,"20240728","NY005026191A_depths","tsv"
"/home/dthill/seq-diversity/data/genomewide_depth//20240728NY045025984A_depths.tsv",553.266121107266,"20240728","NY045025984A_depths","tsv"
"/home/dthill/seq-diversity/data/genomewide_depth//20240728NY047026166A_depths.tsv",3701.69278200692,"20240728","NY047026166A_depths","tsv"
"/home/dthill/seq-diversity/data/genomewide_depth//20240728NY047026182A_depths.tsv",4753.86592387543,"20240728","NY047026182A_depths","tsv"
"/home/dthill/seq-diversity/data/genomewide_depth//20240728NY047026204A_depths.tsv",3595.45879930796,"20240728","NY047026204A_depths","tsv"
"/home/dthill/seq-diversity/data/genomewide_depth//20240728NY047026212A_depths.tsv",2278.27798615917,"20240728","NY047026212A_depths","tsv"
"/home/dthill/seq-diversity/data/genomewide_depth//20240728NY047027073A_depths.tsv",4787.0970449827,"20240728","NY047027073A_depths","tsv"
"/home/dthill/seq-diversity/data/genomewide_depth//20240728NY055028339A_depths.tsv",1523.01521799308,"20240728","NY055028339A_depths","tsv"
"/home/dthill/seq-diversity/data/genomewide_depth//20240728NY061026131A_depths.tsv",3137.72352941176,"20240728","NY061026131A_depths","tsv"
"/home/dthill/seq-diversity/data/genomewide_depth//20240728NY061026247A_depths.tsv",4806.83030449827,"20240728","NY061026247A_depths","tsv"
"/home/dthill/seq-diversity/data/genomewide_depth//20240728NY067027618A_depths.tsv",48.9877716262976,"20240728","NY067027618A_depths","tsv"
"/home/dthill/seq-diversity/data/genomewide_depth//20240728NY067027723A_depths.tsv",55.5242283737024,"20240728","NY067027723A_depths","tsv"
"/home/dthill/seq-diversity/data/genomewide_depth//20240728NY067030317A_depths.tsv",151.707581314879,"20240728","NY067030317A_depths","tsv"
"/home/dthill/seq-diversity/data/genomewide_depth//20240728NY081026115A_depths.tsv",4242.45361591695,"20240728","NY081026115A_depths","tsv"
"/home/dthill/seq-diversity/data/genomewide_depth//20240728NY081026158A_depths.tsv",3952.25755709343,"20240728","NY081026158A_depths","tsv"
"/home/dthill/seq-diversity/data/genomewide_depth//20240728NY081026221A_depths.tsv",4071.51730795848,"20240728","NY081026221A_depths","tsv"
"/home/dthill/seq-diversity/data/genomewide_depth//20240728NY081026239A_depths.tsv",3973.13322491349,"20240728","NY081026239A_depths","tsv"
"/home/dthill/seq-diversity/data/genomewide_depth//20240728NY085026107A_depths.tsv",3105.71302076125,"20240728","NY085026107A_depths","tsv"
"/home/dthill/seq-diversity/data/genomewide_depth//20240728NY085026174A_depths.tsv",2459.42393425606,"20240728","NY085026174A_depths","tsv"
"/home/dthill/seq-diversity/data/genomewide_depth//20240728NY119026697A_depths.tsv",587.093591695502,"20240728","NY119026697A_depths","tsv"
"/home/dthill/seq-diversity/data/genomewide_depth//20240728NY119026701A_depths.tsv",440.131349480969,"20240728","NY119026701A_depths","tsv"
"/home/dthill/seq-diversity/data/genomewide_depth//20240728NY119100803A_depths.tsv",157.267155709343,"20240728","NY119100803A_depths","tsv"
"/home/dthill/seq-diversity/data/genomewide_depth//20240728NY119108324A_depths.tsv",313.795314878893,"20240728","NY119108324A_depths","tsv"
"/home/dthill/seq-diversity/data/genomewide_depth//20240729NY023027561A_depths.tsv",404.868799307958,"20240729","NY023027561A_depths","tsv"
"/home/dthill/seq-diversity/data/genomewide_depth//20240729NY027026255A_depths.tsv",166.780826989619,"20240729","NY027026255A_depths","tsv"
"/home/dthill/seq-diversity/data/genomewide_depth//20240729NY031021733A_depths.tsv",1915.53504152249,"20240729","NY031021733A_depths","tsv"
"/home/dthill/seq-diversity/data/genomewide_depth//20240729NY043036528A_depths.tsv",276.132276816609,"20240729","NY043036528A_depths","tsv"
"/home/dthill/seq-diversity/data/genomewide_depth//20240729NY055028231A_depths.tsv",140.358761245675,"20240729","NY055028231A_depths","tsv"
"/home/dthill/seq-diversity/data/genomewide_depth//20240729NY059026450A_depths.tsv",102.435788927336,"20240729","NY059026450A_depths","tsv"
"/home/dthill/seq-diversity/data/genomewide_depth//20240729NY059026859A_depths.tsv",838.59676816609,"20240729","NY059026859A_depths","tsv"
"/home/dthill/seq-diversity/data/genomewide_depth//20240729NY087031895A_depths.tsv",469.100508650519,"20240729","NY087031895A_depths","tsv"
"/home/dthill/seq-diversity/data/genomewide_depth//20240729NY089020117A_depths.tsv",815.024519031142,"20240729","NY089020117A_depths","tsv"
"/home/dthill/seq-diversity/data/genomewide_depth//20240729NY089031194A_depths.tsv",1999.44026643599,"20240729","NY089031194A_depths","tsv"
"/home/dthill/seq-diversity/data/genomewide_depth//20240729NY113029050A_depths.tsv",379.189166089965,"20240729","NY113029050A_depths","tsv"
"/home/dthill/seq-diversity/data/genomewide_depth//20240730NY005026191A_depths.tsv",3516.81257439446,"20240730","NY005026191A_depths","tsv"
"/home/dthill/seq-diversity/data/genomewide_depth//20240730NY007024414B_depths.tsv",450.329166089965,"20240730","NY007024414B_depths","tsv"
"/home/dthill/seq-diversity/data/genomewide_depth//20240730NY007027669A_depths.tsv",511.752508650519,"20240730","NY007027669A_depths","tsv"
"/home/dthill/seq-diversity/data/genomewide_depth//20240730NY011021903A_depths.tsv",385.872321799308,"20240730","NY011021903A_depths","tsv"
"/home/dthill/seq-diversity/data/genomewide_depth//20240730NY019023949A_depths.tsv",558.403411764706,"20240730","NY019023949A_depths","tsv"
"/home/dthill/seq-diversity/data/genomewide_depth//20240730NY019025097A_depths.tsv",1796.33868858131,"20240730","NY019025097A_depths","tsv"
"/home/dthill/seq-diversity/data/genomewide_depth//20240730NY027149209A_depths.tsv",348.405861591695,"20240730","NY027149209A_depths","tsv"
"/home/dthill/seq-diversity/data/genomewide_depth//20240730NY029022136A_depths.tsv",269.120920415225,"20240730","NY029022136A_depths","tsv"
"/home/dthill/seq-diversity/data/genomewide_depth//20240730NY029025950B_depths.tsv",821.75223183391,"20240730","NY029025950B_depths","tsv"
"/home/dthill/seq-diversity/data/genomewide_depth//20240730NY029026395B_depths.tsv",511.412429065744,"20240730","NY029026395B_depths","tsv"
"/home/dthill/seq-diversity/data/genomewide_depth//20240730NY029026395C_depths.tsv",320.030875432526,"20240730","NY029026395C_depths","tsv"
"/home/dthill/seq-diversity/data/genomewide_depth//20240730NY029028436A_depths.tsv",102.326795847751,"20240730","NY029028436A_depths","tsv"
"/home/dthill/seq-diversity/data/genomewide_depth//20240730NY029095401A_depths.tsv",940.43875432526,"20240730","NY029095401A_depths","tsv"
"/home/dthill/seq-diversity/data/genomewide_depth//20240730NY031022187A_depths.tsv",1051.51449134948,"20240730","NY031022187A_depths","tsv"
"/home/dthill/seq-diversity/data/genomewide_depth//20240730NY037026514A_depths.tsv",93.4232698961938,"20240730","NY037026514A_depths","tsv"
"/home/dthill/seq-diversity/data/genomewide_depth//20240730NY047026166A_depths.tsv",3115.5175467128,"20240730","NY047026166A_depths","tsv"
"/home/dthill/seq-diversity/data/genomewide_depth//20240730NY047026182A_depths.tsv",4829.13333910035,"20240730","NY047026182A_depths","tsv"
"/home/dthill/seq-diversity/data/genomewide_depth//20240730NY047026204A_depths.tsv",4326.50276816609,"20240730","NY047026204A_depths","tsv"
"/home/dthill/seq-diversity/data/genomewide_depth//20240730NY047026212A_depths.tsv",2332.4693633218,"20240730","NY047026212A_depths","tsv"
"/home/dthill/seq-diversity/data/genomewide_depth//20240730NY047027073A_depths.tsv",3627.00512110727,"20240730","NY047027073A_depths","tsv"
"/home/dthill/seq-diversity/data/genomewide_depth//20240730NY049020125A_depths.tsv",134.54076816609,"20240730","NY049020125A_depths","tsv"
"/home/dthill/seq-diversity/data/genomewide_depth//20240730NY051024384A_depths.tsv",156.303501730104,"20240730","NY051024384A_depths","tsv"
"/home/dthill/seq-diversity/data/genomewide_depth//20240730NY051030635A_depths.tsv",837.139034602076,"20240730","NY051030635A_depths","tsv"
"/home/dthill/seq-diversity/data/genomewide_depth//20240730NY053028525A_depths.tsv",1932.90168858131,"20240730","NY053028525A_depths","tsv"
"/home/dthill/seq-diversity/data/genomewide_depth//20240730NY053029807A_depths.tsv",60.1552595155709,"20240730","NY053029807A_depths","tsv"
"/home/dthill/seq-diversity/data/genomewide_depth//20240730NY055026794A_depths.tsv",350.858214532872,"20240730","NY055026794A_depths","tsv"
"/home/dthill/seq-diversity/data/genomewide_depth//20240730NY055028339A_depths.tsv",110.299844290657,"20240730","NY055028339A_depths","tsv"
"/home/dthill/seq-diversity/data/genomewide_depth//20240730NY061026131A_depths.tsv",3714.03905190311,"20240730","NY061026131A_depths","tsv"
"/home/dthill/seq-diversity/data/genomewide_depth//20240730NY061026247A_depths.tsv",3721.84660207612,"20240730","NY061026247A_depths","tsv"
"/home/dthill/seq-diversity/data/genomewide_depth//20240730NY063022331A_depths.tsv",226.856148788927,"20240730","NY063022331A_depths","tsv"
"/home/dthill/seq-diversity/data/genomewide_depth//20240730NY063026336A_depths.tsv",203.922214532872,"20240730","NY063026336A_depths","tsv"
"/home/dthill/seq-diversity/data/genomewide_depth//20240730NY063027979A_depths.tsv",123.015937716263,"20240730","NY063027979A_depths","tsv"
"/home/dthill/seq-diversity/data/genomewide_depth//20240730NY067025461A_depths.tsv",237.786525951557,"20240730","NY067025461A_depths","tsv"
"/home/dthill/seq-diversity/data/genomewide_depth//20240730NY069025968A_depths.tsv",176.952224913495,"20240730","NY069025968A_depths","tsv"
"/home/dthill/seq-diversity/data/genomewide_depth//20240730NY071023680A_depths.tsv",337.315256055363,"20240730","NY071023680A_depths","tsv"
"/home/dthill/seq-diversity/data/genomewide_depth//20240730NY075029106A_depths.tsv",304.902750865052,"20240730","NY075029106A_depths","tsv"
"/home/dthill/seq-diversity/data/genomewide_depth//20240730NY075029114A_depths.tsv",439.862397923875,"20240730","NY075029114A_depths","tsv"
"/home/dthill/seq-diversity/data/genomewide_depth//20240730NY081026115A_depths.tsv",3498.60122145329,"20240730","NY081026115A_depths","tsv"
"/home/dthill/seq-diversity/data/genomewide_depth//20240730NY081026158A_depths.tsv",3137.72495847751,"20240730","NY081026158A_depths","tsv"
"/home/dthill/seq-diversity/data/genomewide_depth//20240730NY081026221A_depths.tsv",4221.27767820069,"20240730","NY081026221A_depths","tsv"
"/home/dthill/seq-diversity/data/genomewide_depth//20240730NY081026239A_depths.tsv",4142.33824221453,"20240730","NY081026239A_depths","tsv"
"/home/dthill/seq-diversity/data/genomewide_depth//20240730NY085026107A_depths.tsv",3501.33397577855,"20240730","NY085026107A_depths","tsv"
"/home/dthill/seq-diversity/data/genomewide_depth//20240730NY085026174A_depths.tsv",3693.39924567474,"20240730","NY085026174A_depths","tsv"
"/home/dthill/seq-diversity/data/genomewide_depth//20240730NY087026051A_depths.tsv",165.553664359862,"20240730","NY087026051A_depths","tsv"
"/home/dthill/seq-diversity/data/genomewide_depth//20240730NY089020818A_depths.tsv",405.273726643599,"20240730","NY089020818A_depths","tsv"
"/home/dthill/seq-diversity/data/genomewide_depth//20240730NY089029831A_depths.tsv",324.347892733564,"20240730","NY089029831A_depths","tsv"
"/home/dthill/seq-diversity/data/genomewide_depth//20240730NY093020516A_depths.tsv",287.93439100346,"20240730","NY093020516A_depths","tsv"
"/home/dthill/seq-diversity/data/genomewide_depth//20240730NY101023906A_depths.tsv",261.299934256055,"20240730","NY101023906A_depths","tsv"
"/home/dthill/seq-diversity/data/genomewide_depth//20240730NY101025712A_depths.tsv",70.7482249134948,"20240730","NY101025712A_depths","tsv"
"/home/dthill/seq-diversity/data/genomewide_depth//20240730NY105030724A_depths.tsv",103.361089965398,"20240730","NY105030724A_depths","tsv"
"/home/dthill/seq-diversity/data/genomewide_depth//20240730NY109020958A_depths.tsv",396.655027681661,"20240730","NY109020958A_depths","tsv"
"/home/dthill/seq-diversity/data/genomewide_depth//20240730NY109026638A_depths.tsv",110.53907266436,"20240730","NY109026638A_depths","tsv"
"/home/dthill/seq-diversity/data/genomewide_depth//20240730NY111029351A_depths.tsv",456.539435986159,"20240730","NY111029351A_depths","tsv"
"/home/dthill/seq-diversity/data/genomewide_depth//20240730NY121021504A_depths.tsv",24.659491349481,"20240730","NY121021504A_depths","tsv"
"/home/dthill/seq-diversity/data/genomewide_depth//20240731NY013027570A_depths.tsv",652.428920415225,"20240731","NY013027570A_depths","tsv"
"/home/dthill/seq-diversity/data/genomewide_depth//20240731NY013027961A_depths.tsv",196.990100346021,"20240731","NY013027961A_depths","tsv"
"/home/dthill/seq-diversity/data/genomewide_depth//20240731NY013106895A_depths.tsv",504.151757785467,"20240731","NY013106895A_depths","tsv"
"/home/dthill/seq-diversity/data/genomewide_depth//20240731NY015035742A_depths.tsv",147.440515570934,"20240731","NY015035742A_depths","tsv"
"/home/dthill/seq-diversity/data/genomewide_depth//20240731NY015036986A_depths.tsv",318.995546712803,"20240731","NY015036986A_depths","tsv"
"/home/dthill/seq-diversity/data/genomewide_depth//20240731NY019021831A_depths.tsv",267.288311418685,"20240731","NY019021831A_depths","tsv"
"/home/dthill/seq-diversity/data/genomewide_depth//20240731NY025027154A_depths.tsv",955.22285467128,"20240731","NY025027154A_depths","tsv"
"/home/dthill/seq-diversity/data/genomewide_depth//20240731NY025029271A_depths.tsv",2440.6515467128,"20240731","NY025029271A_depths","tsv"
"/home/dthill/seq-diversity/data/genomewide_depth//20240731NY031021733A_depths.tsv",1976.98488927336,"20240731","NY031021733A_depths","tsv"
"/home/dthill/seq-diversity/data/genomewide_depth//20240731NY031036706A_depths.tsv",137.559858131488,"20240731","NY031036706A_depths","tsv"
"/home/dthill/seq-diversity/data/genomewide_depth//20240731NY037030546A_depths.tsv",225.284107266436,"20240731","NY037030546A_depths","tsv"
"/home/dthill/seq-diversity/data/genomewide_depth//20240731NY041026484A_depths.tsv",1431.13899307958,"20240731","NY041026484A_depths","tsv"
"/home/dthill/seq-diversity/data/genomewide_depth//20240731NY051024449A_depths.tsv",140.491373702422,"20240731","NY051024449A_depths","tsv"
"/home/dthill/seq-diversity/data/genomewide_depth//20240731NY055026794A_depths.tsv",212.793453287197,"20240731","NY055026794A_depths","tsv"
"/home/dthill/seq-diversity/data/genomewide_depth//20240731NY059026450A_depths.tsv",80.3720484429066,"20240731","NY059026450A_depths","tsv"
"/home/dthill/seq-diversity/data/genomewide_depth//20240731NY075026301A_depths.tsv",378.044837370242,"20240731","NY075026301A_depths","tsv"
"/home/dthill/seq-diversity/data/genomewide_depth//20240731NY075029106A_depths.tsv",148.815363321799,"20240731","NY075029106A_depths","tsv"
"/home/dthill/seq-diversity/data/genomewide_depth//20240731NY089020117A_depths.tsv",78.6543598615917,"20240731","NY089020117A_depths","tsv"
"/home/dthill/seq-diversity/data/genomewide_depth//20240731NY089031194A_depths.tsv",178.554394463668,"20240731","NY089031194A_depths","tsv"
"/home/dthill/seq-diversity/data/genomewide_depth//20240731NY091028240A_depths.tsv",317.228173010381,"20240731","NY091028240A_depths","tsv"
"/home/dthill/seq-diversity/data/genomewide_depth//20240731NY103080683A_depths.tsv",1333.30926989619,"20240731","NY103080683A_depths","tsv"
"/home/dthill/seq-diversity/data/genomewide_depth//20240731NY109026638A_depths.tsv",102.467771626298,"20240731","NY109026638A_depths","tsv"
"/home/dthill/seq-diversity/data/genomewide_depth//20240731NY119026697A_depths.tsv",319.14424567474,"20240731","NY119026697A_depths","tsv"
"/home/dthill/seq-diversity/data/genomewide_depth//20240801NY007024414B_depths.tsv",534.923882352941,"20240801","NY007024414B_depths","tsv"
"/home/dthill/seq-diversity/data/genomewide_depth//20240801NY029022543A_depths.tsv",120.205435986159,"20240801","NY029022543A_depths","tsv"
"/home/dthill/seq-diversity/data/genomewide_depth//20240801NY051032328A_depths.tsv",538.586432525952,"20240801","NY051032328A_depths","tsv"
"/home/dthill/seq-diversity/data/genomewide_depth//20240801NY055021610A_depths.tsv",712.09024567474,"20240801","NY055021610A_depths","tsv"
"/home/dthill/seq-diversity/data/genomewide_depth//20240801NY057024333A_depths.tsv",44.0555467128028,"20240801","NY057024333A_depths","tsv"
"/home/dthill/seq-diversity/data/genomewide_depth//20240801NY063027774A_depths.tsv",305.098896193772,"20240801","NY063027774A_depths","tsv"
"/home/dthill/seq-diversity/data/genomewide_depth//20240801NY097271942A_depths.tsv",200.543730103806,"20240801","NY097271942A_depths","tsv"
"/home/dthill/seq-diversity/data/genomewide_depth//20240801NY101023906A_depths.tsv",167.764380622837,"20240801","NY101023906A_depths","tsv"
"/home/dthill/seq-diversity/data/genomewide_depth//20240801NY101025712A_depths.tsv",56.0141453287197,"20240801","NY101025712A_depths","tsv"
"/home/dthill/seq-diversity/data/genomewide_depth//20240803NY045025984A_depths.tsv",126.449629757785,"20240803","NY045025984A_depths","tsv"
"/home/dthill/seq-diversity/data/genomewide_depth//20240804NY005026191A_depths.tsv",8137.14871972318,"20240804","NY005026191A_depths","tsv"
"/home/dthill/seq-diversity/data/genomewide_depth//20240804NY047026166A_depths.tsv",4612.79798615917,"20240804","NY047026166A_depths","tsv"
"/home/dthill/seq-diversity/data/genomewide_depth//20240804NY047026182A_depths.tsv",7251.38782698962,"20240804","NY047026182A_depths","tsv"
"/home/dthill/seq-diversity/data/genomewide_depth//20240804NY047026204A_depths.tsv",5201.85978200692,"20240804","NY047026204A_depths","tsv"
"/home/dthill/seq-diversity/data/genomewide_depth//20240804NY047026212A_depths.tsv",9471.2885017301,"20240804","NY047026212A_depths","tsv"
"/home/dthill/seq-diversity/data/genomewide_depth//20240804NY047027073A_depths.tsv",3138.28843252595,"20240804","NY047027073A_depths","tsv"
"/home/dthill/seq-diversity/data/genomewide_depth//20240804NY055028339A_depths.tsv",175.14960899654,"20240804","NY055028339A_depths","tsv"
"/home/dthill/seq-diversity/data/genomewide_depth//20240804NY061026131A_depths.tsv",5702.9702733564,"20240804","NY061026131A_depths","tsv"
"/home/dthill/seq-diversity/data/genomewide_depth//20240804NY061026247A_depths.tsv",9292.8595017301,"20240804","NY061026247A_depths","tsv"
"/home/dthill/seq-diversity/data/genomewide_depth//20240804NY081026115A_depths.tsv",7468.94967128028,"20240804","NY081026115A_depths","tsv"
"/home/dthill/seq-diversity/data/genomewide_depth//20240804NY081026158A_depths.tsv",5092.11914878893,"20240804","NY081026158A_depths","tsv"
"/home/dthill/seq-diversity/data/genomewide_depth//20240804NY081026221A_depths.tsv",3819.0847716263,"20240804","NY081026221A_depths","tsv"
"/home/dthill/seq-diversity/data/genomewide_depth//20240804NY081026239A_depths.tsv",4862.68509688581,"20240804","NY081026239A_depths","tsv"
"/home/dthill/seq-diversity/data/genomewide_depth//20240804NY085026107A_depths.tsv",7178.06559515571,"20240804","NY085026107A_depths","tsv"
"/home/dthill/seq-diversity/data/genomewide_depth//20240804NY085026174A_depths.tsv",11528.7978200692,"20240804","NY085026174A_depths","tsv"
"/home/dthill/seq-diversity/data/genomewide_depth//20240804NY119026689A_depths.tsv",846.462882352941,"20240804","NY119026689A_depths","tsv"
"/home/dthill/seq-diversity/data/genomewide_depth//20240804NY119026697A_depths.tsv",1028.42349480969,"20240804","NY119026697A_depths","tsv"
"/home/dthill/seq-diversity/data/genomewide_depth//20240804NY119026701A_depths.tsv",201.088352941176,"20240804","NY119026701A_depths","tsv"
"/home/dthill/seq-diversity/data/genomewide_depth//20240804NY119026719A_depths.tsv",154.620598615917,"20240804","NY119026719A_depths","tsv"
"/home/dthill/seq-diversity/data/genomewide_depth//20240804NY119100803A_depths.tsv",374.257221453287,"20240804","NY119100803A_depths","tsv"
"/home/dthill/seq-diversity/data/genomewide_depth//20240804NY119108324A_depths.tsv",689.154813148789,"20240804","NY119108324A_depths","tsv"
"/home/dthill/seq-diversity/data/genomewide_depth//20240805NY027026255A_depths.tsv",330.620307958477,"20240805","NY027026255A_depths","tsv"
"/home/dthill/seq-diversity/data/genomewide_depth//20240805NY039033545A_depths.tsv",621.810498269896,"20240805","NY039033545A_depths","tsv"
"/home/dthill/seq-diversity/data/genomewide_depth//20240805NY055028231A_depths.tsv",295.279166089965,"20240805","NY055028231A_depths","tsv"
"/home/dthill/seq-diversity/data/genomewide_depth//20240805NY103020061A_depths.tsv",616.541961937716,"20240805","NY103020061A_depths","tsv"
"/home/dthill/seq-diversity/data/genomewide_depth//20240805NY103104809A_depths.tsv",42.9036332179931,"20240805","NY103104809A_depths","tsv"
"/home/dthill/seq-diversity/data/genomewide_depth//20240805NY109026638A_depths.tsv",81.7298062283737,"20240805","NY109026638A_depths","tsv"
"/home/dthill/seq-diversity/data/genomewide_depth//20240806NY005026191A_depths.tsv",3319.8204982699,"20240806","NY005026191A_depths","tsv"
"/home/dthill/seq-diversity/data/genomewide_depth//20240806NY007024414B_depths.tsv",660.342750865052,"20240806","NY007024414B_depths","tsv"
"/home/dthill/seq-diversity/data/genomewide_depth//20240806NY007024414C_depths.tsv",613.931408304498,"20240806","NY007024414C_depths","tsv"
"/home/dthill/seq-diversity/data/genomewide_depth//20240806NY007027669A_depths.tsv",116.823342560554,"20240806","NY007027669A_depths","tsv"
"/home/dthill/seq-diversity/data/genomewide_depth//20240806NY011021903A_depths.tsv",158.454640138408,"20240806","NY011021903A_depths","tsv"
"/home/dthill/seq-diversity/data/genomewide_depth//20240806NY019023949A_depths.tsv",251.347020761246,"20240806","NY019023949A_depths","tsv"
"/home/dthill/seq-diversity/data/genomewide_depth//20240806NY019025097A_depths.tsv",143.314764705882,"20240806","NY019025097A_depths","tsv"
"/home/dthill/seq-diversity/data/genomewide_depth//20240806NY021022039A_depths.tsv",77.5112076124567,"20240806","NY021022039A_depths","tsv"
"/home/dthill/seq-diversity/data/genomewide_depth//20240806NY027149209A_depths.tsv",116.72607266436,"20240806","NY027149209A_depths","tsv"
"/home/dthill/seq-diversity/data/genomewide_depth//20240806NY029022136A_depths.tsv",338.821238754325,"20240806","NY029022136A_depths","tsv"
"/home/dthill/seq-diversity/data/genomewide_depth//20240806NY029022543A_depths.tsv",298.271906574394,"20240806","NY029022543A_depths","tsv"
"/home/dthill/seq-diversity/data/genomewide_depth//20240806NY029025950B_depths.tsv",396.37576816609,"20240806","NY029025950B_depths","tsv"
"/home/dthill/seq-diversity/data/genomewide_depth//20240806NY029026395B_depths.tsv",456.576802768166,"20240806","NY029026395B_depths","tsv"
"/home/dthill/seq-diversity/data/genomewide_depth//20240806NY029026395C_depths.tsv",396.131813148789,"20240806","NY029026395C_depths","tsv"
"/home/dthill/seq-diversity/data/genomewide_depth//20240806NY029028410A_depths.tsv",239.62891349481,"20240806","NY029028410A_depths","tsv"
"/home/dthill/seq-diversity/data/genomewide_depth//20240806NY029095401A_depths.tsv",537.456851211073,"20240806","NY029095401A_depths","tsv"
"/home/dthill/seq-diversity/data/genomewide_depth//20240806NY031022187A_depths.tsv",308.776401384083,"20240806","NY031022187A_depths","tsv"
"/home/dthill/seq-diversity/data/genomewide_depth//20240806NY037026514A_depths.tsv",276.551723183391,"20240806","NY037026514A_depths","tsv"
"/home/dthill/seq-diversity/data/genomewide_depth//20240806NY045025984A_depths.tsv",260.482439446367,"20240806","NY045025984A_depths","tsv"
"/home/dthill/seq-diversity/data/genomewide_depth//20240806NY045025984B_depths.tsv",410.487384083045,"20240806","NY045025984B_depths","tsv"
"/home/dthill/seq-diversity/data/genomewide_depth//20240806NY047026166A_depths.tsv",4081.11185813149,"20240806","NY047026166A_depths","tsv"
"/home/dthill/seq-diversity/data/genomewide_depth//20240806NY047026182A_depths.tsv",3372.68956747405,"20240806","NY047026182A_depths","tsv"
"/home/dthill/seq-diversity/data/genomewide_depth//20240806NY047026204A_depths.tsv",3512.17344290657,"20240806","NY047026204A_depths","tsv"
"/home/dthill/seq-diversity/data/genomewide_depth//20240806NY047026212A_depths.tsv",3609.23276816609,"20240806","NY047026212A_depths","tsv"
"/home/dthill/seq-diversity/data/genomewide_depth//20240806NY047027073A_depths.tsv",5114.93720069204,"20240806","NY047027073A_depths","tsv"
"/home/dthill/seq-diversity/data/genomewide_depth//20240806NY051024384A_depths.tsv",174.107709342561,"20240806","NY051024384A_depths","tsv"
"/home/dthill/seq-diversity/data/genomewide_depth//20240806NY051030635A_depths.tsv",479.886615916955,"20240806","NY051030635A_depths","tsv"
"/home/dthill/seq-diversity/data/genomewide_depth//20240806NY053021539A_depths.tsv",126.986321799308,"20240806","NY053021539A_depths","tsv"
"/home/dthill/seq-diversity/data/genomewide_depth//20240806NY053029807A_depths.tsv",399.798975778547,"20240806","NY053029807A_depths","tsv"
"/home/dthill/seq-diversity/data/genomewide_depth//20240806NY055021610A_depths.tsv",230.053602076125,"20240806","NY055021610A_depths","tsv"
"/home/dthill/seq-diversity/data/genomewide_depth//20240806NY055028339A_depths.tsv",265.758519031142,"20240806","NY055028339A_depths","tsv"
"/home/dthill/seq-diversity/data/genomewide_depth//20240806NY061026131A_depths.tsv",3732.15804844291,"20240806","NY061026131A_depths","tsv"
"/home/dthill/seq-diversity/data/genomewide_depth//20240806NY061026247A_depths.tsv",3278.19790657439,"20240806","NY061026247A_depths","tsv"
"/home/dthill/seq-diversity/data/genomewide_depth//20240806NY063022331A_depths.tsv",570.714044982699,"20240806","NY063022331A_depths","tsv"
"/home/dthill/seq-diversity/data/genomewide_depth//20240806NY063026336A_depths.tsv",375.046435986159,"20240806","NY063026336A_depths","tsv"
"/home/dthill/seq-diversity/data/genomewide_depth//20240806NY063027057A_depths.tsv",511.889138408305,"20240806","NY063027057A_depths","tsv"
"/home/dthill/seq-diversity/data/genomewide_depth//20240806NY063027979A_depths.tsv",796.908373702422,"20240806","NY063027979A_depths","tsv"
"/home/dthill/seq-diversity/data/genomewide_depth//20240806NY067025461A_depths.tsv",341.080816608997,"20240806","NY067025461A_depths","tsv"
"/home/dthill/seq-diversity/data/genomewide_depth//20240806NY071023680A_depths.tsv",2344.57609688581,"20240806","NY071023680A_depths","tsv"
"/home/dthill/seq-diversity/data/genomewide_depth//20240806NY071027901A_depths.tsv",1193.47014186851,"20240806","NY071027901A_depths","tsv"
"/home/dthill/seq-diversity/data/genomewide_depth//20240806NY073021873A_depths.tsv",540.088283737024,"20240806","NY073021873A_depths","tsv"
"/home/dthill/seq-diversity/data/genomewide_depth//20240806NY073024678A_depths.tsv",619.624211072664,"20240806","NY073024678A_depths","tsv"
"/home/dthill/seq-diversity/data/genomewide_depth//20240806NY075029106A_depths.tsv",52.6075363321799,"20240806","NY075029106A_depths","tsv"
"/home/dthill/seq-diversity/data/genomewide_depth//20240806NY075029114A_depths.tsv",71.1545709342561,"20240806","NY075029114A_depths","tsv"
"/home/dthill/seq-diversity/data/genomewide_depth//20240806NY079022721A_depths.tsv",31.8405259515571,"20240806","NY079022721A_depths","tsv"
"/home/dthill/seq-diversity/data/genomewide_depth//20240806NY081026115A_depths.tsv",2487.29278200692,"20240806","NY081026115A_depths","tsv"
"/home/dthill/seq-diversity/data/genomewide_depth//20240806NY081026158A_depths.tsv",4448.17324221453,"20240806","NY081026158A_depths","tsv"
"/home/dthill/seq-diversity/data/genomewide_depth//20240806NY081026221A_depths.tsv",3935.7290899654,"20240806","NY081026221A_depths","tsv"
"/home/dthill/seq-diversity/data/genomewide_depth//20240806NY081026239A_depths.tsv",3114.77621453287,"20240806","NY081026239A_depths","tsv"
"/home/dthill/seq-diversity/data/genomewide_depth//20240806NY085026107A_depths.tsv",3650.6733633218,"20240806","NY085026107A_depths","tsv"
"/home/dthill/seq-diversity/data/genomewide_depth//20240806NY085026174A_depths.tsv",2815.00965743945,"20240806","NY085026174A_depths","tsv"
"/home/dthill/seq-diversity/data/genomewide_depth//20240806NY087022748A_depths.tsv",533.810930795848,"20240806","NY087022748A_depths","tsv"
"/home/dthill/seq-diversity/data/genomewide_depth//20240806NY087026051A_depths.tsv",2024.62394809689,"20240806","NY087026051A_depths","tsv"
"/home/dthill/seq-diversity/data/genomewide_depth//20240806NY089020818A_depths.tsv",480.577110726644,"20240806","NY089020818A_depths","tsv"
"/home/dthill/seq-diversity/data/genomewide_depth//20240806NY089236586A_depths.tsv",355.818546712803,"20240806","NY089236586A_depths","tsv"
"/home/dthill/seq-diversity/data/genomewide_depth//20240806NY099022365A_depths.tsv",877.511539792388,"20240806","NY099022365A_depths","tsv"
"/home/dthill/seq-diversity/data/genomewide_depth//20240806NY101021431A_depths.tsv",110.908871972318,"20240806","NY101021431A_depths","tsv"
"/home/dthill/seq-diversity/data/genomewide_depth//20240806NY101023906A_depths.tsv",88.0126747404844,"20240806","NY101023906A_depths","tsv"
"/home/dthill/seq-diversity/data/genomewide_depth//20240806NY101025712A_depths.tsv",66.3906955017301,"20240806","NY101025712A_depths","tsv"
"/home/dthill/seq-diversity/data/genomewide_depth//20240806NY103079324A_depths.tsv",2323.57505190311,"20240806","NY103079324A_depths","tsv"
"/home/dthill/seq-diversity/data/genomewide_depth//20240806NY103104809A_depths.tsv",97.9235155709343,"20240806","NY103104809A_depths","tsv"
"/home/dthill/seq-diversity/data/genomewide_depth//20240806NY105030724A_depths.tsv",169.003882352941,"20240806","NY105030724A_depths","tsv"
"/home/dthill/seq-diversity/data/genomewide_depth//20240806NY109026638A_depths.tsv",383.947809688581,"20240806","NY109026638A_depths","tsv"
"/home/dthill/seq-diversity/data/genomewide_depth//20240806NY111029351A_depths.tsv",127.35655017301,"20240806","NY111029351A_depths","tsv"
"/home/dthill/seq-diversity/data/genomewide_depth//20240806NY117029475A_depths.tsv",697.076020761246,"20240806","NY117029475A_depths","tsv"
"/home/dthill/seq-diversity/data/genomewide_depth//20240807NY015035742A_depths.tsv",257.065688581315,"20240807","NY015035742A_depths","tsv"
"/home/dthill/seq-diversity/data/genomewide_depth//20240807NY015036986A_depths.tsv",518.81624567474,"20240807","NY015036986A_depths","tsv"
"/home/dthill/seq-diversity/data/genomewide_depth//20240807NY017021423A_depths.tsv",1152.66577854671,"20240807","NY017021423A_depths","tsv"
"/home/dthill/seq-diversity/data/genomewide_depth//20240807NY019022195A_depths.tsv",442.521844290657,"20240807","NY019022195A_depths","tsv"
"/home/dthill/seq-diversity/data/genomewide_depth//20240807NY019026018A_depths.tsv",165.234833910035,"20240807","NY019026018A_depths","tsv"
"/home/dthill/seq-diversity/data/genomewide_depth//20240807NY025027154A_depths.tsv",547.046221453287,"20240807","NY025027154A_depths","tsv"
"/home/dthill/seq-diversity/data/genomewide_depth//20240807NY025029271A_depths.tsv",899.462709342561,"20240807","NY025029271A_depths","tsv"
"/home/dthill/seq-diversity/data/genomewide_depth//20240807NY027026255A_depths.tsv",680.413525951557,"20240807","NY027026255A_depths","tsv"
"/home/dthill/seq-diversity/data/genomewide_depth//20240807NY031021733A_depths.tsv",2072.25517647059,"20240807","NY031021733A_depths","tsv"
"/home/dthill/seq-diversity/data/genomewide_depth//20240807NY031036706A_depths.tsv",748.021792387543,"20240807","NY031036706A_depths","tsv"
"/home/dthill/seq-diversity/data/genomewide_depth//20240807NY037030546A_depths.tsv",632.44685467128,"20240807","NY037030546A_depths","tsv"
"/home/dthill/seq-diversity/data/genomewide_depth//20240807NY045025151A_depths.tsv",44.7758339100346,"20240807","NY045025151A_depths","tsv"
"/home/dthill/seq-diversity/data/genomewide_depth//20240807NY051024449A_depths.tsv",177.947442906574,"20240807","NY051024449A_depths","tsv"
"/home/dthill/seq-diversity/data/genomewide_depth//20240807NY055026794A_depths.tsv",193.95823183391,"20240807","NY055026794A_depths","tsv"
"/home/dthill/seq-diversity/data/genomewide_depth//20240807NY055028231A_depths.tsv",689.233366782007,"20240807","NY055028231A_depths","tsv"
"/home/dthill/seq-diversity/data/genomewide_depth//20240807NY069023531A_depths.tsv",208.271387543253,"20240807","NY069023531A_depths","tsv"
"/home/dthill/seq-diversity/data/genomewide_depth//20240807NY071023680A_depths.tsv",2431.6584567474,"20240807","NY071023680A_depths","tsv"
"/home/dthill/seq-diversity/data/genomewide_depth//20240807NY071026310A_depths.tsv",280.631671280277,"20240807","NY071026310A_depths","tsv"
"/home/dthill/seq-diversity/data/genomewide_depth//20240807NY071030490A_depths.tsv",110.575875432526,"20240807","NY071030490A_depths","tsv"
"/home/dthill/seq-diversity/data/genomewide_depth//20240807NY075020257A_depths.tsv",346.448996539792,"20240807","NY075020257A_depths","tsv"
"/home/dthill/seq-diversity/data/genomewide_depth//20240807NY075026301A_depths.tsv",420.614083044983,"20240807","NY075026301A_depths","tsv"
"/home/dthill/seq-diversity/data/genomewide_depth//20240807NY075029106A_depths.tsv",945.453923875433,"20240807","NY075029106A_depths","tsv"
"/home/dthill/seq-diversity/data/genomewide_depth//20240807NY075029114A_depths.tsv",471.545339100346,"20240807","NY075029114A_depths","tsv"
"/home/dthill/seq-diversity/data/genomewide_depth//20240807NY079031356A_depths.tsv",727.658885813149,"20240807","NY079031356A_depths","tsv"
"/home/dthill/seq-diversity/data/genomewide_depth//20240807NY087026051A_depths.tsv",751.312844290657,"20240807","NY087026051A_depths","tsv"
"/home/dthill/seq-diversity/data/genomewide_depth//20240807NY087028533A_depths.tsv",1168.1170449827,"20240807","NY087028533A_depths","tsv"
"/home/dthill/seq-diversity/data/genomewide_depth//20240807NY087270598A_depths.tsv",1059.11906574394,"20240807","NY087270598A_depths","tsv"
"/home/dthill/seq-diversity/data/genomewide_depth//20240807NY089020117A_depths.tsv",54.728044982699,"20240807","NY089020117A_depths","tsv"
"/home/dthill/seq-diversity/data/genomewide_depth//20240807NY089031194A_depths.tsv",229.374948096886,"20240807","NY089031194A_depths","tsv"
"/home/dthill/seq-diversity/data/genomewide_depth//20240807NY103080683A_depths.tsv",58.5452698961938,"20240807","NY103080683A_depths","tsv"
"/home/dthill/seq-diversity/data/genomewide_depth//20240807NY107029262A_depths.tsv",115.129131487889,"20240807","NY107029262A_depths","tsv"
"/home/dthill/seq-diversity/data/genomewide_depth//20240807NY111029351A_depths.tsv",949.303020761246,"20240807","NY111029351A_depths","tsv"
"/home/dthill/seq-diversity/data/genomewide_depth//20240807NY111031208A_depths.tsv",481.937480968858,"20240807","NY111031208A_depths","tsv"
"/home/dthill/seq-diversity/data/genomewide_depth//20240807NY119026689A_depths.tsv",430.207103806228,"20240807","NY119026689A_depths","tsv"
"/home/dthill/seq-diversity/data/genomewide_depth//20240807NY119026701A_depths.tsv",51.6199619377163,"20240807","NY119026701A_depths","tsv"
"/home/dthill/seq-diversity/data/genomewide_depth//20240807NY119026719A_depths.tsv",499.011806228374,"20240807","NY119026719A_depths","tsv"
"/home/dthill/seq-diversity/data/genomewide_depth//20240807NY119026786A_depths.tsv",1301.23898615917,"20240807","NY119026786A_depths","tsv"
"/home/dthill/seq-diversity/data/genomewide_depth//20240807NY119100803A_depths.tsv",482.203861591695,"20240807","NY119100803A_depths","tsv"
"/home/dthill/seq-diversity/data/genomewide_depth//20240807NY119108324A_depths.tsv",2264.69271280277,"20240807","NY119108324A_depths","tsv"
"/home/dthill/seq-diversity/data/genomewide_depth//20240808NY007024414B_depths.tsv",2044.21382352941,"20240808","NY007024414B_depths","tsv"
"/home/dthill/seq-diversity/data/genomewide_depth//20240808NY007024414C_depths.tsv",1764.07052249135,"20240808","NY007024414C_depths","tsv"
"/home/dthill/seq-diversity/data/genomewide_depth//20240808NY007027669A_depths.tsv",935.006439446367,"20240808","NY007027669A_depths","tsv"
"/home/dthill/seq-diversity/data/genomewide_depth//20240808NY009027162A_depths.tsv",200.930813148789,"20240808","NY009027162A_depths","tsv"
"/home/dthill/seq-diversity/data/genomewide_depth//20240808NY011021903A_depths.tsv",1308.714816609,"20240808","NY011021903A_depths","tsv"
"/home/dthill/seq-diversity/data/genomewide_depth//20240808NY019021831A_depths.tsv",508.775719723183,"20240808","NY019021831A_depths","tsv"
"/home/dthill/seq-diversity/data/genomewide_depth//20240808NY023027561A_depths.tsv",396.160792387543,"20240808","NY023027561A_depths","tsv"
"/home/dthill/seq-diversity/data/genomewide_depth//20240808NY027025976A_depths.tsv",1218.19255017301,"20240808","NY027025976A_depths","tsv"
"/home/dthill/seq-diversity/data/genomewide_depth//20240808NY029022543A_depths.tsv",246.296228373702,"20240808","NY029022543A_depths","tsv"
"/home/dthill/seq-diversity/data/genomewide_depth//20240808NY029028436A_depths.tsv",941.856058823529,"20240808","NY029028436A_depths","tsv"
"/home/dthill/seq-diversity/data/genomewide_depth//20240808NY029032093A_depths.tsv",1643.34789619377,"20240808","NY029032093A_depths","tsv"
"/home/dthill/seq-diversity/data/genomewide_depth//20240808NY033030376A_depths.tsv",177.039826989619,"20240808","NY033030376A_depths","tsv"
"/home/dthill/seq-diversity/data/genomewide_depth//20240808NY035026042A_depths.tsv",471.48762283737,"20240808","NY035026042A_depths","tsv"
"/home/dthill/seq-diversity/data/genomewide_depth//20240808NY037020907A_depths.tsv",121.832394463668,"20240808","NY037020907A_depths","tsv"
"/home/dthill/seq-diversity/data/genomewide_depth//20240808NY051032328A_depths.tsv",631.271553633218,"20240808","NY051032328A_depths","tsv"
"/home/dthill/seq-diversity/data/genomewide_depth//20240808NY053026956A_depths.tsv",1113.73856055363,"20240808","NY053026956A_depths","tsv"
"/home/dthill/seq-diversity/data/genomewide_depth//20240808NY055021610A_depths.tsv",1536.42880968858,"20240808","NY055021610A_depths","tsv"
"/home/dthill/seq-diversity/data/genomewide_depth//20240808NY059026841A_depths.tsv",89.5676851211073,"20240808","NY059026841A_depths","tsv"
"/home/dthill/seq-diversity/data/genomewide_depth//20240808NY063027057A_depths.tsv",622.839972318339,"20240808","NY063027057A_depths","tsv"
"/home/dthill/seq-diversity/data/genomewide_depth//20240808NY063027774A_depths.tsv",279.056958477509,"20240808","NY063027774A_depths","tsv"
"/home/dthill/seq-diversity/data/genomewide_depth//20240808NY063030651A_depths.tsv",165.532325259516,"20240808","NY063030651A_depths","tsv"
"/home/dthill/seq-diversity/data/genomewide_depth//20240808NY071031518A_depths.tsv",714.934858131488,"20240808","NY071031518A_depths","tsv"
"/home/dthill/seq-diversity/data/genomewide_depth//20240808NY073023256A_depths.tsv",74.2725363321799,"20240808","NY073023256A_depths","tsv"
"/home/dthill/seq-diversity/data/genomewide_depth//20240808NY073028401A_depths.tsv",1361.93341522491,"20240808","NY073028401A_depths","tsv"
"/home/dthill/seq-diversity/data/genomewide_depth//20240808NY087026051A_depths.tsv",741.635702422145,"20240808","NY087026051A_depths","tsv"
"/home/dthill/seq-diversity/data/genomewide_depth//20240808NY087028533A_depths.tsv",651.370204152249,"20240808","NY087028533A_depths","tsv"
"/home/dthill/seq-diversity/data/genomewide_depth//20240808NY087028851A_depths.tsv",1445.8202283737,"20240808","NY087028851A_depths","tsv"
"/home/dthill/seq-diversity/data/genomewide_depth//20240808NY087031895A_depths.tsv",826.20055017301,"20240808","NY087031895A_depths","tsv"
"/home/dthill/seq-diversity/data/genomewide_depth//20240808NY089020818A_depths.tsv",1255.49215916955,"20240808","NY089020818A_depths","tsv"
"/home/dthill/seq-diversity/data/genomewide_depth//20240808NY089236586A_depths.tsv",2489.76941868512,"20240808","NY089236586A_depths","tsv"
"/home/dthill/seq-diversity/data/genomewide_depth//20240808NY097271942A_depths.tsv",321.003027681661,"20240808","NY097271942A_depths","tsv"
"/home/dthill/seq-diversity/data/genomewide_depth//20240808NY099033308A_depths.tsv",1039.71011072664,"20240808","NY099033308A_depths","tsv"
"/home/dthill/seq-diversity/data/genomewide_depth//20240808NY117027171A_depths.tsv",191.918446366782,"20240808","NY117027171A_depths","tsv"
"/home/dthill/seq-diversity/data/genomewide_depth//20240809NY089029831A_depths.tsv",495.270588235294,"20240809","NY089029831A_depths","tsv"
"/home/dthill/seq-diversity/data/genomewide_depth//20240811NY005026191A_depths.tsv",2505.58610034602,"20240811","NY005026191A_depths","tsv"
"/home/dthill/seq-diversity/data/genomewide_depth//20240811NY029028436A_depths.tsv",5030.33498615917,"20240811","NY029028436A_depths","tsv"
"/home/dthill/seq-diversity/data/genomewide_depth//20240811NY047026166A_depths.tsv",3888.70993771626,"20240811","NY047026166A_depths","tsv"
"/home/dthill/seq-diversity/data/genomewide_depth//20240811NY047026182A_depths.tsv",1406.55034256055,"20240811","NY047026182A_depths","tsv"
"/home/dthill/seq-diversity/data/genomewide_depth//20240811NY047026204A_depths.tsv",2936.38487889273,"20240811","NY047026204A_depths","tsv"
"/home/dthill/seq-diversity/data/genomewide_depth//20240811NY047026212A_depths.tsv",2465.83922491349,"20240811","NY047026212A_depths","tsv"
"/home/dthill/seq-diversity/data/genomewide_depth//20240811NY047027073A_depths.tsv",3756.48642214533,"20240811","NY047027073A_depths","tsv"
"/home/dthill/seq-diversity/data/genomewide_depth//20240811NY055028339A_depths.tsv",1493.22877854671,"20240811","NY055028339A_depths","tsv"
"/home/dthill/seq-diversity/data/genomewide_depth//20240811NY061026131A_depths.tsv",2227.39898615917,"20240811","NY061026131A_depths","tsv"
"/home/dthill/seq-diversity/data/genomewide_depth//20240811NY061026247A_depths.tsv",3058.72260899654,"20240811","NY061026247A_depths","tsv"
"/home/dthill/seq-diversity/data/genomewide_depth//20240811NY067027081A_depths.tsv",1010.23875086505,"20240811","NY067027081A_depths","tsv"
"/home/dthill/seq-diversity/data/genomewide_depth//20240811NY067027596A_depths.tsv",1365.63464359862,"20240811","NY067027596A_depths","tsv"
"/home/dthill/seq-diversity/data/genomewide_depth//20240811NY067027618A_depths.tsv",1006.8191349481,"20240811","NY067027618A_depths","tsv"
"/home/dthill/seq-diversity/data/genomewide_depth//20240811NY067027723A_depths.tsv",580.449519031142,"20240811","NY067027723A_depths","tsv"
"/home/dthill/seq-diversity/data/genomewide_depth//20240811NY067030317A_depths.tsv",2303.97496193772,"20240811","NY067030317A_depths","tsv"
"/home/dthill/seq-diversity/data/genomewide_depth//20240811NY067030571A_depths.tsv",867.947788927336,"20240811","NY067030571A_depths","tsv"
"/home/dthill/seq-diversity/data/genomewide_depth//20240811NY081026115A_depths.tsv",1929.96073702422,"20240811","NY081026115A_depths","tsv"
"/home/dthill/seq-diversity/data/genomewide_depth//20240811NY081026158A_depths.tsv",2652.55310380623,"20240811","NY081026158A_depths","tsv"
"/home/dthill/seq-diversity/data/genomewide_depth//20240811NY081026221A_depths.tsv",3931.42805536332,"20240811","NY081026221A_depths","tsv"
"/home/dthill/seq-diversity/data/genomewide_depth//20240811NY081026239A_depths.tsv",3842.09647750865,"20240811","NY081026239A_depths","tsv"
"/home/dthill/seq-diversity/data/genomewide_depth//20240811NY085026107A_depths.tsv",3698.98256747405,"20240811","NY085026107A_depths","tsv"
"/home/dthill/seq-diversity/data/genomewide_depth//20240811NY085026174A_depths.tsv",4049.90564013841,"20240811","NY085026174A_depths","tsv"
"/home/dthill/seq-diversity/data/genomewide_depth//20240811NY119026689A_depths.tsv",346.435204152249,"20240811","NY119026689A_depths","tsv"
"/home/dthill/seq-diversity/data/genomewide_depth//20240811NY119026697A_depths.tsv",186.601290657439,"20240811","NY119026697A_depths","tsv"
"/home/dthill/seq-diversity/data/genomewide_depth//20240811NY119026719A_depths.tsv",114.462134948097,"20240811","NY119026719A_depths","tsv"
"/home/dthill/seq-diversity/data/genomewide_depth//20240811NY119026786A_depths.tsv",801.238373702422,"20240811","NY119026786A_depths","tsv"
"/home/dthill/seq-diversity/data/genomewide_depth//20240811NY119100803A_depths.tsv",459.405242214533,"20240811","NY119100803A_depths","tsv"
"/home/dthill/seq-diversity/data/genomewide_depth//20240811NY119108324A_depths.tsv",1240.89726643599,"20240811","NY119108324A_depths","tsv"
"/home/dthill/seq-diversity/data/genomewide_depth//20240812NY019026018A_depths.tsv",314.35476816609,"20240812","NY019026018A_depths","tsv"
"/home/dthill/seq-diversity/data/genomewide_depth//20240812NY023027561A_depths.tsv",1124.60331141869,"20240812","NY023027561A_depths","tsv"
"/home/dthill/seq-diversity/data/genomewide_depth//20240812NY027026255A_depths.tsv",412.629238754325,"20240812","NY027026255A_depths","tsv"
"/home/dthill/seq-diversity/data/genomewide_depth//20240812NY031021733A_depths.tsv",588.233034602076,"20240812","NY031021733A_depths","tsv"
"/home/dthill/seq-diversity/data/genomewide_depth//20240812NY035026042A_depths.tsv",38.5191591695502,"20240812","NY035026042A_depths","tsv"
"/home/dthill/seq-diversity/data/genomewide_depth//20240812NY055028231A_depths.tsv",624.047532871972,"20240812","NY055028231A_depths","tsv"
"/home/dthill/seq-diversity/data/genomewide_depth//20240812NY059026450A_depths.tsv",698.490975778547,"20240812","NY059026450A_depths","tsv"
"/home/dthill/seq-diversity/data/genomewide_depth//20240812NY059026859A_depths.tsv",95.8178892733564,"20240812","NY059026859A_depths","tsv"
"/home/dthill/seq-diversity/data/genomewide_depth//20240812NY065030864A_depths.tsv",278.219889273356,"20240812","NY065030864A_depths","tsv"
"/home/dthill/seq-diversity/data/genomewide_depth//20240812NY087031895A_depths.tsv",272.229152249135,"20240812","NY087031895A_depths","tsv"
"/home/dthill/seq-diversity/data/genomewide_depth//20240812NY089020117A_depths.tsv",878.395460207612,"20240812","NY089020117A_depths","tsv"
"/home/dthill/seq-diversity/data/genomewide_depth//20240812NY089031194A_depths.tsv",589.269826989619,"20240812","NY089031194A_depths","tsv"
"/home/dthill/seq-diversity/data/genomewide_depth//20240812NY103104809A_depths.tsv",479.477169550173,"20240812","NY103104809A_depths","tsv"
"/home/dthill/seq-diversity/data/genomewide_depth//20240813NY001025739A_depths.tsv",1171.03482352941,"20240813","NY001025739A_depths","tsv"
"/home/dthill/seq-diversity/data/genomewide_depth//20240813NY005026191A_depths.tsv",3847.08660553633,"20240813","NY005026191A_depths","tsv"
"/home/dthill/seq-diversity/data/genomewide_depth//20240813NY007024414B_depths.tsv",702.476453287197,"20240813","NY007024414B_depths","tsv"
"/home/dthill/seq-diversity/data/genomewide_depth//20240813NY007024414C_depths.tsv",237.296058823529,"20240813","NY007024414C_depths","tsv"
"/home/dthill/seq-diversity/data/genomewide_depth//20240813NY021022039A_depths.tsv",47.150553633218,"20240813","NY021022039A_depths","tsv"
"/home/dthill/seq-diversity/data/genomewide_depth//20240813NY027149209A_depths.tsv",951.255889273356,"20240813","NY027149209A_depths","tsv"
"/home/dthill/seq-diversity/data/genomewide_depth//20240813NY029022543A_depths.tsv",1791.79880968858,"20240813","NY029022543A_depths","tsv"
"/home/dthill/seq-diversity/data/genomewide_depth//20240813NY029025950B_depths.tsv",738.693685121107,"20240813","NY029025950B_depths","tsv"
"/home/dthill/seq-diversity/data/genomewide_depth//20240813NY029026395B_depths.tsv",1252.1568615917,"20240813","NY029026395B_depths","tsv"
"/home/dthill/seq-diversity/data/genomewide_depth//20240813NY029026395C_depths.tsv",1289.81021799308,"20240813","NY029026395C_depths","tsv"
"/home/dthill/seq-diversity/data/genomewide_depth//20240813NY029028410A_depths.tsv",279.541031141869,"20240813","NY029028410A_depths","tsv"
"/home/dthill/seq-diversity/data/genomewide_depth//20240813NY031021733A_depths.tsv",48.8128719723183,"20240813","NY031021733A_depths","tsv"
"/home/dthill/seq-diversity/data/genomewide_depth//20240813NY037026514A_depths.tsv",1053.3002283737,"20240813","NY037026514A_depths","tsv"
"/home/dthill/seq-diversity/data/genomewide_depth//20240813NY047026166A_depths.tsv",2847.29924913495,"20240813","NY047026166A_depths","tsv"
"/home/dthill/seq-diversity/data/genomewide_depth//20240813NY047026182A_depths.tsv",4171.02928719723,"20240813","NY047026182A_depths","tsv"
"/home/dthill/seq-diversity/data/genomewide_depth//20240813NY047026204A_depths.tsv",3189.28658131488,"20240813","NY047026204A_depths","tsv"
"/home/dthill/seq-diversity/data/genomewide_depth//20240813NY047026212A_depths.tsv",2645.19617647059,"20240813","NY047026212A_depths","tsv"
"/home/dthill/seq-diversity/data/genomewide_depth//20240813NY047027073A_depths.tsv",2862.76501038062,"20240813","NY047027073A_depths","tsv"
"/home/dthill/seq-diversity/data/genomewide_depth//20240813NY051024384A_depths.tsv",2038.55456747405,"20240813","NY051024384A_depths","tsv"
"/home/dthill/seq-diversity/data/genomewide_depth//20240813NY051030635A_depths.tsv",1095.45201384083,"20240813","NY051030635A_depths","tsv"
"/home/dthill/seq-diversity/data/genomewide_depth//20240813NY055021610A_depths.tsv",3718.4327750865,"20240813","NY055021610A_depths","tsv"
"/home/dthill/seq-diversity/data/genomewide_depth//20240813NY059020567A_depths.tsv",36.6625882352941,"20240813","NY059020567A_depths","tsv"
"/home/dthill/seq-diversity/data/genomewide_depth//20240813NY059026999A_depths.tsv",115.38530449827,"20240813","NY059026999A_depths","tsv"
"/home/dthill/seq-diversity/data/genomewide_depth//20240813NY061026131A_depths.tsv",3090.80571972318,"20240813","NY061026131A_depths","tsv"
"/home/dthill/seq-diversity/data/genomewide_depth//20240813NY061026247A_depths.tsv",1679.25765397924,"20240813","NY061026247A_depths","tsv"
"/home/dthill/seq-diversity/data/genomewide_depth//20240813NY063026336A_depths.tsv",1437.97298961938,"20240813","NY063026336A_depths","tsv"
"/home/dthill/seq-diversity/data/genomewide_depth//20240813NY065021377A_depths.tsv",64.1728131487889,"20240813","NY065021377A_depths","tsv"
"/home/dthill/seq-diversity/data/genomewide_depth//20240813NY069025968A_depths.tsv",230.359460207612,"20240813","NY069025968A_depths","tsv"
"/home/dthill/seq-diversity/data/genomewide_depth//20240813NY071023680A_depths.tsv",1702.61878892734,"20240813","NY071023680A_depths","tsv"
"/home/dthill/seq-diversity/data/genomewide_depth//20240813NY071026310A_depths.tsv",2140.55341176471,"20240813","NY071026310A_depths","tsv"
"/home/dthill/seq-diversity/data/genomewide_depth//20240813NY071026328A_depths.tsv",635.172314878893,"20240813","NY071026328A_depths","tsv"
"/home/dthill/seq-diversity/data/genomewide_depth//20240813NY071027901A_depths.tsv",1278.0498650519,"20240813","NY071027901A_depths","tsv"
"/home/dthill/seq-diversity/data/genomewide_depth//20240813NY071031518A_depths.tsv",1834.82149480969,"20240813","NY071031518A_depths","tsv"
"/home/dthill/seq-diversity/data/genomewide_depth//20240813NY073021873A_depths.tsv",569.306861591695,"20240813","NY073021873A_depths","tsv"
"/home/dthill/seq-diversity/data/genomewide_depth//20240813NY081026115A_depths.tsv",3319.29233910035,"20240813","NY081026115A_depths","tsv"
"/home/dthill/seq-diversity/data/genomewide_depth//20240813NY081026158A_depths.tsv",4191.20732871972,"20240813","NY081026158A_depths","tsv"
"/home/dthill/seq-diversity/data/genomewide_depth//20240813NY081026221A_depths.tsv",2764.39835640138,"20240813","NY081026221A_depths","tsv"
"/home/dthill/seq-diversity/data/genomewide_depth//20240813NY081026239A_depths.tsv",3207.59876470588,"20240813","NY081026239A_depths","tsv"
"/home/dthill/seq-diversity/data/genomewide_depth//20240813NY085026107A_depths.tsv",1562.21812456747,"20240813","NY085026107A_depths","tsv"
"/home/dthill/seq-diversity/data/genomewide_depth//20240813NY085026174A_depths.tsv",3274.71228027682,"20240813","NY085026174A_depths","tsv"
"/home/dthill/seq-diversity/data/genomewide_depth//20240813NY087022748A_depths.tsv",1248.64873702422,"20240813","NY087022748A_depths","tsv"
"/home/dthill/seq-diversity/data/genomewide_depth//20240813NY087026051A_depths.tsv",1489.05489619377,"20240813","NY087026051A_depths","tsv"
"/home/dthill/seq-diversity/data/genomewide_depth//20240813NY093020516A_depths.tsv",877.90991349481,"20240813","NY093020516A_depths","tsv"
"/home/dthill/seq-diversity/data/genomewide_depth//20240813NY099022365A_depths.tsv",1287.75648096886,"20240813","NY099022365A_depths","tsv"
"/home/dthill/seq-diversity/data/genomewide_depth//20240813NY103021750A_depths.tsv",478.086636678201,"20240813","NY103021750A_depths","tsv"
"/home/dthill/seq-diversity/data/genomewide_depth//20240813NY103024881A_depths.tsv",210.31623183391,"20240813","NY103024881A_depths","tsv"
"/home/dthill/seq-diversity/data/genomewide_depth//20240813NY103065358A_depths.tsv",95.0352802768166,"20240813","NY103065358A_depths","tsv"
"/home/dthill/seq-diversity/data/genomewide_depth//20240813NY103079324A_depths.tsv",146.883792387543,"20240813","NY103079324A_depths","tsv"
"/home/dthill/seq-diversity/data/genomewide_depth//20240813NY103104809A_depths.tsv",6501.55611072664,"20240813","NY103104809A_depths","tsv"
"/home/dthill/seq-diversity/data/genomewide_depth//20240813NY103206644A_depths.tsv",144.826200692042,"20240813","NY103206644A_depths","tsv"
"/home/dthill/seq-diversity/data/genomewide_depth//20240813NY105030716A_depths.tsv",300.098993079585,"20240813","NY105030716A_depths","tsv"
"/home/dthill/seq-diversity/data/genomewide_depth//20240813NY105030724A_depths.tsv",2222.18867820069,"20240813","NY105030724A_depths","tsv"
"/home/dthill/seq-diversity/data/genomewide_depth//20240813NY109020958A_depths.tsv",1001.26473010381,"20240813","NY109020958A_depths","tsv"
"/home/dthill/seq-diversity/data/genomewide_depth//20240813NY109026638A_depths.tsv",274.334501730104,"20240813","NY109026638A_depths","tsv"
"/home/dthill/seq-diversity/data/genomewide_depth//20240813NY111029351A_depths.tsv",399.723612456747,"20240813","NY111029351A_depths","tsv"
"/home/dthill/seq-diversity/data/genomewide_depth//20240813NY117029475A_depths.tsv",690.021114186851,"20240813","NY117029475A_depths","tsv"
"/home/dthill/seq-diversity/data/genomewide_depth//20240813NY121021504A_depths.tsv",960.073785467128,"20240813","NY121021504A_depths","tsv"
"/home/dthill/seq-diversity/data/genomewide_depth//20240814NY019026018A_depths.tsv",552.610103806228,"20240814","NY019026018A_depths","tsv"
"/home/dthill/seq-diversity/data/genomewide_depth//20240814NY025027154A_depths.tsv",253.340747404844,"20240814","NY025027154A_depths","tsv"
"/home/dthill/seq-diversity/data/genomewide_depth//20240814NY025029271A_depths.tsv",535.672363321799,"20240814","NY025029271A_depths","tsv"
"/home/dthill/seq-diversity/data/genomewide_depth//20240814NY027026255A_depths.tsv",912.854034602076,"20240814","NY027026255A_depths","tsv"
"/home/dthill/seq-diversity/data/genomewide_depth//20240814NY027026271A_depths.tsv",1088.31298269896,"20240814","NY027026271A_depths","tsv"
"/home/dthill/seq-diversity/data/genomewide_depth//20240814NY037030546A_depths.tsv",380.100692041523,"20240814","NY037030546A_depths","tsv"
"/home/dthill/seq-diversity/data/genomewide_depth//20240814NY051024449A_depths.tsv",429.009982698962,"20240814","NY051024449A_depths","tsv"
"/home/dthill/seq-diversity/data/genomewide_depth//20240814NY055026794A_depths.tsv",729.211055363322,"20240814","NY055026794A_depths","tsv"
"/home/dthill/seq-diversity/data/genomewide_depth//20240814NY055028231A_depths.tsv",583.491352941177,"20240814","NY055028231A_depths","tsv"
"/home/dthill/seq-diversity/data/genomewide_depth//20240814NY059026450A_depths.tsv",386.212968858131,"20240814","NY059026450A_depths","tsv"
"/home/dthill/seq-diversity/data/genomewide_depth//20240814NY071022144A_depths.tsv",102.419930795848,"20240814","NY071022144A_depths","tsv"
"/home/dthill/seq-diversity/data/genomewide_depth//20240814NY071026522A_depths.tsv",650.762702422145,"20240814","NY071026522A_depths","tsv"
"/home/dthill/seq-diversity/data/genomewide_depth//20240814NY071030490A_depths.tsv",3079.62635294118,"20240814","NY071030490A_depths","tsv"
"/home/dthill/seq-diversity/data/genomewide_depth//20240814NY087270598A_depths.tsv",391.022307958477,"20240814","NY087270598A_depths","tsv"
"/home/dthill/seq-diversity/data/genomewide_depth//20240814NY103020061A_depths.tsv",177.91423183391,"20240814","NY103020061A_depths","tsv"
"/home/dthill/seq-diversity/data/genomewide_depth//20240814NY103080683A_depths.tsv",87.5606401384083,"20240814","NY103080683A_depths","tsv"
"/home/dthill/seq-diversity/data/genomewide_depth//20240814NY105022454A_depths.tsv",3373.18337716263,"20240814","NY105022454A_depths","tsv"
"/home/dthill/seq-diversity/data/genomewide_depth//20240814NY109026638A_depths.tsv",153.623633217993,"20240814","NY109026638A_depths","tsv"
"/home/dthill/seq-diversity/data/genomewide_depth//20240814NY119100803A_depths.tsv",521.314089965398,"20240814","NY119100803A_depths","tsv"
"/home/dthill/seq-diversity/data/genomewide_depth//20240814NY123029726A_depths.tsv",1115.02867474048,"20240814","NY123029726A_depths","tsv"
"/home/dthill/seq-diversity/data/genomewide_depth//20240815NY007024414B_depths.tsv",527.470823529412,"20240815","NY007024414B_depths","tsv"
"/home/dthill/seq-diversity/data/genomewide_depth//20240815NY007024414C_depths.tsv",920.806730103806,"20240815","NY007024414C_depths","tsv"
"/home/dthill/seq-diversity/data/genomewide_depth//20240815NY007027669A_depths.tsv",480.959062283737,"20240815","NY007027669A_depths","tsv"
"/home/dthill/seq-diversity/data/genomewide_depth//20240815NY009027162A_depths.tsv",104.779934256055,"20240815","NY009027162A_depths","tsv"
"/home/dthill/seq-diversity/data/genomewide_depth//20240815NY011021903A_depths.tsv",182.330875432526,"20240815","NY011021903A_depths","tsv"
"/home/dthill/seq-diversity/data/genomewide_depth//20240815NY017021423A_depths.tsv",235.528103806228,"20240815","NY017021423A_depths","tsv"
"/home/dthill/seq-diversity/data/genomewide_depth//20240815NY023027561A_depths.tsv",160.725567474048,"20240815","NY023027561A_depths","tsv"
"/home/dthill/seq-diversity/data/genomewide_depth//20240815NY025026531A_depths.tsv",256.905809688581,"20240815","NY025026531A_depths","tsv"
"/home/dthill/seq-diversity/data/genomewide_depth//20240815NY025026565A_depths.tsv",331.694958477509,"20240815","NY025026565A_depths","tsv"
"/home/dthill/seq-diversity/data/genomewide_depth//20240815NY035026042A_depths.tsv",95.4657335640138,"20240815","NY035026042A_depths","tsv"
"/home/dthill/seq-diversity/data/genomewide_depth//20240815NY051032328A_depths.tsv",1451.17382352941,"20240815","NY051032328A_depths","tsv"
"/home/dthill/seq-diversity/data/genomewide_depth//20240815NY055021610A_depths.tsv",1430.32326989619,"20240815","NY055021610A_depths","tsv"
"/home/dthill/seq-diversity/data/genomewide_depth//20240815NY057020290A_depths.tsv",60.3194429065744,"20240815","NY057020290A_depths","tsv"
"/home/dthill/seq-diversity/data/genomewide_depth//20240815NY059021822A_depths.tsv",117.083359861592,"20240815","NY059021822A_depths","tsv"
"/home/dthill/seq-diversity/data/genomewide_depth//20240815NY059026778A_depths.tsv",150.752958477509,"20240815","NY059026778A_depths","tsv"
"/home/dthill/seq-diversity/data/genomewide_depth//20240815NY069023531A_depths.tsv",445.671785467128,"20240815","NY069023531A_depths","tsv"
"/home/dthill/seq-diversity/data/genomewide_depth//20240815NY073023256A_depths.tsv",779.548716262976,"20240815","NY073023256A_depths","tsv"
"/home/dthill/seq-diversity/data/genomewide_depth//20240815NY077031151A_depths.tsv",49.2524325259516,"20240815","NY077031151A_depths","tsv"
"/home/dthill/seq-diversity/data/genomewide_depth//20240815NY099033308A_depths.tsv",2620.68556055363,"20240815","NY099033308A_depths","tsv"
"/home/dthill/seq-diversity/data/genomewide_depth//20240815NY101023906A_depths.tsv",1981.31399653979,"20240815","NY101023906A_depths","tsv"
"/home/dthill/seq-diversity/data/genomewide_depth//20240815NY117027171A_depths.tsv",554.757647058824,"20240815","NY117027171A_depths","tsv"
"/home/dthill/seq-diversity/data/genomewide_depth//20240816NY087026051A_depths.tsv",4109.01938754325,"20240816","NY087026051A_depths","tsv"
"/home/dthill/seq-diversity/data/genomewide_depth//20240818NY005026191A_depths.tsv",2782.47755363322,"20240818","NY005026191A_depths","tsv"
"/home/dthill/seq-diversity/data/genomewide_depth//20240818NY047026166A_depths.tsv",1356.03050519031,"20240818","NY047026166A_depths","tsv"
"/home/dthill/seq-diversity/data/genomewide_depth//20240818NY047026182A_depths.tsv",3078.77462629758,"20240818","NY047026182A_depths","tsv"
"/home/dthill/seq-diversity/data/genomewide_depth//20240818NY047026204A_depths.tsv",3748.99826989619,"20240818","NY047026204A_depths","tsv"
"/home/dthill/seq-diversity/data/genomewide_depth//20240818NY047026212A_depths.tsv",4520.08820415225,"20240818","NY047026212A_depths","tsv"
"/home/dthill/seq-diversity/data/genomewide_depth//20240818NY047027073A_depths.tsv",1102.02714186851,"20240818","NY047027073A_depths","tsv"
"/home/dthill/seq-diversity/data/genomewide_depth//20240818NY055028339A_depths.tsv",647.768076124568,"20240818","NY055028339A_depths","tsv"
"/home/dthill/seq-diversity/data/genomewide_depth//20240818NY061026131A_depths.tsv",2158.6301799308,"20240818","NY061026131A_depths","tsv"
"/home/dthill/seq-diversity/data/genomewide_depth//20240818NY061026247A_depths.tsv",2581.93030795848,"20240818","NY061026247A_depths","tsv"
"/home/dthill/seq-diversity/data/genomewide_depth//20240818NY067027081A_depths.tsv",375.98062283737,"20240818","NY067027081A_depths","tsv"
"/home/dthill/seq-diversity/data/genomewide_depth//20240818NY067027596A_depths.tsv",927.496899653979,"20240818","NY067027596A_depths","tsv"
"/home/dthill/seq-diversity/data/genomewide_depth//20240818NY067027618A_depths.tsv",854.330546712803,"20240818","NY067027618A_depths","tsv"
"/home/dthill/seq-diversity/data/genomewide_depth//20240818NY067027723A_depths.tsv",1423.36467820069,"20240818","NY067027723A_depths","tsv"
"/home/dthill/seq-diversity/data/genomewide_depth//20240818NY067030571A_depths.tsv",342.477737024221,"20240818","NY067030571A_depths","tsv"
"/home/dthill/seq-diversity/data/genomewide_depth//20240818NY081026115A_depths.tsv",4018.78433217993,"20240818","NY081026115A_depths","tsv"
"/home/dthill/seq-diversity/data/genomewide_depth//20240818NY081026158A_depths.tsv",3897.69798961938,"20240818","NY081026158A_depths","tsv"
"/home/dthill/seq-diversity/data/genomewide_depth//20240818NY081026221A_depths.tsv",2066.79192387543,"20240818","NY081026221A_depths","tsv"
"/home/dthill/seq-diversity/data/genomewide_depth//20240818NY081026239A_depths.tsv",1374.26137716263,"20240818","NY081026239A_depths","tsv"
"/home/dthill/seq-diversity/data/genomewide_depth//20240818NY085026107A_depths.tsv",1295.29502422145,"20240818","NY085026107A_depths","tsv"
"/home/dthill/seq-diversity/data/genomewide_depth//20240818NY085026174A_depths.tsv",2335.75427681661,"20240818","NY085026174A_depths","tsv"
"/home/dthill/seq-diversity/data/genomewide_depth//20240818NY119026689A_depths.tsv",1156.60261591696,"20240818","NY119026689A_depths","tsv"
"/home/dthill/seq-diversity/data/genomewide_depth//20240818NY119026697A_depths.tsv",597.636418685121,"20240818","NY119026697A_depths","tsv"
"/home/dthill/seq-diversity/data/genomewide_depth//20240818NY119026701A_depths.tsv",489.59791349481,"20240818","NY119026701A_depths","tsv"
"/home/dthill/seq-diversity/data/genomewide_depth//20240818NY119026719A_depths.tsv",269.236941176471,"20240818","NY119026719A_depths","tsv"
"/home/dthill/seq-diversity/data/genomewide_depth//20240818NY119026786A_depths.tsv",1500.63587889273,"20240818","NY119026786A_depths","tsv"
"/home/dthill/seq-diversity/data/genomewide_depth//20240818NY119108324A_depths.tsv",3535.02873010381,"20240818","NY119108324A_depths","tsv"
"/home/dthill/seq-diversity/data/genomewide_depth//20240819NY013027961A_depths.tsv",740.679020761246,"20240819","NY013027961A_depths","tsv"
"/home/dthill/seq-diversity/data/genomewide_depth//20240819NY027026255A_depths.tsv",1647.8133633218,"20240819","NY027026255A_depths","tsv"
"/home/dthill/seq-diversity/data/genomewide_depth//20240819NY055028231A_depths.tsv",1524.0542733564,"20240819","NY055028231A_depths","tsv"
"/home/dthill/seq-diversity/data/genomewide_depth//20240819NY059026859A_depths.tsv",784.283584775087,"20240819","NY059026859A_depths","tsv"
"/home/dthill/seq-diversity/data/genomewide_depth//20240819NY103020061A_depths.tsv",1011.48491349481,"20240819","NY103020061A_depths","tsv"
"/home/dthill/seq-diversity/data/genomewide_depth//20240820NY005026191A_depths.tsv",2287.29032179931,"20240820","NY005026191A_depths","tsv"
"/home/dthill/seq-diversity/data/genomewide_depth//20240820NY007024414B_depths.tsv",272.908363321799,"20240820","NY007024414B_depths","tsv"
"/home/dthill/seq-diversity/data/genomewide_depth//20240820NY007024414C_depths.tsv",322.667186851211,"20240820","NY007024414C_depths","tsv"
"/home/dthill/seq-diversity/data/genomewide_depth//20240820NY007027669A_depths.tsv",437.313062283737,"20240820","NY007027669A_depths","tsv"
"/home/dthill/seq-diversity/data/genomewide_depth//20240820NY009027162A_depths.tsv",150.388685121107,"20240820","NY009027162A_depths","tsv"
"/home/dthill/seq-diversity/data/genomewide_depth//20240820NY011021903A_depths.tsv",175.978269896194,"20240820","NY011021903A_depths","tsv"
"/home/dthill/seq-diversity/data/genomewide_depth//20240820NY013021334A_depths.tsv",122.029439446367,"20240820","NY013021334A_depths","tsv"
"/home/dthill/seq-diversity/data/genomewide_depth//20240820NY021022039A_depths.tsv",928.809934256055,"20240820","NY021022039A_depths","tsv"
"/home/dthill/seq-diversity/data/genomewide_depth//20240820NY027149209A_depths.tsv",919.986134948097,"20240820","NY027149209A_depths","tsv"
"/home/dthill/seq-diversity/data/genomewide_depth//20240820NY031022187A_depths.tsv",1167.09439446367,"20240820","NY031022187A_depths","tsv"
"/home/dthill/seq-diversity/data/genomewide_depth//20240820NY037026514A_depths.tsv",306.582290657439,"20240820","NY037026514A_depths","tsv"
"/home/dthill/seq-diversity/data/genomewide_depth//20240820NY047026166A_depths.tsv",2417.79237370242,"20240820","NY047026166A_depths","tsv"
"/home/dthill/seq-diversity/data/genomewide_depth//20240820NY047026182A_depths.tsv",2209.28478892734,"20240820","NY047026182A_depths","tsv"
"/home/dthill/seq-diversity/data/genomewide_depth//20240820NY047026204A_depths.tsv",3936.29965397924,"20240820","NY047026204A_depths","tsv"
"/home/dthill/seq-diversity/data/genomewide_depth//20240820NY047026212A_depths.tsv",3160.79179238754,"20240820","NY047026212A_depths","tsv"
"/home/dthill/seq-diversity/data/genomewide_depth//20240820NY047027073A_depths.tsv",2791.89523183391,"20240820","NY047027073A_depths","tsv"
"/home/dthill/seq-diversity/data/genomewide_depth//20240820NY051024384A_depths.tsv",114.997096885813,"20240820","NY051024384A_depths","tsv"
"/home/dthill/seq-diversity/data/genomewide_depth//20240820NY051030635A_depths.tsv",404.022730103806,"20240820","NY051030635A_depths","tsv"
"/home/dthill/seq-diversity/data/genomewide_depth//20240820NY053021539A_depths.tsv",211.711941176471,"20240820","NY053021539A_depths","tsv"
"/home/dthill/seq-diversity/data/genomewide_depth//20240820NY053028525A_depths.tsv",269.984349480969,"20240820","NY053028525A_depths","tsv"
"/home/dthill/seq-diversity/data/genomewide_depth//20240820NY053029807A_depths.tsv",627.675975778547,"20240820","NY053029807A_depths","tsv"
"/home/dthill/seq-diversity/data/genomewide_depth//20240820NY055021610A_depths.tsv",193.3026816609,"20240820","NY055021610A_depths","tsv"
"/home/dthill/seq-diversity/data/genomewide_depth//20240820NY055026794A_depths.tsv",514.408480968858,"20240820","NY055026794A_depths","tsv"
"/home/dthill/seq-diversity/data/genomewide_depth//20240820NY055028339A_depths.tsv",687.16724567474,"20240820","NY055028339A_depths","tsv"
"/home/dthill/seq-diversity/data/genomewide_depth//20240820NY059026778A_depths.tsv",107.641487889273,"20240820","NY059026778A_depths","tsv"
"/home/dthill/seq-diversity/data/genomewide_depth//20240820NY061026131A_depths.tsv",3579.70099653979,"20240820","NY061026131A_depths","tsv"
"/home/dthill/seq-diversity/data/genomewide_depth//20240820NY061026247A_depths.tsv",2666.21933217993,"20240820","NY061026247A_depths","tsv"
"/home/dthill/seq-diversity/data/genomewide_depth//20240820NY063022331A_depths.tsv",2290.65775432526,"20240820","NY063022331A_depths","tsv"
"/home/dthill/seq-diversity/data/genomewide_depth//20240820NY063027979A_depths.tsv",947.077588235294,"20240820","NY063027979A_depths","tsv"
"/home/dthill/seq-diversity/data/genomewide_depth//20240820NY069025968A_depths.tsv",51.0604290657439,"20240820","NY069025968A_depths","tsv"
"/home/dthill/seq-diversity/data/genomewide_depth//20240820NY071023680A_depths.tsv",340.933103806228,"20240820","NY071023680A_depths","tsv"
"/home/dthill/seq-diversity/data/genomewide_depth//20240820NY071026310A_depths.tsv",897.587809688581,"20240820","NY071026310A_depths","tsv"
"/home/dthill/seq-diversity/data/genomewide_depth//20240820NY071027901A_depths.tsv",1951.70483737024,"20240820","NY071027901A_depths","tsv"
"/home/dthill/seq-diversity/data/genomewide_depth//20240820NY073021873A_depths.tsv",494.810197231834,"20240820","NY073021873A_depths","tsv"
"/home/dthill/seq-diversity/data/genomewide_depth//20240820NY073024678A_depths.tsv",662.965702422145,"20240820","NY073024678A_depths","tsv"
"/home/dthill/seq-diversity/data/genomewide_depth//20240820NY081026115A_depths.tsv",1935.1725916955,"20240820","NY081026115A_depths","tsv"
"/home/dthill/seq-diversity/data/genomewide_depth//20240820NY081026158A_depths.tsv",1987.89773010381,"20240820","NY081026158A_depths","tsv"
"/home/dthill/seq-diversity/data/genomewide_depth//20240820NY081026221A_depths.tsv",1502.18326297578,"20240820","NY081026221A_depths","tsv"
"/home/dthill/seq-diversity/data/genomewide_depth//20240820NY081026239A_depths.tsv",2653.98301038062,"20240820","NY081026239A_depths","tsv"
"/home/dthill/seq-diversity/data/genomewide_depth//20240820NY085026107A_depths.tsv",2262.34074048443,"20240820","NY085026107A_depths","tsv"
"/home/dthill/seq-diversity/data/genomewide_depth//20240820NY085026174A_depths.tsv",2530.20798615917,"20240820","NY085026174A_depths","tsv"
"/home/dthill/seq-diversity/data/genomewide_depth//20240820NY087022748A_depths.tsv",192.073093425606,"20240820","NY087022748A_depths","tsv"
"/home/dthill/seq-diversity/data/genomewide_depth//20240820NY087026051A_depths.tsv",1222.59566782007,"20240820","NY087026051A_depths","tsv"
"/home/dthill/seq-diversity/data/genomewide_depth//20240820NY093020516A_depths.tsv",365.211335640138,"20240820","NY093020516A_depths","tsv"
"/home/dthill/seq-diversity/data/genomewide_depth//20240820NY099022365A_depths.tsv",411.424557093426,"20240820","NY099022365A_depths","tsv"
"/home/dthill/seq-diversity/data/genomewide_depth//20240820NY101021431A_depths.tsv",1244.18221453287,"20240820","NY101021431A_depths","tsv"
"/home/dthill/seq-diversity/data/genomewide_depth//20240820NY101023906A_depths.tsv",195.004051903114,"20240820","NY101023906A_depths","tsv"
"/home/dthill/seq-diversity/data/genomewide_depth//20240820NY103021750A_depths.tsv",30.9567958477509,"20240820","NY103021750A_depths","tsv"
"/home/dthill/seq-diversity/data/genomewide_depth//20240820NY103024881A_depths.tsv",127.401024221453,"20240820","NY103024881A_depths","tsv"
"/home/dthill/seq-diversity/data/genomewide_depth//20240820NY103079324A_depths.tsv",132.551882352941,"20240820","NY103079324A_depths","tsv"
"/home/dthill/seq-diversity/data/genomewide_depth//20240820NY105030724A_depths.tsv",2818.11526643599,"20240820","NY105030724A_depths","tsv"
"/home/dthill/seq-diversity/data/genomewide_depth//20240820NY111029351A_depths.tsv",248.240719723183,"20240820","NY111029351A_depths","tsv"
"/home/dthill/seq-diversity/data/genomewide_depth//20240820NY117029475A_depths.tsv",328.252134948097,"20240820","NY117029475A_depths","tsv"
"/home/dthill/seq-diversity/data/genomewide_depth//20240820NY121021504A_depths.tsv",669.403557093426,"20240820","NY121021504A_depths","tsv"
"/home/dthill/seq-diversity/data/genomewide_depth//20240821NY007027669A_depths.tsv",299.230968858131,"20240821","NY007027669A_depths","tsv"
"/home/dthill/seq-diversity/data/genomewide_depth//20240821NY013027961A_depths.tsv",558.972456747405,"20240821","NY013027961A_depths","tsv"
"/home/dthill/seq-diversity/data/genomewide_depth//20240821NY015035742A_depths.tsv",700.819235294118,"20240821","NY015035742A_depths","tsv"
"/home/dthill/seq-diversity/data/genomewide_depth//20240821NY015036986A_depths.tsv",552.552865051903,"20240821","NY015036986A_depths","tsv"
"/home/dthill/seq-diversity/data/genomewide_depth//20240821NY025027154A_depths.tsv",1605.24021107266,"20240821","NY025027154A_depths","tsv"
"/home/dthill/seq-diversity/data/genomewide_depth//20240821NY025029271A_depths.tsv",2517.95432871972,"20240821","NY025029271A_depths","tsv"
"/home/dthill/seq-diversity/data/genomewide_depth//20240821NY027026271A_depths.tsv",2046.8670899654,"20240821","NY027026271A_depths","tsv"
"/home/dthill/seq-diversity/data/genomewide_depth//20240821NY031022969A_depths.tsv",97.9333979238754,"20240821","NY031022969A_depths","tsv"
"/home/dthill/seq-diversity/data/genomewide_depth//20240821NY031036706A_depths.tsv",1059.50003114187,"20240821","NY031036706A_depths","tsv"
"/home/dthill/seq-diversity/data/genomewide_depth//20240821NY045025984B_depths.tsv",543.654121107266,"20240821","NY045025984B_depths","tsv"
"/home/dthill/seq-diversity/data/genomewide_depth//20240821NY051024449A_depths.tsv",308.188916955017,"20240821","NY051024449A_depths","tsv"
"/home/dthill/seq-diversity/data/genomewide_depth//20240821NY055028231A_depths.tsv",793.785494809689,"20240821","NY055028231A_depths","tsv"
"/home/dthill/seq-diversity/data/genomewide_depth//20240821NY059023523A_depths.tsv",173.601321799308,"20240821","NY059023523A_depths","tsv"
"/home/dthill/seq-diversity/data/genomewide_depth//20240821NY059026450A_depths.tsv",24.3850311418685,"20240821","NY059026450A_depths","tsv"
"/home/dthill/seq-diversity/data/genomewide_depth//20240821NY059026859A_depths.tsv",76.4542249134948,"20240821","NY059026859A_depths","tsv"
"/home/dthill/seq-diversity/data/genomewide_depth//20240821NY063027774A_depths.tsv",796.763512110727,"20240821","NY063027774A_depths","tsv"
"/home/dthill/seq-diversity/data/genomewide_depth//20240821NY071022144A_depths.tsv",181.53715916955,"20240821","NY071022144A_depths","tsv"
"/home/dthill/seq-diversity/data/genomewide_depth//20240821NY071026310A_depths.tsv",303.361823529412,"20240821","NY071026310A_depths","tsv"
"/home/dthill/seq-diversity/data/genomewide_depth//20240821NY071026328A_depths.tsv",1721.04361591696,"20240821","NY071026328A_depths","tsv"
"/home/dthill/seq-diversity/data/genomewide_depth//20240821NY071026522A_depths.tsv",698.14923183391,"20240821","NY071026522A_depths","tsv"
"/home/dthill/seq-diversity/data/genomewide_depth//20240821NY071030490A_depths.tsv",1363.45916608997,"20240821","NY071030490A_depths","tsv"
"/home/dthill/seq-diversity/data/genomewide_depth//20240821NY071031518A_depths.tsv",669.471491349481,"20240821","NY071031518A_depths","tsv"
"/home/dthill/seq-diversity/data/genomewide_depth//20240821NY075029106A_depths.tsv",318.865121107266,"20240821","NY075029106A_depths","tsv"
"/home/dthill/seq-diversity/data/genomewide_depth//20240821NY079031356A_depths.tsv",438.130411764706,"20240821","NY079031356A_depths","tsv"
"/home/dthill/seq-diversity/data/genomewide_depth//20240821NY087026051A_depths.tsv",1117.18071280277,"20240821","NY087026051A_depths","tsv"
"/home/dthill/seq-diversity/data/genomewide_depth//20240821NY087028533A_depths.tsv",591.575584775087,"20240821","NY087028533A_depths","tsv"
"/home/dthill/seq-diversity/data/genomewide_depth//20240821NY087270598A_depths.tsv",112.85421799308,"20240821","NY087270598A_depths","tsv"
"/home/dthill/seq-diversity/data/genomewide_depth//20240821NY089031194A_depths.tsv",40.8587301038062,"20240821","NY089031194A_depths","tsv"
"/home/dthill/seq-diversity/data/genomewide_depth//20240821NY103076988A_depths.tsv",112.24655017301,"20240821","NY103076988A_depths","tsv"
"/home/dthill/seq-diversity/data/genomewide_depth//20240821NY105022454A_depths.tsv",546.451083044983,"20240821","NY105022454A_depths","tsv"
"/home/dthill/seq-diversity/data/genomewide_depth//20240821NY107029262A_depths.tsv",950.726100346021,"20240821","NY107029262A_depths","tsv"
"/home/dthill/seq-diversity/data/genomewide_depth//20240821NY111030082A_depths.tsv",2230.09012802768,"20240821","NY111030082A_depths","tsv"
"/home/dthill/seq-diversity/data/genomewide_depth//20240821NY119026689A_depths.tsv",735.649429065744,"20240821","NY119026689A_depths","tsv"
"/home/dthill/seq-diversity/data/genomewide_depth//20240821NY119026697A_depths.tsv",628.051910034602,"20240821","NY119026697A_depths","tsv"
"/home/dthill/seq-diversity/data/genomewide_depth//20240821NY119026701A_depths.tsv",619.916574394464,"20240821","NY119026701A_depths","tsv"
"/home/dthill/seq-diversity/data/genomewide_depth//20240821NY119026719A_depths.tsv",52.0499653979239,"20240821","NY119026719A_depths","tsv"
"/home/dthill/seq-diversity/data/genomewide_depth//20240821NY119100803A_depths.tsv",280.174176470588,"20240821","NY119100803A_depths","tsv"
"/home/dthill/seq-diversity/data/genomewide_depth//20240821NY119108324A_depths.tsv",2258.90382352941,"20240821","NY119108324A_depths","tsv"
"/home/dthill/seq-diversity/data/genomewide_depth//20240821NY123029726A_depths.tsv",736.607069204152,"20240821","NY123029726A_depths","tsv"
"/home/dthill/seq-diversity/data/genomewide_depth//20240822NY007024414B_depths.tsv",304.149096885813,"20240822","NY007024414B_depths","tsv"
"/home/dthill/seq-diversity/data/genomewide_depth//20240822NY007024414C_depths.tsv",303.071176470588,"20240822","NY007024414C_depths","tsv"
"/home/dthill/seq-diversity/data/genomewide_depth//20240822NY009027162A_depths.tsv",292.491425605536,"20240822","NY009027162A_depths","tsv"
"/home/dthill/seq-diversity/data/genomewide_depth//20240822NY017021423A_depths.tsv",2002.48014878893,"20240822","NY017021423A_depths","tsv"
"/home/dthill/seq-diversity/data/genomewide_depth//20240822NY027025976A_depths.tsv",58.7054083044983,"20240822","NY027025976A_depths","tsv"
"/home/dthill/seq-diversity/data/genomewide_depth//20240822NY029022136A_depths.tsv",552.484166089965,"20240822","NY029022136A_depths","tsv"
"/home/dthill/seq-diversity/data/genomewide_depth//20240822NY029026395B_depths.tsv",1220.78049480969,"20240822","NY029026395B_depths","tsv"
"/home/dthill/seq-diversity/data/genomewide_depth//20240822NY051032328A_depths.tsv",1566.85930795848,"20240822","NY051032328A_depths","tsv"
"/home/dthill/seq-diversity/data/genomewide_depth//20240822NY053026956A_depths.tsv",169.129429065744,"20240822","NY053026956A_depths","tsv"
"/home/dthill/seq-diversity/data/genomewide_depth//20240822NY055021610A_depths.tsv",665.780055363322,"20240822","NY055021610A_depths","tsv"
"/home/dthill/seq-diversity/data/genomewide_depth//20240822NY059026778A_depths.tsv",89.0604186851211,"20240822","NY059026778A_depths","tsv"
"/home/dthill/seq-diversity/data/genomewide_depth//20240822NY059026841A_depths.tsv",189.009176470588,"20240822","NY059026841A_depths","tsv"
"/home/dthill/seq-diversity/data/genomewide_depth//20240822NY059026999A_depths.tsv",41.3062387543253,"20240822","NY059026999A_depths","tsv"
"/home/dthill/seq-diversity/data/genomewide_depth//20240822NY069023531A_depths.tsv",318.77398615917,"20240822","NY069023531A_depths","tsv"
"/home/dthill/seq-diversity/data/genomewide_depth//20240822NY071023680A_depths.tsv",1838.02932179931,"20240822","NY071023680A_depths","tsv"
"/home/dthill/seq-diversity/data/genomewide_depth//20240822NY071027901A_depths.tsv",2326.48961245675,"20240822","NY071027901A_depths","tsv"
"/home/dthill/seq-diversity/data/genomewide_depth//20240822NY071031518A_depths.tsv",705.808581314879,"20240822","NY071031518A_depths","tsv"
"/home/dthill/seq-diversity/data/genomewide_depth//20240822NY087026051A_depths.tsv",60.0442733564014,"20240822","NY087026051A_depths","tsv"
"/home/dthill/seq-diversity/data/genomewide_depth//20240822NY087028533A_depths.tsv",2477.70383044983,"20240822","NY087028533A_depths","tsv"
"/home/dthill/seq-diversity/data/genomewide_depth//20240822NY087028851A_depths.tsv",551.448979238754,"20240822","NY087028851A_depths","tsv"
"/home/dthill/seq-diversity/data/genomewide_depth//20240822NY087031895A_depths.tsv",624.490155709343,"20240822","NY087031895A_depths","tsv"
"/home/dthill/seq-diversity/data/genomewide_depth//20240822NY089020818A_depths.tsv",111.359148788927,"20240822","NY089020818A_depths","tsv"
"/home/dthill/seq-diversity/data/genomewide_depth//20240822NY097271942A_depths.tsv",405.022048442907,"20240822","NY097271942A_depths","tsv"
"/home/dthill/seq-diversity/data/genomewide_depth//20240822NY099033308A_depths.tsv",1153.51104844291,"20240822","NY099033308A_depths","tsv"
"/home/dthill/seq-diversity/data/genomewide_depth//20240822NY101021431A_depths.tsv",1655.40458823529,"20240822","NY101021431A_depths","tsv"
"/home/dthill/seq-diversity/data/genomewide_depth//20240822NY103079324A_depths.tsv",356.058048442907,"20240822","NY103079324A_depths","tsv"
"/home/dthill/seq-diversity/data/genomewide_depth//20240822NY105024520A_depths.tsv",100.803467128028,"20240822","NY105024520A_depths","tsv"
"/home/dthill/seq-diversity/data/genomewide_depth//20240823NY087026051A_depths.tsv",291.707384083045,"20240823","NY087026051A_depths","tsv"
"/home/dthill/seq-diversity/data/genomewide_depth//20240824NY045025984A_depths.tsv",144.645425605536,"20240824","NY045025984A_depths","tsv"
"/home/dthill/seq-diversity/data/genomewide_depth//20240825NY005026191A_depths.tsv",2094.2409100346,"20240825","NY005026191A_depths","tsv"
"/home/dthill/seq-diversity/data/genomewide_depth//20240825NY029028436A_depths.tsv",1362.72098269896,"20240825","NY029028436A_depths","tsv"
"/home/dthill/seq-diversity/data/genomewide_depth//20240825NY047026166A_depths.tsv",1252.51021799308,"20240825","NY047026166A_depths","tsv"
"/home/dthill/seq-diversity/data/genomewide_depth//20240825NY047026182A_depths.tsv",1577.62235294118,"20240825","NY047026182A_depths","tsv"
"/home/dthill/seq-diversity/data/genomewide_depth//20240825NY047026204A_depths.tsv",2874.62970934256,"20240825","NY047026204A_depths","tsv"
"/home/dthill/seq-diversity/data/genomewide_depth//20240825NY047026212A_depths.tsv",2742.5053633218,"20240825","NY047026212A_depths","tsv"
"/home/dthill/seq-diversity/data/genomewide_depth//20240825NY047027073A_depths.tsv",1862.62401038062,"20240825","NY047027073A_depths","tsv"
"/home/dthill/seq-diversity/data/genomewide_depth//20240825NY055028339A_depths.tsv",1987.20521453287,"20240825","NY055028339A_depths","tsv"
"/home/dthill/seq-diversity/data/genomewide_depth//20240825NY061026131A_depths.tsv",2755.7116816609,"20240825","NY061026131A_depths","tsv"
"/home/dthill/seq-diversity/data/genomewide_depth//20240825NY061026247A_depths.tsv",2446.74343252595,"20240825","NY061026247A_depths","tsv"
"/home/dthill/seq-diversity/data/genomewide_depth//20240825NY067027596A_depths.tsv",1232.57987543253,"20240825","NY067027596A_depths","tsv"
"/home/dthill/seq-diversity/data/genomewide_depth//20240825NY067027618A_depths.tsv",161.802425605536,"20240825","NY067027618A_depths","tsv"
"/home/dthill/seq-diversity/data/genomewide_depth//20240825NY067027723A_depths.tsv",2530.41160899654,"20240825","NY067027723A_depths","tsv"
"/home/dthill/seq-diversity/data/genomewide_depth//20240825NY067030317A_depths.tsv",749.996709342561,"20240825","NY067030317A_depths","tsv"
"/home/dthill/seq-diversity/data/genomewide_depth//20240825NY081026115A_depths.tsv",2642.48655017301,"20240825","NY081026115A_depths","tsv"
"/home/dthill/seq-diversity/data/genomewide_depth//20240825NY081026158A_depths.tsv",2285.34504152249,"20240825","NY081026158A_depths","tsv"
"/home/dthill/seq-diversity/data/genomewide_depth//20240825NY081026221A_depths.tsv",1659.19950519031,"20240825","NY081026221A_depths","tsv"
"/home/dthill/seq-diversity/data/genomewide_depth//20240825NY081026239A_depths.tsv",1487.72492041522,"20240825","NY081026239A_depths","tsv"
"/home/dthill/seq-diversity/data/genomewide_depth//20240825NY085026107A_depths.tsv",1453.36837024221,"20240825","NY085026107A_depths","tsv"
"/home/dthill/seq-diversity/data/genomewide_depth//20240825NY085026174A_depths.tsv",1332.81516955017,"20240825","NY085026174A_depths","tsv"
"/home/dthill/seq-diversity/data/genomewide_depth//20240825NY119026689A_depths.tsv",233.471453287197,"20240825","NY119026689A_depths","tsv"
"/home/dthill/seq-diversity/data/genomewide_depth//20240825NY119026697A_depths.tsv",400.407861591696,"20240825","NY119026697A_depths","tsv"
"/home/dthill/seq-diversity/data/genomewide_depth//20240825NY119026701A_depths.tsv",166.40778200692,"20240825","NY119026701A_depths","tsv"
"/home/dthill/seq-diversity/data/genomewide_depth//20240825NY119026719A_depths.tsv",173.048740484429,"20240825","NY119026719A_depths","tsv"
"/home/dthill/seq-diversity/data/genomewide_depth//20240825NY119026786A_depths.tsv",130.377155709343,"20240825","NY119026786A_depths","tsv"
"/home/dthill/seq-diversity/data/genomewide_depth//20240825NY119100803A_depths.tsv",1115.48242214533,"20240825","NY119100803A_depths","tsv"
"/home/dthill/seq-diversity/data/genomewide_depth//20240825NY119108324A_depths.tsv",410.992629757785,"20240825","NY119108324A_depths","tsv"
"/home/dthill/seq-diversity/data/genomewide_depth//20240826NY001026875A_depths.tsv",92.2467612456747,"20240826","NY001026875A_depths","tsv"
"/home/dthill/seq-diversity/data/genomewide_depth//20240826NY019026018A_depths.tsv",2184.3436816609,"20240826","NY019026018A_depths","tsv"
"/home/dthill/seq-diversity/data/genomewide_depth//20240826NY027026255A_depths.tsv",354.506743944637,"20240826","NY027026255A_depths","tsv"
"/home/dthill/seq-diversity/data/genomewide_depth//20240826NY031021733A_depths.tsv",534.304207612457,"20240826","NY031021733A_depths","tsv"
"/home/dthill/seq-diversity/data/genomewide_depth//20240826NY055028231A_depths.tsv",309.351332179931,"20240826","NY055028231A_depths","tsv"
"/home/dthill/seq-diversity/data/genomewide_depth//20240826NY059026859A_depths.tsv",1091.1983633218,"20240826","NY059026859A_depths","tsv"
"/home/dthill/seq-diversity/data/genomewide_depth//20240826NY063022331A_depths.tsv",990.103332179931,"20240826","NY063022331A_depths","tsv"
"/home/dthill/seq-diversity/data/genomewide_depth//20240826NY063027057A_depths.tsv",164.052806228374,"20240826","NY063027057A_depths","tsv"
"/home/dthill/seq-diversity/data/genomewide_depth//20240826NY063027979A_depths.tsv",109.531896193772,"20240826","NY063027979A_depths","tsv"
"/home/dthill/seq-diversity/data/genomewide_depth//20240826NY089031194A_depths.tsv",1000.92485121107,"20240826","NY089031194A_depths","tsv"
"/home/dthill/seq-diversity/data/genomewide_depth//20240827NY005026191A_depths.tsv",91.5589273356401,"20240827","NY005026191A_depths","tsv"
"/home/dthill/seq-diversity/data/genomewide_depth//20240827NY007024414B_depths.tsv",951.606799307958,"20240827","NY007024414B_depths","tsv"
"/home/dthill/seq-diversity/data/genomewide_depth//20240827NY007024414C_depths.tsv",255.004726643599,"20240827","NY007024414C_depths","tsv"
"/home/dthill/seq-diversity/data/genomewide_depth//20240827NY009027162A_depths.tsv",99.7162179930796,"20240827","NY009027162A_depths","tsv"
"/home/dthill/seq-diversity/data/genomewide_depth//20240827NY029025950B_depths.tsv",683.485944636678,"20240827","NY029025950B_depths","tsv"
"/home/dthill/seq-diversity/data/genomewide_depth//20240827NY029026395B_depths.tsv",788.74024567474,"20240827","NY029026395B_depths","tsv"
"/home/dthill/seq-diversity/data/genomewide_depth//20240827NY029026395C_depths.tsv",665.315619377163,"20240827","NY029026395C_depths","tsv"
"/home/dthill/seq-diversity/data/genomewide_depth//20240827NY029028410A_depths.tsv",590.430626297578,"20240827","NY029028410A_depths","tsv"
"/home/dthill/seq-diversity/data/genomewide_depth//20240827NY037026514A_depths.tsv",386.438179930796,"20240827","NY037026514A_depths","tsv"
"/home/dthill/seq-diversity/data/genomewide_depth//20240827NY045025984A_depths.tsv",320.675394463668,"20240827","NY045025984A_depths","tsv"
"/home/dthill/seq-diversity/data/genomewide_depth//20240827NY045025984B_depths.tsv",1136.62782352941,"20240827","NY045025984B_depths","tsv"
"/home/dthill/seq-diversity/data/genomewide_depth//20240827NY047026166A_depths.tsv",2451.54897231834,"20240827","NY047026166A_depths","tsv"
"/home/dthill/seq-diversity/data/genomewide_depth//20240827NY047026182A_depths.tsv",1918.14920415225,"20240827","NY047026182A_depths","tsv"
"/home/dthill/seq-diversity/data/genomewide_depth//20240827NY047026204A_depths.tsv",3398.4209100346,"20240827","NY047026204A_depths","tsv"
"/home/dthill/seq-diversity/data/genomewide_depth//20240827NY047026212A_depths.tsv",2182.0202283737,"20240827","NY047026212A_depths","tsv"
"/home/dthill/seq-diversity/data/genomewide_depth//20240827NY047027073A_depths.tsv",5465.84448096886,"20240827","NY047027073A_depths","tsv"
"/home/dthill/seq-diversity/data/genomewide_depth//20240827NY051024384A_depths.tsv",259.30030449827,"20240827","NY051024384A_depths","tsv"
"/home/dthill/seq-diversity/data/genomewide_depth//20240827NY051030635A_depths.tsv",455.984647058824,"20240827","NY051030635A_depths","tsv"
"/home/dthill/seq-diversity/data/genomewide_depth//20240827NY053021539A_depths.tsv",175.282903114187,"20240827","NY053021539A_depths","tsv"
"/home/dthill/seq-diversity/data/genomewide_depth//20240827NY053028525A_depths.tsv",1988.03598269896,"20240827","NY053028525A_depths","tsv"
"/home/dthill/seq-diversity/data/genomewide_depth//20240827NY053029807A_depths.tsv",501.155674740484,"20240827","NY053029807A_depths","tsv"
"/home/dthill/seq-diversity/data/genomewide_depth//20240827NY055021610A_depths.tsv",130.788664359862,"20240827","NY055021610A_depths","tsv"
"/home/dthill/seq-diversity/data/genomewide_depth//20240827NY055028339A_depths.tsv",254.833934256055,"20240827","NY055028339A_depths","tsv"
"/home/dthill/seq-diversity/data/genomewide_depth//20240827NY059026620A_depths.tsv",177.710062283737,"20240827","NY059026620A_depths","tsv"
"/home/dthill/seq-diversity/data/genomewide_depth//20240827NY061026131A_depths.tsv",3095.2528650519,"20240827","NY061026131A_depths","tsv"
"/home/dthill/seq-diversity/data/genomewide_depth//20240827NY061026247A_depths.tsv",2326.20660207612,"20240827","NY061026247A_depths","tsv"
"/home/dthill/seq-diversity/data/genomewide_depth//20240827NY069025968A_depths.tsv",121.131363321799,"20240827","NY069025968A_depths","tsv"
"/home/dthill/seq-diversity/data/genomewide_depth//20240827NY071026310A_depths.tsv",761.196204152249,"20240827","NY071026310A_depths","tsv"
"/home/dthill/seq-diversity/data/genomewide_depth//20240827NY071027901A_depths.tsv",2958.45485121107,"20240827","NY071027901A_depths","tsv"
"/home/dthill/seq-diversity/data/genomewide_depth//20240827NY073021873A_depths.tsv",230.38660899654,"20240827","NY073021873A_depths","tsv"
"/home/dthill/seq-diversity/data/genomewide_depth//20240827NY073024678A_depths.tsv",975.933252595156,"20240827","NY073024678A_depths","tsv"
"/home/dthill/seq-diversity/data/genomewide_depth//20240827NY075029106A_depths.tsv",102.628335640138,"20240827","NY075029106A_depths","tsv"
"/home/dthill/seq-diversity/data/genomewide_depth//20240827NY075029114A_depths.tsv",35.9002802768166,"20240827","NY075029114A_depths","tsv"
"/home/dthill/seq-diversity/data/genomewide_depth//20240827NY081026115A_depths.tsv",3500.85761937716,"20240827","NY081026115A_depths","tsv"
"/home/dthill/seq-diversity/data/genomewide_depth//20240827NY081026158A_depths.tsv",1360.43737024221,"20240827","NY081026158A_depths","tsv"
"/home/dthill/seq-diversity/data/genomewide_depth//20240827NY081026221A_depths.tsv",3682.31820761246,"20240827","NY081026221A_depths","tsv"
"/home/dthill/seq-diversity/data/genomewide_depth//20240827NY081026239A_depths.tsv",2690.08224913495,"20240827","NY081026239A_depths","tsv"
"/home/dthill/seq-diversity/data/genomewide_depth//20240827NY083087971A_depths.tsv",44.5659723183391,"20240827","NY083087971A_depths","tsv"
"/home/dthill/seq-diversity/data/genomewide_depth//20240827NY085026107A_depths.tsv",3666.66708304498,"20240827","NY085026107A_depths","tsv"
"/home/dthill/seq-diversity/data/genomewide_depth//20240827NY085026174A_depths.tsv",3037.03573356401,"20240827","NY085026174A_depths","tsv"
"/home/dthill/seq-diversity/data/genomewide_depth//20240827NY089020818A_depths.tsv",393.474602076125,"20240827","NY089020818A_depths","tsv"
"/home/dthill/seq-diversity/data/genomewide_depth//20240827NY089236586A_depths.tsv",332.002916955017,"20240827","NY089236586A_depths","tsv"
"/home/dthill/seq-diversity/data/genomewide_depth//20240827NY099022365A_depths.tsv",845.99960899654,"20240827","NY099022365A_depths","tsv"
"/home/dthill/seq-diversity/data/genomewide_depth//20240827NY101021431A_depths.tsv",1268.78891349481,"20240827","NY101021431A_depths","tsv"
"/home/dthill/seq-diversity/data/genomewide_depth//20240827NY101023906A_depths.tsv",77.6259065743945,"20240827","NY101023906A_depths","tsv"
"/home/dthill/seq-diversity/data/genomewide_depth//20240827NY103021750A_depths.tsv",509.135038062284,"20240827","NY103021750A_depths","tsv"
"/home/dthill/seq-diversity/data/genomewide_depth//20240827NY103079324A_depths.tsv",1457.86150519031,"20240827","NY103079324A_depths","tsv"
"/home/dthill/seq-diversity/data/genomewide_depth//20240827NY103104809A_depths.tsv",1252.16675432526,"20240827","NY103104809A_depths","tsv"
"/home/dthill/seq-diversity/data/genomewide_depth//20240827NY105030724A_depths.tsv",367.814955017301,"20240827","NY105030724A_depths","tsv"
"/home/dthill/seq-diversity/data/genomewide_depth//20240827NY109026638A_depths.tsv",370.68930449827,"20240827","NY109026638A_depths","tsv"
"/home/dthill/seq-diversity/data/genomewide_depth//20240827NY111029351A_depths.tsv",805.87539100346,"20240827","NY111029351A_depths","tsv"
"/home/dthill/seq-diversity/data/genomewide_depth//20240827NY117029475A_depths.tsv",366.980584775087,"20240827","NY117029475A_depths","tsv"
"/home/dthill/seq-diversity/data/genomewide_depth//20240827NY121021504A_depths.tsv",1078.92009688581,"20240827","NY121021504A_depths","tsv"
"/home/dthill/seq-diversity/data/genomewide_depth//20240828NY007027669A_depths.tsv",1301.88050519031,"20240828","NY007027669A_depths","tsv"
"/home/dthill/seq-diversity/data/genomewide_depth//20240828NY013027961A_depths.tsv",1049.72355017301,"20240828","NY013027961A_depths","tsv"
"/home/dthill/seq-diversity/data/genomewide_depth//20240828NY015035742A_depths.tsv",1347.58155363322,"20240828","NY015035742A_depths","tsv"
"/home/dthill/seq-diversity/data/genomewide_depth//20240828NY019022195A_depths.tsv",211.516311418685,"20240828","NY019022195A_depths","tsv"
"/home/dthill/seq-diversity/data/genomewide_depth//20240828NY019025097A_depths.tsv",1060.47044982699,"20240828","NY019025097A_depths","tsv"
"/home/dthill/seq-diversity/data/genomewide_depth//20240828NY025029271A_depths.tsv",700.10914532872,"20240828","NY025029271A_depths","tsv"
"/home/dthill/seq-diversity/data/genomewide_depth//20240828NY027026271A_depths.tsv",907.905498269896,"20240828","NY027026271A_depths","tsv"
"/home/dthill/seq-diversity/data/genomewide_depth//20240828NY031021733A_depths.tsv",293.055065743945,"20240828","NY031021733A_depths","tsv"
"/home/dthill/seq-diversity/data/genomewide_depth//20240828NY031022187A_depths.tsv",1488.76926643599,"20240828","NY031022187A_depths","tsv"
"/home/dthill/seq-diversity/data/genomewide_depth//20240828NY037030546A_depths.tsv",245.303262975779,"20240828","NY037030546A_depths","tsv"
"/home/dthill/seq-diversity/data/genomewide_depth//20240828NY041026484A_depths.tsv",112.658993079585,"20240828","NY041026484A_depths","tsv"
"/home/dthill/seq-diversity/data/genomewide_depth//20240828NY051024449A_depths.tsv",264.364802768166,"20240828","NY051024449A_depths","tsv"
"/home/dthill/seq-diversity/data/genomewide_depth//20240828NY055028231A_depths.tsv",658.945401384083,"20240828","NY055028231A_depths","tsv"
"/home/dthill/seq-diversity/data/genomewide_depth//20240828NY059026999A_depths.tsv",198.275605536332,"20240828","NY059026999A_depths","tsv"
"/home/dthill/seq-diversity/data/genomewide_depth//20240828NY071026310A_depths.tsv",293.198529411765,"20240828","NY071026310A_depths","tsv"
"/home/dthill/seq-diversity/data/genomewide_depth//20240828NY071026522A_depths.tsv",482.979667820069,"20240828","NY071026522A_depths","tsv"
"/home/dthill/seq-diversity/data/genomewide_depth//20240828NY071030490A_depths.tsv",466.945290657439,"20240828","NY071030490A_depths","tsv"
"/home/dthill/seq-diversity/data/genomewide_depth//20240828NY075026301A_depths.tsv",493.927432525952,"20240828","NY075026301A_depths","tsv"
"/home/dthill/seq-diversity/data/genomewide_depth//20240828NY075029106A_depths.tsv",321.477685121107,"20240828","NY075029106A_depths","tsv"
"/home/dthill/seq-diversity/data/genomewide_depth//20240828NY075029114A_depths.tsv",144.8773183391,"20240828","NY075029114A_depths","tsv"
"/home/dthill/seq-diversity/data/genomewide_depth//20240828NY079031356A_depths.tsv",659.371643598616,"20240828","NY079031356A_depths","tsv"
"/home/dthill/seq-diversity/data/genomewide_depth//20240828NY083026034A_depths.tsv",633.04660899654,"20240828","NY083026034A_depths","tsv"
"/home/dthill/seq-diversity/data/genomewide_depth//20240828NY083087971A_depths.tsv",371.002356401384,"20240828","NY083087971A_depths","tsv"
"/home/dthill/seq-diversity/data/genomewide_depth//20240828NY087022748A_depths.tsv",203.896712802768,"20240828","NY087022748A_depths","tsv"
"/home/dthill/seq-diversity/data/genomewide_depth//20240828NY087026051A_depths.tsv",370.862408304498,"20240828","NY087026051A_depths","tsv"
"/home/dthill/seq-diversity/data/genomewide_depth//20240828NY087028533A_depths.tsv",366.309183391003,"20240828","NY087028533A_depths","tsv"
"/home/dthill/seq-diversity/data/genomewide_depth//20240828NY087270598A_depths.tsv",195.329346020761,"20240828","NY087270598A_depths","tsv"
"/home/dthill/seq-diversity/data/genomewide_depth//20240828NY089031194A_depths.tsv",382.86744982699,"20240828","NY089031194A_depths","tsv"
"/home/dthill/seq-diversity/data/genomewide_depth//20240828NY091028240A_depths.tsv",678.238726643599,"20240828","NY091028240A_depths","tsv"
"/home/dthill/seq-diversity/data/genomewide_depth//20240828NY095024201A_depths.tsv",326.941629757785,"20240828","NY095024201A_depths","tsv"
"/home/dthill/seq-diversity/data/genomewide_depth//20240828NY103076988A_depths.tsv",1036.86646366782,"20240828","NY103076988A_depths","tsv"
"/home/dthill/seq-diversity/data/genomewide_depth//20240828NY105022454A_depths.tsv",902.180657439446,"20240828","NY105022454A_depths","tsv"
"/home/dthill/seq-diversity/data/genomewide_depth//20240828NY107029262A_depths.tsv",1088.74524221453,"20240828","NY107029262A_depths","tsv"
"/home/dthill/seq-diversity/data/genomewide_depth//20240828NY111030082A_depths.tsv",661.551581314879,"20240828","NY111030082A_depths","tsv"
"/home/dthill/seq-diversity/data/genomewide_depth//20240828NY111031208A_depths.tsv",733.209176470588,"20240828","NY111031208A_depths","tsv"
"/home/dthill/seq-diversity/data/genomewide_depth//20240828NY119026701A_depths.tsv",27.4835605536332,"20240828","NY119026701A_depths","tsv"
"/home/dthill/seq-diversity/data/genomewide_depth//20240828NY123029726A_depths.tsv",74.0493148788927,"20240828","NY123029726A_depths","tsv"
"/home/dthill/seq-diversity/data/genomewide_depth//20240829NY001025739A_depths.tsv",796.440211072664,"20240829","NY001025739A_depths","tsv"
"/home/dthill/seq-diversity/data/genomewide_depth//20240829NY007024414C_depths.tsv",104.940089965398,"20240829","NY007024414C_depths","tsv"
"/home/dthill/seq-diversity/data/genomewide_depth//20240829NY009027162A_depths.tsv",247.69223183391,"20240829","NY009027162A_depths","tsv"
"/home/dthill/seq-diversity/data/genomewide_depth//20240829NY019021831A_depths.tsv",81.7796055363322,"20240829","NY019021831A_depths","tsv"
"/home/dthill/seq-diversity/data/genomewide_depth//20240829NY025026565A_depths.tsv",94.0550761245675,"20240829","NY025026565A_depths","tsv"
"/home/dthill/seq-diversity/data/genomewide_depth//20240829NY027025976A_depths.tsv",823.358861591695,"20240829","NY027025976A_depths","tsv"
"/home/dthill/seq-diversity/data/genomewide_depth//20240829NY037020907A_depths.tsv",39.160169550173,"20240829","NY037020907A_depths","tsv"
"/home/dthill/seq-diversity/data/genomewide_depth//20240829NY051032328A_depths.tsv",428.798941176471,"20240829","NY051032328A_depths","tsv"
"/home/dthill/seq-diversity/data/genomewide_depth//20240829NY053026956A_depths.tsv",75.6264186851211,"20240829","NY053026956A_depths","tsv"
"/home/dthill/seq-diversity/data/genomewide_depth//20240829NY055021610A_depths.tsv",104.888038062284,"20240829","NY055021610A_depths","tsv"
"/home/dthill/seq-diversity/data/genomewide_depth//20240829NY059020567A_depths.tsv",85.0507335640138,"20240829","NY059020567A_depths","tsv"
"/home/dthill/seq-diversity/data/genomewide_depth//20240829NY059026778A_depths.tsv",241.823813148789,"20240829","NY059026778A_depths","tsv"
"/home/dthill/seq-diversity/data/genomewide_depth//20240829NY063027979A_depths.tsv",885.037162629758,"20240829","NY063027979A_depths","tsv"
"/home/dthill/seq-diversity/data/genomewide_depth//20240829NY065025780C_depths.tsv",1672.94116608997,"20240829","NY065025780C_depths","tsv"
"/home/dthill/seq-diversity/data/genomewide_depth//20240829NY069023531A_depths.tsv",181.268415224913,"20240829","NY069023531A_depths","tsv"
"/home/dthill/seq-diversity/data/genomewide_depth//20240829NY071024422A_depths.tsv",88.0215190311419,"20240829","NY071024422A_depths","tsv"
"/home/dthill/seq-diversity/data/genomewide_depth//20240829NY071027901A_depths.tsv",157.714332179931,"20240829","NY071027901A_depths","tsv"
"/home/dthill/seq-diversity/data/genomewide_depth//20240829NY071031518A_depths.tsv",30.0677058823529,"20240829","NY071031518A_depths","tsv"
"/home/dthill/seq-diversity/data/genomewide_depth//20240829NY073023256A_depths.tsv",310.69007266436,"20240829","NY073023256A_depths","tsv"
"/home/dthill/seq-diversity/data/genomewide_depth//20240829NY073028401A_depths.tsv",2546.00140484429,"20240829","NY073028401A_depths","tsv"
"/home/dthill/seq-diversity/data/genomewide_depth//20240829NY077031151A_depths.tsv",1138.488,"20240829","NY077031151A_depths","tsv"
"/home/dthill/seq-diversity/data/genomewide_depth//20240829NY087026051A_depths.tsv",52.9109031141869,"20240829","NY087026051A_depths","tsv"
"/home/dthill/seq-diversity/data/genomewide_depth//20240829NY087028851A_depths.tsv",80.2447647058823,"20240829","NY087028851A_depths","tsv"
"/home/dthill/seq-diversity/data/genomewide_depth//20240829NY089020818A_depths.tsv",293.630633217993,"20240829","NY089020818A_depths","tsv"
"/home/dthill/seq-diversity/data/genomewide_depth//20240829NY099033308A_depths.tsv",811.116346020761,"20240829","NY099033308A_depths","tsv"
"/home/dthill/seq-diversity/data/genomewide_depth//20240829NY101023906A_depths.tsv",655.709567474048,"20240829","NY101023906A_depths","tsv"
"/home/dthill/seq-diversity/data/genomewide_depth//20240829NY115024929A_depths.tsv",111.894474048443,"20240829","NY115024929A_depths","tsv"
"/home/dthill/seq-diversity/data/genomewide_depth//20240829NY117027171A_depths.tsv",89.3763287197232,"20240829","NY117027171A_depths","tsv"
"/home/dthill/seq-diversity/data/genomewide_depth//20240901NY055028339A_depths.tsv",135.141359861592,"20240901","NY055028339A_depths","tsv"
"/home/dthill/seq-diversity/data/genomewide_depth//20240902NY063022331A_depths.tsv",495.411408304498,"20240902","NY063022331A_depths","tsv"
"/home/dthill/seq-diversity/data/genomewide_depth//20240902NY063027057A_depths.tsv",640.61137716263,"20240902","NY063027057A_depths","tsv"
"/home/dthill/seq-diversity/data/genomewide_depth//20240902NY119026697A_depths.tsv",208.063269896194,"20240902","NY119026697A_depths","tsv"
"/home/dthill/seq-diversity/data/genomewide_depth//20240902NY119026719A_depths.tsv",64.1744532871972,"20240902","NY119026719A_depths","tsv"
"/home/dthill/seq-diversity/data/genomewide_depth//20240902NY119026786A_depths.tsv",393.612501730104,"20240902","NY119026786A_depths","tsv"
"/home/dthill/seq-diversity/data/genomewide_depth//20240903NY005026191A_depths.tsv",6431.43137024221,"20240903","NY005026191A_depths","tsv"
"/home/dthill/seq-diversity/data/genomewide_depth//20240903NY007024414C_depths.tsv",81.2516851211073,"20240903","NY007024414C_depths","tsv"
"/home/dthill/seq-diversity/data/genomewide_depth//20240903NY007027669A_depths.tsv",286.374259515571,"20240903","NY007027669A_depths","tsv"
"/home/dthill/seq-diversity/data/genomewide_depth//20240903NY013027570A_depths.tsv",526.262972318339,"20240903","NY013027570A_depths","tsv"
"/home/dthill/seq-diversity/data/genomewide_depth//20240903NY029022136A_depths.tsv",841.463747404844,"20240903","NY029022136A_depths","tsv"
"/home/dthill/seq-diversity/data/genomewide_depth//20240903NY029022543A_depths.tsv",839.492598615917,"20240903","NY029022543A_depths","tsv"
"/home/dthill/seq-diversity/data/genomewide_depth//20240903NY029025950B_depths.tsv",1676.08228373702,"20240903","NY029025950B_depths","tsv"
"/home/dthill/seq-diversity/data/genomewide_depth//20240903NY029026395B_depths.tsv",789.616553633218,"20240903","NY029026395B_depths","tsv"
"/home/dthill/seq-diversity/data/genomewide_depth//20240903NY029026395C_depths.tsv",431.58269550173,"20240903","NY029026395C_depths","tsv"
"/home/dthill/seq-diversity/data/genomewide_depth//20240903NY029028410A_depths.tsv",290.12592733564,"20240903","NY029028410A_depths","tsv"
"/home/dthill/seq-diversity/data/genomewide_depth//20240903NY029028436A_depths.tsv",399.402442906574,"20240903","NY029028436A_depths","tsv"
"/home/dthill/seq-diversity/data/genomewide_depth//20240903NY029095401A_depths.tsv",1338.62642214533,"20240903","NY029095401A_depths","tsv"
"/home/dthill/seq-diversity/data/genomewide_depth//20240903NY047026166A_depths.tsv",3099.0960449827,"20240903","NY047026166A_depths","tsv"
"/home/dthill/seq-diversity/data/genomewide_depth//20240903NY047026182A_depths.tsv",5560.57515224913,"20240903","NY047026182A_depths","tsv"
"/home/dthill/seq-diversity/data/genomewide_depth//20240903NY047026204A_depths.tsv",5185.8087716263,"20240903","NY047026204A_depths","tsv"
"/home/dthill/seq-diversity/data/genomewide_depth//20240903NY047026212A_depths.tsv",5006.24740138408,"20240903","NY047026212A_depths","tsv"
"/home/dthill/seq-diversity/data/genomewide_depth//20240903NY047027073A_depths.tsv",3425.9764532872,"20240903","NY047027073A_depths","tsv"
"/home/dthill/seq-diversity/data/genomewide_depth//20240903NY055021610A_depths.tsv",255.909698961938,"20240903","NY055021610A_depths","tsv"
"/home/dthill/seq-diversity/data/genomewide_depth//20240903NY055028339A_depths.tsv",129.561989619377,"20240903","NY055028339A_depths","tsv"
"/home/dthill/seq-diversity/data/genomewide_depth//20240903NY059026778A_depths.tsv",28.9794982698962,"20240903","NY059026778A_depths","tsv"
"/home/dthill/seq-diversity/data/genomewide_depth//20240903NY059026841A_depths.tsv",78.9402629757786,"20240903","NY059026841A_depths","tsv"
"/home/dthill/seq-diversity/data/genomewide_depth//20240903NY059026859A_depths.tsv",31.9280380622837,"20240903","NY059026859A_depths","tsv"
"/home/dthill/seq-diversity/data/genomewide_depth//20240903NY059026999A_depths.tsv",195.718705882353,"20240903","NY059026999A_depths","tsv"
"/home/dthill/seq-diversity/data/genomewide_depth//20240903NY061026131A_depths.tsv",4184.6804083045,"20240903","NY061026131A_depths","tsv"
"/home/dthill/seq-diversity/data/genomewide_depth//20240903NY061026247A_depths.tsv",5656.70458477509,"20240903","NY061026247A_depths","tsv"
"/home/dthill/seq-diversity/data/genomewide_depth//20240903NY063026336A_depths.tsv",331.419422145329,"20240903","NY063026336A_depths","tsv"
"/home/dthill/seq-diversity/data/genomewide_depth//20240903NY063027979A_depths.tsv",357.830456747405,"20240903","NY063027979A_depths","tsv"
"/home/dthill/seq-diversity/data/genomewide_depth//20240903NY081026115A_depths.tsv",10447.1349619377,"20240903","NY081026115A_depths","tsv"
"/home/dthill/seq-diversity/data/genomewide_depth//20240903NY081026158A_depths.tsv",6839.64203114187,"20240903","NY081026158A_depths","tsv"
"/home/dthill/seq-diversity/data/genomewide_depth//20240903NY081026221A_depths.tsv",4270.82937370242,"20240903","NY081026221A_depths","tsv"
"/home/dthill/seq-diversity/data/genomewide_depth//20240903NY081026239A_depths.tsv",4627.377,"20240903","NY081026239A_depths","tsv"
"/home/dthill/seq-diversity/data/genomewide_depth//20240903NY085026107A_depths.tsv",4193.96658823529,"20240903","NY085026107A_depths","tsv"
"/home/dthill/seq-diversity/data/genomewide_depth//20240903NY085026174A_depths.tsv",4754.90347058823,"20240903","NY085026174A_depths","tsv"
"/home/dthill/seq-diversity/data/genomewide_depth//20240903NY103021750A_depths.tsv",75.7942214532872,"20240903","NY103021750A_depths","tsv"
"/home/dthill/seq-diversity/data/genomewide_depth//20240903NY117029475A_depths.tsv",743.444249134948,"20240903","NY117029475A_depths","tsv"
"/home/dthill/seq-diversity/data/genomewide_depth//20240904NY007027669A_depths.tsv",72.2072249134948,"20240904","NY007027669A_depths","tsv"
"/home/dthill/seq-diversity/data/genomewide_depth//20240904NY013027961A_depths.tsv",100.248792387543,"20240904","NY013027961A_depths","tsv"
"/home/dthill/seq-diversity/data/genomewide_depth//20240904NY015035742A_depths.tsv",92.5265294117647,"20240904","NY015035742A_depths","tsv"
"/home/dthill/seq-diversity/data/genomewide_depth//20240904NY025027154A_depths.tsv",102.814941176471,"20240904","NY025027154A_depths","tsv"
"/home/dthill/seq-diversity/data/genomewide_depth//20240904NY037030546A_depths.tsv",188.353636678201,"20240904","NY037030546A_depths","tsv"
"/home/dthill/seq-diversity/data/genomewide_depth//20240904NY051024449A_depths.tsv",117.182051903114,"20240904","NY051024449A_depths","tsv"
"/home/dthill/seq-diversity/data/genomewide_depth//20240904NY055026794A_depths.tsv",74.7243771626298,"20240904","NY055026794A_depths","tsv"
"/home/dthill/seq-diversity/data/genomewide_depth//20240904NY059023523A_depths.tsv",64.2229204152249,"20240904","NY059023523A_depths","tsv"
"/home/dthill/seq-diversity/data/genomewide_depth//20240904NY063027774A_depths.tsv",1404.98292733564,"20240904","NY063027774A_depths","tsv"
"/home/dthill/seq-diversity/data/genomewide_depth//20240904NY071023680A_depths.tsv",35.6943010380623,"20240904","NY071023680A_depths","tsv"
"/home/dthill/seq-diversity/data/genomewide_depth//20240904NY071026310A_depths.tsv",528.512778546713,"20240904","NY071026310A_depths","tsv"
"/home/dthill/seq-diversity/data/genomewide_depth//20240904NY071026522A_depths.tsv",248.639508650519,"20240904","NY071026522A_depths","tsv"
"/home/dthill/seq-diversity/data/genomewide_depth//20240904NY071030490A_depths.tsv",335.76530449827,"20240904","NY071030490A_depths","tsv"
"/home/dthill/seq-diversity/data/genomewide_depth//20240904NY073021873A_depths.tsv",150.341221453287,"20240904","NY073021873A_depths","tsv"
"/home/dthill/seq-diversity/data/genomewide_depth//20240904NY073024678A_depths.tsv",113.314269896194,"20240904","NY073024678A_depths","tsv"
"/home/dthill/seq-diversity/data/genomewide_depth//20240904NY079031356A_depths.tsv",219.753470588235,"20240904","NY079031356A_depths","tsv"
"/home/dthill/seq-diversity/data/genomewide_depth//20240904NY087022748A_depths.tsv",141.75575432526,"20240904","NY087022748A_depths","tsv"
"/home/dthill/seq-diversity/data/genomewide_depth//20240904NY087026051A_depths.tsv",170.62375432526,"20240904","NY087026051A_depths","tsv"
"/home/dthill/seq-diversity/data/genomewide_depth//20240904NY087028533A_depths.tsv",118.507204152249,"20240904","NY087028533A_depths","tsv"
"/home/dthill/seq-diversity/data/genomewide_depth//20240904NY087270598A_depths.tsv",37.0959411764706,"20240904","NY087270598A_depths","tsv"
"/home/dthill/seq-diversity/data/genomewide_depth//20240904NY103076988A_depths.tsv",31.3265501730104,"20240904","NY103076988A_depths","tsv"
"/home/dthill/seq-diversity/data/genomewide_depth//20240904NY107029262A_depths.tsv",266.578723183391,"20240904","NY107029262A_depths","tsv"
"/home/dthill/seq-diversity/data/genomewide_depth//20240904NY109020958A_depths.tsv",545.621930795848,"20240904","NY109020958A_depths","tsv"
"/home/dthill/seq-diversity/data/genomewide_depth//20240904NY109026638A_depths.tsv",958.050598615917,"20240904","NY109026638A_depths","tsv"
"/home/dthill/seq-diversity/data/genomewide_depth//20240904NY111029351A_depths.tsv",78.9126989619377,"20240904","NY111029351A_depths","tsv"
"/home/dthill/seq-diversity/data/genomewide_depth//20240904NY111031208A_depths.tsv",213.371138408304,"20240904","NY111031208A_depths","tsv"
"/home/dthill/seq-diversity/data/genomewide_depth//20240904NY119100803A_depths.tsv",673.622148788927,"20240904","NY119100803A_depths","tsv"
"/home/dthill/seq-diversity/data/genomewide_depth//20240904NY119108324A_depths.tsv",235.983038062284,"20240904","NY119108324A_depths","tsv"
"/home/dthill/seq-diversity/data/genomewide_depth//20240904NY123029726A_depths.tsv",264.387799307958,"20240904","NY123029726A_depths","tsv"
"/home/dthill/seq-diversity/data/genomewide_depth//20240905NY007024414B_depths.tsv",315.436972318339,"20240905","NY007024414B_depths","tsv"
"/home/dthill/seq-diversity/data/genomewide_depth//20240905NY017021423A_depths.tsv",457.207851211073,"20240905","NY017021423A_depths","tsv"
"/home/dthill/seq-diversity/data/genomewide_depth//20240905NY027025976A_depths.tsv",28.2794256055363,"20240905","NY027025976A_depths","tsv"
"/home/dthill/seq-diversity/data/genomewide_depth//20240905NY029032093A_depths.tsv",1612.17214186851,"20240905","NY029032093A_depths","tsv"
"/home/dthill/seq-diversity/data/genomewide_depth//20240905NY037020907A_depths.tsv",639.473335640138,"20240905","NY037020907A_depths","tsv"
"/home/dthill/seq-diversity/data/genomewide_depth//20240905NY059026778A_depths.tsv",67.5975882352941,"20240905","NY059026778A_depths","tsv"
"/home/dthill/seq-diversity/data/genomewide_depth//20240905NY059026841A_depths.tsv",1104.03006920415,"20240905","NY059026841A_depths","tsv"
"/home/dthill/seq-diversity/data/genomewide_depth//20240905NY063027979A_depths.tsv",1157.54511072664,"20240905","NY063027979A_depths","tsv"
"/home/dthill/seq-diversity/data/genomewide_depth//20240905NY071023680A_depths.tsv",829.587584775086,"20240905","NY071023680A_depths","tsv"
"/home/dthill/seq-diversity/data/genomewide_depth//20240905NY071026328A_depths.tsv",183.525332179931,"20240905","NY071026328A_depths","tsv"
"/home/dthill/seq-diversity/data/genomewide_depth//20240905NY071031518A_depths.tsv",1761.19314878893,"20240905","NY071031518A_depths","tsv"
"/home/dthill/seq-diversity/data/genomewide_depth//20240905NY073023256A_depths.tsv",104.472640138408,"20240905","NY073023256A_depths","tsv"
"/home/dthill/seq-diversity/data/genomewide_depth//20240905NY087026051A_depths.tsv",187.996757785467,"20240905","NY087026051A_depths","tsv"
"/home/dthill/seq-diversity/data/genomewide_depth//20240905NY087031895A_depths.tsv",49.1384394463668,"20240905","NY087031895A_depths","tsv"
"/home/dthill/seq-diversity/data/genomewide_depth//20240905NY097271942A_depths.tsv",152.58653633218,"20240905","NY097271942A_depths","tsv"
"/home/dthill/seq-diversity/data/genomewide_depth//20240905NY099033308A_depths.tsv",244.986920415225,"20240905","NY099033308A_depths","tsv"
"/home/dthill/seq-diversity/data/genomewide_depth//20240905NY101023906A_depths.tsv",48.1786747404844,"20240905","NY101023906A_depths","tsv"
"/home/dthill/seq-diversity/data/genomewide_depth//20240905NY103079324A_depths.tsv",235.143380622837,"20240905","NY103079324A_depths","tsv"
"/home/dthill/seq-diversity/data/genomewide_depth//20240905NY117027171A_depths.tsv",102.980276816609,"20240905","NY117027171A_depths","tsv"
"/home/dthill/seq-diversity/data/genomewide_depth//20240906NY023027561A_depths.tsv",290.165505190311,"20240906","NY023027561A_depths","tsv"
"/home/dthill/seq-diversity/data/genomewide_depth//20240906NY087026051A_depths.tsv",255.32769550173,"20240906","NY087026051A_depths","tsv"
"/home/dthill/seq-diversity/data/genomewide_depth//20240908NY005026191A_depths.tsv",2417.01866089965,"20240908","NY005026191A_depths","tsv"
"/home/dthill/seq-diversity/data/genomewide_depth//20240908NY029028436A_depths.tsv",76.0145951557093,"20240908","NY029028436A_depths","tsv"
"/home/dthill/seq-diversity/data/genomewide_depth//20240908NY047026166A_depths.tsv",3348.40531141868,"20240908","NY047026166A_depths","tsv"
"/home/dthill/seq-diversity/data/genomewide_depth//20240908NY047026182A_depths.tsv",2846.77819377163,"20240908","NY047026182A_depths","tsv"
"/home/dthill/seq-diversity/data/genomewide_depth//20240908NY047026204A_depths.tsv",3372.93978546713,"20240908","NY047026204A_depths","tsv"
"/home/dthill/seq-diversity/data/genomewide_depth//20240908NY047026212A_depths.tsv",2903.26517647059,"20240908","NY047026212A_depths","tsv"
"/home/dthill/seq-diversity/data/genomewide_depth//20240908NY047027073A_depths.tsv",3282.13773010381,"20240908","NY047027073A_depths","tsv"
"/home/dthill/seq-diversity/data/genomewide_depth//20240908NY055028339A_depths.tsv",212.818027681661,"20240908","NY055028339A_depths","tsv"
"/home/dthill/seq-diversity/data/genomewide_depth//20240908NY061026131A_depths.tsv",3194.60980622837,"20240908","NY061026131A_depths","tsv"
"/home/dthill/seq-diversity/data/genomewide_depth//20240908NY061026247A_depths.tsv",3700.6454982699,"20240908","NY061026247A_depths","tsv"
"/home/dthill/seq-diversity/data/genomewide_depth//20240908NY065030864A_depths.tsv",431.882740484429,"20240908","NY065030864A_depths","tsv"
"/home/dthill/seq-diversity/data/genomewide_depth//20240908NY067027596A_depths.tsv",3615.08133910035,"20240908","NY067027596A_depths","tsv"
"/home/dthill/seq-diversity/data/genomewide_depth//20240908NY067027723A_depths.tsv",1052.22823529412,"20240908","NY067027723A_depths","tsv"
"/home/dthill/seq-diversity/data/genomewide_depth//20240908NY067030317A_depths.tsv",69.8038996539792,"20240908","NY067030317A_depths","tsv"
"/home/dthill/seq-diversity/data/genomewide_depth//20240908NY067030571A_depths.tsv",2724.9815916955,"20240908","NY067030571A_depths","tsv"
"/home/dthill/seq-diversity/data/genomewide_depth//20240908NY081026115A_depths.tsv",4779.08294809689,"20240908","NY081026115A_depths","tsv"
"/home/dthill/seq-diversity/data/genomewide_depth//20240908NY081026158A_depths.tsv",3760.87057785467,"20240908","NY081026158A_depths","tsv"
"/home/dthill/seq-diversity/data/genomewide_depth//20240908NY081026221A_depths.tsv",2857.41878200692,"20240908","NY081026221A_depths","tsv"
"/home/dthill/seq-diversity/data/genomewide_depth//20240908NY081026239A_depths.tsv",3048.15494117647,"20240908","NY081026239A_depths","tsv"
"/home/dthill/seq-diversity/data/genomewide_depth//20240908NY085026107A_depths.tsv",5137.69812110727,"20240908","NY085026107A_depths","tsv"
"/home/dthill/seq-diversity/data/genomewide_depth//20240908NY085026174A_depths.tsv",2897.56900692042,"20240908","NY085026174A_depths","tsv"
"/home/dthill/seq-diversity/data/genomewide_depth//20240908NY119026701A_depths.tsv",272.120328719723,"20240908","NY119026701A_depths","tsv"
"/home/dthill/seq-diversity/data/genomewide_depth//20240908NY119100803A_depths.tsv",39.0286228373702,"20240908","NY119100803A_depths","tsv"
"/home/dthill/seq-diversity/data/genomewide_depth//20240909NY013027961A_depths.tsv",347.772705882353,"20240909","NY013027961A_depths","tsv"
"/home/dthill/seq-diversity/data/genomewide_depth//20240909NY019026018A_depths.tsv",248.24478200692,"20240909","NY019026018A_depths","tsv"
"/home/dthill/seq-diversity/data/genomewide_depth//20240909NY039033545A_depths.tsv",624.617557093426,"20240909","NY039033545A_depths","tsv"
"/home/dthill/seq-diversity/data/genomewide_depth//20240909NY043036528A_depths.tsv",941.389885813149,"20240909","NY043036528A_depths","tsv"
"/home/dthill/seq-diversity/data/genomewide_depth//20240909NY063022331A_depths.tsv",381.120446366782,"20240909","NY063022331A_depths","tsv"
"/home/dthill/seq-diversity/data/genomewide_depth//20240909NY063026336A_depths.tsv",642.605166089965,"20240909","NY063026336A_depths","tsv"
"/home/dthill/seq-diversity/data/genomewide_depth//20240909NY063027057A_depths.tsv",830.927339100346,"20240909","NY063027057A_depths","tsv"
"/home/dthill/seq-diversity/data/genomewide_depth//20240909NY063027979A_depths.tsv",1302.91993771626,"20240909","NY063027979A_depths","tsv"
"/home/dthill/seq-diversity/data/genomewide_depth//20240909NY089020117A_depths.tsv",205.328612456747,"20240909","NY089020117A_depths","tsv"
"/home/dthill/seq-diversity/data/genomewide_depth//20240909NY089031194A_depths.tsv",509.719387543253,"20240909","NY089031194A_depths","tsv"
"/home/dthill/seq-diversity/data/genomewide_depth//20240909NY091028240A_depths.tsv",341.885380622837,"20240909","NY091028240A_depths","tsv"
"/home/dthill/seq-diversity/data/genomewide_depth//20240909NY103104809A_depths.tsv",371.504055363322,"20240909","NY103104809A_depths","tsv"
"/home/dthill/seq-diversity/data/genomewide_depth//20240910NY005026191A_depths.tsv",1679.12789965398,"20240910","NY005026191A_depths","tsv"
"/home/dthill/seq-diversity/data/genomewide_depth//20240910NY009027162A_depths.tsv",491.600183391003,"20240910","NY009027162A_depths","tsv"
"/home/dthill/seq-diversity/data/genomewide_depth//20240910NY011021903A_depths.tsv",34.1808373702422,"20240910","NY011021903A_depths","tsv"
"/home/dthill/seq-diversity/data/genomewide_depth//20240910NY021022039A_depths.tsv",38.3234359861592,"20240910","NY021022039A_depths","tsv"
"/home/dthill/seq-diversity/data/genomewide_depth//20240910NY027149209A_depths.tsv",122.404975778547,"20240910","NY027149209A_depths","tsv"
"/home/dthill/seq-diversity/data/genomewide_depth//20240910NY029022136A_depths.tsv",398.381508650519,"20240910","NY029022136A_depths","tsv"
"/home/dthill/seq-diversity/data/genomewide_depth//20240910NY029025950B_depths.tsv",1868.27561937716,"20240910","NY029025950B_depths","tsv"
"/home/dthill/seq-diversity/data/genomewide_depth//20240910NY029026395B_depths.tsv",571.553761245675,"20240910","NY029026395B_depths","tsv"
"/home/dthill/seq-diversity/data/genomewide_depth//20240910NY029026395C_depths.tsv",1229.5127266436,"20240910","NY029026395C_depths","tsv"
"/home/dthill/seq-diversity/data/genomewide_depth//20240910NY029028410A_depths.tsv",230.723134948097,"20240910","NY029028410A_depths","tsv"
"/home/dthill/seq-diversity/data/genomewide_depth//20240910NY029028436A_depths.tsv",453.908619377163,"20240910","NY029028436A_depths","tsv"
"/home/dthill/seq-diversity/data/genomewide_depth//20240910NY029095401A_depths.tsv",540.559051903114,"20240910","NY029095401A_depths","tsv"
"/home/dthill/seq-diversity/data/genomewide_depth//20240910NY031022187A_depths.tsv",52.8675467128028,"20240910","NY031022187A_depths","tsv"
"/home/dthill/seq-diversity/data/genomewide_depth//20240910NY037026514A_depths.tsv",157.253114186851,"20240910","NY037026514A_depths","tsv"
"/home/dthill/seq-diversity/data/genomewide_depth//20240910NY047026166A_depths.tsv",1434.27125259516,"20240910","NY047026166A_depths","tsv"
"/home/dthill/seq-diversity/data/genomewide_depth//20240910NY047026182A_depths.tsv",1931.84751557093,"20240910","NY047026182A_depths","tsv"
"/home/dthill/seq-diversity/data/genomewide_depth//20240910NY047026204A_depths.tsv",1838.97315570934,"20240910","NY047026204A_depths","tsv"
"/home/dthill/seq-diversity/data/genomewide_depth//20240910NY047026212A_depths.tsv",2898.52535640138,"20240910","NY047026212A_depths","tsv"
"/home/dthill/seq-diversity/data/genomewide_depth//20240910NY047027073A_depths.tsv",4149.01044982699,"20240910","NY047027073A_depths","tsv"
"/home/dthill/seq-diversity/data/genomewide_depth//20240910NY053021539A_depths.tsv",42.0061003460208,"20240910","NY053021539A_depths","tsv"
"/home/dthill/seq-diversity/data/genomewide_depth//20240910NY053028525A_depths.tsv",2969.27669896194,"20240910","NY053028525A_depths","tsv"
"/home/dthill/seq-diversity/data/genomewide_depth//20240910NY057020290A_depths.tsv",45.7443044982699,"20240910","NY057020290A_depths","tsv"
"/home/dthill/seq-diversity/data/genomewide_depth//20240910NY059026999A_depths.tsv",895.118017301038,"20240910","NY059026999A_depths","tsv"
"/home/dthill/seq-diversity/data/genomewide_depth//20240910NY061026131A_depths.tsv",1798.17482352941,"20240910","NY061026131A_depths","tsv"
"/home/dthill/seq-diversity/data/genomewide_depth//20240910NY061026247A_depths.tsv",1195.4290899654,"20240910","NY061026247A_depths","tsv"
"/home/dthill/seq-diversity/data/genomewide_depth//20240910NY073021873A_depths.tsv",148.17176816609,"20240910","NY073021873A_depths","tsv"
"/home/dthill/seq-diversity/data/genomewide_depth//20240910NY073024678A_depths.tsv",125.423858131488,"20240910","NY073024678A_depths","tsv"
"/home/dthill/seq-diversity/data/genomewide_depth//20240910NY075029114A_depths.tsv",410.241982698962,"20240910","NY075029114A_depths","tsv"
"/home/dthill/seq-diversity/data/genomewide_depth//20240910NY081026115A_depths.tsv",1003.02748788927,"20240910","NY081026115A_depths","tsv"
"/home/dthill/seq-diversity/data/genomewide_depth//20240910NY081026158A_depths.tsv",2011.96585121107,"20240910","NY081026158A_depths","tsv"
"/home/dthill/seq-diversity/data/genomewide_depth//20240910NY081026221A_depths.tsv",2008.54420415225,"20240910","NY081026221A_depths","tsv"
"/home/dthill/seq-diversity/data/genomewide_depth//20240910NY081026239A_depths.tsv",2750.70851903114,"20240910","NY081026239A_depths","tsv"
"/home/dthill/seq-diversity/data/genomewide_depth//20240910NY085026107A_depths.tsv",3415.02828027682,"20240910","NY085026107A_depths","tsv"
"/home/dthill/seq-diversity/data/genomewide_depth//20240910NY085026174A_depths.tsv",1727.07159515571,"20240910","NY085026174A_depths","tsv"
"/home/dthill/seq-diversity/data/genomewide_depth//20240910NY087026051A_depths.tsv",108.54175432526,"20240910","NY087026051A_depths","tsv"
"/home/dthill/seq-diversity/data/genomewide_depth//20240910NY089029831A_depths.tsv",70.0033737024222,"20240910","NY089029831A_depths","tsv"
"/home/dthill/seq-diversity/data/genomewide_depth//20240910NY101021431A_depths.tsv",378.898733564014,"20240910","NY101021431A_depths","tsv"
"/home/dthill/seq-diversity/data/genomewide_depth//20240910NY101025712A_depths.tsv",684.589660899654,"20240910","NY101025712A_depths","tsv"
"/home/dthill/seq-diversity/data/genomewide_depth//20240910NY103021750A_depths.tsv",719.00062283737,"20240910","NY103021750A_depths","tsv"
"/home/dthill/seq-diversity/data/genomewide_depth//20240910NY103104809A_depths.tsv",837.402730103806,"20240910","NY103104809A_depths","tsv"
"/home/dthill/seq-diversity/data/genomewide_depth//20240910NY117029475A_depths.tsv",295.376813148789,"20240910","NY117029475A_depths","tsv"
"/home/dthill/seq-diversity/data/genomewide_depth//20240910NY121021504A_depths.tsv",60.4946539792388,"20240910","NY121021504A_depths","tsv"
"/home/dthill/seq-diversity/data/genomewide_depth//20240911NY007027669A_depths.tsv",175.664861591696,"20240911","NY007027669A_depths","tsv"
"/home/dthill/seq-diversity/data/genomewide_depth//20240911NY013106895A_depths.tsv",676.31621799308,"20240911","NY013106895A_depths","tsv"
"/home/dthill/seq-diversity/data/genomewide_depth//20240911NY015036986A_depths.tsv",93.1981937716263,"20240911","NY015036986A_depths","tsv"
"/home/dthill/seq-diversity/data/genomewide_depth//20240911NY019021831A_depths.tsv",171.1583183391,"20240911","NY019021831A_depths","tsv"
"/home/dthill/seq-diversity/data/genomewide_depth//20240911NY019026018A_depths.tsv",70.6555916955017,"20240911","NY019026018A_depths","tsv"
"/home/dthill/seq-diversity/data/genomewide_depth//20240911NY031021733A_depths.tsv",218.766418685121,"20240911","NY031021733A_depths","tsv"
"/home/dthill/seq-diversity/data/genomewide_depth//20240911NY037030546A_depths.tsv",304.296747404844,"20240911","NY037030546A_depths","tsv"
"/home/dthill/seq-diversity/data/genomewide_depth//20240911NY045025984A_depths.tsv",110.776778546713,"20240911","NY045025984A_depths","tsv"
"/home/dthill/seq-diversity/data/genomewide_depth//20240911NY049020125A_depths.tsv",69.6315224913495,"20240911","NY049020125A_depths","tsv"
"/home/dthill/seq-diversity/data/genomewide_depth//20240911NY051024449A_depths.tsv",32.8273633217993,"20240911","NY051024449A_depths","tsv"
"/home/dthill/seq-diversity/data/genomewide_depth//20240911NY055026794A_depths.tsv",725.97962283737,"20240911","NY055026794A_depths","tsv"
"/home/dthill/seq-diversity/data/genomewide_depth//20240911NY055028231A_depths.tsv",90.2886193771626,"20240911","NY055028231A_depths","tsv"
"/home/dthill/seq-diversity/data/genomewide_depth//20240911NY057024333A_depths.tsv",2269.42879238754,"20240911","NY057024333A_depths","tsv"
"/home/dthill/seq-diversity/data/genomewide_depth//20240911NY063027774A_depths.tsv",1584.27717301038,"20240911","NY063027774A_depths","tsv"
"/home/dthill/seq-diversity/data/genomewide_depth//20240911NY075029114A_depths.tsv",1114.27016608997,"20240911","NY075029114A_depths","tsv"
"/home/dthill/seq-diversity/data/genomewide_depth//20240911NY089020117A_depths.tsv",102.190238754325,"20240911","NY089020117A_depths","tsv"
"/home/dthill/seq-diversity/data/genomewide_depth//20240911NY089031194A_depths.tsv",30.4485916955017,"20240911","NY089031194A_depths","tsv"
"/home/dthill/seq-diversity/data/genomewide_depth//20240911NY103080683A_depths.tsv",480.803515570934,"20240911","NY103080683A_depths","tsv"
"/home/dthill/seq-diversity/data/genomewide_depth//20240911NY107029262A_depths.tsv",1450.84836678201,"20240911","NY107029262A_depths","tsv"
"/home/dthill/seq-diversity/data/genomewide_depth//20240911NY123029726A_depths.tsv",253.531069204152,"20240911","NY123029726A_depths","tsv"
"/home/dthill/seq-diversity/data/genomewide_depth//20240912NY001025739A_depths.tsv",905.102640138408,"20240912","NY001025739A_depths","tsv"
"/home/dthill/seq-diversity/data/genomewide_depth//20240912NY007024414C_depths.tsv",431.012903114187,"20240912","NY007024414C_depths","tsv"
"/home/dthill/seq-diversity/data/genomewide_depth//20240912NY009027162A_depths.tsv",1076.97413148789,"20240912","NY009027162A_depths","tsv"
"/home/dthill/seq-diversity/data/genomewide_depth//20240912NY017021423A_depths.tsv",37.9797404844291,"20240912","NY017021423A_depths","tsv"
"/home/dthill/seq-diversity/data/genomewide_depth//20240912NY025029271A_depths.tsv",97.0239411764706,"20240912","NY025029271A_depths","tsv"
"/home/dthill/seq-diversity/data/genomewide_depth//20240912NY029025950B_depths.tsv",1267.83144982699,"20240912","NY029025950B_depths","tsv"
"/home/dthill/seq-diversity/data/genomewide_depth//20240912NY029026395B_depths.tsv",953.258598615917,"20240912","NY029026395B_depths","tsv"
"/home/dthill/seq-diversity/data/genomewide_depth//20240912NY029026395C_depths.tsv",99.7237335640138,"20240912","NY029026395C_depths","tsv"
"/home/dthill/seq-diversity/data/genomewide_depth//20240912NY029028410A_depths.tsv",372.272460207612,"20240912","NY029028410A_depths","tsv"
"/home/dthill/seq-diversity/data/genomewide_depth//20240912NY029032093A_depths.tsv",2347.77573010381,"20240912","NY029032093A_depths","tsv"
"/home/dthill/seq-diversity/data/genomewide_depth//20240912NY029095401A_depths.tsv",1112.81419031142,"20240912","NY029095401A_depths","tsv"
"/home/dthill/seq-diversity/data/genomewide_depth//20240912NY033030376A_depths.tsv",98.8118858131488,"20240912","NY033030376A_depths","tsv"
"/home/dthill/seq-diversity/data/genomewide_depth//20240912NY051032328A_depths.tsv",259.902730103806,"20240912","NY051032328A_depths","tsv"
"/home/dthill/seq-diversity/data/genomewide_depth//20240912NY063027979A_depths.tsv",706.53330449827,"20240912","NY063027979A_depths","tsv"
"/home/dthill/seq-diversity/data/genomewide_depth//20240912NY089236586A_depths.tsv",617.350342560554,"20240912","NY089236586A_depths","tsv"
"/home/dthill/seq-diversity/data/genomewide_depth//20240912NY103104809A_depths.tsv",792.604802768166,"20240912","NY103104809A_depths","tsv"
"/home/dthill/seq-diversity/data/genomewide_depth//20240912NY117027171A_depths.tsv",224.67823183391,"20240912","NY117027171A_depths","tsv"
"/home/dthill/seq-diversity/data/genomewide_depth//20240915NY005026191A_depths.tsv",7147.50327681661,"20240915","NY005026191A_depths","tsv"
"/home/dthill/seq-diversity/data/genomewide_depth//20240915NY047026166A_depths.tsv",6424.31714532872,"20240915","NY047026166A_depths","tsv"
"/home/dthill/seq-diversity/data/genomewide_depth//20240915NY047026182A_depths.tsv",3659.56873702422,"20240915","NY047026182A_depths","tsv"
"/home/dthill/seq-diversity/data/genomewide_depth//20240915NY047026204A_depths.tsv",1748.23604152249,"20240915","NY047026204A_depths","tsv"
"/home/dthill/seq-diversity/data/genomewide_depth//20240915NY047026212A_depths.tsv",8666.64815916955,"20240915","NY047026212A_depths","tsv"
"/home/dthill/seq-diversity/data/genomewide_depth//20240915NY047027073A_depths.tsv",2332.25428373702,"20240915","NY047027073A_depths","tsv"
"/home/dthill/seq-diversity/data/genomewide_depth//20240915NY055028339A_depths.tsv",749.38553633218,"20240915","NY055028339A_depths","tsv"
"/home/dthill/seq-diversity/data/genomewide_depth//20240915NY061026131A_depths.tsv",5405.02387889273,"20240915","NY061026131A_depths","tsv"
"/home/dthill/seq-diversity/data/genomewide_depth//20240915NY061026247A_depths.tsv",2687.15403806228,"20240915","NY061026247A_depths","tsv"
"/home/dthill/seq-diversity/data/genomewide_depth//20240915NY081026115A_depths.tsv",7120.54169896194,"20240915","NY081026115A_depths","tsv"
"/home/dthill/seq-diversity/data/genomewide_depth//20240915NY081026158A_depths.tsv",4438.95944290657,"20240915","NY081026158A_depths","tsv"
"/home/dthill/seq-diversity/data/genomewide_depth//20240915NY081026221A_depths.tsv",7460.88461591696,"20240915","NY081026221A_depths","tsv"
"/home/dthill/seq-diversity/data/genomewide_depth//20240915NY081026239A_depths.tsv",8206.96946366782,"20240915","NY081026239A_depths","tsv"
"/home/dthill/seq-diversity/data/genomewide_depth//20240915NY085026107A_depths.tsv",6843.56710726644,"20240915","NY085026107A_depths","tsv"
"/home/dthill/seq-diversity/data/genomewide_depth//20240915NY085026174A_depths.tsv",895.062173010381,"20240915","NY085026174A_depths","tsv"
"/home/dthill/seq-diversity/data/genomewide_depth//20240915NY119026719A_depths.tsv",55.696339100346,"20240915","NY119026719A_depths","tsv"
"/home/dthill/seq-diversity/data/genomewide_depth//20240915NY119026786A_depths.tsv",242.382124567474,"20240915","NY119026786A_depths","tsv"
"/home/dthill/seq-diversity/data/genomewide_depth//20240915NY119100803A_depths.tsv",166.807906574394,"20240915","NY119100803A_depths","tsv"
"/home/dthill/seq-diversity/data/genomewide_depth//20240916NY001026867A_depths.tsv",513.670193771626,"20240916","NY001026867A_depths","tsv"
"/home/dthill/seq-diversity/data/genomewide_depth//20240916NY013027961A_depths.tsv",230.536190311419,"20240916","NY013027961A_depths","tsv"
"/home/dthill/seq-diversity/data/genomewide_depth//20240916NY019026018A_depths.tsv",98.1053252595156,"20240916","NY019026018A_depths","tsv"
"/home/dthill/seq-diversity/data/genomewide_depth//20240916NY027026255A_depths.tsv",213.078910034602,"20240916","NY027026255A_depths","tsv"
"/home/dthill/seq-diversity/data/genomewide_depth//20240916NY031021733A_depths.tsv",64.9100346020761,"20240916","NY031021733A_depths","tsv"
"/home/dthill/seq-diversity/data/genomewide_depth//20240916NY039033545A_depths.tsv",43.1540242214533,"20240916","NY039033545A_depths","tsv"
"/home/dthill/seq-diversity/data/genomewide_depth//20240916NY043036528A_depths.tsv",975.532830449827,"20240916","NY043036528A_depths","tsv"
"/home/dthill/seq-diversity/data/genomewide_depth//20240916NY089020117A_depths.tsv",3411.0472283737,"20240916","NY089020117A_depths","tsv"
"/home/dthill/seq-diversity/data/genomewide_depth//20240916NY089031194A_depths.tsv",1669.47082698962,"20240916","NY089031194A_depths","tsv"
"/home/dthill/seq-diversity/data/genomewide_depth//20240917NY005026191A_depths.tsv",5956.87221453287,"20240917","NY005026191A_depths","tsv"
"/home/dthill/seq-diversity/data/genomewide_depth//20240917NY011021903A_depths.tsv",633.071795847751,"20240917","NY011021903A_depths","tsv"
"/home/dthill/seq-diversity/data/genomewide_depth//20240917NY013027570A_depths.tsv",407.077709342561,"20240917","NY013027570A_depths","tsv"
"/home/dthill/seq-diversity/data/genomewide_depth//20240917NY019023949A_depths.tsv",844.445411764706,"20240917","NY019023949A_depths","tsv"
"/home/dthill/seq-diversity/data/genomewide_depth//20240917NY019025097A_depths.tsv",505.222041522491,"20240917","NY019025097A_depths","tsv"
"/home/dthill/seq-diversity/data/genomewide_depth//20240917NY027149209A_depths.tsv",641.194311418685,"20240917","NY027149209A_depths","tsv"
"/home/dthill/seq-diversity/data/genomewide_depth//20240917NY029022136A_depths.tsv",2098.69765743945,"20240917","NY029022136A_depths","tsv"
"/home/dthill/seq-diversity/data/genomewide_depth//20240917NY029025950B_depths.tsv",1142.99816608997,"20240917","NY029025950B_depths","tsv"
"/home/dthill/seq-diversity/data/genomewide_depth//20240917NY029026395B_depths.tsv",1472.4321799308,"20240917","NY029026395B_depths","tsv"
"/home/dthill/seq-diversity/data/genomewide_depth//20240917NY029026395C_depths.tsv",1249.01996539792,"20240917","NY029026395C_depths","tsv"
"/home/dthill/seq-diversity/data/genomewide_depth//20240917NY029028410A_depths.tsv",424.409435986159,"20240917","NY029028410A_depths","tsv"
"/home/dthill/seq-diversity/data/genomewide_depth//20240917NY029095401A_depths.tsv",1175.42803460208,"20240917","NY029095401A_depths","tsv"
"/home/dthill/seq-diversity/data/genomewide_depth//20240917NY037026514A_depths.tsv",630.452003460208,"20240917","NY037026514A_depths","tsv"
"/home/dthill/seq-diversity/data/genomewide_depth//20240917NY047026166A_depths.tsv",3300.00065397924,"20240917","NY047026166A_depths","tsv"
"/home/dthill/seq-diversity/data/genomewide_depth//20240917NY047026182A_depths.tsv",10707.0416089965,"20240917","NY047026182A_depths","tsv"
"/home/dthill/seq-diversity/data/genomewide_depth//20240917NY047026204A_depths.tsv",9119.19957785467,"20240917","NY047026204A_depths","tsv"
"/home/dthill/seq-diversity/data/genomewide_depth//20240917NY047026212A_depths.tsv",4175.89516262976,"20240917","NY047026212A_depths","tsv"
"/home/dthill/seq-diversity/data/genomewide_depth//20240917NY047027073A_depths.tsv",1274.89911072664,"20240917","NY047027073A_depths","tsv"
"/home/dthill/seq-diversity/data/genomewide_depth//20240917NY053021539A_depths.tsv",767.112723183391,"20240917","NY053021539A_depths","tsv"
"/home/dthill/seq-diversity/data/genomewide_depth//20240917NY053028525A_depths.tsv",446.848266435986,"20240917","NY053028525A_depths","tsv"
"/home/dthill/seq-diversity/data/genomewide_depth//20240917NY061026131A_depths.tsv",3892.64428719723,"20240917","NY061026131A_depths","tsv"
"/home/dthill/seq-diversity/data/genomewide_depth//20240917NY061026247A_depths.tsv",5480.81728373702,"20240917","NY061026247A_depths","tsv"
"/home/dthill/seq-diversity/data/genomewide_depth//20240917NY065021385A_depths.tsv",1550.49395155709,"20240917","NY065021385A_depths","tsv"
"/home/dthill/seq-diversity/data/genomewide_depth//20240917NY067025461A_depths.tsv",1455.72892387543,"20240917","NY067025461A_depths","tsv"
"/home/dthill/seq-diversity/data/genomewide_depth//20240917NY071026310A_depths.tsv",258.05484083045,"20240917","NY071026310A_depths","tsv"
"/home/dthill/seq-diversity/data/genomewide_depth//20240917NY073021873A_depths.tsv",1042.73814532872,"20240917","NY073021873A_depths","tsv"
"/home/dthill/seq-diversity/data/genomewide_depth//20240917NY073024678A_depths.tsv",106.853847750865,"20240917","NY073024678A_depths","tsv"
"/home/dthill/seq-diversity/data/genomewide_depth//20240917NY075029114A_depths.tsv",906.538121107266,"20240917","NY075029114A_depths","tsv"
"/home/dthill/seq-diversity/data/genomewide_depth//20240917NY081026115A_depths.tsv",7344.59402422145,"20240917","NY081026115A_depths","tsv"
"/home/dthill/seq-diversity/data/genomewide_depth//20240917NY081026158A_depths.tsv",3430.33562283737,"20240917","NY081026158A_depths","tsv"
"/home/dthill/seq-diversity/data/genomewide_depth//20240917NY081026221A_depths.tsv",2036.94588235294,"20240917","NY081026221A_depths","tsv"
"/home/dthill/seq-diversity/data/genomewide_depth//20240917NY081026239A_depths.tsv",4098.14123529412,"20240917","NY081026239A_depths","tsv"
"/home/dthill/seq-diversity/data/genomewide_depth//20240917NY085026107A_depths.tsv",3883.89287543253,"20240917","NY085026107A_depths","tsv"
"/home/dthill/seq-diversity/data/genomewide_depth//20240917NY085026174A_depths.tsv",8789.53209688581,"20240917","NY085026174A_depths","tsv"
"/home/dthill/seq-diversity/data/genomewide_depth//20240917NY087022748A_depths.tsv",91.4536885813149,"20240917","NY087022748A_depths","tsv"
"/home/dthill/seq-diversity/data/genomewide_depth//20240917NY089029831A_depths.tsv",307.619674740484,"20240917","NY089029831A_depths","tsv"
"/home/dthill/seq-diversity/data/genomewide_depth//20240917NY089236586A_depths.tsv",2103.43156055363,"20240917","NY089236586A_depths","tsv"
"/home/dthill/seq-diversity/data/genomewide_depth//20240917NY099022365A_depths.tsv",123.854190311419,"20240917","NY099022365A_depths","tsv"
"/home/dthill/seq-diversity/data/genomewide_depth//20240917NY101021431A_depths.tsv",543.494505190311,"20240917","NY101021431A_depths","tsv"
"/home/dthill/seq-diversity/data/genomewide_depth//20240917NY103079324A_depths.tsv",1195.90093079585,"20240917","NY103079324A_depths","tsv"
"/home/dthill/seq-diversity/data/genomewide_depth//20240917NY109020958A_depths.tsv",169.35185467128,"20240917","NY109020958A_depths","tsv"
"/home/dthill/seq-diversity/data/genomewide_depth//20240917NY117029475A_depths.tsv",989.05744982699,"20240917","NY117029475A_depths","tsv"
"/home/dthill/seq-diversity/data/genomewide_depth//20240917NY121021504A_depths.tsv",117.287079584775,"20240917","NY121021504A_depths","tsv"
"/home/dthill/seq-diversity/data/genomewide_depth//20240918NY019026018A_depths.tsv",517.718221453287,"20240918","NY019026018A_depths","tsv"
"/home/dthill/seq-diversity/data/genomewide_depth//20240918NY031021733A_depths.tsv",42.1985709342561,"20240918","NY031021733A_depths","tsv"
"/home/dthill/seq-diversity/data/genomewide_depth//20240918NY037020907A_depths.tsv",1008.80075778547,"20240918","NY037020907A_depths","tsv"
"/home/dthill/seq-diversity/data/genomewide_depth//20240918NY037030546A_depths.tsv",473.383162629758,"20240918","NY037030546A_depths","tsv"
"/home/dthill/seq-diversity/data/genomewide_depth//20240918NY045025151A_depths.tsv",79.5689861591696,"20240918","NY045025151A_depths","tsv"
"/home/dthill/seq-diversity/data/genomewide_depth//20240918NY055028231A_depths.tsv",434.34537716263,"20240918","NY055028231A_depths","tsv"
"/home/dthill/seq-diversity/data/genomewide_depth//20240918NY057024333A_depths.tsv",542.2236816609,"20240918","NY057024333A_depths","tsv"
"/home/dthill/seq-diversity/data/genomewide_depth//20240918NY073028401A_depths.tsv",676.893228373702,"20240918","NY073028401A_depths","tsv"
"/home/dthill/seq-diversity/data/genomewide_depth//20240918NY075020257A_depths.tsv",1417.85897231834,"20240918","NY075020257A_depths","tsv"
"/home/dthill/seq-diversity/data/genomewide_depth//20240918NY075029106A_depths.tsv",942.972020761246,"20240918","NY075029106A_depths","tsv"
"/home/dthill/seq-diversity/data/genomewide_depth//20240918NY075029114A_depths.tsv",687.653965397924,"20240918","NY075029114A_depths","tsv"
"/home/dthill/seq-diversity/data/genomewide_depth//20240918NY089020117A_depths.tsv",595.046678200692,"20240918","NY089020117A_depths","tsv"
"/home/dthill/seq-diversity/data/genomewide_depth//20240918NY089031194A_depths.tsv",618.998961937716,"20240918","NY089031194A_depths","tsv"
"/home/dthill/seq-diversity/data/genomewide_depth//20240918NY095024201A_depths.tsv",239.880474048443,"20240918","NY095024201A_depths","tsv"
"/home/dthill/seq-diversity/data/genomewide_depth//20240918NY107029262A_depths.tsv",617.229989619377,"20240918","NY107029262A_depths","tsv"
"/home/dthill/seq-diversity/data/genomewide_depth//20240919NY007024414B_depths.tsv",160.853577854671,"20240919","NY007024414B_depths","tsv"
"/home/dthill/seq-diversity/data/genomewide_depth//20240919NY019021831A_depths.tsv",47.0825397923875,"20240919","NY019021831A_depths","tsv"
"/home/dthill/seq-diversity/data/genomewide_depth//20240919NY023027561A_depths.tsv",69.166044982699,"20240919","NY023027561A_depths","tsv"
"/home/dthill/seq-diversity/data/genomewide_depth//20240919NY041026484A_depths.tsv",3014.30832179931,"20240919","NY041026484A_depths","tsv"
"/home/dthill/seq-diversity/data/genomewide_depth//20240919NY053026956A_depths.tsv",181.136896193772,"20240919","NY053026956A_depths","tsv"
"/home/dthill/seq-diversity/data/genomewide_depth//20240919NY059026841A_depths.tsv",4109.54402422145,"20240919","NY059026841A_depths","tsv"
"/home/dthill/seq-diversity/data/genomewide_depth//20240919NY089020818A_depths.tsv",106.600557093426,"20240919","NY089020818A_depths","tsv"
"/home/dthill/seq-diversity/data/genomewide_depth//20240919NY099033308A_depths.tsv",1002.57544290657,"20240919","NY099033308A_depths","tsv"
"/home/dthill/seq-diversity/data/genomewide_depth//20240920NY089029831A_depths.tsv",111.037200692042,"20240920","NY089029831A_depths","tsv"
"/home/dthill/seq-diversity/data/genomewide_depth//20240922NY005026191A_depths.tsv",3093.99489273356,"20240922","NY005026191A_depths","tsv"
"/home/dthill/seq-diversity/data/genomewide_depth//20240922NY047026166A_depths.tsv",1982.78996885813,"20240922","NY047026166A_depths","tsv"
"/home/dthill/seq-diversity/data/genomewide_depth//20240922NY047026182A_depths.tsv",3463.7512283737,"20240922","NY047026182A_depths","tsv"
"/home/dthill/seq-diversity/data/genomewide_depth//20240922NY047026204A_depths.tsv",3342.37678546713,"20240922","NY047026204A_depths","tsv"
"/home/dthill/seq-diversity/data/genomewide_depth//20240922NY047026212A_depths.tsv",2942.31228373702,"20240922","NY047026212A_depths","tsv"
"/home/dthill/seq-diversity/data/genomewide_depth//20240922NY047027073A_depths.tsv",2876.66894809689,"20240922","NY047027073A_depths","tsv"
"/home/dthill/seq-diversity/data/genomewide_depth//20240922NY055028339A_depths.tsv",181.947577854671,"20240922","NY055028339A_depths","tsv"
"/home/dthill/seq-diversity/data/genomewide_depth//20240922NY061026247A_depths.tsv",2418.88753979239,"20240922","NY061026247A_depths","tsv"
"/home/dthill/seq-diversity/data/genomewide_depth//20240922NY067027081A_depths.tsv",31.3219965397924,"20240922","NY067027081A_depths","tsv"
"/home/dthill/seq-diversity/data/genomewide_depth//20240922NY067027596A_depths.tsv",222.086512110727,"20240922","NY067027596A_depths","tsv"
"/home/dthill/seq-diversity/data/genomewide_depth//20240922NY067027723A_depths.tsv",41.3072975778547,"20240922","NY067027723A_depths","tsv"
"/home/dthill/seq-diversity/data/genomewide_depth//20240922NY081026115A_depths.tsv",5151.17370588235,"20240922","NY081026115A_depths","tsv"
"/home/dthill/seq-diversity/data/genomewide_depth//20240922NY081026158A_depths.tsv",3266.22205882353,"20240922","NY081026158A_depths","tsv"
"/home/dthill/seq-diversity/data/genomewide_depth//20240922NY081026221A_depths.tsv",2197.50833910035,"20240922","NY081026221A_depths","tsv"
"/home/dthill/seq-diversity/data/genomewide_depth//20240922NY081026239A_depths.tsv",2685.1894532872,"20240922","NY081026239A_depths","tsv"
"/home/dthill/seq-diversity/data/genomewide_depth//20240922NY085026107A_depths.tsv",2583.10793079585,"20240922","NY085026107A_depths","tsv"
"/home/dthill/seq-diversity/data/genomewide_depth//20240922NY085026174A_depths.tsv",2690.425183391,"20240922","NY085026174A_depths","tsv"
"/home/dthill/seq-diversity/data/genomewide_depth//20240923NY023027561A_depths.tsv",433.561460207612,"20240923","NY023027561A_depths","tsv"
"/home/dthill/seq-diversity/data/genomewide_depth//20240923NY029028436A_depths.tsv",841.167422145329,"20240923","NY029028436A_depths","tsv"
"/home/dthill/seq-diversity/data/genomewide_depth//20240923NY031021733A_depths.tsv",1128.28585467128,"20240923","NY031021733A_depths","tsv"
"/home/dthill/seq-diversity/data/genomewide_depth//20240923NY045025984B_depths.tsv",26.1666885813149,"20240923","NY045025984B_depths","tsv"
"/home/dthill/seq-diversity/data/genomewide_depth//20240923NY055028231A_depths.tsv",42.6000138408304,"20240923","NY055028231A_depths","tsv"
"/home/dthill/seq-diversity/data/genomewide_depth//20240923NY059026450A_depths.tsv",87.8413737024221,"20240923","NY059026450A_depths","tsv"
"/home/dthill/seq-diversity/data/genomewide_depth//20240923NY059026859A_depths.tsv",141.827730103806,"20240923","NY059026859A_depths","tsv"
"/home/dthill/seq-diversity/data/genomewide_depth//20240923NY063022331A_depths.tsv",746.849051903114,"20240923","NY063022331A_depths","tsv"
"/home/dthill/seq-diversity/data/genomewide_depth//20240923NY063026336A_depths.tsv",396.966702422145,"20240923","NY063026336A_depths","tsv"
"/home/dthill/seq-diversity/data/genomewide_depth//20240923NY063027057A_depths.tsv",599.09515916955,"20240923","NY063027057A_depths","tsv"
"/home/dthill/seq-diversity/data/genomewide_depth//20240923NY063027979A_depths.tsv",743.03875432526,"20240923","NY063027979A_depths","tsv"
"/home/dthill/seq-diversity/data/genomewide_depth//20240923NY089020117A_depths.tsv",97.9050519031142,"20240923","NY089020117A_depths","tsv"
"/home/dthill/seq-diversity/data/genomewide_depth//20240923NY089031194A_depths.tsv",908.731657439446,"20240923","NY089031194A_depths","tsv"
"/home/dthill/seq-diversity/data/genomewide_depth//20240923NY103104809A_depths.tsv",64.2066851211073,"20240923","NY103104809A_depths","tsv"
"/home/dthill/seq-diversity/data/genomewide_depth//20240924NY005026191A_depths.tsv",3201.83233564014,"20240924","NY005026191A_depths","tsv"
"/home/dthill/seq-diversity/data/genomewide_depth//20240924NY007024414C_depths.tsv",128.151055363322,"20240924","NY007024414C_depths","tsv"
"/home/dthill/seq-diversity/data/genomewide_depth//20240924NY013106895A_depths.tsv",208.154788927336,"20240924","NY013106895A_depths","tsv"
"/home/dthill/seq-diversity/data/genomewide_depth//20240924NY019025097A_depths.tsv",69.453,"20240924","NY019025097A_depths","tsv"
"/home/dthill/seq-diversity/data/genomewide_depth//20240924NY029022543A_depths.tsv",1777.2814532872,"20240924","NY029022543A_depths","tsv"
"/home/dthill/seq-diversity/data/genomewide_depth//20240924NY029025950B_depths.tsv",1084.28860899654,"20240924","NY029025950B_depths","tsv"
"/home/dthill/seq-diversity/data/genomewide_depth//20240924NY029026395B_depths.tsv",1082.35011764706,"20240924","NY029026395B_depths","tsv"
"/home/dthill/seq-diversity/data/genomewide_depth//20240924NY029026395C_depths.tsv",723.782640138408,"20240924","NY029026395C_depths","tsv"
"/home/dthill/seq-diversity/data/genomewide_depth//20240924NY029028410A_depths.tsv",159.682494809689,"20240924","NY029028410A_depths","tsv"
"/home/dthill/seq-diversity/data/genomewide_depth//20240924NY029028436A_depths.tsv",961.075892733564,"20240924","NY029028436A_depths","tsv"
"/home/dthill/seq-diversity/data/genomewide_depth//20240924NY029095401A_depths.tsv",958.401678200692,"20240924","NY029095401A_depths","tsv"
"/home/dthill/seq-diversity/data/genomewide_depth//20240924NY031022187A_depths.tsv",1819.63014532872,"20240924","NY031022187A_depths","tsv"
"/home/dthill/seq-diversity/data/genomewide_depth//20240924NY037020907A_depths.tsv",222.838813148789,"20240924","NY037020907A_depths","tsv"
"/home/dthill/seq-diversity/data/genomewide_depth//20240924NY037026514A_depths.tsv",364.738948096886,"20240924","NY037026514A_depths","tsv"
"/home/dthill/seq-diversity/data/genomewide_depth//20240924NY047026166A_depths.tsv",4025.88244636678,"20240924","NY047026166A_depths","tsv"
"/home/dthill/seq-diversity/data/genomewide_depth//20240924NY047026182A_depths.tsv",2163.29401384083,"20240924","NY047026182A_depths","tsv"
"/home/dthill/seq-diversity/data/genomewide_depth//20240924NY047026204A_depths.tsv",2944.09337370242,"20240924","NY047026204A_depths","tsv"
"/home/dthill/seq-diversity/data/genomewide_depth//20240924NY047026212A_depths.tsv",3613.94039792388,"20240924","NY047026212A_depths","tsv"
"/home/dthill/seq-diversity/data/genomewide_depth//20240924NY047027073A_depths.tsv",4696.67352595156,"20240924","NY047027073A_depths","tsv"
"/home/dthill/seq-diversity/data/genomewide_depth//20240924NY051024384A_depths.tsv",141.266529411765,"20240924","NY051024384A_depths","tsv"
"/home/dthill/seq-diversity/data/genomewide_depth//20240924NY055028339A_depths.tsv",490.240273356401,"20240924","NY055028339A_depths","tsv"
"/home/dthill/seq-diversity/data/genomewide_depth//20240924NY059026620A_depths.tsv",108.810152249135,"20240924","NY059026620A_depths","tsv"
"/home/dthill/seq-diversity/data/genomewide_depth//20240924NY059026778A_depths.tsv",155.251204152249,"20240924","NY059026778A_depths","tsv"
"/home/dthill/seq-diversity/data/genomewide_depth//20240924NY059026841A_depths.tsv",369.064958477509,"20240924","NY059026841A_depths","tsv"
"/home/dthill/seq-diversity/data/genomewide_depth//20240924NY059026999A_depths.tsv",422.864712802768,"20240924","NY059026999A_depths","tsv"
"/home/dthill/seq-diversity/data/genomewide_depth//20240924NY061026131A_depths.tsv",4259.65187543253,"20240924","NY061026131A_depths","tsv"
"/home/dthill/seq-diversity/data/genomewide_depth//20240924NY061026247A_depths.tsv",3030.91421107266,"20240924","NY061026247A_depths","tsv"
"/home/dthill/seq-diversity/data/genomewide_depth//20240924NY073021873A_depths.tsv",303.734916955017,"20240924","NY073021873A_depths","tsv"
"/home/dthill/seq-diversity/data/genomewide_depth//20240924NY073023256A_depths.tsv",101.344467128028,"20240924","NY073023256A_depths","tsv"
"/home/dthill/seq-diversity/data/genomewide_depth//20240924NY073024678A_depths.tsv",446.389705882353,"20240924","NY073024678A_depths","tsv"
"/home/dthill/seq-diversity/data/genomewide_depth//20240924NY073028401A_depths.tsv",92.9353564013841,"20240924","NY073028401A_depths","tsv"
"/home/dthill/seq-diversity/data/genomewide_depth//20240924NY075029106A_depths.tsv",61.2463010380623,"20240924","NY075029106A_depths","tsv"
"/home/dthill/seq-diversity/data/genomewide_depth//20240924NY075029114A_depths.tsv",893.858602076125,"20240924","NY075029114A_depths","tsv"
"/home/dthill/seq-diversity/data/genomewide_depth//20240924NY081026115A_depths.tsv",4239.16187543253,"20240924","NY081026115A_depths","tsv"
"/home/dthill/seq-diversity/data/genomewide_depth//20240924NY081026158A_depths.tsv",2766.50459861592,"20240924","NY081026158A_depths","tsv"
"/home/dthill/seq-diversity/data/genomewide_depth//20240924NY081026221A_depths.tsv",5270.61129757785,"20240924","NY081026221A_depths","tsv"
"/home/dthill/seq-diversity/data/genomewide_depth//20240924NY081026239A_depths.tsv",4203.03183737024,"20240924","NY081026239A_depths","tsv"
"/home/dthill/seq-diversity/data/genomewide_depth//20240924NY085026107A_depths.tsv",4262.95942560554,"20240924","NY085026107A_depths","tsv"
"/home/dthill/seq-diversity/data/genomewide_depth//20240924NY085026174A_depths.tsv",2974.57553287197,"20240924","NY085026174A_depths","tsv"
"/home/dthill/seq-diversity/data/genomewide_depth//20240924NY089020818A_depths.tsv",273.796702422145,"20240924","NY089020818A_depths","tsv"
"/home/dthill/seq-diversity/data/genomewide_depth//20240924NY089029831A_depths.tsv",299.04578200692,"20240924","NY089029831A_depths","tsv"
"/home/dthill/seq-diversity/data/genomewide_depth//20240924NY089236586A_depths.tsv",65.8185397923875,"20240924","NY089236586A_depths","tsv"
"/home/dthill/seq-diversity/data/genomewide_depth//20240924NY099022365A_depths.tsv",631.856501730104,"20240924","NY099022365A_depths","tsv"
"/home/dthill/seq-diversity/data/genomewide_depth//20240924NY101021431A_depths.tsv",1861.88731487889,"20240924","NY101021431A_depths","tsv"
"/home/dthill/seq-diversity/data/genomewide_depth//20240924NY101025712A_depths.tsv",65.0977993079585,"20240924","NY101025712A_depths","tsv"
"/home/dthill/seq-diversity/data/genomewide_depth//20240924NY103024881A_depths.tsv",324.941301038062,"20240924","NY103024881A_depths","tsv"
"/home/dthill/seq-diversity/data/genomewide_depth//20240924NY103065358A_depths.tsv",225.22953633218,"20240924","NY103065358A_depths","tsv"
"/home/dthill/seq-diversity/data/genomewide_depth//20240924NY103079324A_depths.tsv",144.127923875433,"20240924","NY103079324A_depths","tsv"
"/home/dthill/seq-diversity/data/genomewide_depth//20240925NY015035742A_depths.tsv",179.761899653979,"20240925","NY015035742A_depths","tsv"
"/home/dthill/seq-diversity/data/genomewide_depth//20240925NY025027154A_depths.tsv",169.269031141869,"20240925","NY025027154A_depths","tsv"
"/home/dthill/seq-diversity/data/genomewide_depth//20240925NY025029271A_depths.tsv",220.659757785467,"20240925","NY025029271A_depths","tsv"
"/home/dthill/seq-diversity/data/genomewide_depth//20240925NY031021733A_depths.tsv",1234.11123183391,"20240925","NY031021733A_depths","tsv"
"/home/dthill/seq-diversity/data/genomewide_depth//20240925NY031036706A_depths.tsv",973.751228373702,"20240925","NY031036706A_depths","tsv"
"/home/dthill/seq-diversity/data/genomewide_depth//20240925NY049020125A_depths.tsv",902.116366782007,"20240925","NY049020125A_depths","tsv"
"/home/dthill/seq-diversity/data/genomewide_depth//20240925NY051024449A_depths.tsv",461.706460207612,"20240925","NY051024449A_depths","tsv"
"/home/dthill/seq-diversity/data/genomewide_depth//20240925NY055026794A_depths.tsv",490.374923875433,"20240925","NY055026794A_depths","tsv"
"/home/dthill/seq-diversity/data/genomewide_depth//20240925NY059026859A_depths.tsv",63.6676366782007,"20240925","NY059026859A_depths","tsv"
"/home/dthill/seq-diversity/data/genomewide_depth//20240925NY063027774A_depths.tsv",1828.98838062284,"20240925","NY063027774A_depths","tsv"
"/home/dthill/seq-diversity/data/genomewide_depth//20240925NY075026301A_depths.tsv",198.569051903114,"20240925","NY075026301A_depths","tsv"
"/home/dthill/seq-diversity/data/genomewide_depth//20240925NY075029106A_depths.tsv",173.738858131488,"20240925","NY075029106A_depths","tsv"
"/home/dthill/seq-diversity/data/genomewide_depth//20240925NY089020117A_depths.tsv",293.432570934256,"20240925","NY089020117A_depths","tsv"
"/home/dthill/seq-diversity/data/genomewide_depth//20240925NY089031194A_depths.tsv",319.664010380623,"20240925","NY089031194A_depths","tsv"
"/home/dthill/seq-diversity/data/genomewide_depth//20240925NY103076988A_depths.tsv",566.720197231834,"20240925","NY103076988A_depths","tsv"
"/home/dthill/seq-diversity/data/genomewide_depth//20240925NY103080683A_depths.tsv",88.6625467128028,"20240925","NY103080683A_depths","tsv"
"/home/dthill/seq-diversity/data/genomewide_depth//20240925NY107029262A_depths.tsv",354.436155709343,"20240925","NY107029262A_depths","tsv"
"/home/dthill/seq-diversity/data/genomewide_depth//20240925NY109020958A_depths.tsv",2133.03192387543,"20240925","NY109020958A_depths","tsv"
"/home/dthill/seq-diversity/data/genomewide_depth//20240926NY007024414B_depths.tsv",375.887712802768,"20240926","NY007024414B_depths","tsv"
"/home/dthill/seq-diversity/data/genomewide_depth//20240926NY007024414C_depths.tsv",150.983920415225,"20240926","NY007024414C_depths","tsv"
"/home/dthill/seq-diversity/data/genomewide_depth//20240926NY017021423A_depths.tsv",1318.97707958478,"20240926","NY017021423A_depths","tsv"
"/home/dthill/seq-diversity/data/genomewide_depth//20240926NY025026565A_depths.tsv",96.3590415224914,"20240926","NY025026565A_depths","tsv"
"/home/dthill/seq-diversity/data/genomewide_depth//20240926NY031022969A_depths.tsv",204.977588235294,"20240926","NY031022969A_depths","tsv"
"/home/dthill/seq-diversity/data/genomewide_depth//20240926NY033030376A_depths.tsv",78.6931833910035,"20240926","NY033030376A_depths","tsv"
"/home/dthill/seq-diversity/data/genomewide_depth//20240926NY051032328A_depths.tsv",31.893169550173,"20240926","NY051032328A_depths","tsv"
"/home/dthill/seq-diversity/data/genomewide_depth//20240926NY053026956A_depths.tsv",76.0277301038062,"20240926","NY053026956A_depths","tsv"
"/home/dthill/seq-diversity/data/genomewide_depth//20240926NY059020567A_depths.tsv",159.919228373702,"20240926","NY059020567A_depths","tsv"
"/home/dthill/seq-diversity/data/genomewide_depth//20240926NY059021822A_depths.tsv",303.109193771626,"20240926","NY059021822A_depths","tsv"
"/home/dthill/seq-diversity/data/genomewide_depth//20240926NY059026620A_depths.tsv",149.649422145329,"20240926","NY059026620A_depths","tsv"
"/home/dthill/seq-diversity/data/genomewide_depth//20240926NY059026841A_depths.tsv",63.7293633217993,"20240926","NY059026841A_depths","tsv"
"/home/dthill/seq-diversity/data/genomewide_depth//20240926NY089236586A_depths.tsv",104.115529411765,"20240926","NY089236586A_depths","tsv"
"/home/dthill/seq-diversity/data/genomewide_depth//20240926NY101021431A_depths.tsv",157.153435986159,"20240926","NY101021431A_depths","tsv"
"/home/dthill/seq-diversity/data/genomewide_depth//20240926NY101023906A_depths.tsv",136.196411764706,"20240926","NY101023906A_depths","tsv"
"/home/dthill/seq-diversity/data/genomewide_depth//20240926NY101025712A_depths.tsv",1650.49729065744,"20240926","NY101025712A_depths","tsv"
"/home/dthill/seq-diversity/data/genomewide_depth//20240926NY103079324A_depths.tsv",489.983141868512,"20240926","NY103079324A_depths","tsv"
"/home/dthill/seq-diversity/data/genomewide_depth//20240927NY089029831A_depths.tsv",1288.68382352941,"20240927","NY089029831A_depths","tsv"
"/home/dthill/seq-diversity/data/genomewide_depth//20240929NY005026191A_depths.tsv",783.531698961938,"20240929","NY005026191A_depths","tsv"
"/home/dthill/seq-diversity/data/genomewide_depth//20240929NY047026166A_depths.tsv",1220.73071972318,"20240929","NY047026166A_depths","tsv"
"/home/dthill/seq-diversity/data/genomewide_depth//20240929NY047026182A_depths.tsv",1033.11797923875,"20240929","NY047026182A_depths","tsv"
"/home/dthill/seq-diversity/data/genomewide_depth//20240929NY047026204A_depths.tsv",841.740124567474,"20240929","NY047026204A_depths","tsv"
"/home/dthill/seq-diversity/data/genomewide_depth//20240929NY047026212A_depths.tsv",1176.77461245675,"20240929","NY047026212A_depths","tsv"
"/home/dthill/seq-diversity/data/genomewide_depth//20240929NY047027073A_depths.tsv",965.624643598616,"20240929","NY047027073A_depths","tsv"
"/home/dthill/seq-diversity/data/genomewide_depth//20240929NY055028339A_depths.tsv",366.585076124567,"20240929","NY055028339A_depths","tsv"
"/home/dthill/seq-diversity/data/genomewide_depth//20240929NY061026131A_depths.tsv",638.680671280277,"20240929","NY061026131A_depths","tsv"
"/home/dthill/seq-diversity/data/genomewide_depth//20240929NY067027618A_depths.tsv",4141.25268858131,"20240929","NY067027618A_depths","tsv"
"/home/dthill/seq-diversity/data/genomewide_depth//20240929NY067030317A_depths.tsv",77.3815951557093,"20240929","NY067030317A_depths","tsv"
"/home/dthill/seq-diversity/data/genomewide_depth//20240929NY067030571A_depths.tsv",309.963557093426,"20240929","NY067030571A_depths","tsv"
"/home/dthill/seq-diversity/data/genomewide_depth//20240929NY081026115A_depths.tsv",1094.11607612457,"20240929","NY081026115A_depths","tsv"
"/home/dthill/seq-diversity/data/genomewide_depth//20240929NY081026158A_depths.tsv",1719.17577854671,"20240929","NY081026158A_depths","tsv"
"/home/dthill/seq-diversity/data/genomewide_depth//20240929NY081026221A_depths.tsv",1041.55170588235,"20240929","NY081026221A_depths","tsv"
"/home/dthill/seq-diversity/data/genomewide_depth//20240929NY081026239A_depths.tsv",632.407653979239,"20240929","NY081026239A_depths","tsv"
"/home/dthill/seq-diversity/data/genomewide_depth//20240929NY085026107A_depths.tsv",1055.98716608997,"20240929","NY085026107A_depths","tsv"
"/home/dthill/seq-diversity/data/genomewide_depth//20240929NY085026174A_depths.tsv",4248.46473010381,"20240929","NY085026174A_depths","tsv"
"/home/dthill/seq-diversity/data/genomewide_depth//20240929NY119026689A_depths.tsv",337.720221453287,"20240929","NY119026689A_depths","tsv"
"/home/dthill/seq-diversity/data/genomewide_depth//20240929NY119100803A_depths.tsv",246.957885813149,"20240929","NY119100803A_depths","tsv"
"/home/dthill/seq-diversity/data/genomewide_depth//20240929NY119108324A_depths.tsv",55.6379653979239,"20240929","NY119108324A_depths","tsv"
"/home/dthill/seq-diversity/data/genomewide_depth//20240930NY013027961A_depths.tsv",224.761996539792,"20240930","NY013027961A_depths","tsv"
"/home/dthill/seq-diversity/data/genomewide_depth//20240930NY027026255A_depths.tsv",83.5884982698962,"20240930","NY027026255A_depths","tsv"
"/home/dthill/seq-diversity/data/genomewide_depth//20240930NY029028436A_depths.tsv",665.562505190311,"20240930","NY029028436A_depths","tsv"
"/home/dthill/seq-diversity/data/genomewide_depth//20240930NY031021733A_depths.tsv",955.509896193772,"20240930","NY031021733A_depths","tsv"
"/home/dthill/seq-diversity/data/genomewide_depth//20240930NY035026042A_depths.tsv",164.173474048443,"20240930","NY035026042A_depths","tsv"
"/home/dthill/seq-diversity/data/genomewide_depth//20240930NY059026450A_depths.tsv",323.874107266436,"20240930","NY059026450A_depths","tsv"
"/home/dthill/seq-diversity/data/genomewide_depth//20240930NY063022331A_depths.tsv",91.6876574394464,"20240930","NY063022331A_depths","tsv"
"/home/dthill/seq-diversity/data/genomewide_depth//20240930NY063026336A_depths.tsv",509.026764705882,"20240930","NY063026336A_depths","tsv"
"/home/dthill/seq-diversity/data/genomewide_depth//20240930NY063027057A_depths.tsv",440.41591349481,"20240930","NY063027057A_depths","tsv"
"/home/dthill/seq-diversity/data/genomewide_depth//20240930NY063027979A_depths.tsv",236.865989619377,"20240930","NY063027979A_depths","tsv"
"/home/dthill/seq-diversity/data/genomewide_depth//20240930NY119026701A_depths.tsv",100.446273356401,"20240930","NY119026701A_depths","tsv"
"/home/dthill/seq-diversity/data/genomewide_depth//20241001NY005026191A_depths.tsv",1136.2541799308,"20241001","NY005026191A_depths","tsv"
"/home/dthill/seq-diversity/data/genomewide_depth//20241001NY007024414B_depths.tsv",233.688529411765,"20241001","NY007024414B_depths","tsv"
"/home/dthill/seq-diversity/data/genomewide_depth//20241001NY007024414C_depths.tsv",47.0474117647059,"20241001","NY007024414C_depths","tsv"
"/home/dthill/seq-diversity/data/genomewide_depth//20241001NY007027669A_depths.tsv",94.3084809688581,"20241001","NY007027669A_depths","tsv"
"/home/dthill/seq-diversity/data/genomewide_depth//20241001NY027149209A_depths.tsv",54.553321799308,"20241001","NY027149209A_depths","tsv"
"/home/dthill/seq-diversity/data/genomewide_depth//20241001NY029022136A_depths.tsv",558.458674740484,"20241001","NY029022136A_depths","tsv"
"/home/dthill/seq-diversity/data/genomewide_depth//20241001NY029025950B_depths.tsv",1815.5282733564,"20241001","NY029025950B_depths","tsv"
"/home/dthill/seq-diversity/data/genomewide_depth//20241001NY037026514A_depths.tsv",105.488477508651,"20241001","NY037026514A_depths","tsv"
"/home/dthill/seq-diversity/data/genomewide_depth//20241001NY045025984B_depths.tsv",157.893747404844,"20241001","NY045025984B_depths","tsv"
"/home/dthill/seq-diversity/data/genomewide_depth//20241001NY047026166A_depths.tsv",2566.07800346021,"20241001","NY047026166A_depths","tsv"
"/home/dthill/seq-diversity/data/genomewide_depth//20241001NY047026182A_depths.tsv",1265.9905017301,"20241001","NY047026182A_depths","tsv"
"/home/dthill/seq-diversity/data/genomewide_depth//20241001NY047026204A_depths.tsv",1177.34837716263,"20241001","NY047026204A_depths","tsv"
"/home/dthill/seq-diversity/data/genomewide_depth//20241001NY047026212A_depths.tsv",1784.71004844291,"20241001","NY047026212A_depths","tsv"
"/home/dthill/seq-diversity/data/genomewide_depth//20241001NY047027073A_depths.tsv",1764.23681314879,"20241001","NY047027073A_depths","tsv"
"/home/dthill/seq-diversity/data/genomewide_depth//20241001NY051024384A_depths.tsv",97.3039100346021,"20241001","NY051024384A_depths","tsv"
"/home/dthill/seq-diversity/data/genomewide_depth//20241001NY053021539A_depths.tsv",194.62076816609,"20241001","NY053021539A_depths","tsv"
"/home/dthill/seq-diversity/data/genomewide_depth//20241001NY055021610A_depths.tsv",34.3911660899654,"20241001","NY055021610A_depths","tsv"
"/home/dthill/seq-diversity/data/genomewide_depth//20241001NY059026841A_depths.tsv",39.6854498269896,"20241001","NY059026841A_depths","tsv"
"/home/dthill/seq-diversity/data/genomewide_depth//20241001NY061026131A_depths.tsv",1610.2908200692,"20241001","NY061026131A_depths","tsv"
"/home/dthill/seq-diversity/data/genomewide_depth//20241001NY061026247A_depths.tsv",1174.64890657439,"20241001","NY061026247A_depths","tsv"
"/home/dthill/seq-diversity/data/genomewide_depth//20241001NY071026310A_depths.tsv",72.9813806228374,"20241001","NY071026310A_depths","tsv"
"/home/dthill/seq-diversity/data/genomewide_depth//20241001NY073021873A_depths.tsv",714.653806228374,"20241001","NY073021873A_depths","tsv"
"/home/dthill/seq-diversity/data/genomewide_depth//20241001NY073024678A_depths.tsv",116.400522491349,"20241001","NY073024678A_depths","tsv"
"/home/dthill/seq-diversity/data/genomewide_depth//20241001NY075029106A_depths.tsv",357.059626297578,"20241001","NY075029106A_depths","tsv"
"/home/dthill/seq-diversity/data/genomewide_depth//20241001NY075029114A_depths.tsv",407.608349480969,"20241001","NY075029114A_depths","tsv"
"/home/dthill/seq-diversity/data/genomewide_depth//20241001NY081026115A_depths.tsv",1377.11303460208,"20241001","NY081026115A_depths","tsv"
"/home/dthill/seq-diversity/data/genomewide_depth//20241001NY081026158A_depths.tsv",4178.01151211073,"20241001","NY081026158A_depths","tsv"
"/home/dthill/seq-diversity/data/genomewide_depth//20241001NY081026221A_depths.tsv",272.870975778547,"20241001","NY081026221A_depths","tsv"
"/home/dthill/seq-diversity/data/genomewide_depth//20241001NY081026239A_depths.tsv",1225.6745916955,"20241001","NY081026239A_depths","tsv"
"/home/dthill/seq-diversity/data/genomewide_depth//20241001NY083087971A_depths.tsv",34.3105778546713,"20241001","NY083087971A_depths","tsv"
"/home/dthill/seq-diversity/data/genomewide_depth//20241001NY085026107A_depths.tsv",1487.08625605536,"20241001","NY085026107A_depths","tsv"
"/home/dthill/seq-diversity/data/genomewide_depth//20241001NY085026174A_depths.tsv",1348.3454982699,"20241001","NY085026174A_depths","tsv"
"/home/dthill/seq-diversity/data/genomewide_depth//20241001NY089020818A_depths.tsv",439.829470588235,"20241001","NY089020818A_depths","tsv"
"/home/dthill/seq-diversity/data/genomewide_depth//20241001NY089029831A_depths.tsv",36.8527716262976,"20241001","NY089029831A_depths","tsv"
"/home/dthill/seq-diversity/data/genomewide_depth//20241001NY099022365A_depths.tsv",207.022934256055,"20241001","NY099022365A_depths","tsv"
"/home/dthill/seq-diversity/data/genomewide_depth//20241001NY101021431A_depths.tsv",476.314055363322,"20241001","NY101021431A_depths","tsv"
"/home/dthill/seq-diversity/data/genomewide_depth//20241001NY101025712A_depths.tsv",124.542107266436,"20241001","NY101025712A_depths","tsv"
"/home/dthill/seq-diversity/data/genomewide_depth//20241001NY103024881A_depths.tsv",126.706034602076,"20241001","NY103024881A_depths","tsv"
"/home/dthill/seq-diversity/data/genomewide_depth//20241001NY103104809A_depths.tsv",200.042397923875,"20241001","NY103104809A_depths","tsv"
"/home/dthill/seq-diversity/data/genomewide_depth//20241001NY105030724A_depths.tsv",246.085100346021,"20241001","NY105030724A_depths","tsv"
"/home/dthill/seq-diversity/data/genomewide_depth//20241001NY111029351A_depths.tsv",42.5214809688581,"20241001","NY111029351A_depths","tsv"
"/home/dthill/seq-diversity/data/genomewide_depth//20241001NY121021504A_depths.tsv",147.606830449827,"20241001","NY121021504A_depths","tsv"
"/home/dthill/seq-diversity/data/genomewide_depth//20241002NY007027669A_depths.tsv",184.480498269896,"20241002","NY007027669A_depths","tsv"
"/home/dthill/seq-diversity/data/genomewide_depth//20241002NY013027961A_depths.tsv",202.850387543253,"20241002","NY013027961A_depths","tsv"
"/home/dthill/seq-diversity/data/genomewide_depth//20241002NY027026255A_depths.tsv",75.6154429065744,"20241002","NY027026255A_depths","tsv"
"/home/dthill/seq-diversity/data/genomewide_depth//20241002NY027026271A_depths.tsv",38.1553875432526,"20241002","NY027026271A_depths","tsv"
"/home/dthill/seq-diversity/data/genomewide_depth//20241002NY031021733A_depths.tsv",44.0084567474048,"20241002","NY031021733A_depths","tsv"
"/home/dthill/seq-diversity/data/genomewide_depth//20241002NY031022969A_depths.tsv",83.1356885813149,"20241002","NY031022969A_depths","tsv"
"/home/dthill/seq-diversity/data/genomewide_depth//20241002NY037020907A_depths.tsv",596.248539792388,"20241002","NY037020907A_depths","tsv"
"/home/dthill/seq-diversity/data/genomewide_depth//20241002NY037030546A_depths.tsv",106.562595155709,"20241002","NY037030546A_depths","tsv"
"/home/dthill/seq-diversity/data/genomewide_depth//20241002NY049020125A_depths.tsv",310.216152249135,"20241002","NY049020125A_depths","tsv"
"/home/dthill/seq-diversity/data/genomewide_depth//20241002NY055026794A_depths.tsv",270.781785467128,"20241002","NY055026794A_depths","tsv"
"/home/dthill/seq-diversity/data/genomewide_depth//20241002NY071026522A_depths.tsv",848.373148788927,"20241002","NY071026522A_depths","tsv"
"/home/dthill/seq-diversity/data/genomewide_depth//20241002NY073023256A_depths.tsv",1356.9835017301,"20241002","NY073023256A_depths","tsv"
"/home/dthill/seq-diversity/data/genomewide_depth//20241002NY075029114A_depths.tsv",65.4149480968858,"20241002","NY075029114A_depths","tsv"
"/home/dthill/seq-diversity/data/genomewide_depth//20241002NY087026051A_depths.tsv",37.6638996539792,"20241002","NY087026051A_depths","tsv"
"/home/dthill/seq-diversity/data/genomewide_depth//20241002NY109020958A_depths.tsv",959.311833910035,"20241002","NY109020958A_depths","tsv"
"/home/dthill/seq-diversity/data/genomewide_depth//20241003NY009027162A_depths.tsv",104.226598615917,"20241003","NY009027162A_depths","tsv"
"/home/dthill/seq-diversity/data/genomewide_depth//20241003NY017021423A_depths.tsv",551.123380622837,"20241003","NY017021423A_depths","tsv"
"/home/dthill/seq-diversity/data/genomewide_depth//20241003NY029022543A_depths.tsv",693.760920415225,"20241003","NY029022543A_depths","tsv"
"/home/dthill/seq-diversity/data/genomewide_depth//20241003NY045025984A_depths.tsv",172.835027681661,"20241003","NY045025984A_depths","tsv"
"/home/dthill/seq-diversity/data/genomewide_depth//20241003NY051032328A_depths.tsv",27.1939861591696,"20241003","NY051032328A_depths","tsv"
"/home/dthill/seq-diversity/data/genomewide_depth//20241003NY055021610A_depths.tsv",349.956162629758,"20241003","NY055021610A_depths","tsv"
"/home/dthill/seq-diversity/data/genomewide_depth//20241003NY059026841A_depths.tsv",79.9250934256055,"20241003","NY059026841A_depths","tsv"
"/home/dthill/seq-diversity/data/genomewide_depth//20241003NY065025780B_depths.tsv",578.124339100346,"20241003","NY065025780B_depths","tsv"
"/home/dthill/seq-diversity/data/genomewide_depth//20241003NY069023531A_depths.tsv",64.8388062283737,"20241003","NY069023531A_depths","tsv"
"/home/dthill/seq-diversity/data/genomewide_depth//20241003NY097271942A_depths.tsv",34.3819169550173,"20241003","NY097271942A_depths","tsv"
"/home/dthill/seq-diversity/data/genomewide_depth//20241003NY099033308A_depths.tsv",241.959183391003,"20241003","NY099033308A_depths","tsv"
"/home/dthill/seq-diversity/data/genomewide_depth//20241003NY101023906A_depths.tsv",101.26414532872,"20241003","NY101023906A_depths","tsv"
"/home/dthill/seq-diversity/data/genomewide_depth//20241003NY101025712A_depths.tsv",58.6754532871972,"20241003","NY101025712A_depths","tsv"
"/home/dthill/seq-diversity/data/genomewide_depth//20241003NY115183695A_depths.tsv",420.890847750865,"20241003","NY115183695A_depths","tsv"
"/home/dthill/seq-diversity/data/genomewide_depth//20241003NY117027171A_depths.tsv",142.019422145329,"20241003","NY117027171A_depths","tsv"
"/home/dthill/seq-diversity/data/genomewide_depth//20241006NY005026191A_depths.tsv",2935.04611418685,"20241006","NY005026191A_depths","tsv"
"/home/dthill/seq-diversity/data/genomewide_depth//20241006NY047026166A_depths.tsv",4783.66862975779,"20241006","NY047026166A_depths","tsv"
"/home/dthill/seq-diversity/data/genomewide_depth//20241006NY047026182A_depths.tsv",18940.2744221453,"20241006","NY047026182A_depths","tsv"
"/home/dthill/seq-diversity/data/genomewide_depth//20241006NY047026204A_depths.tsv",2616.2637266436,"20241006","NY047026204A_depths","tsv"
"/home/dthill/seq-diversity/data/genomewide_depth//20241006NY047026212A_depths.tsv",2262.44262283737,"20241006","NY047026212A_depths","tsv"
"/home/dthill/seq-diversity/data/genomewide_depth//20241006NY055028339A_depths.tsv",109.677716262976,"20241006","NY055028339A_depths","tsv"
"/home/dthill/seq-diversity/data/genomewide_depth//20241006NY061026131A_depths.tsv",3275.34046020761,"20241006","NY061026131A_depths","tsv"
"/home/dthill/seq-diversity/data/genomewide_depth//20241006NY061026247A_depths.tsv",4090.82722145329,"20241006","NY061026247A_depths","tsv"
"/home/dthill/seq-diversity/data/genomewide_depth//20241006NY081026115A_depths.tsv",2563.65588581315,"20241006","NY081026115A_depths","tsv"
"/home/dthill/seq-diversity/data/genomewide_depth//20241006NY081026158A_depths.tsv",3457.08880276817,"20241006","NY081026158A_depths","tsv"
"/home/dthill/seq-diversity/data/genomewide_depth//20241006NY081026221A_depths.tsv",2430.53667128028,"20241006","NY081026221A_depths","tsv"
"/home/dthill/seq-diversity/data/genomewide_depth//20241006NY081026239A_depths.tsv",2120.78246020761,"20241006","NY081026239A_depths","tsv"
"/home/dthill/seq-diversity/data/genomewide_depth//20241006NY085026107A_depths.tsv",4704.64341176471,"20241006","NY085026107A_depths","tsv"
"/home/dthill/seq-diversity/data/genomewide_depth//20241006NY085026174A_depths.tsv",10239.3092941176,"20241006","NY085026174A_depths","tsv"
"/home/dthill/seq-diversity/data/genomewide_depth//20241006NY119026689A_depths.tsv",202.590121107266,"20241006","NY119026689A_depths","tsv"
"/home/dthill/seq-diversity/data/genomewide_depth//20241006NY119026697A_depths.tsv",126.112615916955,"20241006","NY119026697A_depths","tsv"
"/home/dthill/seq-diversity/data/genomewide_depth//20241006NY119026786A_depths.tsv",114.808816608997,"20241006","NY119026786A_depths","tsv"
"/home/dthill/seq-diversity/data/genomewide_depth//20241006NY119108324A_depths.tsv",131.240771626298,"20241006","NY119108324A_depths","tsv"
"/home/dthill/seq-diversity/data/genomewide_depth//20241007NY013027961A_depths.tsv",35.4633079584775,"20241007","NY013027961A_depths","tsv"
"/home/dthill/seq-diversity/data/genomewide_depth//20241007NY029028436A_depths.tsv",426.672031141869,"20241007","NY029028436A_depths","tsv"
"/home/dthill/seq-diversity/data/genomewide_depth//20241007NY065025780C_depths.tsv",272.372332179931,"20241007","NY065025780C_depths","tsv"
"/home/dthill/seq-diversity/data/genomewide_depth//20241007NY087031895A_depths.tsv",53.8820069204152,"20241007","NY087031895A_depths","tsv"
"/home/dthill/seq-diversity/data/genomewide_depth//20241007NY103104809A_depths.tsv",398.649640138408,"20241007","NY103104809A_depths","tsv"
"/home/dthill/seq-diversity/data/genomewide_depth//20241008NY001025739A_depths.tsv",158.396249134948,"20241008","NY001025739A_depths","tsv"
"/home/dthill/seq-diversity/data/genomewide_depth//20241008NY005026191A_depths.tsv",2537.50623529412,"20241008","NY005026191A_depths","tsv"
"/home/dthill/seq-diversity/data/genomewide_depth//20241008NY007024414B_depths.tsv",34.6026435986159,"20241008","NY007024414B_depths","tsv"
"/home/dthill/seq-diversity/data/genomewide_depth//20241008NY007024414C_depths.tsv",183.862570934256,"20241008","NY007024414C_depths","tsv"
"/home/dthill/seq-diversity/data/genomewide_depth//20241008NY007027669A_depths.tsv",43.5332006920415,"20241008","NY007027669A_depths","tsv"
"/home/dthill/seq-diversity/data/genomewide_depth//20241008NY021022039A_depths.tsv",271.652034602076,"20241008","NY021022039A_depths","tsv"
"/home/dthill/seq-diversity/data/genomewide_depth//20241008NY029022136A_depths.tsv",519.749923875433,"20241008","NY029022136A_depths","tsv"
"/home/dthill/seq-diversity/data/genomewide_depth//20241008NY029025950B_depths.tsv",664.465373702422,"20241008","NY029025950B_depths","tsv"
"/home/dthill/seq-diversity/data/genomewide_depth//20241008NY029026395B_depths.tsv",557.163238754325,"20241008","NY029026395B_depths","tsv"
"/home/dthill/seq-diversity/data/genomewide_depth//20241008NY029026395C_depths.tsv",647.538103806228,"20241008","NY029026395C_depths","tsv"
"/home/dthill/seq-diversity/data/genomewide_depth//20241008NY029028410A_depths.tsv",107.797889273356,"20241008","NY029028410A_depths","tsv"
"/home/dthill/seq-diversity/data/genomewide_depth//20241008NY029095401A_depths.tsv",1291.66799307958,"20241008","NY029095401A_depths","tsv"
"/home/dthill/seq-diversity/data/genomewide_depth//20241008NY039033545A_depths.tsv",107.571972318339,"20241008","NY039033545A_depths","tsv"
"/home/dthill/seq-diversity/data/genomewide_depth//20241008NY047026166A_depths.tsv",6558.12760899654,"20241008","NY047026166A_depths","tsv"
"/home/dthill/seq-diversity/data/genomewide_depth//20241008NY047026182A_depths.tsv",3268.40322145329,"20241008","NY047026182A_depths","tsv"
"/home/dthill/seq-diversity/data/genomewide_depth//20241008NY047026204A_depths.tsv",2345.30485813149,"20241008","NY047026204A_depths","tsv"
"/home/dthill/seq-diversity/data/genomewide_depth//20241008NY047026212A_depths.tsv",3132.57623875433,"20241008","NY047026212A_depths","tsv"
"/home/dthill/seq-diversity/data/genomewide_depth//20241008NY047027073A_depths.tsv",5816.60102422145,"20241008","NY047027073A_depths","tsv"
"/home/dthill/seq-diversity/data/genomewide_depth//20241008NY051024384A_depths.tsv",561.124311418685,"20241008","NY051024384A_depths","tsv"
"/home/dthill/seq-diversity/data/genomewide_depth//20241008NY051030635A_depths.tsv",57.2498650519031,"20241008","NY051030635A_depths","tsv"
"/home/dthill/seq-diversity/data/genomewide_depth//20241008NY055021610A_depths.tsv",135.932103806228,"20241008","NY055021610A_depths","tsv"
"/home/dthill/seq-diversity/data/genomewide_depth//20241008NY055026794A_depths.tsv",137.442750865052,"20241008","NY055026794A_depths","tsv"
"/home/dthill/seq-diversity/data/genomewide_depth//20241008NY061026131A_depths.tsv",2932.81906920415,"20241008","NY061026131A_depths","tsv"
"/home/dthill/seq-diversity/data/genomewide_depth//20241008NY061026247A_depths.tsv",2699.26180622837,"20241008","NY061026247A_depths","tsv"
"/home/dthill/seq-diversity/data/genomewide_depth//20241008NY073021873A_depths.tsv",201.687238754325,"20241008","NY073021873A_depths","tsv"
"/home/dthill/seq-diversity/data/genomewide_depth//20241008NY073023256A_depths.tsv",104.910058823529,"20241008","NY073023256A_depths","tsv"
"/home/dthill/seq-diversity/data/genomewide_depth//20241008NY073024678A_depths.tsv",132.439211072664,"20241008","NY073024678A_depths","tsv"
"/home/dthill/seq-diversity/data/genomewide_depth//20241008NY073028401A_depths.tsv",28.7674775086505,"20241008","NY073028401A_depths","tsv"
"/home/dthill/seq-diversity/data/genomewide_depth//20241008NY081026115A_depths.tsv",3469.97694117647,"20241008","NY081026115A_depths","tsv"
"/home/dthill/seq-diversity/data/genomewide_depth//20241008NY081026158A_depths.tsv",10906.1590519031,"20241008","NY081026158A_depths","tsv"
"/home/dthill/seq-diversity/data/genomewide_depth//20241008NY081026221A_depths.tsv",5675.18379930796,"20241008","NY081026221A_depths","tsv"
"/home/dthill/seq-diversity/data/genomewide_depth//20241008NY081026239A_depths.tsv",1371.72979584775,"20241008","NY081026239A_depths","tsv"
"/home/dthill/seq-diversity/data/genomewide_depth//20241008NY085026107A_depths.tsv",4050.61502768166,"20241008","NY085026107A_depths","tsv"
"/home/dthill/seq-diversity/data/genomewide_depth//20241008NY085026174A_depths.tsv",1771.06392041522,"20241008","NY085026174A_depths","tsv"
"/home/dthill/seq-diversity/data/genomewide_depth//20241008NY087022748A_depths.tsv",129.457785467128,"20241008","NY087022748A_depths","tsv"
"/home/dthill/seq-diversity/data/genomewide_depth//20241008NY087026051A_depths.tsv",67.3128339100346,"20241008","NY087026051A_depths","tsv"
"/home/dthill/seq-diversity/data/genomewide_depth//20241008NY089236586A_depths.tsv",40.052598615917,"20241008","NY089236586A_depths","tsv"
"/home/dthill/seq-diversity/data/genomewide_depth//20241008NY093020516A_depths.tsv",95.6660899653979,"20241008","NY093020516A_depths","tsv"
"/home/dthill/seq-diversity/data/genomewide_depth//20241008NY099022365A_depths.tsv",743.736183391003,"20241008","NY099022365A_depths","tsv"
"/home/dthill/seq-diversity/data/genomewide_depth//20241008NY101025712A_depths.tsv",37.8503633217993,"20241008","NY101025712A_depths","tsv"
"/home/dthill/seq-diversity/data/genomewide_depth//20241008NY109020958A_depths.tsv",467.304273356401,"20241008","NY109020958A_depths","tsv"
"/home/dthill/seq-diversity/data/genomewide_depth//20241008NY111029351A_depths.tsv",93.1659169550173,"20241008","NY111029351A_depths","tsv"
"/home/dthill/seq-diversity/data/genomewide_depth//20241008NY113094366A_depths.tsv",38.2049653979239,"20241008","NY113094366A_depths","tsv"
"/home/dthill/seq-diversity/data/genomewide_depth//20241008NY117029475A_depths.tsv",50.108107266436,"20241008","NY117029475A_depths","tsv"
"/home/dthill/seq-diversity/data/genomewide_depth//20241008NY121021504A_depths.tsv",40.1434117647059,"20241008","NY121021504A_depths","tsv"
"/home/dthill/seq-diversity/data/genomewide_depth//20241009NY013027961A_depths.tsv",87.0936816608996,"20241009","NY013027961A_depths","tsv"
"/home/dthill/seq-diversity/data/genomewide_depth//20241009NY025029271A_depths.tsv",457.610916955017,"20241009","NY025029271A_depths","tsv"
"/home/dthill/seq-diversity/data/genomewide_depth//20241009NY027026255A_depths.tsv",42.3957577854671,"20241009","NY027026255A_depths","tsv"
"/home/dthill/seq-diversity/data/genomewide_depth//20241009NY027026271A_depths.tsv",55.034660899654,"20241009","NY027026271A_depths","tsv"
"/home/dthill/seq-diversity/data/genomewide_depth//20241009NY037030546A_depths.tsv",231.520605536332,"20241009","NY037030546A_depths","tsv"
"/home/dthill/seq-diversity/data/genomewide_depth//20241009NY043036528A_depths.tsv",411.910996539792,"20241009","NY043036528A_depths","tsv"
"/home/dthill/seq-diversity/data/genomewide_depth//20241009NY055026794A_depths.tsv",68.758,"20241009","NY055026794A_depths","tsv"
"/home/dthill/seq-diversity/data/genomewide_depth//20241009NY055028231A_depths.tsv",233.350806228374,"20241009","NY055028231A_depths","tsv"
"/home/dthill/seq-diversity/data/genomewide_depth//20241009NY063030651A_depths.tsv",307.899702422145,"20241009","NY063030651A_depths","tsv"
"/home/dthill/seq-diversity/data/genomewide_depth//20241009NY071026310A_depths.tsv",228.3903183391,"20241009","NY071026310A_depths","tsv"
"/home/dthill/seq-diversity/data/genomewide_depth//20241009NY071030490A_depths.tsv",37.3181660899654,"20241009","NY071030490A_depths","tsv"
"/home/dthill/seq-diversity/data/genomewide_depth//20241009NY075026301A_depths.tsv",137.146813148789,"20241009","NY075026301A_depths","tsv"
"/home/dthill/seq-diversity/data/genomewide_depth//20241009NY083087971A_depths.tsv",37.3084705882353,"20241009","NY083087971A_depths","tsv"
"/home/dthill/seq-diversity/data/genomewide_depth//20241009NY087270598A_depths.tsv",124.791750865052,"20241009","NY087270598A_depths","tsv"
"/home/dthill/seq-diversity/data/genomewide_depth//20241009NY089020117A_depths.tsv",50.0129653979239,"20241009","NY089020117A_depths","tsv"
"/home/dthill/seq-diversity/data/genomewide_depth//20241009NY089031194A_depths.tsv",416.730698961938,"20241009","NY089031194A_depths","tsv"
"/home/dthill/seq-diversity/data/genomewide_depth//20241009NY091028240A_depths.tsv",47.3949896193772,"20241009","NY091028240A_depths","tsv"
"/home/dthill/seq-diversity/data/genomewide_depth//20241009NY107029262A_depths.tsv",86.3241176470588,"20241009","NY107029262A_depths","tsv"
"/home/dthill/seq-diversity/data/genomewide_depth//20241009NY111029351A_depths.tsv",124.771328719723,"20241009","NY111029351A_depths","tsv"
"/home/dthill/seq-diversity/data/genomewide_depth//20241009NY111030082A_depths.tsv",354.22201384083,"20241009","NY111030082A_depths","tsv"
"/home/dthill/seq-diversity/data/genomewide_depth//20241009NY111031208A_depths.tsv",766.391525951557,"20241009","NY111031208A_depths","tsv"
"/home/dthill/seq-diversity/data/genomewide_depth//20241010NY007024414B_depths.tsv",215.698128027682,"20241010","NY007024414B_depths","tsv"
"/home/dthill/seq-diversity/data/genomewide_depth//20241010NY019021831A_depths.tsv",51.3672733564014,"20241010","NY019021831A_depths","tsv"
"/home/dthill/seq-diversity/data/genomewide_depth//20241010NY025026565A_depths.tsv",120.877564013841,"20241010","NY025026565A_depths","tsv"
"/home/dthill/seq-diversity/data/genomewide_depth//20241010NY029032093A_depths.tsv",1151.64688927336,"20241010","NY029032093A_depths","tsv"
"/home/dthill/seq-diversity/data/genomewide_depth//20241010NY033030376A_depths.tsv",43.3271176470588,"20241010","NY033030376A_depths","tsv"
"/home/dthill/seq-diversity/data/genomewide_depth//20241010NY045025984A_depths.tsv",52.1293598615917,"20241010","NY045025984A_depths","tsv"
"/home/dthill/seq-diversity/data/genomewide_depth//20241010NY045025984B_depths.tsv",59.7605882352941,"20241010","NY045025984B_depths","tsv"
"/home/dthill/seq-diversity/data/genomewide_depth//20241010NY051032328A_depths.tsv",200.489276816609,"20241010","NY051032328A_depths","tsv"
"/home/dthill/seq-diversity/data/genomewide_depth//20241010NY053026956A_depths.tsv",70.1201833910035,"20241010","NY053026956A_depths","tsv"
"/home/dthill/seq-diversity/data/genomewide_depth//20241010NY055021610A_depths.tsv",139.548522491349,"20241010","NY055021610A_depths","tsv"
"/home/dthill/seq-diversity/data/genomewide_depth//20241010NY065025780C_depths.tsv",34.3551453287197,"20241010","NY065025780C_depths","tsv"
"/home/dthill/seq-diversity/data/genomewide_depth//20241010NY089236586A_depths.tsv",39.3854532871972,"20241010","NY089236586A_depths","tsv"
"/home/dthill/seq-diversity/data/genomewide_depth//20241010NY099033308A_depths.tsv",104.728775086505,"20241010","NY099033308A_depths","tsv"
"/home/dthill/seq-diversity/data/genomewide_depth//20241010NY101021431A_depths.tsv",48.2924186851211,"20241010","NY101021431A_depths","tsv"
"/home/dthill/seq-diversity/data/genomewide_depth//20241010NY101023906A_depths.tsv",83.4302006920415,"20241010","NY101023906A_depths","tsv"
"/home/dthill/seq-diversity/data/genomewide_depth//20241010NY101025712A_depths.tsv",342.957370242215,"20241010","NY101025712A_depths","tsv"
"/home/dthill/seq-diversity/data/genomewide_depth//20241010NY113029050A_depths.tsv",523.421328719723,"20241010","NY113029050A_depths","tsv"
"/home/dthill/seq-diversity/data/genomewide_depth//20241010NY115183695A_depths.tsv",213.890650519031,"20241010","NY115183695A_depths","tsv"
"/home/dthill/seq-diversity/data/genomewide_depth//20241010NY117027171A_depths.tsv",168.94308650519,"20241010","NY117027171A_depths","tsv"
"/home/dthill/seq-diversity/data/genomewide_depth//20241012NY045025984A_depths.tsv",203.81708650519,"20241012","NY045025984A_depths","tsv"
"/home/dthill/seq-diversity/data/genomewide_depth//20241013NY067027618A_depths.tsv",75.6894775086505,"20241013","NY067027618A_depths","tsv"
"/home/dthill/seq-diversity/data/genomewide_depth//20241013NY067027723A_depths.tsv",1127.89860207612,"20241013","NY067027723A_depths","tsv"
"/home/dthill/seq-diversity/data/genomewide_depth//20241013NY067030317A_depths.tsv",141.920297577855,"20241013","NY067030317A_depths","tsv"
"/home/dthill/seq-diversity/data/genomewide_depth//20241014NY059026859A_depths.tsv",33.4928823529412,"20241014","NY059026859A_depths","tsv"
"/home/dthill/seq-diversity/data/genomewide_depth//20241014NY063022331A_depths.tsv",143.785882352941,"20241014","NY063022331A_depths","tsv"
"/home/dthill/seq-diversity/data/genomewide_depth//20241014NY063026336A_depths.tsv",245.862311418685,"20241014","NY063026336A_depths","tsv"
"/home/dthill/seq-diversity/data/genomewide_depth//20241014NY063027057A_depths.tsv",265.371411764706,"20241014","NY063027057A_depths","tsv"
"/home/dthill/seq-diversity/data/genomewide_depth//20241014NY121021504A_depths.tsv",139.225937716263,"20241014","NY121021504A_depths","tsv"
"/home/dthill/seq-diversity/data/genomewide_depth//20241015NY005026191A_depths.tsv",3087.23902768166,"20241015","NY005026191A_depths","tsv"
"/home/dthill/seq-diversity/data/genomewide_depth//20241015NY007024414B_depths.tsv",133.245453287197,"20241015","NY007024414B_depths","tsv"
"/home/dthill/seq-diversity/data/genomewide_depth//20241015NY007024414C_depths.tsv",72.7039204152249,"20241015","NY007024414C_depths","tsv"
"/home/dthill/seq-diversity/data/genomewide_depth//20241015NY009027162A_depths.tsv",157.727896193772,"20241015","NY009027162A_depths","tsv"
"/home/dthill/seq-diversity/data/genomewide_depth//20241015NY013021334A_depths.tsv",69.8837508650519,"20241015","NY013021334A_depths","tsv"
"/home/dthill/seq-diversity/data/genomewide_depth//20241015NY019021831A_depths.tsv",340.082723183391,"20241015","NY019021831A_depths","tsv"
"/home/dthill/seq-diversity/data/genomewide_depth//20241015NY019023949A_depths.tsv",79.669892733564,"20241015","NY019023949A_depths","tsv"
"/home/dthill/seq-diversity/data/genomewide_depth//20241015NY019025097A_depths.tsv",434.182325259516,"20241015","NY019025097A_depths","tsv"
"/home/dthill/seq-diversity/data/genomewide_depth//20241015NY023027561A_depths.tsv",1609.45297577855,"20241015","NY023027561A_depths","tsv"
"/home/dthill/seq-diversity/data/genomewide_depth//20241015NY029022136A_depths.tsv",305.674543252595,"20241015","NY029022136A_depths","tsv"
"/home/dthill/seq-diversity/data/genomewide_depth//20241015NY029022543A_depths.tsv",816.961183391003,"20241015","NY029022543A_depths","tsv"
"/home/dthill/seq-diversity/data/genomewide_depth//20241015NY029025950B_depths.tsv",594.396397923875,"20241015","NY029025950B_depths","tsv"
"/home/dthill/seq-diversity/data/genomewide_depth//20241015NY029026395B_depths.tsv",130.268484429066,"20241015","NY029026395B_depths","tsv"
"/home/dthill/seq-diversity/data/genomewide_depth//20241015NY029026395C_depths.tsv",200.769788927336,"20241015","NY029026395C_depths","tsv"
"/home/dthill/seq-diversity/data/genomewide_depth//20241015NY029028436A_depths.tsv",459.554968858131,"20241015","NY029028436A_depths","tsv"
"/home/dthill/seq-diversity/data/genomewide_depth//20241015NY029095401A_depths.tsv",210.230975778547,"20241015","NY029095401A_depths","tsv"
"/home/dthill/seq-diversity/data/genomewide_depth//20241015NY031022187A_depths.tsv",1020.2774532872,"20241015","NY031022187A_depths","tsv"
"/home/dthill/seq-diversity/data/genomewide_depth//20241015NY045025984A_depths.tsv",315.828252595156,"20241015","NY045025984A_depths","tsv"
"/home/dthill/seq-diversity/data/genomewide_depth//20241015NY047026166A_depths.tsv",7736.23213148789,"20241015","NY047026166A_depths","tsv"
"/home/dthill/seq-diversity/data/genomewide_depth//20241015NY047026182A_depths.tsv",5674.3822733564,"20241015","NY047026182A_depths","tsv"
"/home/dthill/seq-diversity/data/genomewide_depth//20241015NY047026204A_depths.tsv",4555.32051557093,"20241015","NY047026204A_depths","tsv"
"/home/dthill/seq-diversity/data/genomewide_depth//20241015NY047026212A_depths.tsv",3520.29485813149,"20241015","NY047026212A_depths","tsv"
"/home/dthill/seq-diversity/data/genomewide_depth//20241015NY047027073A_depths.tsv",8832.04651903114,"20241015","NY047027073A_depths","tsv"
"/home/dthill/seq-diversity/data/genomewide_depth//20241015NY051030635A_depths.tsv",169.558823529412,"20241015","NY051030635A_depths","tsv"
"/home/dthill/seq-diversity/data/genomewide_depth//20241015NY053028525A_depths.tsv",107.143069204152,"20241015","NY053028525A_depths","tsv"
"/home/dthill/seq-diversity/data/genomewide_depth//20241015NY055028339A_depths.tsv",118.164577854671,"20241015","NY055028339A_depths","tsv"
"/home/dthill/seq-diversity/data/genomewide_depth//20241015NY061026131A_depths.tsv",4771.03088581315,"20241015","NY061026131A_depths","tsv"
"/home/dthill/seq-diversity/data/genomewide_depth//20241015NY061026247A_depths.tsv",3837.57322491349,"20241015","NY061026247A_depths","tsv"
"/home/dthill/seq-diversity/data/genomewide_depth//20241015NY065021385A_depths.tsv",90.1076989619377,"20241015","NY065021385A_depths","tsv"
"/home/dthill/seq-diversity/data/genomewide_depth//20241015NY065025780B_depths.tsv",468.234238754325,"20241015","NY065025780B_depths","tsv"
"/home/dthill/seq-diversity/data/genomewide_depth//20241015NY067025461A_depths.tsv",204.516020761246,"20241015","NY067025461A_depths","tsv"
"/home/dthill/seq-diversity/data/genomewide_depth//20241015NY075029114A_depths.tsv",428.205726643599,"20241015","NY075029114A_depths","tsv"
"/home/dthill/seq-diversity/data/genomewide_depth//20241015NY081026115A_depths.tsv",4661.05641868512,"20241015","NY081026115A_depths","tsv"
"/home/dthill/seq-diversity/data/genomewide_depth//20241015NY081026158A_depths.tsv",5488.65425951557,"20241015","NY081026158A_depths","tsv"
"/home/dthill/seq-diversity/data/genomewide_depth//20241015NY081026221A_depths.tsv",9886.8900449827,"20241015","NY081026221A_depths","tsv"
"/home/dthill/seq-diversity/data/genomewide_depth//20241015NY081026239A_depths.tsv",7622.47326297578,"20241015","NY081026239A_depths","tsv"
"/home/dthill/seq-diversity/data/genomewide_depth//20241015NY085026107A_depths.tsv",8638.49976124568,"20241015","NY085026107A_depths","tsv"
"/home/dthill/seq-diversity/data/genomewide_depth//20241015NY085026174A_depths.tsv",5300.81190311419,"20241015","NY085026174A_depths","tsv"
"/home/dthill/seq-diversity/data/genomewide_depth//20241015NY089020818A_depths.tsv",178.741474048443,"20241015","NY089020818A_depths","tsv"
"/home/dthill/seq-diversity/data/genomewide_depth//20241015NY089029831A_depths.tsv",80.5635155709343,"20241015","NY089029831A_depths","tsv"
"/home/dthill/seq-diversity/data/genomewide_depth//20241015NY089236586A_depths.tsv",71.8639861591696,"20241015","NY089236586A_depths","tsv"
"/home/dthill/seq-diversity/data/genomewide_depth//20241015NY099022365A_depths.tsv",145.180567474048,"20241015","NY099022365A_depths","tsv"
"/home/dthill/seq-diversity/data/genomewide_depth//20241015NY101021431A_depths.tsv",157.778657439446,"20241015","NY101021431A_depths","tsv"
"/home/dthill/seq-diversity/data/genomewide_depth//20241015NY109020958A_depths.tsv",42.2934602076125,"20241015","NY109020958A_depths","tsv"
"/home/dthill/seq-diversity/data/genomewide_depth//20241015NY109026638A_depths.tsv",63.8013044982699,"20241015","NY109026638A_depths","tsv"
"/home/dthill/seq-diversity/data/genomewide_depth//20241015NY117029475A_depths.tsv",39.100339100346,"20241015","NY117029475A_depths","tsv"
"/home/dthill/seq-diversity/data/genomewide_depth//20241016NY007027669A_depths.tsv",1115.2950449827,"20241016","NY007027669A_depths","tsv"
"/home/dthill/seq-diversity/data/genomewide_depth//20241016NY013106895A_depths.tsv",56.5028235294118,"20241016","NY013106895A_depths","tsv"
"/home/dthill/seq-diversity/data/genomewide_depth//20241016NY015035742A_depths.tsv",39.3364878892734,"20241016","NY015035742A_depths","tsv"
"/home/dthill/seq-diversity/data/genomewide_depth//20241016NY015036986A_depths.tsv",37.083615916955,"20241016","NY015036986A_depths","tsv"
"/home/dthill/seq-diversity/data/genomewide_depth//20241016NY019026018A_depths.tsv",52.8834844290657,"20241016","NY019026018A_depths","tsv"
"/home/dthill/seq-diversity/data/genomewide_depth//20241016NY031021733A_depths.tsv",1285.79352941176,"20241016","NY031021733A_depths","tsv"
"/home/dthill/seq-diversity/data/genomewide_depth//20241016NY037020907A_depths.tsv",102.557820069204,"20241016","NY037020907A_depths","tsv"
"/home/dthill/seq-diversity/data/genomewide_depth//20241016NY037030546A_depths.tsv",199.945138408305,"20241016","NY037030546A_depths","tsv"
"/home/dthill/seq-diversity/data/genomewide_depth//20241016NY049020125A_depths.tsv",89.4636297577855,"20241016","NY049020125A_depths","tsv"
"/home/dthill/seq-diversity/data/genomewide_depth//20241016NY055028231A_depths.tsv",658.6113183391,"20241016","NY055028231A_depths","tsv"
"/home/dthill/seq-diversity/data/genomewide_depth//20241016NY059023523A_depths.tsv",103.022643598616,"20241016","NY059023523A_depths","tsv"
"/home/dthill/seq-diversity/data/genomewide_depth//20241016NY063027774A_depths.tsv",39.5381937716263,"20241016","NY063027774A_depths","tsv"
"/home/dthill/seq-diversity/data/genomewide_depth//20241016NY073023256A_depths.tsv",494.285193771626,"20241016","NY073023256A_depths","tsv"
"/home/dthill/seq-diversity/data/genomewide_depth//20241016NY073024678A_depths.tsv",105.039896193772,"20241016","NY073024678A_depths","tsv"
"/home/dthill/seq-diversity/data/genomewide_depth//20241016NY075020257A_depths.tsv",786.093110726644,"20241016","NY075020257A_depths","tsv"
"/home/dthill/seq-diversity/data/genomewide_depth//20241016NY075029106A_depths.tsv",95.8412352941177,"20241016","NY075029106A_depths","tsv"
"/home/dthill/seq-diversity/data/genomewide_depth//20241016NY075029114A_depths.tsv",215.825598615917,"20241016","NY075029114A_depths","tsv"
"/home/dthill/seq-diversity/data/genomewide_depth//20241016NY083087971A_depths.tsv",121.468228373702,"20241016","NY083087971A_depths","tsv"
"/home/dthill/seq-diversity/data/genomewide_depth//20241016NY089020117A_depths.tsv",613.903899653979,"20241016","NY089020117A_depths","tsv"
"/home/dthill/seq-diversity/data/genomewide_depth//20241016NY103080683A_depths.tsv",86.4550899653979,"20241016","NY103080683A_depths","tsv"
"/home/dthill/seq-diversity/data/genomewide_depth//20241016NY109026638A_depths.tsv",132.901,"20241016","NY109026638A_depths","tsv"
"/home/dthill/seq-diversity/data/genomewide_depth//20241016NY123029726A_depths.tsv",34.4879100346021,"20241016","NY123029726A_depths","tsv"
"/home/dthill/seq-diversity/data/genomewide_depth//20241017NY007024414B_depths.tsv",303.435328719723,"20241017","NY007024414B_depths","tsv"
"/home/dthill/seq-diversity/data/genomewide_depth//20241017NY007024414C_depths.tsv",97.6075121107266,"20241017","NY007024414C_depths","tsv"
"/home/dthill/seq-diversity/data/genomewide_depth//20241017NY017021423A_depths.tsv",1161.82332871972,"20241017","NY017021423A_depths","tsv"
"/home/dthill/seq-diversity/data/genomewide_depth//20241017NY031022969A_depths.tsv",177.288041522491,"20241017","NY031022969A_depths","tsv"
"/home/dthill/seq-diversity/data/genomewide_depth//20241017NY041026484A_depths.tsv",333.192532871972,"20241017","NY041026484A_depths","tsv"
"/home/dthill/seq-diversity/data/genomewide_depth//20241017NY055021610A_depths.tsv",455.109314878893,"20241017","NY055021610A_depths","tsv"
"/home/dthill/seq-diversity/data/genomewide_depth//20241017NY077031151A_depths.tsv",726.490487889273,"20241017","NY077031151A_depths","tsv"
"/home/dthill/seq-diversity/data/genomewide_depth//20241017NY099033308A_depths.tsv",290.391332179931,"20241017","NY099033308A_depths","tsv"
"/home/dthill/seq-diversity/data/genomewide_depth//20241017NY101023906A_depths.tsv",173.747671280277,"20241017","NY101023906A_depths","tsv"
"/home/dthill/seq-diversity/data/genomewide_depth//20241018NY029032093A_depths.tsv",174.507290657439,"20241018","NY029032093A_depths","tsv"
"/home/dthill/seq-diversity/data/genomewide_depth//20241018NY059026450A_depths.tsv",32.5375259515571,"20241018","NY059026450A_depths","tsv"
"/home/dthill/seq-diversity/data/genomewide_depth//20241018NY071024422A_depths.tsv",130.133643598616,"20241018","NY071024422A_depths","tsv"
"/home/dthill/seq-diversity/data/genomewide_depth//20241018NY089029831A_depths.tsv",59.1872456747405,"20241018","NY089029831A_depths","tsv"
"/home/dthill/seq-diversity/data/genomewide_depth//20241020NY055028339A_depths.tsv",44.695830449827,"20241020","NY055028339A_depths","tsv"
"/home/dthill/seq-diversity/data/genomewide_depth//20241020NY067027081A_depths.tsv",72.2164705882353,"20241020","NY067027081A_depths","tsv"
"/home/dthill/seq-diversity/data/genomewide_depth//20241020NY067027596A_depths.tsv",146.13344982699,"20241020","NY067027596A_depths","tsv"
"/home/dthill/seq-diversity/data/genomewide_depth//20241020NY067027723A_depths.tsv",55.2000761245675,"20241020","NY067027723A_depths","tsv"
"/home/dthill/seq-diversity/data/genomewide_depth//20241020NY067030317A_depths.tsv",61.3253010380623,"20241020","NY067030317A_depths","tsv"
"/home/dthill/seq-diversity/data/genomewide_depth//20241020NY119026689A_depths.tsv",66.2463737024221,"20241020","NY119026689A_depths","tsv"
"/home/dthill/seq-diversity/data/genomewide_depth//20241020NY119026697A_depths.tsv",30.8700795847751,"20241020","NY119026697A_depths","tsv"
"/home/dthill/seq-diversity/data/genomewide_depth//20241020NY119100803A_depths.tsv",274.141709342561,"20241020","NY119100803A_depths","tsv"
"/home/dthill/seq-diversity/data/genomewide_depth//20241020NY119108324A_depths.tsv",153.600667820069,"20241020","NY119108324A_depths","tsv"
"/home/dthill/seq-diversity/data/genomewide_depth//20241021NY019026018A_depths.tsv",46.7372871972318,"20241021","NY019026018A_depths","tsv"
"/home/dthill/seq-diversity/data/genomewide_depth//20241021NY027026255A_depths.tsv",42.4997024221453,"20241021","NY027026255A_depths","tsv"
"/home/dthill/seq-diversity/data/genomewide_depth//20241021NY043036528A_depths.tsv",76.7244602076125,"20241021","NY043036528A_depths","tsv"
"/home/dthill/seq-diversity/data/genomewide_depth//20241021NY055028231A_depths.tsv",74.8698339100346,"20241021","NY055028231A_depths","tsv"
"/home/dthill/seq-diversity/data/genomewide_depth//20241021NY059026450A_depths.tsv",58.3693079584775,"20241021","NY059026450A_depths","tsv"
"/home/dthill/seq-diversity/data/genomewide_depth//20241021NY059026859A_depths.tsv",45.8928408304498,"20241021","NY059026859A_depths","tsv"
"/home/dthill/seq-diversity/data/genomewide_depth//20241021NY063022331A_depths.tsv",265.281439446367,"20241021","NY063022331A_depths","tsv"
"/home/dthill/seq-diversity/data/genomewide_depth//20241021NY063026336A_depths.tsv",178.135152249135,"20241021","NY063026336A_depths","tsv"
"/home/dthill/seq-diversity/data/genomewide_depth//20241021NY063027057A_depths.tsv",729.362837370242,"20241021","NY063027057A_depths","tsv"
"/home/dthill/seq-diversity/data/genomewide_depth//20241021NY065025780B_depths.tsv",74.8109411764706,"20241021","NY065025780B_depths","tsv"
"/home/dthill/seq-diversity/data/genomewide_depth//20241021NY065025780C_depths.tsv",125.199356401384,"20241021","NY065025780C_depths","tsv"
"/home/dthill/seq-diversity/data/genomewide_depth//20241021NY065030864A_depths.tsv",114.858899653979,"20241021","NY065030864A_depths","tsv"
"/home/dthill/seq-diversity/data/genomewide_depth//20241021NY087031895A_depths.tsv",63.8618685121107,"20241021","NY087031895A_depths","tsv"
"/home/dthill/seq-diversity/data/genomewide_depth//20241021NY089020117A_depths.tsv",131.857256055363,"20241021","NY089020117A_depths","tsv"
"/home/dthill/seq-diversity/data/genomewide_depth//20241021NY089031194A_depths.tsv",155.69315916955,"20241021","NY089031194A_depths","tsv"
"/home/dthill/seq-diversity/data/genomewide_depth//20241021NY103104809A_depths.tsv",28.4332283737024,"20241021","NY103104809A_depths","tsv"
"/home/dthill/seq-diversity/data/genomewide_depth//20241022NY005026191A_depths.tsv",2075.23265397924,"20241022","NY005026191A_depths","tsv"
"/home/dthill/seq-diversity/data/genomewide_depth//20241022NY007024414C_depths.tsv",210.974602076125,"20241022","NY007024414C_depths","tsv"
"/home/dthill/seq-diversity/data/genomewide_depth//20241022NY007027669A_depths.tsv",222.416813148789,"20241022","NY007027669A_depths","tsv"
"/home/dthill/seq-diversity/data/genomewide_depth//20241022NY011021903A_depths.tsv",100.232612456747,"20241022","NY011021903A_depths","tsv"
"/home/dthill/seq-diversity/data/genomewide_depth//20241022NY019023949A_depths.tsv",63.3003667820069,"20241022","NY019023949A_depths","tsv"
"/home/dthill/seq-diversity/data/genomewide_depth//20241022NY019025097A_depths.tsv",355.349,"20241022","NY019025097A_depths","tsv"
"/home/dthill/seq-diversity/data/genomewide_depth//20241022NY021022039A_depths.tsv",156.750633217993,"20241022","NY021022039A_depths","tsv"
"/home/dthill/seq-diversity/data/genomewide_depth//20241022NY029022136A_depths.tsv",146.473401384083,"20241022","NY029022136A_depths","tsv"
"/home/dthill/seq-diversity/data/genomewide_depth//20241022NY029022543A_depths.tsv",561.677051903114,"20241022","NY029022543A_depths","tsv"
"/home/dthill/seq-diversity/data/genomewide_depth//20241022NY029025950B_depths.tsv",170.924397923875,"20241022","NY029025950B_depths","tsv"
"/home/dthill/seq-diversity/data/genomewide_depth//20241022NY029026395B_depths.tsv",847.461602076125,"20241022","NY029026395B_depths","tsv"
"/home/dthill/seq-diversity/data/genomewide_depth//20241022NY029026395C_depths.tsv",908.369570934256,"20241022","NY029026395C_depths","tsv"
"/home/dthill/seq-diversity/data/genomewide_depth//20241022NY029028436A_depths.tsv",456.688359861592,"20241022","NY029028436A_depths","tsv"
"/home/dthill/seq-diversity/data/genomewide_depth//20241022NY029095401A_depths.tsv",889.433152249135,"20241022","NY029095401A_depths","tsv"
"/home/dthill/seq-diversity/data/genomewide_depth//20241022NY047026166A_depths.tsv",2226.44140484429,"20241022","NY047026166A_depths","tsv"
"/home/dthill/seq-diversity/data/genomewide_depth//20241022NY047026182A_depths.tsv",2164.93950519031,"20241022","NY047026182A_depths","tsv"
"/home/dthill/seq-diversity/data/genomewide_depth//20241022NY047026204A_depths.tsv",2906.60374740484,"20241022","NY047026204A_depths","tsv"
"/home/dthill/seq-diversity/data/genomewide_depth//20241022NY047026212A_depths.tsv",2162.87911764706,"20241022","NY047026212A_depths","tsv"
"/home/dthill/seq-diversity/data/genomewide_depth//20241022NY047027073A_depths.tsv",3712.04405882353,"20241022","NY047027073A_depths","tsv"
"/home/dthill/seq-diversity/data/genomewide_depth//20241022NY051024384A_depths.tsv",40.9808096885813,"20241022","NY051024384A_depths","tsv"
"/home/dthill/seq-diversity/data/genomewide_depth//20241022NY053021539A_depths.tsv",87.4597612456747,"20241022","NY053021539A_depths","tsv"
"/home/dthill/seq-diversity/data/genomewide_depth//20241022NY055021610A_depths.tsv",36.3655155709343,"20241022","NY055021610A_depths","tsv"
"/home/dthill/seq-diversity/data/genomewide_depth//20241022NY059026778A_depths.tsv",105.801806228374,"20241022","NY059026778A_depths","tsv"
"/home/dthill/seq-diversity/data/genomewide_depth//20241022NY061026131A_depths.tsv",2669.62137370242,"20241022","NY061026131A_depths","tsv"
"/home/dthill/seq-diversity/data/genomewide_depth//20241022NY061026247A_depths.tsv",2133.03402422145,"20241022","NY061026247A_depths","tsv"
"/home/dthill/seq-diversity/data/genomewide_depth//20241022NY065021377A_depths.tsv",58.1418754325259,"20241022","NY065021377A_depths","tsv"
"/home/dthill/seq-diversity/data/genomewide_depth//20241022NY065021385A_depths.tsv",420.12753633218,"20241022","NY065021385A_depths","tsv"
"/home/dthill/seq-diversity/data/genomewide_depth//20241022NY065022110A_depths.tsv",1505.52385467128,"20241022","NY065022110A_depths","tsv"
"/home/dthill/seq-diversity/data/genomewide_depth//20241022NY071023680A_depths.tsv",164.142048442907,"20241022","NY071023680A_depths","tsv"
"/home/dthill/seq-diversity/data/genomewide_depth//20241022NY071024422A_depths.tsv",73.4036574394464,"20241022","NY071024422A_depths","tsv"
"/home/dthill/seq-diversity/data/genomewide_depth//20241022NY071026310A_depths.tsv",66.7967439446367,"20241022","NY071026310A_depths","tsv"
"/home/dthill/seq-diversity/data/genomewide_depth//20241022NY071027901A_depths.tsv",137.113529411765,"20241022","NY071027901A_depths","tsv"
"/home/dthill/seq-diversity/data/genomewide_depth//20241022NY071031518A_depths.tsv",114.908321799308,"20241022","NY071031518A_depths","tsv"
"/home/dthill/seq-diversity/data/genomewide_depth//20241022NY081026115A_depths.tsv",2530.48270934256,"20241022","NY081026115A_depths","tsv"
"/home/dthill/seq-diversity/data/genomewide_depth//20241022NY081026158A_depths.tsv",2511.84875432526,"20241022","NY081026158A_depths","tsv"
"/home/dthill/seq-diversity/data/genomewide_depth//20241022NY081026221A_depths.tsv",1354.01762283737,"20241022","NY081026221A_depths","tsv"
"/home/dthill/seq-diversity/data/genomewide_depth//20241022NY081026239A_depths.tsv",2738.51424221453,"20241022","NY081026239A_depths","tsv"
"/home/dthill/seq-diversity/data/genomewide_depth//20241022NY085026107A_depths.tsv",2321.60618685121,"20241022","NY085026107A_depths","tsv"
"/home/dthill/seq-diversity/data/genomewide_depth//20241022NY085026174A_depths.tsv",1901.9281799308,"20241022","NY085026174A_depths","tsv"
"/home/dthill/seq-diversity/data/genomewide_depth//20241022NY089029831A_depths.tsv",48.2420588235294,"20241022","NY089029831A_depths","tsv"
"/home/dthill/seq-diversity/data/genomewide_depth//20241022NY089236586A_depths.tsv",40.1570311418685,"20241022","NY089236586A_depths","tsv"
"/home/dthill/seq-diversity/data/genomewide_depth//20241022NY093020516A_depths.tsv",120.08137716263,"20241022","NY093020516A_depths","tsv"
"/home/dthill/seq-diversity/data/genomewide_depth//20241022NY101021431A_depths.tsv",387.888712802768,"20241022","NY101021431A_depths","tsv"
"/home/dthill/seq-diversity/data/genomewide_depth//20241022NY101023906A_depths.tsv",82.2827162629758,"20241022","NY101023906A_depths","tsv"
"/home/dthill/seq-diversity/data/genomewide_depth//20241022NY103021750A_depths.tsv",30.475785467128,"20241022","NY103021750A_depths","tsv"
"/home/dthill/seq-diversity/data/genomewide_depth//20241022NY103065358A_depths.tsv",46.8038442906574,"20241022","NY103065358A_depths","tsv"
"/home/dthill/seq-diversity/data/genomewide_depth//20241022NY103104809A_depths.tsv",62.5857162629758,"20241022","NY103104809A_depths","tsv"
"/home/dthill/seq-diversity/data/genomewide_depth//20241022NY103206644A_depths.tsv",156.712069204152,"20241022","NY103206644A_depths","tsv"
"/home/dthill/seq-diversity/data/genomewide_depth//20241022NY111029351A_depths.tsv",69.7946816608997,"20241022","NY111029351A_depths","tsv"
"/home/dthill/seq-diversity/data/genomewide_depth//20241022NY113094366A_depths.tsv",253.47223183391,"20241022","NY113094366A_depths","tsv"
"/home/dthill/seq-diversity/data/genomewide_depth//20241022NY121021504A_depths.tsv",42.9418027681661,"20241022","NY121021504A_depths","tsv"
"/home/dthill/seq-diversity/data/genomewide_depth//20241023NY007027669A_depths.tsv",275.962820069204,"20241023","NY007027669A_depths","tsv"
"/home/dthill/seq-diversity/data/genomewide_depth//20241023NY015035742A_depths.tsv",100.936508650519,"20241023","NY015035742A_depths","tsv"
"/home/dthill/seq-diversity/data/genomewide_depth//20241023NY015036986A_depths.tsv",37.5337716262976,"20241023","NY015036986A_depths","tsv"
"/home/dthill/seq-diversity/data/genomewide_depth//20241023NY019022195A_depths.tsv",52.3565294117647,"20241023","NY019022195A_depths","tsv"
"/home/dthill/seq-diversity/data/genomewide_depth//20241023NY019026018A_depths.tsv",201.837418685121,"20241023","NY019026018A_depths","tsv"
"/home/dthill/seq-diversity/data/genomewide_depth//20241023NY025027154A_depths.tsv",76.6377058823529,"20241023","NY025027154A_depths","tsv"
"/home/dthill/seq-diversity/data/genomewide_depth//20241023NY025029271A_depths.tsv",447.083955017301,"20241023","NY025029271A_depths","tsv"
"/home/dthill/seq-diversity/data/genomewide_depth//20241023NY027026271A_depths.tsv",98.110062283737,"20241023","NY027026271A_depths","tsv"
"/home/dthill/seq-diversity/data/genomewide_depth//20241023NY031021733A_depths.tsv",158.22344982699,"20241023","NY031021733A_depths","tsv"
"/home/dthill/seq-diversity/data/genomewide_depth//20241023NY037030546A_depths.tsv",869.429882352941,"20241023","NY037030546A_depths","tsv"
"/home/dthill/seq-diversity/data/genomewide_depth//20241023NY045025984B_depths.tsv",25.2134878892734,"20241023","NY045025984B_depths","tsv"
"/home/dthill/seq-diversity/data/genomewide_depth//20241023NY051024449A_depths.tsv",134.117034602076,"20241023","NY051024449A_depths","tsv"
"/home/dthill/seq-diversity/data/genomewide_depth//20241023NY057024333A_depths.tsv",511.013923875433,"20241023","NY057024333A_depths","tsv"
"/home/dthill/seq-diversity/data/genomewide_depth//20241023NY059023523A_depths.tsv",50.4555501730104,"20241023","NY059023523A_depths","tsv"
"/home/dthill/seq-diversity/data/genomewide_depth//20241023NY059026859A_depths.tsv",54.9077612456747,"20241023","NY059026859A_depths","tsv"
"/home/dthill/seq-diversity/data/genomewide_depth//20241023NY063027774A_depths.tsv",267.684311418685,"20241023","NY063027774A_depths","tsv"
"/home/dthill/seq-diversity/data/genomewide_depth//20241023NY071022144A_depths.tsv",926.691235294118,"20241023","NY071022144A_depths","tsv"
"/home/dthill/seq-diversity/data/genomewide_depth//20241023NY071026310A_depths.tsv",233.226287197232,"20241023","NY071026310A_depths","tsv"
"/home/dthill/seq-diversity/data/genomewide_depth//20241023NY071030490A_depths.tsv",936.063948096886,"20241023","NY071030490A_depths","tsv"
"/home/dthill/seq-diversity/data/genomewide_depth//20241023NY073021873A_depths.tsv",50.6894602076125,"20241023","NY073021873A_depths","tsv"
"/home/dthill/seq-diversity/data/genomewide_depth//20241023NY073028401A_depths.tsv",39.8061176470588,"20241023","NY073028401A_depths","tsv"
"/home/dthill/seq-diversity/data/genomewide_depth//20241023NY075029114A_depths.tsv",1589.12365051903,"20241023","NY075029114A_depths","tsv"
"/home/dthill/seq-diversity/data/genomewide_depth//20241023NY083087971A_depths.tsv",76.0283910034602,"20241023","NY083087971A_depths","tsv"
"/home/dthill/seq-diversity/data/genomewide_depth//20241023NY089020117A_depths.tsv",131.801314878893,"20241023","NY089020117A_depths","tsv"
"/home/dthill/seq-diversity/data/genomewide_depth//20241023NY089031194A_depths.tsv",205.157868512111,"20241023","NY089031194A_depths","tsv"
"/home/dthill/seq-diversity/data/genomewide_depth//20241023NY091028240A_depths.tsv",199.400889273356,"20241023","NY091028240A_depths","tsv"
"/home/dthill/seq-diversity/data/genomewide_depth//20241023NY103020061A_depths.tsv",232.782512110727,"20241023","NY103020061A_depths","tsv"
"/home/dthill/seq-diversity/data/genomewide_depth//20241023NY103076988A_depths.tsv",43.1136505190311,"20241023","NY103076988A_depths","tsv"
"/home/dthill/seq-diversity/data/genomewide_depth//20241023NY103080683A_depths.tsv",47.9518546712803,"20241023","NY103080683A_depths","tsv"
"/home/dthill/seq-diversity/data/genomewide_depth//20241023NY107029262A_depths.tsv",145.381197231834,"20241023","NY107029262A_depths","tsv"
"/home/dthill/seq-diversity/data/genomewide_depth//20241023NY111031208A_depths.tsv",50.566,"20241023","NY111031208A_depths","tsv"
"/home/dthill/seq-diversity/data/genomewide_depth//20241023NY119026689A_depths.tsv",90.2208892733564,"20241023","NY119026689A_depths","tsv"
"/home/dthill/seq-diversity/data/genomewide_depth//20241023NY119026697A_depths.tsv",48.4475328719723,"20241023","NY119026697A_depths","tsv"
"/home/dthill/seq-diversity/data/genomewide_depth//20241024NY007024414B_depths.tsv",69.2886851211073,"20241024","NY007024414B_depths","tsv"
"/home/dthill/seq-diversity/data/genomewide_depth//20241024NY007024414C_depths.tsv",115.951048442907,"20241024","NY007024414C_depths","tsv"
"/home/dthill/seq-diversity/data/genomewide_depth//20241024NY011021903A_depths.tsv",55.6168788927336,"20241024","NY011021903A_depths","tsv"
"/home/dthill/seq-diversity/data/genomewide_depth//20241024NY029032093A_depths.tsv",2273.30203114187,"20241024","NY029032093A_depths","tsv"
"/home/dthill/seq-diversity/data/genomewide_depth//20241024NY033030376A_depths.tsv",104.218342560554,"20241024","NY033030376A_depths","tsv"
"/home/dthill/seq-diversity/data/genomewide_depth//20241024NY051032328A_depths.tsv",100.35308650519,"20241024","NY051032328A_depths","tsv"
"/home/dthill/seq-diversity/data/genomewide_depth//20241024NY059020567A_depths.tsv",48.961044982699,"20241024","NY059020567A_depths","tsv"
"/home/dthill/seq-diversity/data/genomewide_depth//20241024NY059021822A_depths.tsv",60.2634359861592,"20241024","NY059021822A_depths","tsv"
"/home/dthill/seq-diversity/data/genomewide_depth//20241024NY059026778A_depths.tsv",96.4422698961938,"20241024","NY059026778A_depths","tsv"
"/home/dthill/seq-diversity/data/genomewide_depth//20241024NY059026841A_depths.tsv",116.35644982699,"20241024","NY059026841A_depths","tsv"
"/home/dthill/seq-diversity/data/genomewide_depth//20241024NY059026999A_depths.tsv",73.6006262975779,"20241024","NY059026999A_depths","tsv"
"/home/dthill/seq-diversity/data/genomewide_depth//20241024NY063022331A_depths.tsv",64.101401384083,"20241024","NY063022331A_depths","tsv"
"/home/dthill/seq-diversity/data/genomewide_depth//20241024NY071031518A_depths.tsv",1137.3961799308,"20241024","NY071031518A_depths","tsv"
"/home/dthill/seq-diversity/data/genomewide_depth//20241024NY087028533A_depths.tsv",264.806761245675,"20241024","NY087028533A_depths","tsv"
"/home/dthill/seq-diversity/data/genomewide_depth//20241024NY087031895A_depths.tsv",58.4403979238754,"20241024","NY087031895A_depths","tsv"
"/home/dthill/seq-diversity/data/genomewide_depth//20241024NY089020818A_depths.tsv",87.8214775086505,"20241024","NY089020818A_depths","tsv"
"/home/dthill/seq-diversity/data/genomewide_depth//20241024NY089236586A_depths.tsv",52.7817647058824,"20241024","NY089236586A_depths","tsv"
"/home/dthill/seq-diversity/data/genomewide_depth//20241024NY093020516A_depths.tsv",64.745062283737,"20241024","NY093020516A_depths","tsv"
"/home/dthill/seq-diversity/data/genomewide_depth//20241024NY097271942A_depths.tsv",31.8908581314879,"20241024","NY097271942A_depths","tsv"
"/home/dthill/seq-diversity/data/genomewide_depth//20241024NY103079324A_depths.tsv",9666.16003806228,"20241024","NY103079324A_depths","tsv"
"/home/dthill/seq-diversity/data/genomewide_depth//20241024NY103104809A_depths.tsv",35.313892733564,"20241024","NY103104809A_depths","tsv"
"/home/dthill/seq-diversity/data/genomewide_depth//20241024NY109020958A_depths.tsv",50.2972975778547,"20241024","NY109020958A_depths","tsv"
"/home/dthill/seq-diversity/data/genomewide_depth//20241024NY115024929A_depths.tsv",284.49314532872,"20241024","NY115024929A_depths","tsv"
"/home/dthill/seq-diversity/data/genomewide_depth//20241024NY115183695A_depths.tsv",143.890723183391,"20241024","NY115183695A_depths","tsv"
"/home/dthill/seq-diversity/data/genomewide_depth//20241024NY117027171A_depths.tsv",85.4502733564014,"20241024","NY117027171A_depths","tsv"
"/home/dthill/seq-diversity/data/genomewide_depth//20241027NY005026191A_depths.tsv",1568.12092733564,"20241027","NY005026191A_depths","tsv"
"/home/dthill/seq-diversity/data/genomewide_depth//20241027NY047026166A_depths.tsv",2146.06631141869,"20241027","NY047026166A_depths","tsv"
"/home/dthill/seq-diversity/data/genomewide_depth//20241027NY047026182A_depths.tsv",1433.99187197232,"20241027","NY047026182A_depths","tsv"
"/home/dthill/seq-diversity/data/genomewide_depth//20241027NY047026204A_depths.tsv",5054.75944982699,"20241027","NY047026204A_depths","tsv"
"/home/dthill/seq-diversity/data/genomewide_depth//20241027NY047026212A_depths.tsv",585.755650519031,"20241027","NY047026212A_depths","tsv"
"/home/dthill/seq-diversity/data/genomewide_depth//20241027NY047027073A_depths.tsv",3358.4805467128,"20241027","NY047027073A_depths","tsv"
"/home/dthill/seq-diversity/data/genomewide_depth//20241027NY055028339A_depths.tsv",102.628498269896,"20241027","NY055028339A_depths","tsv"
"/home/dthill/seq-diversity/data/genomewide_depth//20241027NY061026131A_depths.tsv",1711.13021453287,"20241027","NY061026131A_depths","tsv"
"/home/dthill/seq-diversity/data/genomewide_depth//20241027NY061026247A_depths.tsv",2404.60923875433,"20241027","NY061026247A_depths","tsv"
"/home/dthill/seq-diversity/data/genomewide_depth//20241027NY081026115A_depths.tsv",6506.84807958478,"20241027","NY081026115A_depths","tsv"
"/home/dthill/seq-diversity/data/genomewide_depth//20241027NY081026158A_depths.tsv",815.325903114187,"20241027","NY081026158A_depths","tsv"
"/home/dthill/seq-diversity/data/genomewide_depth//20241027NY081026221A_depths.tsv",1314.08285813149,"20241027","NY081026221A_depths","tsv"
"/home/dthill/seq-diversity/data/genomewide_depth//20241027NY081026239A_depths.tsv",3637.20690657439,"20241027","NY081026239A_depths","tsv"
"/home/dthill/seq-diversity/data/genomewide_depth//20241027NY085026107A_depths.tsv",1669.26686851211,"20241027","NY085026107A_depths","tsv"
"/home/dthill/seq-diversity/data/genomewide_depth//20241027NY085026174A_depths.tsv",1166.76488581315,"20241027","NY085026174A_depths","tsv"
"/home/dthill/seq-diversity/data/genomewide_depth//20241027NY119026719A_depths.tsv",48.8561176470588,"20241027","NY119026719A_depths","tsv"
"/home/dthill/seq-diversity/data/genomewide_depth//20241027NY119026786A_depths.tsv",40.1105570934256,"20241027","NY119026786A_depths","tsv"
"/home/dthill/seq-diversity/data/genomewide_depth//20241027NY119108324A_depths.tsv",37.0053667820069,"20241027","NY119108324A_depths","tsv"
"/home/dthill/seq-diversity/data/genomewide_depth//20241028NY013027961A_depths.tsv",58.7281626297578,"20241028","NY013027961A_depths","tsv"
"/home/dthill/seq-diversity/data/genomewide_depth//20241028NY021022039A_depths.tsv",76.8752629757785,"20241028","NY021022039A_depths","tsv"
"/home/dthill/seq-diversity/data/genomewide_depth//20241028NY027026255A_depths.tsv",29.4032283737024,"20241028","NY027026255A_depths","tsv"
"/home/dthill/seq-diversity/data/genomewide_depth//20241028NY031021733A_depths.tsv",294.159446366782,"20241028","NY031021733A_depths","tsv"
"/home/dthill/seq-diversity/data/genomewide_depth//20241028NY059026450A_depths.tsv",251.981844290657,"20241028","NY059026450A_depths","tsv"
"/home/dthill/seq-diversity/data/genomewide_depth//20241028NY059026859A_depths.tsv",362.834131487889,"20241028","NY059026859A_depths","tsv"
"/home/dthill/seq-diversity/data/genomewide_depth//20241028NY063026336A_depths.tsv",267.751595155709,"20241028","NY063026336A_depths","tsv"
"/home/dthill/seq-diversity/data/genomewide_depth//20241028NY087031895A_depths.tsv",80.2401799307958,"20241028","NY087031895A_depths","tsv"
"/home/dthill/seq-diversity/data/genomewide_depth//20241028NY089020117A_depths.tsv",48.908553633218,"20241028","NY089020117A_depths","tsv"
"/home/dthill/seq-diversity/data/genomewide_depth//20241028NY103104809A_depths.tsv",522.388636678201,"20241028","NY103104809A_depths","tsv"
"/home/dthill/seq-diversity/data/genomewide_depth//20241029NY011021903A_depths.tsv",439.558228373702,"20241029","NY011021903A_depths","tsv"
"/home/dthill/seq-diversity/data/genomewide_depth//20241029NY019023949A_depths.tsv",991.831577854671,"20241029","NY019023949A_depths","tsv"
"/home/dthill/seq-diversity/data/genomewide_depth//20241029NY029022136A_depths.tsv",212.563775086505,"20241029","NY029022136A_depths","tsv"
"/home/dthill/seq-diversity/data/genomewide_depth//20241029NY029025950B_depths.tsv",229.119103806228,"20241029","NY029025950B_depths","tsv"
"/home/dthill/seq-diversity/data/genomewide_depth//20241029NY029026395B_depths.tsv",273.777235294118,"20241029","NY029026395B_depths","tsv"
"/home/dthill/seq-diversity/data/genomewide_depth//20241029NY029026395C_depths.tsv",309.085121107266,"20241029","NY029026395C_depths","tsv"
"/home/dthill/seq-diversity/data/genomewide_depth//20241029NY029028410A_depths.tsv",34.2681211072664,"20241029","NY029028410A_depths","tsv"
"/home/dthill/seq-diversity/data/genomewide_depth//20241029NY029028436A_depths.tsv",508.720394463668,"20241029","NY029028436A_depths","tsv"
"/home/dthill/seq-diversity/data/genomewide_depth//20241029NY029095401A_depths.tsv",749.47185467128,"20241029","NY029095401A_depths","tsv"
"/home/dthill/seq-diversity/data/genomewide_depth//20241029NY031022187A_depths.tsv",60.5719238754325,"20241029","NY031022187A_depths","tsv"
"/home/dthill/seq-diversity/data/genomewide_depth//20241029NY037026514A_depths.tsv",171.503809688581,"20241029","NY037026514A_depths","tsv"
"/home/dthill/seq-diversity/data/genomewide_depth//20241029NY041026484A_depths.tsv",4018.65811418685,"20241029","NY041026484A_depths","tsv"
"/home/dthill/seq-diversity/data/genomewide_depth//20241029NY045025984A_depths.tsv",155.969055363322,"20241029","NY045025984A_depths","tsv"
"/home/dthill/seq-diversity/data/genomewide_depth//20241029NY051030635A_depths.tsv",153.825422145329,"20241029","NY051030635A_depths","tsv"
"/home/dthill/seq-diversity/data/genomewide_depth//20241029NY055028339A_depths.tsv",28.6675397923875,"20241029","NY055028339A_depths","tsv"
"/home/dthill/seq-diversity/data/genomewide_depth//20241029NY059026778A_depths.tsv",133.165494809689,"20241029","NY059026778A_depths","tsv"
"/home/dthill/seq-diversity/data/genomewide_depth//20241029NY059026999A_depths.tsv",756.43846366782,"20241029","NY059026999A_depths","tsv"
"/home/dthill/seq-diversity/data/genomewide_depth//20241029NY067025461A_depths.tsv",465.249546712803,"20241029","NY067025461A_depths","tsv"
"/home/dthill/seq-diversity/data/genomewide_depth//20241029NY071026310A_depths.tsv",36.4283425605536,"20241029","NY071026310A_depths","tsv"
"/home/dthill/seq-diversity/data/genomewide_depth//20241029NY071026328A_depths.tsv",68.8659238754325,"20241029","NY071026328A_depths","tsv"
"/home/dthill/seq-diversity/data/genomewide_depth//20241029NY071027901A_depths.tsv",88.9008996539792,"20241029","NY071027901A_depths","tsv"
"/home/dthill/seq-diversity/data/genomewide_depth//20241029NY071031518A_depths.tsv",211.904155709343,"20241029","NY071031518A_depths","tsv"
"/home/dthill/seq-diversity/data/genomewide_depth//20241029NY073021873A_depths.tsv",72.2711868512111,"20241029","NY073021873A_depths","tsv"
"/home/dthill/seq-diversity/data/genomewide_depth//20241029NY075029114A_depths.tsv",58.9649273356401,"20241029","NY075029114A_depths","tsv"
"/home/dthill/seq-diversity/data/genomewide_depth//20241029NY087026051A_depths.tsv",86.881847750865,"20241029","NY087026051A_depths","tsv"
"/home/dthill/seq-diversity/data/genomewide_depth//20241029NY089020818A_depths.tsv",86.9279480968858,"20241029","NY089020818A_depths","tsv"
"/home/dthill/seq-diversity/data/genomewide_depth//20241029NY089029831A_depths.tsv",129.353325259516,"20241029","NY089029831A_depths","tsv"
"/home/dthill/seq-diversity/data/genomewide_depth//20241029NY099022365A_depths.tsv",148.682961937716,"20241029","NY099022365A_depths","tsv"
"/home/dthill/seq-diversity/data/genomewide_depth//20241029NY101021431A_depths.tsv",184.784190311419,"20241029","NY101021431A_depths","tsv"
"/home/dthill/seq-diversity/data/genomewide_depth//20241029NY101023906A_depths.tsv",41.0069411764706,"20241029","NY101023906A_depths","tsv"
"/home/dthill/seq-diversity/data/genomewide_depth//20241029NY103079324A_depths.tsv",2624.03301038062,"20241029","NY103079324A_depths","tsv"
"/home/dthill/seq-diversity/data/genomewide_depth//20241029NY103104809A_depths.tsv",67.287615916955,"20241029","NY103104809A_depths","tsv"
"/home/dthill/seq-diversity/data/genomewide_depth//20241029NY103206644A_depths.tsv",90.7539411764706,"20241029","NY103206644A_depths","tsv"
"/home/dthill/seq-diversity/data/genomewide_depth//20241029NY105030724A_depths.tsv",177.42601384083,"20241029","NY105030724A_depths","tsv"
"/home/dthill/seq-diversity/data/genomewide_depth//20241029NY109020958A_depths.tsv",583.775778546713,"20241029","NY109020958A_depths","tsv"
"/home/dthill/seq-diversity/data/genomewide_depth//20241029NY117029475A_depths.tsv",88.525508650519,"20241029","NY117029475A_depths","tsv"
"/home/dthill/seq-diversity/data/genomewide_depth//20241029NY121021504A_depths.tsv",58.7404325259516,"20241029","NY121021504A_depths","tsv"
"/home/dthill/seq-diversity/data/genomewide_depth//20241030NY013027961A_depths.tsv",177.535252595156,"20241030","NY013027961A_depths","tsv"
"/home/dthill/seq-diversity/data/genomewide_depth//20241030NY015035742A_depths.tsv",61.534276816609,"20241030","NY015035742A_depths","tsv"
"/home/dthill/seq-diversity/data/genomewide_depth//20241030NY019022195A_depths.tsv",187.40255017301,"20241030","NY019022195A_depths","tsv"
"/home/dthill/seq-diversity/data/genomewide_depth//20241030NY019026018A_depths.tsv",104.404221453287,"20241030","NY019026018A_depths","tsv"
"/home/dthill/seq-diversity/data/genomewide_depth//20241030NY025027154A_depths.tsv",276.70321799308,"20241030","NY025027154A_depths","tsv"
"/home/dthill/seq-diversity/data/genomewide_depth//20241030NY025029271A_depths.tsv",60.9539861591696,"20241030","NY025029271A_depths","tsv"
"/home/dthill/seq-diversity/data/genomewide_depth//20241030NY027026255A_depths.tsv",47.1614775086505,"20241030","NY027026255A_depths","tsv"
"/home/dthill/seq-diversity/data/genomewide_depth//20241030NY031021733A_depths.tsv",113.024916955017,"20241030","NY031021733A_depths","tsv"
"/home/dthill/seq-diversity/data/genomewide_depth//20241030NY037030546A_depths.tsv",89.8376816608996,"20241030","NY037030546A_depths","tsv"
"/home/dthill/seq-diversity/data/genomewide_depth//20241030NY051024449A_depths.tsv",103.716570934256,"20241030","NY051024449A_depths","tsv"
"/home/dthill/seq-diversity/data/genomewide_depth//20241030NY055028231A_depths.tsv",207.149595155709,"20241030","NY055028231A_depths","tsv"
"/home/dthill/seq-diversity/data/genomewide_depth//20241030NY057024333A_depths.tsv",27.5600519031142,"20241030","NY057024333A_depths","tsv"
"/home/dthill/seq-diversity/data/genomewide_depth//20241030NY059023523A_depths.tsv",1173.63738754325,"20241030","NY059023523A_depths","tsv"
"/home/dthill/seq-diversity/data/genomewide_depth//20241030NY059026450A_depths.tsv",85.4478096885813,"20241030","NY059026450A_depths","tsv"
"/home/dthill/seq-diversity/data/genomewide_depth//20241030NY059026859A_depths.tsv",898.607169550173,"20241030","NY059026859A_depths","tsv"
"/home/dthill/seq-diversity/data/genomewide_depth//20241030NY063027774A_depths.tsv",58.1584636678201,"20241030","NY063027774A_depths","tsv"
"/home/dthill/seq-diversity/data/genomewide_depth//20241030NY071022144A_depths.tsv",59.4120103806228,"20241030","NY071022144A_depths","tsv"
"/home/dthill/seq-diversity/data/genomewide_depth//20241030NY071026522A_depths.tsv",52.7030553633218,"20241030","NY071026522A_depths","tsv"
"/home/dthill/seq-diversity/data/genomewide_depth//20241030NY071030490A_depths.tsv",78.6819930795848,"20241030","NY071030490A_depths","tsv"
"/home/dthill/seq-diversity/data/genomewide_depth//20241030NY073023256A_depths.tsv",647.945712802768,"20241030","NY073023256A_depths","tsv"
"/home/dthill/seq-diversity/data/genomewide_depth//20241030NY073028401A_depths.tsv",90.4722041522491,"20241030","NY073028401A_depths","tsv"
"/home/dthill/seq-diversity/data/genomewide_depth//20241030NY075026301A_depths.tsv",112.931404844291,"20241030","NY075026301A_depths","tsv"
"/home/dthill/seq-diversity/data/genomewide_depth//20241030NY075029114A_depths.tsv",97.0710346020761,"20241030","NY075029114A_depths","tsv"
"/home/dthill/seq-diversity/data/genomewide_depth//20241030NY079031356A_depths.tsv",35.3703460207612,"20241030","NY079031356A_depths","tsv"
"/home/dthill/seq-diversity/data/genomewide_depth//20241030NY087026051A_depths.tsv",62.8497993079585,"20241030","NY087026051A_depths","tsv"
"/home/dthill/seq-diversity/data/genomewide_depth//20241030NY087270598A_depths.tsv",173.780491349481,"20241030","NY087270598A_depths","tsv"
"/home/dthill/seq-diversity/data/genomewide_depth//20241030NY111030082A_depths.tsv",64.4891003460208,"20241030","NY111030082A_depths","tsv"
"/home/dthill/seq-diversity/data/genomewide_depth//20241030NY119026689A_depths.tsv",188.805702422145,"20241030","NY119026689A_depths","tsv"
"/home/dthill/seq-diversity/data/genomewide_depth//20241030NY119026719A_depths.tsv",37.6957128027682,"20241030","NY119026719A_depths","tsv"
"/home/dthill/seq-diversity/data/genomewide_depth//20241030NY119108324A_depths.tsv",63.4981003460208,"20241030","NY119108324A_depths","tsv"
"/home/dthill/seq-diversity/data/genomewide_depth//20241031NY007024414B_depths.tsv",133.232975778547,"20241031","NY007024414B_depths","tsv"
"/home/dthill/seq-diversity/data/genomewide_depth//20241031NY011021903A_depths.tsv",77.2952629757785,"20241031","NY011021903A_depths","tsv"
"/home/dthill/seq-diversity/data/genomewide_depth//20241031NY017021423A_depths.tsv",388.016529411765,"20241031","NY017021423A_depths","tsv"
"/home/dthill/seq-diversity/data/genomewide_depth//20241031NY051032328A_depths.tsv",202.826252595156,"20241031","NY051032328A_depths","tsv"
"/home/dthill/seq-diversity/data/genomewide_depth//20241031NY059021822A_depths.tsv",223.373283737024,"20241031","NY059021822A_depths","tsv"
"/home/dthill/seq-diversity/data/genomewide_depth//20241031NY059026778A_depths.tsv",4196.47259861592,"20241031","NY059026778A_depths","tsv"
"/home/dthill/seq-diversity/data/genomewide_depth//20241031NY089020818A_depths.tsv",55.5695051903114,"20241031","NY089020818A_depths","tsv"
"/home/dthill/seq-diversity/data/genomewide_depth//20241031NY097271942A_depths.tsv",118.396512110727,"20241031","NY097271942A_depths","tsv"
"/home/dthill/seq-diversity/data/genomewide_depth//20241031NY099033308A_depths.tsv",33.9913529411765,"20241031","NY099033308A_depths","tsv"
"/home/dthill/seq-diversity/data/genomewide_depth//20241031NY101023906A_depths.tsv",124.921761245675,"20241031","NY101023906A_depths","tsv"
"/home/dthill/seq-diversity/data/genomewide_depth//20241031NY103079324A_depths.tsv",1532.25983391003,"20241031","NY103079324A_depths","tsv"
"/home/dthill/seq-diversity/data/genomewide_depth//20241031NY115183695A_depths.tsv",211.04955017301,"20241031","NY115183695A_depths","tsv"
"/home/dthill/seq-diversity/data/genomewide_depth//20241101NY071024422A_depths.tsv",37.4884290657439,"20241101","NY071024422A_depths","tsv"
"/home/dthill/seq-diversity/data/genomewide_depth//20241103NY005026191A_depths.tsv",3623.04376816609,"20241103","NY005026191A_depths","tsv"
"/home/dthill/seq-diversity/data/genomewide_depth//20241103NY047026166A_depths.tsv",2344.29577854671,"20241103","NY047026166A_depths","tsv"
"/home/dthill/seq-diversity/data/genomewide_depth//20241103NY047026182A_depths.tsv",5744.72686851211,"20241103","NY047026182A_depths","tsv"
"/home/dthill/seq-diversity/data/genomewide_depth//20241103NY047026204A_depths.tsv",6637.64623875433,"20241103","NY047026204A_depths","tsv"
"/home/dthill/seq-diversity/data/genomewide_depth//20241103NY047026212A_depths.tsv",3272.33459861592,"20241103","NY047026212A_depths","tsv"
"/home/dthill/seq-diversity/data/genomewide_depth//20241103NY047027073A_depths.tsv",6427.97928027682,"20241103","NY047027073A_depths","tsv"
"/home/dthill/seq-diversity/data/genomewide_depth//20241103NY055028339A_depths.tsv",121.163615916955,"20241103","NY055028339A_depths","tsv"
"/home/dthill/seq-diversity/data/genomewide_depth//20241103NY061026131A_depths.tsv",2788.32711418685,"20241103","NY061026131A_depths","tsv"
"/home/dthill/seq-diversity/data/genomewide_depth//20241103NY061026247A_depths.tsv",1892.10776470588,"20241103","NY061026247A_depths","tsv"
"/home/dthill/seq-diversity/data/genomewide_depth//20241103NY067027081A_depths.tsv",69.2327301038062,"20241103","NY067027081A_depths","tsv"
"/home/dthill/seq-diversity/data/genomewide_depth//20241103NY067027723A_depths.tsv",369.478560553633,"20241103","NY067027723A_depths","tsv"
"/home/dthill/seq-diversity/data/genomewide_depth//20241103NY067030317A_depths.tsv",43.1532560553633,"20241103","NY067030317A_depths","tsv"
"/home/dthill/seq-diversity/data/genomewide_depth//20241103NY081026115A_depths.tsv",7439.20446020761,"20241103","NY081026115A_depths","tsv"
"/home/dthill/seq-diversity/data/genomewide_depth//20241103NY081026158A_depths.tsv",3809.6411349481,"20241103","NY081026158A_depths","tsv"
"/home/dthill/seq-diversity/data/genomewide_depth//20241103NY081026221A_depths.tsv",1969.64670242215,"20241103","NY081026221A_depths","tsv"
"/home/dthill/seq-diversity/data/genomewide_depth//20241103NY081026239A_depths.tsv",3422.22657093426,"20241103","NY081026239A_depths","tsv"
"/home/dthill/seq-diversity/data/genomewide_depth//20241103NY085026107A_depths.tsv",3260.47270242215,"20241103","NY085026107A_depths","tsv"
"/home/dthill/seq-diversity/data/genomewide_depth//20241103NY085026174A_depths.tsv",5499.39291349481,"20241103","NY085026174A_depths","tsv"
"/home/dthill/seq-diversity/data/genomewide_depth//20241103NY119026689A_depths.tsv",42.7138961937716,"20241103","NY119026689A_depths","tsv"
"/home/dthill/seq-diversity/data/genomewide_depth//20241103NY119026697A_depths.tsv",189.135529411765,"20241103","NY119026697A_depths","tsv"
"/home/dthill/seq-diversity/data/genomewide_depth//20241103NY119100803A_depths.tsv",52.0240934256055,"20241103","NY119100803A_depths","tsv"
"/home/dthill/seq-diversity/data/genomewide_depth//20241104NY001026867A_depths.tsv",70.6750692041523,"20241104","NY001026867A_depths","tsv"
"/home/dthill/seq-diversity/data/genomewide_depth//20241104NY013027961A_depths.tsv",156.148941176471,"20241104","NY013027961A_depths","tsv"
"/home/dthill/seq-diversity/data/genomewide_depth//20241104NY023027561A_depths.tsv",38.1185363321799,"20241104","NY023027561A_depths","tsv"
"/home/dthill/seq-diversity/data/genomewide_depth//20241104NY029028436A_depths.tsv",1230.00749480969,"20241104","NY029028436A_depths","tsv"
"/home/dthill/seq-diversity/data/genomewide_depth//20241104NY031021733A_depths.tsv",780.78555017301,"20241104","NY031021733A_depths","tsv"
"/home/dthill/seq-diversity/data/genomewide_depth//20241104NY043036528A_depths.tsv",53.6165328719723,"20241104","NY043036528A_depths","tsv"
"/home/dthill/seq-diversity/data/genomewide_depth//20241104NY045025984A_depths.tsv",70.4931626297578,"20241104","NY045025984A_depths","tsv"
"/home/dthill/seq-diversity/data/genomewide_depth//20241104NY055028231A_depths.tsv",89.9701003460208,"20241104","NY055028231A_depths","tsv"
"/home/dthill/seq-diversity/data/genomewide_depth//20241104NY057020290A_depths.tsv",38.6979584775086,"20241104","NY057020290A_depths","tsv"
"/home/dthill/seq-diversity/data/genomewide_depth//20241104NY063022331A_depths.tsv",212.005958477509,"20241104","NY063022331A_depths","tsv"
"/home/dthill/seq-diversity/data/genomewide_depth//20241104NY063026336A_depths.tsv",49.1214948096886,"20241104","NY063026336A_depths","tsv"
"/home/dthill/seq-diversity/data/genomewide_depth//20241104NY063027979A_depths.tsv",258.473788927336,"20241104","NY063027979A_depths","tsv"
"/home/dthill/seq-diversity/data/genomewide_depth//20241104NY083087971A_depths.tsv",79.0707716262976,"20241104","NY083087971A_depths","tsv"
"/home/dthill/seq-diversity/data/genomewide_depth//20241104NY089020117A_depths.tsv",626.281979238754,"20241104","NY089020117A_depths","tsv"
"/home/dthill/seq-diversity/data/genomewide_depth//20241104NY089031194A_depths.tsv",128.194733564014,"20241104","NY089031194A_depths","tsv"
"/home/dthill/seq-diversity/data/genomewide_depth//20241104NY113029050A_depths.tsv",42.505875432526,"20241104","NY113029050A_depths","tsv"
"/home/dthill/seq-diversity/data/genomewide_depth//20241105NY007024414B_depths.tsv",82.1665674740484,"20241105","NY007024414B_depths","tsv"
"/home/dthill/seq-diversity/data/genomewide_depth//20241105NY007024414C_depths.tsv",77.4243806228374,"20241105","NY007024414C_depths","tsv"
"/home/dthill/seq-diversity/data/genomewide_depth//20241105NY027149209A_depths.tsv",323.872515570934,"20241105","NY027149209A_depths","tsv"
"/home/dthill/seq-diversity/data/genomewide_depth//20241105NY029022136A_depths.tsv",643.338747404844,"20241105","NY029022136A_depths","tsv"
"/home/dthill/seq-diversity/data/genomewide_depth//20241105NY029025950B_depths.tsv",280.547996539792,"20241105","NY029025950B_depths","tsv"
"/home/dthill/seq-diversity/data/genomewide_depth//20241105NY029026395C_depths.tsv",231.214806228374,"20241105","NY029026395C_depths","tsv"
"/home/dthill/seq-diversity/data/genomewide_depth//20241105NY029095401A_depths.tsv",941.200685121107,"20241105","NY029095401A_depths","tsv"
"/home/dthill/seq-diversity/data/genomewide_depth//20241105NY037026514A_depths.tsv",58.551044982699,"20241105","NY037026514A_depths","tsv"
"/home/dthill/seq-diversity/data/genomewide_depth//20241105NY051024384A_depths.tsv",124.081387543253,"20241105","NY051024384A_depths","tsv"
"/home/dthill/seq-diversity/data/genomewide_depth//20241105NY055028339A_depths.tsv",248.283366782007,"20241105","NY055028339A_depths","tsv"
"/home/dthill/seq-diversity/data/genomewide_depth//20241105NY069025968A_depths.tsv",143.027653979239,"20241105","NY069025968A_depths","tsv"
"/home/dthill/seq-diversity/data/genomewide_depth//20241105NY071026328A_depths.tsv",28.5588408304498,"20241105","NY071026328A_depths","tsv"
"/home/dthill/seq-diversity/data/genomewide_depth//20241105NY071027901A_depths.tsv",59.7673910034602,"20241105","NY071027901A_depths","tsv"
"/home/dthill/seq-diversity/data/genomewide_depth//20241105NY087026051A_depths.tsv",93.7100899653979,"20241105","NY087026051A_depths","tsv"
"/home/dthill/seq-diversity/data/genomewide_depth//20241105NY099022365A_depths.tsv",174.594435986159,"20241105","NY099022365A_depths","tsv"
"/home/dthill/seq-diversity/data/genomewide_depth//20241105NY101025712A_depths.tsv",955.508124567474,"20241105","NY101025712A_depths","tsv"
"/home/dthill/seq-diversity/data/genomewide_depth//20241105NY105030724A_depths.tsv",4258.0980449827,"20241105","NY105030724A_depths","tsv"
"/home/dthill/seq-diversity/data/genomewide_depth//20241105NY109020958A_depths.tsv",512.520435986159,"20241105","NY109020958A_depths","tsv"
"/home/dthill/seq-diversity/data/genomewide_depth//20241105NY111029351A_depths.tsv",27.0742110726644,"20241105","NY111029351A_depths","tsv"
"/home/dthill/seq-diversity/data/genomewide_depth//20241105NY113094366A_depths.tsv",69.4869238754325,"20241105","NY113094366A_depths","tsv"
"/home/dthill/seq-diversity/data/genomewide_depth//20241106NY007027669A_depths.tsv",485.8473183391,"20241106","NY007027669A_depths","tsv"
"/home/dthill/seq-diversity/data/genomewide_depth//20241106NY013027961A_depths.tsv",82.8004844290657,"20241106","NY013027961A_depths","tsv"
"/home/dthill/seq-diversity/data/genomewide_depth//20241106NY013106895A_depths.tsv",88.1781349480969,"20241106","NY013106895A_depths","tsv"
"/home/dthill/seq-diversity/data/genomewide_depth//20241106NY019026018A_depths.tsv",53.3048200692042,"20241106","NY019026018A_depths","tsv"
"/home/dthill/seq-diversity/data/genomewide_depth//20241106NY025027154A_depths.tsv",547.452131487889,"20241106","NY025027154A_depths","tsv"
"/home/dthill/seq-diversity/data/genomewide_depth//20241106NY027026255A_depths.tsv",57.8414809688581,"20241106","NY027026255A_depths","tsv"
"/home/dthill/seq-diversity/data/genomewide_depth//20241106NY031036706A_depths.tsv",259.777903114187,"20241106","NY031036706A_depths","tsv"
"/home/dthill/seq-diversity/data/genomewide_depth//20241106NY037030546A_depths.tsv",86.5655051903114,"20241106","NY037030546A_depths","tsv"
"/home/dthill/seq-diversity/data/genomewide_depth//20241106NY051024449A_depths.tsv",61.9895916955017,"20241106","NY051024449A_depths","tsv"
"/home/dthill/seq-diversity/data/genomewide_depth//20241106NY057024333A_depths.tsv",25.4853875432526,"20241106","NY057024333A_depths","tsv"
"/home/dthill/seq-diversity/data/genomewide_depth//20241106NY059026859A_depths.tsv",78.8628373702422,"20241106","NY059026859A_depths","tsv"
"/home/dthill/seq-diversity/data/genomewide_depth//20241106NY063027774A_depths.tsv",259.303671280277,"20241106","NY063027774A_depths","tsv"
"/home/dthill/seq-diversity/data/genomewide_depth//20241106NY071026522A_depths.tsv",152.275096885813,"20241106","NY071026522A_depths","tsv"
"/home/dthill/seq-diversity/data/genomewide_depth//20241106NY073028401A_depths.tsv",233.128352941176,"20241106","NY073028401A_depths","tsv"
"/home/dthill/seq-diversity/data/genomewide_depth//20241106NY075026301A_depths.tsv",86.9979446366782,"20241106","NY075026301A_depths","tsv"
"/home/dthill/seq-diversity/data/genomewide_depth//20241106NY075029114A_depths.tsv",38.1201557093426,"20241106","NY075029114A_depths","tsv"
"/home/dthill/seq-diversity/data/genomewide_depth//20241106NY079022721A_depths.tsv",98.9186539792388,"20241106","NY079022721A_depths","tsv"
"/home/dthill/seq-diversity/data/genomewide_depth//20241106NY087026051A_depths.tsv",45.8441730103806,"20241106","NY087026051A_depths","tsv"
"/home/dthill/seq-diversity/data/genomewide_depth//20241106NY087028533A_depths.tsv",45.492384083045,"20241106","NY087028533A_depths","tsv"
"/home/dthill/seq-diversity/data/genomewide_depth//20241106NY087270598A_depths.tsv",32.0160173010381,"20241106","NY087270598A_depths","tsv"
"/home/dthill/seq-diversity/data/genomewide_depth//20241106NY089020117A_depths.tsv",447.647993079585,"20241106","NY089020117A_depths","tsv"
"/home/dthill/seq-diversity/data/genomewide_depth//20241106NY089031194A_depths.tsv",52.5139826989619,"20241106","NY089031194A_depths","tsv"
"/home/dthill/seq-diversity/data/genomewide_depth//20241106NY095024201A_depths.tsv",37.1083667820069,"20241106","NY095024201A_depths","tsv"
"/home/dthill/seq-diversity/data/genomewide_depth//20241106NY103206644A_depths.tsv",343.112688581315,"20241106","NY103206644A_depths","tsv"
"/home/dthill/seq-diversity/data/genomewide_depth//20241106NY107029262A_depths.tsv",277.21915916955,"20241106","NY107029262A_depths","tsv"
"/home/dthill/seq-diversity/data/genomewide_depth//20241106NY109026638A_depths.tsv",55.3249238754325,"20241106","NY109026638A_depths","tsv"
"/home/dthill/seq-diversity/data/genomewide_depth//20241106NY111031208A_depths.tsv",79.9102179930796,"20241106","NY111031208A_depths","tsv"
"/home/dthill/seq-diversity/data/genomewide_depth//20241106NY119026697A_depths.tsv",260.891280276817,"20241106","NY119026697A_depths","tsv"
"/home/dthill/seq-diversity/data/genomewide_depth//20241106NY119026701A_depths.tsv",396.601920415225,"20241106","NY119026701A_depths","tsv"
"/home/dthill/seq-diversity/data/genomewide_depth//20241106NY123029726A_depths.tsv",431.439705882353,"20241106","NY123029726A_depths","tsv"
"/home/dthill/seq-diversity/data/genomewide_depth//20241107NY011021903A_depths.tsv",26.9022664359862,"20241107","NY011021903A_depths","tsv"
"/home/dthill/seq-diversity/data/genomewide_depth//20241107NY017021423A_depths.tsv",112.599709342561,"20241107","NY017021423A_depths","tsv"
"/home/dthill/seq-diversity/data/genomewide_depth//20241107NY029022543A_depths.tsv",168.224024221453,"20241107","NY029022543A_depths","tsv"
"/home/dthill/seq-diversity/data/genomewide_depth//20241107NY029032093A_depths.tsv",2463.50338754325,"20241107","NY029032093A_depths","tsv"
"/home/dthill/seq-diversity/data/genomewide_depth//20241107NY055021610A_depths.tsv",126.095657439446,"20241107","NY055021610A_depths","tsv"
"/home/dthill/seq-diversity/data/genomewide_depth//20241107NY059020567A_depths.tsv",182.364941176471,"20241107","NY059020567A_depths","tsv"
"/home/dthill/seq-diversity/data/genomewide_depth//20241107NY059026999A_depths.tsv",329.50514532872,"20241107","NY059026999A_depths","tsv"
"/home/dthill/seq-diversity/data/genomewide_depth//20241107NY063027979A_depths.tsv",309.472955017301,"20241107","NY063027979A_depths","tsv"
"/home/dthill/seq-diversity/data/genomewide_depth//20241107NY089020818A_depths.tsv",159.091595155709,"20241107","NY089020818A_depths","tsv"
"/home/dthill/seq-diversity/data/genomewide_depth//20241107NY093020516A_depths.tsv",36.5600103806228,"20241107","NY093020516A_depths","tsv"
"/home/dthill/seq-diversity/data/genomewide_depth//20241107NY097271942A_depths.tsv",39.1533598615917,"20241107","NY097271942A_depths","tsv"
"/home/dthill/seq-diversity/data/genomewide_depth//20241107NY099033308A_depths.tsv",40.09123183391,"20241107","NY099033308A_depths","tsv"
"/home/dthill/seq-diversity/data/genomewide_depth//20241107NY101023906A_depths.tsv",54.6252352941176,"20241107","NY101023906A_depths","tsv"
"/home/dthill/seq-diversity/data/genomewide_depth//20241107NY101025712A_depths.tsv",220.402121107266,"20241107","NY101025712A_depths","tsv"
"/home/dthill/seq-diversity/data/genomewide_depth//20241107NY113029050A_depths.tsv",108.002785467128,"20241107","NY113029050A_depths","tsv"
"/home/dthill/seq-diversity/data/genomewide_depth//20241107NY115024929A_depths.tsv",52.6334878892734,"20241107","NY115024929A_depths","tsv"
"/home/dthill/seq-diversity/data/genomewide_depth//20241107NY117027171A_depths.tsv",96.6169134948097,"20241107","NY117027171A_depths","tsv"
"/home/dthill/seq-diversity/data/genomewide_depth//20241108NY071024422A_depths.tsv",46.654615916955,"20241108","NY071024422A_depths","tsv"
"/home/dthill/seq-diversity/data/genomewide_depth//20241108NY087031895A_depths.tsv",39.1572975778547,"20241108","NY087031895A_depths","tsv"
"/home/dthill/seq-diversity/data/genomewide_depth//20241110NY029028436A_depths.tsv",1026.81679584775,"20241110","NY029028436A_depths","tsv"
"/home/dthill/seq-diversity/data/genomewide_depth//20241110NY119026689A_depths.tsv",187.439826989619,"20241110","NY119026689A_depths","tsv"
"/home/dthill/seq-diversity/data/genomewide_depth//20241110NY119026701A_depths.tsv",52.2352837370242,"20241110","NY119026701A_depths","tsv"
"/home/dthill/seq-diversity/data/genomewide_depth//20241110NY119026719A_depths.tsv",719.761055363322,"20241110","NY119026719A_depths","tsv"
"/home/dthill/seq-diversity/data/genomewide_depth//20241110NY119026786A_depths.tsv",235.579982698962,"20241110","NY119026786A_depths","tsv"
"/home/dthill/seq-diversity/data/genomewide_depth//20241110NY119100803A_depths.tsv",36.3411280276817,"20241110","NY119100803A_depths","tsv"
"/home/dthill/seq-diversity/data/genomewide_depth//20241111NY013027961A_depths.tsv",118.58960899654,"20241111","NY013027961A_depths","tsv"
"/home/dthill/seq-diversity/data/genomewide_depth//20241111NY027026255A_depths.tsv",179.386096885813,"20241111","NY027026255A_depths","tsv"
"/home/dthill/seq-diversity/data/genomewide_depth//20241111NY031021733A_depths.tsv",149.152093425606,"20241111","NY031021733A_depths","tsv"
"/home/dthill/seq-diversity/data/genomewide_depth//20241111NY055028231A_depths.tsv",36.4635605536332,"20241111","NY055028231A_depths","tsv"
"/home/dthill/seq-diversity/data/genomewide_depth//20241111NY059026859A_depths.tsv",132.109809688581,"20241111","NY059026859A_depths","tsv"
"/home/dthill/seq-diversity/data/genomewide_depth//20241111NY063027979A_depths.tsv",36.4881453287197,"20241111","NY063027979A_depths","tsv"
"/home/dthill/seq-diversity/data/genomewide_depth//20241111NY067027081A_depths.tsv",33.3072076124568,"20241111","NY067027081A_depths","tsv"
"/home/dthill/seq-diversity/data/genomewide_depth//20241111NY067027723A_depths.tsv",28.5583252595156,"20241111","NY067027723A_depths","tsv"
"/home/dthill/seq-diversity/data/genomewide_depth//20241112NY001025739A_depths.tsv",138.622429065744,"20241112","NY001025739A_depths","tsv"
"/home/dthill/seq-diversity/data/genomewide_depth//20241112NY005026191A_depths.tsv",5413.86074394464,"20241112","NY005026191A_depths","tsv"
"/home/dthill/seq-diversity/data/genomewide_depth//20241112NY007024414B_depths.tsv",94.3313356401384,"20241112","NY007024414B_depths","tsv"
"/home/dthill/seq-diversity/data/genomewide_depth//20241112NY007024414C_depths.tsv",43.1737474048443,"20241112","NY007024414C_depths","tsv"
"/home/dthill/seq-diversity/data/genomewide_depth//20241112NY011021903A_depths.tsv",52.3929065743945,"20241112","NY011021903A_depths","tsv"
"/home/dthill/seq-diversity/data/genomewide_depth//20241112NY013027570A_depths.tsv",990.040647058824,"20241112","NY013027570A_depths","tsv"
"/home/dthill/seq-diversity/data/genomewide_depth//20241112NY021022039A_depths.tsv",74.4344740484429,"20241112","NY021022039A_depths","tsv"
"/home/dthill/seq-diversity/data/genomewide_depth//20241112NY027149209A_depths.tsv",64.3618442906574,"20241112","NY027149209A_depths","tsv"
"/home/dthill/seq-diversity/data/genomewide_depth//20241112NY029025950B_depths.tsv",323.911667820069,"20241112","NY029025950B_depths","tsv"
"/home/dthill/seq-diversity/data/genomewide_depth//20241112NY029026395B_depths.tsv",207.319079584775,"20241112","NY029026395B_depths","tsv"
"/home/dthill/seq-diversity/data/genomewide_depth//20241112NY029026395C_depths.tsv",222.198387543253,"20241112","NY029026395C_depths","tsv"
"/home/dthill/seq-diversity/data/genomewide_depth//20241112NY029095401A_depths.tsv",608.225716262976,"20241112","NY029095401A_depths","tsv"
"/home/dthill/seq-diversity/data/genomewide_depth//20241112NY037026514A_depths.tsv",75.2273979238754,"20241112","NY037026514A_depths","tsv"
"/home/dthill/seq-diversity/data/genomewide_depth//20241112NY043036528A_depths.tsv",135.992197231834,"20241112","NY043036528A_depths","tsv"
"/home/dthill/seq-diversity/data/genomewide_depth//20241112NY047026166A_depths.tsv",2941.0894532872,"20241112","NY047026166A_depths","tsv"
"/home/dthill/seq-diversity/data/genomewide_depth//20241112NY047026182A_depths.tsv",6495.09124913495,"20241112","NY047026182A_depths","tsv"
"/home/dthill/seq-diversity/data/genomewide_depth//20241112NY047026204A_depths.tsv",4899.14833217993,"20241112","NY047026204A_depths","tsv"
"/home/dthill/seq-diversity/data/genomewide_depth//20241112NY047026212A_depths.tsv",2553.95591695502,"20241112","NY047026212A_depths","tsv"
"/home/dthill/seq-diversity/data/genomewide_depth//20241112NY047027073A_depths.tsv",4017.12652595156,"20241112","NY047027073A_depths","tsv"
"/home/dthill/seq-diversity/data/genomewide_depth//20241112NY051024384A_depths.tsv",44.6991937716263,"20241112","NY051024384A_depths","tsv"
"/home/dthill/seq-diversity/data/genomewide_depth//20241112NY051030635A_depths.tsv",96.1864636678201,"20241112","NY051030635A_depths","tsv"
"/home/dthill/seq-diversity/data/genomewide_depth//20241112NY061026131A_depths.tsv",1749.81092041522,"20241112","NY061026131A_depths","tsv"
"/home/dthill/seq-diversity/data/genomewide_depth//20241112NY061026247A_depths.tsv",3666.92520415225,"20241112","NY061026247A_depths","tsv"
"/home/dthill/seq-diversity/data/genomewide_depth//20241112NY063026336A_depths.tsv",364.808280276817,"20241112","NY063026336A_depths","tsv"
"/home/dthill/seq-diversity/data/genomewide_depth//20241112NY065025780B_depths.tsv",295.358290657439,"20241112","NY065025780B_depths","tsv"
"/home/dthill/seq-diversity/data/genomewide_depth//20241112NY065025780C_depths.tsv",339.335051903114,"20241112","NY065025780C_depths","tsv"
"/home/dthill/seq-diversity/data/genomewide_depth//20241112NY071023680A_depths.tsv",76.7945017301038,"20241112","NY071023680A_depths","tsv"
"/home/dthill/seq-diversity/data/genomewide_depth//20241112NY071026310A_depths.tsv",38.2632837370242,"20241112","NY071026310A_depths","tsv"
"/home/dthill/seq-diversity/data/genomewide_depth//20241112NY071026328A_depths.tsv",75.9987543252595,"20241112","NY071026328A_depths","tsv"
"/home/dthill/seq-diversity/data/genomewide_depth//20241112NY071027901A_depths.tsv",171.775249134948,"20241112","NY071027901A_depths","tsv"
"/home/dthill/seq-diversity/data/genomewide_depth//20241112NY075029106A_depths.tsv",28.3960830449827,"20241112","NY075029106A_depths","tsv"
"/home/dthill/seq-diversity/data/genomewide_depth//20241112NY081026115A_depths.tsv",8262.11180276817,"20241112","NY081026115A_depths","tsv"
"/home/dthill/seq-diversity/data/genomewide_depth//20241112NY081026158A_depths.tsv",12574.4752145329,"20241112","NY081026158A_depths","tsv"
"/home/dthill/seq-diversity/data/genomewide_depth//20241112NY081026221A_depths.tsv",7054.49980622837,"20241112","NY081026221A_depths","tsv"
"/home/dthill/seq-diversity/data/genomewide_depth//20241112NY081026239A_depths.tsv",4935.77119377163,"20241112","NY081026239A_depths","tsv"
"/home/dthill/seq-diversity/data/genomewide_depth//20241112NY083087971A_depths.tsv",145.727598615917,"20241112","NY083087971A_depths","tsv"
"/home/dthill/seq-diversity/data/genomewide_depth//20241112NY085026107A_depths.tsv",2600.77439792388,"20241112","NY085026107A_depths","tsv"
"/home/dthill/seq-diversity/data/genomewide_depth//20241112NY085026174A_depths.tsv",5912.86090657439,"20241112","NY085026174A_depths","tsv"
"/home/dthill/seq-diversity/data/genomewide_depth//20241112NY087026051A_depths.tsv",29.7929584775087,"20241112","NY087026051A_depths","tsv"
"/home/dthill/seq-diversity/data/genomewide_depth//20241112NY101023906A_depths.tsv",158.727650519031,"20241112","NY101023906A_depths","tsv"
"/home/dthill/seq-diversity/data/genomewide_depth//20241112NY113094366A_depths.tsv",430.424975778547,"20241112","NY113094366A_depths","tsv"
"/home/dthill/seq-diversity/data/genomewide_depth//20241112NY117029475A_depths.tsv",32.1630553633218,"20241112","NY117029475A_depths","tsv"
"/home/dthill/seq-diversity/data/genomewide_depth//20241112NY119026719A_depths.tsv",74.9730899653979,"20241112","NY119026719A_depths","tsv"
"/home/dthill/seq-diversity/data/genomewide_depth//20241112NY121021504A_depths.tsv",231.908833910035,"20241112","NY121021504A_depths","tsv"
"/home/dthill/seq-diversity/data/genomewide_depth//20241113NY013027961A_depths.tsv",494.498432525952,"20241113","NY013027961A_depths","tsv"
"/home/dthill/seq-diversity/data/genomewide_depth//20241113NY013106895A_depths.tsv",83.3491557093426,"20241113","NY013106895A_depths","tsv"
"/home/dthill/seq-diversity/data/genomewide_depth//20241113NY015036986A_depths.tsv",175.165297577855,"20241113","NY015036986A_depths","tsv"
"/home/dthill/seq-diversity/data/genomewide_depth//20241113NY025029271A_depths.tsv",577.169193771626,"20241113","NY025029271A_depths","tsv"
"/home/dthill/seq-diversity/data/genomewide_depth//20241113NY027026271A_depths.tsv",46.6958685121107,"20241113","NY027026271A_depths","tsv"
"/home/dthill/seq-diversity/data/genomewide_depth//20241113NY037030546A_depths.tsv",30.6560415224913,"20241113","NY037030546A_depths","tsv"
"/home/dthill/seq-diversity/data/genomewide_depth//20241113NY045025984B_depths.tsv",27.937169550173,"20241113","NY045025984B_depths","tsv"
"/home/dthill/seq-diversity/data/genomewide_depth//20241113NY051024449A_depths.tsv",121.789484429066,"20241113","NY051024449A_depths","tsv"
"/home/dthill/seq-diversity/data/genomewide_depth//20241113NY055028231A_depths.tsv",111.670813148789,"20241113","NY055028231A_depths","tsv"
"/home/dthill/seq-diversity/data/genomewide_depth//20241113NY063027774A_depths.tsv",42.0901176470588,"20241113","NY063027774A_depths","tsv"
"/home/dthill/seq-diversity/data/genomewide_depth//20241113NY071024422A_depths.tsv",40.978384083045,"20241113","NY071024422A_depths","tsv"
"/home/dthill/seq-diversity/data/genomewide_depth//20241113NY071026310A_depths.tsv",43.1979169550173,"20241113","NY071026310A_depths","tsv"
"/home/dthill/seq-diversity/data/genomewide_depth//20241113NY071026522A_depths.tsv",275.024204152249,"20241113","NY071026522A_depths","tsv"
"/home/dthill/seq-diversity/data/genomewide_depth//20241113NY075029106A_depths.tsv",74.9355813148789,"20241113","NY075029106A_depths","tsv"
"/home/dthill/seq-diversity/data/genomewide_depth//20241113NY087028533A_depths.tsv",59.3865674740484,"20241113","NY087028533A_depths","tsv"
"/home/dthill/seq-diversity/data/genomewide_depth//20241113NY087270598A_depths.tsv",73.3946678200692,"20241113","NY087270598A_depths","tsv"
"/home/dthill/seq-diversity/data/genomewide_depth//20241113NY089020117A_depths.tsv",491.85914532872,"20241113","NY089020117A_depths","tsv"
"/home/dthill/seq-diversity/data/genomewide_depth//20241113NY089031194A_depths.tsv",55.5124602076125,"20241113","NY089031194A_depths","tsv"
"/home/dthill/seq-diversity/data/genomewide_depth//20241113NY091028240A_depths.tsv",280.985176470588,"20241113","NY091028240A_depths","tsv"
"/home/dthill/seq-diversity/data/genomewide_depth//20241113NY105022454A_depths.tsv",138.661525951557,"20241113","NY105022454A_depths","tsv"
"/home/dthill/seq-diversity/data/genomewide_depth//20241113NY107029262A_depths.tsv",157.153204152249,"20241113","NY107029262A_depths","tsv"
"/home/dthill/seq-diversity/data/genomewide_depth//20241113NY109026638A_depths.tsv",39.2269965397924,"20241113","NY109026638A_depths","tsv"
"/home/dthill/seq-diversity/data/genomewide_depth//20241113NY111029351A_depths.tsv",42.3959480968858,"20241113","NY111029351A_depths","tsv"
"/home/dthill/seq-diversity/data/genomewide_depth//20241113NY111030082A_depths.tsv",251.540851211073,"20241113","NY111030082A_depths","tsv"
"/home/dthill/seq-diversity/data/genomewide_depth//20241113NY119026689A_depths.tsv",42.5063252595156,"20241113","NY119026689A_depths","tsv"
"/home/dthill/seq-diversity/data/genomewide_depth//20241113NY119100803A_depths.tsv",47.3856332179931,"20241113","NY119100803A_depths","tsv"
"/home/dthill/seq-diversity/data/genomewide_depth//20241114NY001025739A_depths.tsv",141.31337716263,"20241114","NY001025739A_depths","tsv"
"/home/dthill/seq-diversity/data/genomewide_depth//20241114NY007024414B_depths.tsv",256.905065743945,"20241114","NY007024414B_depths","tsv"
"/home/dthill/seq-diversity/data/genomewide_depth//20241114NY007024414C_depths.tsv",65.2822041522491,"20241114","NY007024414C_depths","tsv"
"/home/dthill/seq-diversity/data/genomewide_depth//20241114NY011021903A_depths.tsv",31.2291660899654,"20241114","NY011021903A_depths","tsv"
"/home/dthill/seq-diversity/data/genomewide_depth//20241114NY017021423A_depths.tsv",173.177698961938,"20241114","NY017021423A_depths","tsv"
"/home/dthill/seq-diversity/data/genomewide_depth//20241114NY025026565A_depths.tsv",112.534667820069,"20241114","NY025026565A_depths","tsv"
"/home/dthill/seq-diversity/data/genomewide_depth//20241114NY051032328A_depths.tsv",109.747501730104,"20241114","NY051032328A_depths","tsv"
"/home/dthill/seq-diversity/data/genomewide_depth//20241114NY055021610A_depths.tsv",77.3107750865052,"20241114","NY055021610A_depths","tsv"
"/home/dthill/seq-diversity/data/genomewide_depth//20241114NY059021822A_depths.tsv",4337.00694117647,"20241114","NY059021822A_depths","tsv"
"/home/dthill/seq-diversity/data/genomewide_depth//20241114NY059026999A_depths.tsv",223.68684083045,"20241114","NY059026999A_depths","tsv"
"/home/dthill/seq-diversity/data/genomewide_depth//20241114NY065025780B_depths.tsv",201.382795847751,"20241114","NY065025780B_depths","tsv"
"/home/dthill/seq-diversity/data/genomewide_depth//20241114NY071026328A_depths.tsv",187.065892733564,"20241114","NY071026328A_depths","tsv"
"/home/dthill/seq-diversity/data/genomewide_depth//20241114NY071027901A_depths.tsv",77.3517543252595,"20241114","NY071027901A_depths","tsv"
"/home/dthill/seq-diversity/data/genomewide_depth//20241114NY087028533A_depths.tsv",157.523266435986,"20241114","NY087028533A_depths","tsv"
"/home/dthill/seq-diversity/data/genomewide_depth//20241114NY087028851A_depths.tsv",44.4543633217993,"20241114","NY087028851A_depths","tsv"
"/home/dthill/seq-diversity/data/genomewide_depth//20241114NY087031895A_depths.tsv",90.2272456747405,"20241114","NY087031895A_depths","tsv"
"/home/dthill/seq-diversity/data/genomewide_depth//20241114NY089020818A_depths.tsv",244.678823529412,"20241114","NY089020818A_depths","tsv"
"/home/dthill/seq-diversity/data/genomewide_depth//20241114NY093020516A_depths.tsv",47.3799792387543,"20241114","NY093020516A_depths","tsv"
"/home/dthill/seq-diversity/data/genomewide_depth//20241114NY099033308A_depths.tsv",206.447743944637,"20241114","NY099033308A_depths","tsv"
"/home/dthill/seq-diversity/data/genomewide_depth//20241114NY101021431A_depths.tsv",48.66023183391,"20241114","NY101021431A_depths","tsv"
"/home/dthill/seq-diversity/data/genomewide_depth//20241114NY101023906A_depths.tsv",1032.14464705882,"20241114","NY101023906A_depths","tsv"
"/home/dthill/seq-diversity/data/genomewide_depth//20241114NY101025712A_depths.tsv",59.3859688581315,"20241114","NY101025712A_depths","tsv"
"/home/dthill/seq-diversity/data/genomewide_depth//20241114NY103104809A_depths.tsv",102.601982698962,"20241114","NY103104809A_depths","tsv"
"/home/dthill/seq-diversity/data/genomewide_depth//20241114NY115024929A_depths.tsv",117.257743944637,"20241114","NY115024929A_depths","tsv"
"/home/dthill/seq-diversity/data/genomewide_depth//20241116NY045025984A_depths.tsv",27.3420726643599,"20241116","NY045025984A_depths","tsv"
"/home/dthill/seq-diversity/data/genomewide_depth//20241117NY005026191A_depths.tsv",2840.43946020761,"20241117","NY005026191A_depths","tsv"
"/home/dthill/seq-diversity/data/genomewide_depth//20241117NY029028436A_depths.tsv",276.044519031142,"20241117","NY029028436A_depths","tsv"
"/home/dthill/seq-diversity/data/genomewide_depth//20241117NY047026166A_depths.tsv",4522.17059515571,"20241117","NY047026166A_depths","tsv"
"/home/dthill/seq-diversity/data/genomewide_depth//20241117NY047026182A_depths.tsv",4441.67612802768,"20241117","NY047026182A_depths","tsv"
"/home/dthill/seq-diversity/data/genomewide_depth//20241117NY047026204A_depths.tsv",3172.91682698962,"20241117","NY047026204A_depths","tsv"
"/home/dthill/seq-diversity/data/genomewide_depth//20241117NY047026212A_depths.tsv",2261.08826297578,"20241117","NY047026212A_depths","tsv"
"/home/dthill/seq-diversity/data/genomewide_depth//20241117NY047027073A_depths.tsv",3272.90359515571,"20241117","NY047027073A_depths","tsv"
"/home/dthill/seq-diversity/data/genomewide_depth//20241117NY055028339A_depths.tsv",111.661633217993,"20241117","NY055028339A_depths","tsv"
"/home/dthill/seq-diversity/data/genomewide_depth//20241117NY061026131A_depths.tsv",2399.12682698962,"20241117","NY061026131A_depths","tsv"
"/home/dthill/seq-diversity/data/genomewide_depth//20241117NY061026247A_depths.tsv",3838.56480276817,"20241117","NY061026247A_depths","tsv"
"/home/dthill/seq-diversity/data/genomewide_depth//20241117NY081026115A_depths.tsv",3291.72147058824,"20241117","NY081026115A_depths","tsv"
"/home/dthill/seq-diversity/data/genomewide_depth//20241117NY081026158A_depths.tsv",5157.22652249135,"20241117","NY081026158A_depths","tsv"
"/home/dthill/seq-diversity/data/genomewide_depth//20241117NY081026221A_depths.tsv",4707.88011418685,"20241117","NY081026221A_depths","tsv"
"/home/dthill/seq-diversity/data/genomewide_depth//20241117NY081026239A_depths.tsv",4564.48602768166,"20241117","NY081026239A_depths","tsv"
"/home/dthill/seq-diversity/data/genomewide_depth//20241117NY085026107A_depths.tsv",2406.70846712803,"20241117","NY085026107A_depths","tsv"
"/home/dthill/seq-diversity/data/genomewide_depth//20241117NY085026174A_depths.tsv",2540.42723183391,"20241117","NY085026174A_depths","tsv"
"/home/dthill/seq-diversity/data/genomewide_depth//20241117NY119026689A_depths.tsv",147.40401384083,"20241117","NY119026689A_depths","tsv"
"/home/dthill/seq-diversity/data/genomewide_depth//20241117NY119026697A_depths.tsv",53.2579446366782,"20241117","NY119026697A_depths","tsv"
"/home/dthill/seq-diversity/data/genomewide_depth//20241117NY119026701A_depths.tsv",174.695103806228,"20241117","NY119026701A_depths","tsv"
"/home/dthill/seq-diversity/data/genomewide_depth//20241117NY119100803A_depths.tsv",34.799169550173,"20241117","NY119100803A_depths","tsv"
"/home/dthill/seq-diversity/data/genomewide_depth//20241118NY019026018A_depths.tsv",30.5233667820069,"20241118","NY019026018A_depths","tsv"
"/home/dthill/seq-diversity/data/genomewide_depth//20241118NY043036528A_depths.tsv",93.3029757785467,"20241118","NY043036528A_depths","tsv"
"/home/dthill/seq-diversity/data/genomewide_depth//20241118NY063026336A_depths.tsv",73.5996574394464,"20241118","NY063026336A_depths","tsv"
"/home/dthill/seq-diversity/data/genomewide_depth//20241118NY065025780B_depths.tsv",300.40923183391,"20241118","NY065025780B_depths","tsv"
"/home/dthill/seq-diversity/data/genomewide_depth//20241118NY065025780C_depths.tsv",1303.95196539792,"20241118","NY065025780C_depths","tsv"
"/home/dthill/seq-diversity/data/genomewide_depth//20241118NY087031895A_depths.tsv",184.68523183391,"20241118","NY087031895A_depths","tsv"
"/home/dthill/seq-diversity/data/genomewide_depth//20241118NY089020117A_depths.tsv",195.96262283737,"20241118","NY089020117A_depths","tsv"
"/home/dthill/seq-diversity/data/genomewide_depth//20241118NY089031194A_depths.tsv",39.6943287197232,"20241118","NY089031194A_depths","tsv"
"/home/dthill/seq-diversity/data/genomewide_depth//20241118NY091028240A_depths.tsv",91.9438166089965,"20241118","NY091028240A_depths","tsv"
"/home/dthill/seq-diversity/data/genomewide_depth//20241119NY005026191A_depths.tsv",4039.51161937716,"20241119","NY005026191A_depths","tsv"
"/home/dthill/seq-diversity/data/genomewide_depth//20241119NY007027669A_depths.tsv",93.575276816609,"20241119","NY007027669A_depths","tsv"
"/home/dthill/seq-diversity/data/genomewide_depth//20241119NY011021903A_depths.tsv",50.7794048442907,"20241119","NY011021903A_depths","tsv"
"/home/dthill/seq-diversity/data/genomewide_depth//20241119NY019023949A_depths.tsv",441.504934256055,"20241119","NY019023949A_depths","tsv"
"/home/dthill/seq-diversity/data/genomewide_depth//20241119NY021022039A_depths.tsv",170.491346020761,"20241119","NY021022039A_depths","tsv"
"/home/dthill/seq-diversity/data/genomewide_depth//20241119NY029022136A_depths.tsv",100.538761245675,"20241119","NY029022136A_depths","tsv"
"/home/dthill/seq-diversity/data/genomewide_depth//20241119NY029022543A_depths.tsv",182.578273356401,"20241119","NY029022543A_depths","tsv"
"/home/dthill/seq-diversity/data/genomewide_depth//20241119NY029025950B_depths.tsv",248.75985467128,"20241119","NY029025950B_depths","tsv"
"/home/dthill/seq-diversity/data/genomewide_depth//20241119NY029026395B_depths.tsv",461.049650519031,"20241119","NY029026395B_depths","tsv"
"/home/dthill/seq-diversity/data/genomewide_depth//20241119NY029026395C_depths.tsv",373.759937716263,"20241119","NY029026395C_depths","tsv"
"/home/dthill/seq-diversity/data/genomewide_depth//20241119NY029028410A_depths.tsv",199.511176470588,"20241119","NY029028410A_depths","tsv"
"/home/dthill/seq-diversity/data/genomewide_depth//20241119NY029095401A_depths.tsv",580.768570934256,"20241119","NY029095401A_depths","tsv"
"/home/dthill/seq-diversity/data/genomewide_depth//20241119NY031021733A_depths.tsv",173.251269896194,"20241119","NY031021733A_depths","tsv"
"/home/dthill/seq-diversity/data/genomewide_depth//20241119NY031022187A_depths.tsv",91.4659861591695,"20241119","NY031022187A_depths","tsv"
"/home/dthill/seq-diversity/data/genomewide_depth//20241119NY037026514A_depths.tsv",64.3360103806228,"20241119","NY037026514A_depths","tsv"
"/home/dthill/seq-diversity/data/genomewide_depth//20241119NY045025984A_depths.tsv",36.1559273356401,"20241119","NY045025984A_depths","tsv"
"/home/dthill/seq-diversity/data/genomewide_depth//20241119NY047026166A_depths.tsv",4365.21338754325,"20241119","NY047026166A_depths","tsv"
"/home/dthill/seq-diversity/data/genomewide_depth//20241119NY047026182A_depths.tsv",4432.64212802768,"20241119","NY047026182A_depths","tsv"
"/home/dthill/seq-diversity/data/genomewide_depth//20241119NY047026204A_depths.tsv",3300.6372283737,"20241119","NY047026204A_depths","tsv"
"/home/dthill/seq-diversity/data/genomewide_depth//20241119NY047026212A_depths.tsv",3833.28690311419,"20241119","NY047026212A_depths","tsv"
"/home/dthill/seq-diversity/data/genomewide_depth//20241119NY047027073A_depths.tsv",4899.69562283737,"20241119","NY047027073A_depths","tsv"
"/home/dthill/seq-diversity/data/genomewide_depth//20241119NY053021539A_depths.tsv",294.839491349481,"20241119","NY053021539A_depths","tsv"
"/home/dthill/seq-diversity/data/genomewide_depth//20241119NY053029807A_depths.tsv",68.6934152249135,"20241119","NY053029807A_depths","tsv"
"/home/dthill/seq-diversity/data/genomewide_depth//20241119NY055021610A_depths.tsv",97.4414740484429,"20241119","NY055021610A_depths","tsv"
"/home/dthill/seq-diversity/data/genomewide_depth//20241119NY055028339A_depths.tsv",59.666,"20241119","NY055028339A_depths","tsv"
"/home/dthill/seq-diversity/data/genomewide_depth//20241119NY057020290A_depths.tsv",155.010916955017,"20241119","NY057020290A_depths","tsv"
"/home/dthill/seq-diversity/data/genomewide_depth//20241119NY061026131A_depths.tsv",6365.96339792388,"20241119","NY061026131A_depths","tsv"
"/home/dthill/seq-diversity/data/genomewide_depth//20241119NY061026247A_depths.tsv",3303.77689273356,"20241119","NY061026247A_depths","tsv"
"/home/dthill/seq-diversity/data/genomewide_depth//20241119NY065021385A_depths.tsv",96.0388373702422,"20241119","NY065021385A_depths","tsv"
"/home/dthill/seq-diversity/data/genomewide_depth//20241119NY071023680A_depths.tsv",479.259356401384,"20241119","NY071023680A_depths","tsv"
"/home/dthill/seq-diversity/data/genomewide_depth//20241119NY071026310A_depths.tsv",31.6994705882353,"20241119","NY071026310A_depths","tsv"
"/home/dthill/seq-diversity/data/genomewide_depth//20241119NY071026328A_depths.tsv",104.742543252595,"20241119","NY071026328A_depths","tsv"
"/home/dthill/seq-diversity/data/genomewide_depth//20241119NY071027901A_depths.tsv",370.889906574394,"20241119","NY071027901A_depths","tsv"
"/home/dthill/seq-diversity/data/genomewide_depth//20241119NY073021873A_depths.tsv",78.718276816609,"20241119","NY073021873A_depths","tsv"
"/home/dthill/seq-diversity/data/genomewide_depth//20241119NY075029114A_depths.tsv",143.710089965398,"20241119","NY075029114A_depths","tsv"
"/home/dthill/seq-diversity/data/genomewide_depth//20241119NY081026115A_depths.tsv",4026.54096539792,"20241119","NY081026115A_depths","tsv"
"/home/dthill/seq-diversity/data/genomewide_depth//20241119NY081026158A_depths.tsv",2439.15608650519,"20241119","NY081026158A_depths","tsv"
"/home/dthill/seq-diversity/data/genomewide_depth//20241119NY081026221A_depths.tsv",4839.58794809689,"20241119","NY081026221A_depths","tsv"
"/home/dthill/seq-diversity/data/genomewide_depth//20241119NY081026239A_depths.tsv",4876.98621107266,"20241119","NY081026239A_depths","tsv"
"/home/dthill/seq-diversity/data/genomewide_depth//20241119NY083087971A_depths.tsv",52.4430865051903,"20241119","NY083087971A_depths","tsv"
"/home/dthill/seq-diversity/data/genomewide_depth//20241119NY085026107A_depths.tsv",1891.22161245675,"20241119","NY085026107A_depths","tsv"
"/home/dthill/seq-diversity/data/genomewide_depth//20241119NY085026174A_depths.tsv",3920.4719100346,"20241119","NY085026174A_depths","tsv"
"/home/dthill/seq-diversity/data/genomewide_depth//20241119NY087022748A_depths.tsv",64.2315432525952,"20241119","NY087022748A_depths","tsv"
"/home/dthill/seq-diversity/data/genomewide_depth//20241119NY089020818A_depths.tsv",83.4655190311419,"20241119","NY089020818A_depths","tsv"
"/home/dthill/seq-diversity/data/genomewide_depth//20241119NY089029831A_depths.tsv",83.0604013840831,"20241119","NY089029831A_depths","tsv"
"/home/dthill/seq-diversity/data/genomewide_depth//20241119NY099022365A_depths.tsv",267.687366782007,"20241119","NY099022365A_depths","tsv"
"/home/dthill/seq-diversity/data/genomewide_depth//20241119NY101021431A_depths.tsv",272.713432525952,"20241119","NY101021431A_depths","tsv"
"/home/dthill/seq-diversity/data/genomewide_depth//20241119NY101023906A_depths.tsv",394.263605536332,"20241119","NY101023906A_depths","tsv"
"/home/dthill/seq-diversity/data/genomewide_depth//20241119NY101025712A_depths.tsv",41.6670899653979,"20241119","NY101025712A_depths","tsv"
"/home/dthill/seq-diversity/data/genomewide_depth//20241119NY103079324A_depths.tsv",1080.58860899654,"20241119","NY103079324A_depths","tsv"
"/home/dthill/seq-diversity/data/genomewide_depth//20241119NY105030724A_depths.tsv",238.814425605536,"20241119","NY105030724A_depths","tsv"
"/home/dthill/seq-diversity/data/genomewide_depth//20241119NY109020958A_depths.tsv",304.168996539792,"20241119","NY109020958A_depths","tsv"
"/home/dthill/seq-diversity/data/genomewide_depth//20241119NY109026638A_depths.tsv",394.766598615917,"20241119","NY109026638A_depths","tsv"
"/home/dthill/seq-diversity/data/genomewide_depth//20241119NY111029351A_depths.tsv",502.813577854671,"20241119","NY111029351A_depths","tsv"
"/home/dthill/seq-diversity/data/genomewide_depth//20241119NY117029475A_depths.tsv",48.7829204152249,"20241119","NY117029475A_depths","tsv"
"/home/dthill/seq-diversity/data/genomewide_depth//20241120NY007027669A_depths.tsv",31.8880899653979,"20241120","NY007027669A_depths","tsv"
"/home/dthill/seq-diversity/data/genomewide_depth//20241120NY013106895A_depths.tsv",63.9197474048443,"20241120","NY013106895A_depths","tsv"
"/home/dthill/seq-diversity/data/genomewide_depth//20241120NY015035742A_depths.tsv",51.6310519031142,"20241120","NY015035742A_depths","tsv"
"/home/dthill/seq-diversity/data/genomewide_depth//20241120NY015036986A_depths.tsv",33.8290242214533,"20241120","NY015036986A_depths","tsv"
"/home/dthill/seq-diversity/data/genomewide_depth//20241120NY019026018A_depths.tsv",46.7713252595156,"20241120","NY019026018A_depths","tsv"
"/home/dthill/seq-diversity/data/genomewide_depth//20241120NY027026255A_depths.tsv",110.633,"20241120","NY027026255A_depths","tsv"
"/home/dthill/seq-diversity/data/genomewide_depth//20241120NY029028436A_depths.tsv",180.342567474048,"20241120","NY029028436A_depths","tsv"
"/home/dthill/seq-diversity/data/genomewide_depth//20241120NY029032093A_depths.tsv",170.604387543253,"20241120","NY029032093A_depths","tsv"
"/home/dthill/seq-diversity/data/genomewide_depth//20241120NY031021733A_depths.tsv",107.570480968858,"20241120","NY031021733A_depths","tsv"
"/home/dthill/seq-diversity/data/genomewide_depth//20241120NY031036706A_depths.tsv",72.8254186851211,"20241120","NY031036706A_depths","tsv"
"/home/dthill/seq-diversity/data/genomewide_depth//20241120NY037030546A_depths.tsv",63.1183702422145,"20241120","NY037030546A_depths","tsv"
"/home/dthill/seq-diversity/data/genomewide_depth//20241120NY071026310A_depths.tsv",106.834169550173,"20241120","NY071026310A_depths","tsv"
"/home/dthill/seq-diversity/data/genomewide_depth//20241120NY071026522A_depths.tsv",250.039619377163,"20241120","NY071026522A_depths","tsv"
"/home/dthill/seq-diversity/data/genomewide_depth//20241120NY071030490A_depths.tsv",320.343321799308,"20241120","NY071030490A_depths","tsv"
"/home/dthill/seq-diversity/data/genomewide_depth//20241120NY075029106A_depths.tsv",194.051408304498,"20241120","NY075029106A_depths","tsv"
"/home/dthill/seq-diversity/data/genomewide_depth//20241120NY083026034A_depths.tsv",166.795467128028,"20241120","NY083026034A_depths","tsv"
"/home/dthill/seq-diversity/data/genomewide_depth//20241120NY087028533A_depths.tsv",121.882339100346,"20241120","NY087028533A_depths","tsv"
"/home/dthill/seq-diversity/data/genomewide_depth//20241120NY087270598A_depths.tsv",49.5420346020761,"20241120","NY087270598A_depths","tsv"
"/home/dthill/seq-diversity/data/genomewide_depth//20241120NY089020117A_depths.tsv",110.092294117647,"20241120","NY089020117A_depths","tsv"
"/home/dthill/seq-diversity/data/genomewide_depth//20241120NY089031194A_depths.tsv",38.9445467128028,"20241120","NY089031194A_depths","tsv"
"/home/dthill/seq-diversity/data/genomewide_depth//20241120NY095024201A_depths.tsv",94.1930692041523,"20241120","NY095024201A_depths","tsv"
"/home/dthill/seq-diversity/data/genomewide_depth//20241120NY107029262A_depths.tsv",92.0174498269896,"20241120","NY107029262A_depths","tsv"
"/home/dthill/seq-diversity/data/genomewide_depth//20241120NY111029351A_depths.tsv",102.952653979239,"20241120","NY111029351A_depths","tsv"
"/home/dthill/seq-diversity/data/genomewide_depth//20241120NY111030082A_depths.tsv",274.891141868512,"20241120","NY111030082A_depths","tsv"
"/home/dthill/seq-diversity/data/genomewide_depth//20241120NY111031208A_depths.tsv",68.137339100346,"20241120","NY111031208A_depths","tsv"
"/home/dthill/seq-diversity/data/genomewide_depth//20241120NY119026689A_depths.tsv",51.3957958477509,"20241120","NY119026689A_depths","tsv"
"/home/dthill/seq-diversity/data/genomewide_depth//20241120NY119026697A_depths.tsv",64.9920657439446,"20241120","NY119026697A_depths","tsv"
"/home/dthill/seq-diversity/data/genomewide_depth//20241120NY119026719A_depths.tsv",110.447051903114,"20241120","NY119026719A_depths","tsv"
"/home/dthill/seq-diversity/data/genomewide_depth//20241120NY119100803A_depths.tsv",1625.37201038062,"20241120","NY119100803A_depths","tsv"
"/home/dthill/seq-diversity/data/genomewide_depth//20241121NY007024414B_depths.tsv",35.7413148788927,"20241121","NY007024414B_depths","tsv"
"/home/dthill/seq-diversity/data/genomewide_depth//20241121NY007024414C_depths.tsv",48.9171937716263,"20241121","NY007024414C_depths","tsv"
"/home/dthill/seq-diversity/data/genomewide_depth//20241121NY011021903A_depths.tsv",162.717705882353,"20241121","NY011021903A_depths","tsv"
"/home/dthill/seq-diversity/data/genomewide_depth//20241121NY017021423A_depths.tsv",689.187307958478,"20241121","NY017021423A_depths","tsv"
"/home/dthill/seq-diversity/data/genomewide_depth//20241121NY023027561A_depths.tsv",157.88791349481,"20241121","NY023027561A_depths","tsv"
"/home/dthill/seq-diversity/data/genomewide_depth//20241121NY025029271A_depths.tsv",38.5841833910035,"20241121","NY025029271A_depths","tsv"
"/home/dthill/seq-diversity/data/genomewide_depth//20241121NY031022969A_depths.tsv",49.9129515570934,"20241121","NY031022969A_depths","tsv"
"/home/dthill/seq-diversity/data/genomewide_depth//20241121NY033030376A_depths.tsv",193.319249134948,"20241121","NY033030376A_depths","tsv"
"/home/dthill/seq-diversity/data/genomewide_depth//20241121NY055021610A_depths.tsv",125.339038062284,"20241121","NY055021610A_depths","tsv"
"/home/dthill/seq-diversity/data/genomewide_depth//20241121NY057020290A_depths.tsv",234.054806228374,"20241121","NY057020290A_depths","tsv"
"/home/dthill/seq-diversity/data/genomewide_depth//20241121NY065025780C_depths.tsv",78.3721176470588,"20241121","NY065025780C_depths","tsv"
"/home/dthill/seq-diversity/data/genomewide_depth//20241121NY069023531A_depths.tsv",73.5162214532872,"20241121","NY069023531A_depths","tsv"
"/home/dthill/seq-diversity/data/genomewide_depth//20241121NY071023680A_depths.tsv",808.995314878893,"20241121","NY071023680A_depths","tsv"
"/home/dthill/seq-diversity/data/genomewide_depth//20241121NY071026328A_depths.tsv",50.1361764705882,"20241121","NY071026328A_depths","tsv"
"/home/dthill/seq-diversity/data/genomewide_depth//20241121NY071027901A_depths.tsv",506.256207612457,"20241121","NY071027901A_depths","tsv"
"/home/dthill/seq-diversity/data/genomewide_depth//20241121NY087026051A_depths.tsv",100.042224913495,"20241121","NY087026051A_depths","tsv"
"/home/dthill/seq-diversity/data/genomewide_depth//20241121NY087028851A_depths.tsv",60.6932076124567,"20241121","NY087028851A_depths","tsv"
"/home/dthill/seq-diversity/data/genomewide_depth//20241121NY087031895A_depths.tsv",45.5712871972318,"20241121","NY087031895A_depths","tsv"
"/home/dthill/seq-diversity/data/genomewide_depth//20241121NY089020818A_depths.tsv",75.7359065743945,"20241121","NY089020818A_depths","tsv"
"/home/dthill/seq-diversity/data/genomewide_depth//20241121NY089236586A_depths.tsv",185.341560553633,"20241121","NY089236586A_depths","tsv"
"/home/dthill/seq-diversity/data/genomewide_depth//20241121NY099033308A_depths.tsv",194.88855017301,"20241121","NY099033308A_depths","tsv"
"/home/dthill/seq-diversity/data/genomewide_depth//20241121NY113029050A_depths.tsv",31.6831418685121,"20241121","NY113029050A_depths","tsv"
"/home/dthill/seq-diversity/data/genomewide_depth//20241122NY089029831A_depths.tsv",99.9656747404844,"20241122","NY089029831A_depths","tsv"
"/home/dthill/seq-diversity/data/genomewide_depth//20241124NY005026191A_depths.tsv",4530.8518200692,"20241124","NY005026191A_depths","tsv"
"/home/dthill/seq-diversity/data/genomewide_depth//20241124NY029028436A_depths.tsv",627.665972318339,"20241124","NY029028436A_depths","tsv"
"/home/dthill/seq-diversity/data/genomewide_depth//20241124NY047026166A_depths.tsv",12974.8494878893,"20241124","NY047026166A_depths","tsv"
"/home/dthill/seq-diversity/data/genomewide_depth//20241124NY047026182A_depths.tsv",6629.03012456747,"20241124","NY047026182A_depths","tsv"
"/home/dthill/seq-diversity/data/genomewide_depth//20241124NY047026204A_depths.tsv",3838.10318685121,"20241124","NY047026204A_depths","tsv"
"/home/dthill/seq-diversity/data/genomewide_depth//20241124NY047026212A_depths.tsv",7651.66829411765,"20241124","NY047026212A_depths","tsv"
"/home/dthill/seq-diversity/data/genomewide_depth//20241124NY047027073A_depths.tsv",4422.0993183391,"20241124","NY047027073A_depths","tsv"
"/home/dthill/seq-diversity/data/genomewide_depth//20241124NY061026131A_depths.tsv",4290.45185813149,"20241124","NY061026131A_depths","tsv"
"/home/dthill/seq-diversity/data/genomewide_depth//20241124NY061026247A_depths.tsv",3869.57855017301,"20241124","NY061026247A_depths","tsv"
"/home/dthill/seq-diversity/data/genomewide_depth//20241124NY067027596A_depths.tsv",168.136975778547,"20241124","NY067027596A_depths","tsv"
"/home/dthill/seq-diversity/data/genomewide_depth//20241124NY067027618A_depths.tsv",73.3796539792388,"20241124","NY067027618A_depths","tsv"
"/home/dthill/seq-diversity/data/genomewide_depth//20241124NY067027723A_depths.tsv",360.986079584775,"20241124","NY067027723A_depths","tsv"
"/home/dthill/seq-diversity/data/genomewide_depth//20241124NY081026115A_depths.tsv",8951.469816609,"20241124","NY081026115A_depths","tsv"
"/home/dthill/seq-diversity/data/genomewide_depth//20241124NY081026158A_depths.tsv",2476.51246020761,"20241124","NY081026158A_depths","tsv"
"/home/dthill/seq-diversity/data/genomewide_depth//20241124NY081026221A_depths.tsv",6640.43348442907,"20241124","NY081026221A_depths","tsv"
"/home/dthill/seq-diversity/data/genomewide_depth//20241124NY081026239A_depths.tsv",9276.041183391,"20241124","NY081026239A_depths","tsv"
"/home/dthill/seq-diversity/data/genomewide_depth//20241124NY085026107A_depths.tsv",9354.77470242214,"20241124","NY085026107A_depths","tsv"
"/home/dthill/seq-diversity/data/genomewide_depth//20241124NY085026174A_depths.tsv",6734.55005536332,"20241124","NY085026174A_depths","tsv"
"/home/dthill/seq-diversity/data/genomewide_depth//20241124NY119026689A_depths.tsv",31.5995328719723,"20241124","NY119026689A_depths","tsv"
"/home/dthill/seq-diversity/data/genomewide_depth//20241124NY119026697A_depths.tsv",218.354678200692,"20241124","NY119026697A_depths","tsv"
"/home/dthill/seq-diversity/data/genomewide_depth//20241124NY119100803A_depths.tsv",133.740955017301,"20241124","NY119100803A_depths","tsv"
"/home/dthill/seq-diversity/data/genomewide_depth//20241124NY119108324A_depths.tsv",39.1745570934256,"20241124","NY119108324A_depths","tsv"
"/home/dthill/seq-diversity/data/genomewide_depth//20241125NY001025739A_depths.tsv",84.9804290657439,"20241125","NY001025739A_depths","tsv"
"/home/dthill/seq-diversity/data/genomewide_depth//20241125NY013027961A_depths.tsv",75.0513564013841,"20241125","NY013027961A_depths","tsv"
"/home/dthill/seq-diversity/data/genomewide_depth//20241125NY031021733A_depths.tsv",132.225813148789,"20241125","NY031021733A_depths","tsv"
"/home/dthill/seq-diversity/data/genomewide_depth//20241125NY045025984A_depths.tsv",156.453103806228,"20241125","NY045025984A_depths","tsv"
"/home/dthill/seq-diversity/data/genomewide_depth//20241125NY063022331A_depths.tsv",67.1214359861592,"20241125","NY063022331A_depths","tsv"
"/home/dthill/seq-diversity/data/genomewide_depth//20241125NY063026336A_depths.tsv",585.020906574394,"20241125","NY063026336A_depths","tsv"
"/home/dthill/seq-diversity/data/genomewide_depth//20241125NY063027979A_depths.tsv",246.256705882353,"20241125","NY063027979A_depths","tsv"
"/home/dthill/seq-diversity/data/genomewide_depth//20241125NY065025780C_depths.tsv",535.013996539792,"20241125","NY065025780C_depths","tsv"
"/home/dthill/seq-diversity/data/genomewide_depth//20241125NY075029106A_depths.tsv",303.922809688581,"20241125","NY075029106A_depths","tsv"
"/home/dthill/seq-diversity/data/genomewide_depth//20241126NY007024414C_depths.tsv",109.572612456747,"20241126","NY007024414C_depths","tsv"
"/home/dthill/seq-diversity/data/genomewide_depth//20241126NY007027669A_depths.tsv",44.1172906574394,"20241126","NY007027669A_depths","tsv"
"/home/dthill/seq-diversity/data/genomewide_depth//20241126NY011021903A_depths.tsv",36.033339100346,"20241126","NY011021903A_depths","tsv"
"/home/dthill/seq-diversity/data/genomewide_depth//20241126NY013027570A_depths.tsv",100.878820069204,"20241126","NY013027570A_depths","tsv"
"/home/dthill/seq-diversity/data/genomewide_depth//20241126NY019025097A_depths.tsv",148.843148788927,"20241126","NY019025097A_depths","tsv"
"/home/dthill/seq-diversity/data/genomewide_depth//20241126NY027149209A_depths.tsv",31.0822283737024,"20241126","NY027149209A_depths","tsv"
"/home/dthill/seq-diversity/data/genomewide_depth//20241126NY029022136A_depths.tsv",258.805647058824,"20241126","NY029022136A_depths","tsv"
"/home/dthill/seq-diversity/data/genomewide_depth//20241126NY029025950B_depths.tsv",179.995712802768,"20241126","NY029025950B_depths","tsv"
"/home/dthill/seq-diversity/data/genomewide_depth//20241126NY029026395B_depths.tsv",146.772259515571,"20241126","NY029026395B_depths","tsv"
"/home/dthill/seq-diversity/data/genomewide_depth//20241126NY029026395C_depths.tsv",204.220221453287,"20241126","NY029026395C_depths","tsv"
"/home/dthill/seq-diversity/data/genomewide_depth//20241126NY029032093A_depths.tsv",291.357910034602,"20241126","NY029032093A_depths","tsv"
"/home/dthill/seq-diversity/data/genomewide_depth//20241126NY029095401A_depths.tsv",362.994273356401,"20241126","NY029095401A_depths","tsv"
"/home/dthill/seq-diversity/data/genomewide_depth//20241126NY031022187A_depths.tsv",66.2736470588235,"20241126","NY031022187A_depths","tsv"
"/home/dthill/seq-diversity/data/genomewide_depth//20241126NY051030635A_depths.tsv",72.6101107266436,"20241126","NY051030635A_depths","tsv"
"/home/dthill/seq-diversity/data/genomewide_depth//20241126NY051032328A_depths.tsv",82.9275778546713,"20241126","NY051032328A_depths","tsv"
"/home/dthill/seq-diversity/data/genomewide_depth//20241126NY055021610A_depths.tsv",62.7176885813149,"20241126","NY055021610A_depths","tsv"
"/home/dthill/seq-diversity/data/genomewide_depth//20241126NY055028339A_depths.tsv",496.115058823529,"20241126","NY055028339A_depths","tsv"
"/home/dthill/seq-diversity/data/genomewide_depth//20241126NY059026999A_depths.tsv",31.0281349480969,"20241126","NY059026999A_depths","tsv"
"/home/dthill/seq-diversity/data/genomewide_depth//20241126NY063027057A_depths.tsv",325.370467128028,"20241126","NY063027057A_depths","tsv"
"/home/dthill/seq-diversity/data/genomewide_depth//20241126NY065036790A_depths.tsv",69.5821626297578,"20241126","NY065036790A_depths","tsv"
"/home/dthill/seq-diversity/data/genomewide_depth//20241126NY071023680A_depths.tsv",319.374512110727,"20241126","NY071023680A_depths","tsv"
"/home/dthill/seq-diversity/data/genomewide_depth//20241126NY071026310A_depths.tsv",457.048162629758,"20241126","NY071026310A_depths","tsv"
"/home/dthill/seq-diversity/data/genomewide_depth//20241126NY071026522A_depths.tsv",80.3693460207612,"20241126","NY071026522A_depths","tsv"
"/home/dthill/seq-diversity/data/genomewide_depth//20241126NY071027901A_depths.tsv",414.930148788927,"20241126","NY071027901A_depths","tsv"
"/home/dthill/seq-diversity/data/genomewide_depth//20241126NY079031356A_depths.tsv",27.099062283737,"20241126","NY079031356A_depths","tsv"
"/home/dthill/seq-diversity/data/genomewide_depth//20241126NY087022748A_depths.tsv",63.0394325259516,"20241126","NY087022748A_depths","tsv"
"/home/dthill/seq-diversity/data/genomewide_depth//20241126NY087026051A_depths.tsv",188.732508650519,"20241126","NY087026051A_depths","tsv"
"/home/dthill/seq-diversity/data/genomewide_depth//20241126NY087028533A_depths.tsv",54.1882456747405,"20241126","NY087028533A_depths","tsv"
"/home/dthill/seq-diversity/data/genomewide_depth//20241126NY087270598A_depths.tsv",288.283141868512,"20241126","NY087270598A_depths","tsv"
"/home/dthill/seq-diversity/data/genomewide_depth//20241126NY089020818A_depths.tsv",41.1306124567474,"20241126","NY089020818A_depths","tsv"
"/home/dthill/seq-diversity/data/genomewide_depth//20241126NY089236586A_depths.tsv",27.516955017301,"20241126","NY089236586A_depths","tsv"
"/home/dthill/seq-diversity/data/genomewide_depth//20241126NY101021431A_depths.tsv",1247.24192733564,"20241126","NY101021431A_depths","tsv"
"/home/dthill/seq-diversity/data/genomewide_depth//20241126NY101023906A_depths.tsv",53.1043044982699,"20241126","NY101023906A_depths","tsv"
"/home/dthill/seq-diversity/data/genomewide_depth//20241126NY109020958A_depths.tsv",40.1942214532872,"20241126","NY109020958A_depths","tsv"
"/home/dthill/seq-diversity/data/genomewide_depth//20241126NY117029475A_depths.tsv",67.7546574394464,"20241126","NY117029475A_depths","tsv"
"/home/dthill/seq-diversity/data/genomewide_depth//20241126NY119026701A_depths.tsv",92.3173944636678,"20241126","NY119026701A_depths","tsv"
"/home/dthill/seq-diversity/data/genomewide_depth//20241126NY119026719A_depths.tsv",152.874816608997,"20241126","NY119026719A_depths","tsv"
"/home/dthill/seq-diversity/data/genomewide_depth//20241126NY119100803A_depths.tsv",221.737785467128,"20241126","NY119100803A_depths","tsv"
"/home/dthill/seq-diversity/data/genomewide_depth//20241126NY119108324A_depths.tsv",104.490837370242,"20241126","NY119108324A_depths","tsv"
"/home/dthill/seq-diversity/data/genomewide_depth//20241126NY121021504A_depths.tsv",658.419062283737,"20241126","NY121021504A_depths","tsv"
"/home/dthill/seq-diversity/data/genomewide_depth//20241127NY013106895A_depths.tsv",56.6706955017301,"20241127","NY013106895A_depths","tsv"
"/home/dthill/seq-diversity/data/genomewide_depth//20241127NY015035742A_depths.tsv",195.428930795848,"20241127","NY015035742A_depths","tsv"
"/home/dthill/seq-diversity/data/genomewide_depth//20241127NY015036986A_depths.tsv",649.856141868512,"20241127","NY015036986A_depths","tsv"
"/home/dthill/seq-diversity/data/genomewide_depth//20241127NY025027154A_depths.tsv",206.472643598616,"20241127","NY025027154A_depths","tsv"
"/home/dthill/seq-diversity/data/genomewide_depth//20241127NY025029271A_depths.tsv",142.056214532872,"20241127","NY025029271A_depths","tsv"
"/home/dthill/seq-diversity/data/genomewide_depth//20241127NY027026255A_depths.tsv",47.7342491349481,"20241127","NY027026255A_depths","tsv"
"/home/dthill/seq-diversity/data/genomewide_depth//20241127NY027026271A_depths.tsv",389.598692041522,"20241127","NY027026271A_depths","tsv"
"/home/dthill/seq-diversity/data/genomewide_depth//20241127NY043036528A_depths.tsv",262.67207266436,"20241127","NY043036528A_depths","tsv"
"/home/dthill/seq-diversity/data/genomewide_depth//20241127NY045025984A_depths.tsv",31.8349446366782,"20241127","NY045025984A_depths","tsv"
"/home/dthill/seq-diversity/data/genomewide_depth//20241127NY055028231A_depths.tsv",740.023100346021,"20241127","NY055028231A_depths","tsv"
"/home/dthill/seq-diversity/data/genomewide_depth//20241127NY063027774A_depths.tsv",246.493252595156,"20241127","NY063027774A_depths","tsv"
"/home/dthill/seq-diversity/data/genomewide_depth//20241127NY071022144A_depths.tsv",288.257934256055,"20241127","NY071022144A_depths","tsv"
"/home/dthill/seq-diversity/data/genomewide_depth//20241127NY071024422A_depths.tsv",42.3222525951557,"20241127","NY071024422A_depths","tsv"
"/home/dthill/seq-diversity/data/genomewide_depth//20241127NY071026310A_depths.tsv",514.702193771626,"20241127","NY071026310A_depths","tsv"
"/home/dthill/seq-diversity/data/genomewide_depth//20241127NY071026328A_depths.tsv",70.27623183391,"20241127","NY071026328A_depths","tsv"
"/home/dthill/seq-diversity/data/genomewide_depth//20241127NY071027901A_depths.tsv",53.9615640138408,"20241127","NY071027901A_depths","tsv"
"/home/dthill/seq-diversity/data/genomewide_depth//20241127NY071030490A_depths.tsv",51.7612733564014,"20241127","NY071030490A_depths","tsv"
"/home/dthill/seq-diversity/data/genomewide_depth//20241127NY075026301A_depths.tsv",37.9355501730104,"20241127","NY075026301A_depths","tsv"
"/home/dthill/seq-diversity/data/genomewide_depth//20241127NY087026051A_depths.tsv",168.309595155709,"20241127","NY087026051A_depths","tsv"
"/home/dthill/seq-diversity/data/genomewide_depth//20241127NY087028533A_depths.tsv",53.0176089965398,"20241127","NY087028533A_depths","tsv"
"/home/dthill/seq-diversity/data/genomewide_depth//20241127NY087028851A_depths.tsv",303.533899653979,"20241127","NY087028851A_depths","tsv"
"/home/dthill/seq-diversity/data/genomewide_depth//20241127NY103080683A_depths.tsv",140.391826989619,"20241127","NY103080683A_depths","tsv"
"/home/dthill/seq-diversity/data/genomewide_depth//20241127NY103104809A_depths.tsv",167.563418685121,"20241127","NY103104809A_depths","tsv"
"/home/dthill/seq-diversity/data/genomewide_depth//20241127NY109026638A_depths.tsv",31.5872006920415,"20241127","NY109026638A_depths","tsv"
"/home/dthill/seq-diversity/data/genomewide_depth//20241127NY111030082A_depths.tsv",236.808570934256,"20241127","NY111030082A_depths","tsv"
"/home/dthill/seq-diversity/data/genomewide_depth//20241127NY117027171A_depths.tsv",113.73092733564,"20241127","NY117027171A_depths","tsv"
"/home/dthill/seq-diversity/data/genomewide_depth//20241127NY119026719A_depths.tsv",414.433193771626,"20241127","NY119026719A_depths","tsv"
"/home/dthill/seq-diversity/data/genomewide_depth//20241128NY029022543A_depths.tsv",619.514958477509,"20241128","NY029022543A_depths","tsv"
"/home/dthill/seq-diversity/data/genomewide_depth//20241201NY005026191A_depths.tsv",6302.63567820069,"20241201","NY005026191A_depths","tsv"
"/home/dthill/seq-diversity/data/genomewide_depth//20241201NY047026166A_depths.tsv",2352.02483391003,"20241201","NY047026166A_depths","tsv"
"/home/dthill/seq-diversity/data/genomewide_depth//20241201NY047026182A_depths.tsv",7184.2869550173,"20241201","NY047026182A_depths","tsv"
"/home/dthill/seq-diversity/data/genomewide_depth//20241201NY047026204A_depths.tsv",3365.5085432526,"20241201","NY047026204A_depths","tsv"
"/home/dthill/seq-diversity/data/genomewide_depth//20241201NY047026212A_depths.tsv",9244.38271626298,"20241201","NY047026212A_depths","tsv"
"/home/dthill/seq-diversity/data/genomewide_depth//20241201NY047027073A_depths.tsv",5380.68536678201,"20241201","NY047027073A_depths","tsv"
"/home/dthill/seq-diversity/data/genomewide_depth//20241201NY055028339A_depths.tsv",347.07076816609,"20241201","NY055028339A_depths","tsv"
"/home/dthill/seq-diversity/data/genomewide_depth//20241201NY061026131A_depths.tsv",1711.95069204152,"20241201","NY061026131A_depths","tsv"
"/home/dthill/seq-diversity/data/genomewide_depth//20241201NY061026247A_depths.tsv",10483.0417128028,"20241201","NY061026247A_depths","tsv"
"/home/dthill/seq-diversity/data/genomewide_depth//20241201NY081026115A_depths.tsv",8042.44172318339,"20241201","NY081026115A_depths","tsv"
"/home/dthill/seq-diversity/data/genomewide_depth//20241201NY081026158A_depths.tsv",4448.13349480969,"20241201","NY081026158A_depths","tsv"
"/home/dthill/seq-diversity/data/genomewide_depth//20241201NY081026221A_depths.tsv",2220.57267474048,"20241201","NY081026221A_depths","tsv"
"/home/dthill/seq-diversity/data/genomewide_depth//20241201NY081026239A_depths.tsv",8340.03531487889,"20241201","NY081026239A_depths","tsv"
"/home/dthill/seq-diversity/data/genomewide_depth//20241201NY085026107A_depths.tsv",3979.98682698962,"20241201","NY085026107A_depths","tsv"
"/home/dthill/seq-diversity/data/genomewide_depth//20241201NY085026174A_depths.tsv",8475.67273356401,"20241201","NY085026174A_depths","tsv"
"/home/dthill/seq-diversity/data/genomewide_depth//20241201NY119026697A_depths.tsv",69.8222733564014,"20241201","NY119026697A_depths","tsv"
"/home/dthill/seq-diversity/data/genomewide_depth//20241201NY119026701A_depths.tsv",59.4329653979239,"20241201","NY119026701A_depths","tsv"
"/home/dthill/seq-diversity/data/genomewide_depth//20241201NY119026786A_depths.tsv",207.36975432526,"20241201","NY119026786A_depths","tsv"
"/home/dthill/seq-diversity/data/genomewide_depth//20241201NY119100803A_depths.tsv",28.719830449827,"20241201","NY119100803A_depths","tsv"
"/home/dthill/seq-diversity/data/genomewide_depth//20241201NY119108324A_depths.tsv",352.91915916955,"20241201","NY119108324A_depths","tsv"
"/home/dthill/seq-diversity/data/genomewide_depth//20241202NY027026255A_depths.tsv",64.914678200692,"20241202","NY027026255A_depths","tsv"
"/home/dthill/seq-diversity/data/genomewide_depth//20241202NY035026042A_depths.tsv",204.757743944637,"20241202","NY035026042A_depths","tsv"
"/home/dthill/seq-diversity/data/genomewide_depth//20241202NY055028231A_depths.tsv",44.2323494809689,"20241202","NY055028231A_depths","tsv"
"/home/dthill/seq-diversity/data/genomewide_depth//20241202NY063022331A_depths.tsv",130.189176470588,"20241202","NY063022331A_depths","tsv"
"/home/dthill/seq-diversity/data/genomewide_depth//20241202NY063026336A_depths.tsv",86.3046055363322,"20241202","NY063026336A_depths","tsv"
"/home/dthill/seq-diversity/data/genomewide_depth//20241202NY063027057A_depths.tsv",142.954235294118,"20241202","NY063027057A_depths","tsv"
"/home/dthill/seq-diversity/data/genomewide_depth//20241202NY063027979A_depths.tsv",428.323685121107,"20241202","NY063027979A_depths","tsv"
"/home/dthill/seq-diversity/data/genomewide_depth//20241202NY065025780B_depths.tsv",1212.59024567474,"20241202","NY065025780B_depths","tsv"
"/home/dthill/seq-diversity/data/genomewide_depth//20241202NY065025780C_depths.tsv",826.334671280277,"20241202","NY065025780C_depths","tsv"
"/home/dthill/seq-diversity/data/genomewide_depth//20241202NY103104809A_depths.tsv",123.592269896194,"20241202","NY103104809A_depths","tsv"
"/home/dthill/seq-diversity/data/genomewide_depth//20241202NY113029050A_depths.tsv",144.805058823529,"20241202","NY113029050A_depths","tsv"
"/home/dthill/seq-diversity/data/genomewide_depth//20241203NY005026191A_depths.tsv",4078.22981314879,"20241203","NY005026191A_depths","tsv"
"/home/dthill/seq-diversity/data/genomewide_depth//20241203NY007024414C_depths.tsv",32.3167335640138,"20241203","NY007024414C_depths","tsv"
"/home/dthill/seq-diversity/data/genomewide_depth//20241203NY007027669A_depths.tsv",46.3171799307958,"20241203","NY007027669A_depths","tsv"
"/home/dthill/seq-diversity/data/genomewide_depth//20241203NY011021903A_depths.tsv",577.959373702422,"20241203","NY011021903A_depths","tsv"
"/home/dthill/seq-diversity/data/genomewide_depth//20241203NY013021334A_depths.tsv",163.315124567474,"20241203","NY013021334A_depths","tsv"
"/home/dthill/seq-diversity/data/genomewide_depth//20241203NY029022136A_depths.tsv",61.785044982699,"20241203","NY029022136A_depths","tsv"
"/home/dthill/seq-diversity/data/genomewide_depth//20241203NY029025950B_depths.tsv",370.721968858132,"20241203","NY029025950B_depths","tsv"
"/home/dthill/seq-diversity/data/genomewide_depth//20241203NY029026395B_depths.tsv",228.19478200692,"20241203","NY029026395B_depths","tsv"
"/home/dthill/seq-diversity/data/genomewide_depth//20241203NY029026395C_depths.tsv",1325.06997577855,"20241203","NY029026395C_depths","tsv"
"/home/dthill/seq-diversity/data/genomewide_depth//20241203NY029028410A_depths.tsv",35.3507543252595,"20241203","NY029028410A_depths","tsv"
"/home/dthill/seq-diversity/data/genomewide_depth//20241203NY029095401A_depths.tsv",620.034889273356,"20241203","NY029095401A_depths","tsv"
"/home/dthill/seq-diversity/data/genomewide_depth//20241203NY031022187A_depths.tsv",1796.83903460208,"20241203","NY031022187A_depths","tsv"
"/home/dthill/seq-diversity/data/genomewide_depth//20241203NY047026166A_depths.tsv",595.146698961938,"20241203","NY047026166A_depths","tsv"
"/home/dthill/seq-diversity/data/genomewide_depth//20241203NY047026182A_depths.tsv",242.138923875433,"20241203","NY047026182A_depths","tsv"
"/home/dthill/seq-diversity/data/genomewide_depth//20241203NY047026204A_depths.tsv",4455.81162629758,"20241203","NY047026204A_depths","tsv"
"/home/dthill/seq-diversity/data/genomewide_depth//20241203NY047026212A_depths.tsv",2835.14812456747,"20241203","NY047026212A_depths","tsv"
"/home/dthill/seq-diversity/data/genomewide_depth//20241203NY047027073A_depths.tsv",8167.31949480969,"20241203","NY047027073A_depths","tsv"
"/home/dthill/seq-diversity/data/genomewide_depth//20241203NY055028339A_depths.tsv",152.834432525952,"20241203","NY055028339A_depths","tsv"
"/home/dthill/seq-diversity/data/genomewide_depth//20241203NY061026131A_depths.tsv",4595.24155017301,"20241203","NY061026131A_depths","tsv"
"/home/dthill/seq-diversity/data/genomewide_depth//20241203NY061026247A_depths.tsv",1738.56110726644,"20241203","NY061026247A_depths","tsv"
"/home/dthill/seq-diversity/data/genomewide_depth//20241203NY071026328A_depths.tsv",54.4328546712803,"20241203","NY071026328A_depths","tsv"
"/home/dthill/seq-diversity/data/genomewide_depth//20241203NY071027901A_depths.tsv",321.950577854671,"20241203","NY071027901A_depths","tsv"
"/home/dthill/seq-diversity/data/genomewide_depth//20241203NY071031518A_depths.tsv",61.8939031141868,"20241203","NY071031518A_depths","tsv"
"/home/dthill/seq-diversity/data/genomewide_depth//20241203NY073024678A_depths.tsv",41.4697889273356,"20241203","NY073024678A_depths","tsv"
"/home/dthill/seq-diversity/data/genomewide_depth//20241203NY075029114A_depths.tsv",50.9063356401384,"20241203","NY075029114A_depths","tsv"
"/home/dthill/seq-diversity/data/genomewide_depth//20241203NY081026115A_depths.tsv",5252.66319031142,"20241203","NY081026115A_depths","tsv"
"/home/dthill/seq-diversity/data/genomewide_depth//20241203NY081026158A_depths.tsv",6079.39611764706,"20241203","NY081026158A_depths","tsv"
"/home/dthill/seq-diversity/data/genomewide_depth//20241203NY081026221A_depths.tsv",2004.18814878893,"20241203","NY081026221A_depths","tsv"
"/home/dthill/seq-diversity/data/genomewide_depth//20241203NY081026239A_depths.tsv",2984.6524567474,"20241203","NY081026239A_depths","tsv"
"/home/dthill/seq-diversity/data/genomewide_depth//20241203NY085026107A_depths.tsv",5759.05610380623,"20241203","NY085026107A_depths","tsv"
"/home/dthill/seq-diversity/data/genomewide_depth//20241203NY085026174A_depths.tsv",7536.05771280277,"20241203","NY085026174A_depths","tsv"
"/home/dthill/seq-diversity/data/genomewide_depth//20241203NY087022748A_depths.tsv",114.479747404844,"20241203","NY087022748A_depths","tsv"
"/home/dthill/seq-diversity/data/genomewide_depth//20241203NY089020818A_depths.tsv",69.1188062283737,"20241203","NY089020818A_depths","tsv"
"/home/dthill/seq-diversity/data/genomewide_depth//20241203NY089236586A_depths.tsv",102.94191349481,"20241203","NY089236586A_depths","tsv"
"/home/dthill/seq-diversity/data/genomewide_depth//20241203NY093020516A_depths.tsv",146.360705882353,"20241203","NY093020516A_depths","tsv"
"/home/dthill/seq-diversity/data/genomewide_depth//20241203NY099022365A_depths.tsv",405.912380622837,"20241203","NY099022365A_depths","tsv"
"/home/dthill/seq-diversity/data/genomewide_depth//20241203NY101021431A_depths.tsv",163.861138408304,"20241203","NY101021431A_depths","tsv"
"/home/dthill/seq-diversity/data/genomewide_depth//20241203NY105030724A_depths.tsv",49.7470207612457,"20241203","NY105030724A_depths","tsv"
"/home/dthill/seq-diversity/data/genomewide_depth//20241203NY109020958A_depths.tsv",799.933633217993,"20241203","NY109020958A_depths","tsv"
"/home/dthill/seq-diversity/data/genomewide_depth//20241203NY109026638A_depths.tsv",79.907875432526,"20241203","NY109026638A_depths","tsv"
"/home/dthill/seq-diversity/data/genomewide_depth//20241203NY113094366A_depths.tsv",232.248775086505,"20241203","NY113094366A_depths","tsv"
"/home/dthill/seq-diversity/data/genomewide_depth//20241203NY119026719A_depths.tsv",52.790723183391,"20241203","NY119026719A_depths","tsv"
"/home/dthill/seq-diversity/data/genomewide_depth//20241204NY001022225A_depths.tsv",56.9631003460208,"20241204","NY001022225A_depths","tsv"
"/home/dthill/seq-diversity/data/genomewide_depth//20241204NY007027669A_depths.tsv",43.6827993079585,"20241204","NY007027669A_depths","tsv"
"/home/dthill/seq-diversity/data/genomewide_depth//20241204NY013027961A_depths.tsv",183.26478200692,"20241204","NY013027961A_depths","tsv"
"/home/dthill/seq-diversity/data/genomewide_depth//20241204NY015035742A_depths.tsv",66.9071141868512,"20241204","NY015035742A_depths","tsv"
"/home/dthill/seq-diversity/data/genomewide_depth//20241204NY015036986A_depths.tsv",267.704570934256,"20241204","NY015036986A_depths","tsv"
"/home/dthill/seq-diversity/data/genomewide_depth//20241204NY027026255A_depths.tsv",261.613401384083,"20241204","NY027026255A_depths","tsv"
"/home/dthill/seq-diversity/data/genomewide_depth//20241204NY031021733A_depths.tsv",185.231522491349,"20241204","NY031021733A_depths","tsv"
"/home/dthill/seq-diversity/data/genomewide_depth//20241204NY031022969A_depths.tsv",104.995307958478,"20241204","NY031022969A_depths","tsv"
"/home/dthill/seq-diversity/data/genomewide_depth//20241204NY037030546A_depths.tsv",266.275456747405,"20241204","NY037030546A_depths","tsv"
"/home/dthill/seq-diversity/data/genomewide_depth//20241204NY041026484A_depths.tsv",167.273162629758,"20241204","NY041026484A_depths","tsv"
"/home/dthill/seq-diversity/data/genomewide_depth//20241204NY045025151A_depths.tsv",123.007093425606,"20241204","NY045025151A_depths","tsv"
"/home/dthill/seq-diversity/data/genomewide_depth//20241204NY051024449A_depths.tsv",67.7055467128028,"20241204","NY051024449A_depths","tsv"
"/home/dthill/seq-diversity/data/genomewide_depth//20241204NY055028231A_depths.tsv",98.3259446366782,"20241204","NY055028231A_depths","tsv"
"/home/dthill/seq-diversity/data/genomewide_depth//20241204NY057024333A_depths.tsv",395.099775086505,"20241204","NY057024333A_depths","tsv"
"/home/dthill/seq-diversity/data/genomewide_depth//20241204NY063027774A_depths.tsv",270.284062283737,"20241204","NY063027774A_depths","tsv"
"/home/dthill/seq-diversity/data/genomewide_depth//20241204NY063030651A_depths.tsv",846.39976816609,"20241204","NY063030651A_depths","tsv"
"/home/dthill/seq-diversity/data/genomewide_depth//20241204NY071022144A_depths.tsv",1567.44124567474,"20241204","NY071022144A_depths","tsv"
"/home/dthill/seq-diversity/data/genomewide_depth//20241204NY071024422A_depths.tsv",478.833100346021,"20241204","NY071024422A_depths","tsv"
"/home/dthill/seq-diversity/data/genomewide_depth//20241204NY071026310A_depths.tsv",988.161595155709,"20241204","NY071026310A_depths","tsv"
"/home/dthill/seq-diversity/data/genomewide_depth//20241204NY071026522A_depths.tsv",94.6942733564014,"20241204","NY071026522A_depths","tsv"
"/home/dthill/seq-diversity/data/genomewide_depth//20241204NY071030490A_depths.tsv",276.572937716263,"20241204","NY071030490A_depths","tsv"
"/home/dthill/seq-diversity/data/genomewide_depth//20241204NY075026301A_depths.tsv",38.7742941176471,"20241204","NY075026301A_depths","tsv"
"/home/dthill/seq-diversity/data/genomewide_depth//20241204NY087026051A_depths.tsv",121.163169550173,"20241204","NY087026051A_depths","tsv"
"/home/dthill/seq-diversity/data/genomewide_depth//20241204NY087028533A_depths.tsv",74.6570968858131,"20241204","NY087028533A_depths","tsv"
"/home/dthill/seq-diversity/data/genomewide_depth//20241204NY089020117A_depths.tsv",75.3999896193772,"20241204","NY089020117A_depths","tsv"
"/home/dthill/seq-diversity/data/genomewide_depth//20241204NY105022454A_depths.tsv",54.2229896193772,"20241204","NY105022454A_depths","tsv"
"/home/dthill/seq-diversity/data/genomewide_depth//20241204NY107029262A_depths.tsv",163.484858131488,"20241204","NY107029262A_depths","tsv"
"/home/dthill/seq-diversity/data/genomewide_depth//20241204NY109026638A_depths.tsv",250.856581314879,"20241204","NY109026638A_depths","tsv"
"/home/dthill/seq-diversity/data/genomewide_depth//20241204NY111029351A_depths.tsv",42.1169273356401,"20241204","NY111029351A_depths","tsv"
"/home/dthill/seq-diversity/data/genomewide_depth//20241204NY119026689A_depths.tsv",62.9910692041522,"20241204","NY119026689A_depths","tsv"
"/home/dthill/seq-diversity/data/genomewide_depth//20241204NY119026697A_depths.tsv",88.2801384083045,"20241204","NY119026697A_depths","tsv"
"/home/dthill/seq-diversity/data/genomewide_depth//20241204NY119026701A_depths.tsv",148.482809688581,"20241204","NY119026701A_depths","tsv"
"/home/dthill/seq-diversity/data/genomewide_depth//20241204NY119100803A_depths.tsv",123.597477508651,"20241204","NY119100803A_depths","tsv"
"/home/dthill/seq-diversity/data/genomewide_depth//20241205NY001025739A_depths.tsv",154.121972318339,"20241205","NY001025739A_depths","tsv"
"/home/dthill/seq-diversity/data/genomewide_depth//20241205NY007024414B_depths.tsv",61.9805743944637,"20241205","NY007024414B_depths","tsv"
"/home/dthill/seq-diversity/data/genomewide_depth//20241205NY007024414C_depths.tsv",53.8770242214533,"20241205","NY007024414C_depths","tsv"
"/home/dthill/seq-diversity/data/genomewide_depth//20241205NY011021903A_depths.tsv",263.657006920415,"20241205","NY011021903A_depths","tsv"
"/home/dthill/seq-diversity/data/genomewide_depth//20241205NY023027561A_depths.tsv",111.946152249135,"20241205","NY023027561A_depths","tsv"
"/home/dthill/seq-diversity/data/genomewide_depth//20241205NY027025976A_depths.tsv",337.02698615917,"20241205","NY027025976A_depths","tsv"
"/home/dthill/seq-diversity/data/genomewide_depth//20241205NY029022543A_depths.tsv",120.235740484429,"20241205","NY029022543A_depths","tsv"
"/home/dthill/seq-diversity/data/genomewide_depth//20241205NY029028436A_depths.tsv",246.506089965398,"20241205","NY029028436A_depths","tsv"
"/home/dthill/seq-diversity/data/genomewide_depth//20241205NY029032093A_depths.tsv",437.14921799308,"20241205","NY029032093A_depths","tsv"
"/home/dthill/seq-diversity/data/genomewide_depth//20241205NY051032328A_depths.tsv",39.6439204152249,"20241205","NY051032328A_depths","tsv"
"/home/dthill/seq-diversity/data/genomewide_depth//20241205NY055021610A_depths.tsv",232.706660899654,"20241205","NY055021610A_depths","tsv"
"/home/dthill/seq-diversity/data/genomewide_depth//20241205NY057020290A_depths.tsv",849.515519031142,"20241205","NY057020290A_depths","tsv"
"/home/dthill/seq-diversity/data/genomewide_depth//20241205NY059026841A_depths.tsv",406.243297577855,"20241205","NY059026841A_depths","tsv"
"/home/dthill/seq-diversity/data/genomewide_depth//20241205NY065025780B_depths.tsv",113.377100346021,"20241205","NY065025780B_depths","tsv"
"/home/dthill/seq-diversity/data/genomewide_depth//20241205NY065025780C_depths.tsv",971.517671280277,"20241205","NY065025780C_depths","tsv"
"/home/dthill/seq-diversity/data/genomewide_depth//20241205NY071026328A_depths.tsv",35.7575743944637,"20241205","NY071026328A_depths","tsv"
"/home/dthill/seq-diversity/data/genomewide_depth//20241205NY071027901A_depths.tsv",159.071415224913,"20241205","NY071027901A_depths","tsv"
"/home/dthill/seq-diversity/data/genomewide_depth//20241205NY071031518A_depths.tsv",120.182740484429,"20241205","NY071031518A_depths","tsv"
"/home/dthill/seq-diversity/data/genomewide_depth//20241205NY087028533A_depths.tsv",155.017605536332,"20241205","NY087028533A_depths","tsv"
"/home/dthill/seq-diversity/data/genomewide_depth//20241205NY087028851A_depths.tsv",200.694089965398,"20241205","NY087028851A_depths","tsv"
"/home/dthill/seq-diversity/data/genomewide_depth//20241205NY087031895A_depths.tsv",46.8805916955017,"20241205","NY087031895A_depths","tsv"
"/home/dthill/seq-diversity/data/genomewide_depth//20241205NY089236586A_depths.tsv",60.9074117647059,"20241205","NY089236586A_depths","tsv"
"/home/dthill/seq-diversity/data/genomewide_depth//20241205NY093020516A_depths.tsv",294.101930795848,"20241205","NY093020516A_depths","tsv"
"/home/dthill/seq-diversity/data/genomewide_depth//20241205NY097271942A_depths.tsv",78.9538754325259,"20241205","NY097271942A_depths","tsv"
"/home/dthill/seq-diversity/data/genomewide_depth//20241205NY099033308A_depths.tsv",145.764121107266,"20241205","NY099033308A_depths","tsv"
"/home/dthill/seq-diversity/data/genomewide_depth//20241205NY101025712A_depths.tsv",581.104591695502,"20241205","NY101025712A_depths","tsv"
"/home/dthill/seq-diversity/data/genomewide_depth//20241205NY113029050A_depths.tsv",243.539,"20241205","NY113029050A_depths","tsv"
"/home/dthill/seq-diversity/data/genomewide_depth//20241205NY115183695A_depths.tsv",108.705899653979,"20241205","NY115183695A_depths","tsv"
"/home/dthill/seq-diversity/data/genomewide_depth//20241205NY117027171A_depths.tsv",105.463373702422,"20241205","NY117027171A_depths","tsv"
"/home/dthill/seq-diversity/data/genomewide_depth//20241208NY005026191A_depths.tsv",2115.76358823529,"20241208","NY005026191A_depths","tsv"
"/home/dthill/seq-diversity/data/genomewide_depth//20241208NY047026166A_depths.tsv",3212.94342560554,"20241208","NY047026166A_depths","tsv"
"/home/dthill/seq-diversity/data/genomewide_depth//20241208NY047026182A_depths.tsv",8513.98625951557,"20241208","NY047026182A_depths","tsv"
"/home/dthill/seq-diversity/data/genomewide_depth//20241208NY047026204A_depths.tsv",3745.94128373702,"20241208","NY047026204A_depths","tsv"
"/home/dthill/seq-diversity/data/genomewide_depth//20241208NY047026212A_depths.tsv",6208.71037024221,"20241208","NY047026212A_depths","tsv"
"/home/dthill/seq-diversity/data/genomewide_depth//20241208NY047027073A_depths.tsv",5889.2978615917,"20241208","NY047027073A_depths","tsv"
"/home/dthill/seq-diversity/data/genomewide_depth//20241208NY055028339A_depths.tsv",95.6121453287197,"20241208","NY055028339A_depths","tsv"
"/home/dthill/seq-diversity/data/genomewide_depth//20241208NY061026131A_depths.tsv",7062.1115916955,"20241208","NY061026131A_depths","tsv"
"/home/dthill/seq-diversity/data/genomewide_depth//20241208NY061026247A_depths.tsv",5278.23430449827,"20241208","NY061026247A_depths","tsv"
"/home/dthill/seq-diversity/data/genomewide_depth//20241208NY067027618A_depths.tsv",60.399508650519,"20241208","NY067027618A_depths","tsv"
"/home/dthill/seq-diversity/data/genomewide_depth//20241208NY067027723A_depths.tsv",247.035460207612,"20241208","NY067027723A_depths","tsv"
"/home/dthill/seq-diversity/data/genomewide_depth//20241208NY067030317A_depths.tsv",60.0772249134948,"20241208","NY067030317A_depths","tsv"
"/home/dthill/seq-diversity/data/genomewide_depth//20241208NY081026115A_depths.tsv",4166.21999307959,"20241208","NY081026115A_depths","tsv"
"/home/dthill/seq-diversity/data/genomewide_depth//20241208NY081026158A_depths.tsv",9330.60204844291,"20241208","NY081026158A_depths","tsv"
"/home/dthill/seq-diversity/data/genomewide_depth//20241208NY081026221A_depths.tsv",2871.40952595156,"20241208","NY081026221A_depths","tsv"
"/home/dthill/seq-diversity/data/genomewide_depth//20241208NY081026239A_depths.tsv",5414.0977266436,"20241208","NY081026239A_depths","tsv"
"/home/dthill/seq-diversity/data/genomewide_depth//20241208NY085026107A_depths.tsv",6610.34303806228,"20241208","NY085026107A_depths","tsv"
"/home/dthill/seq-diversity/data/genomewide_depth//20241208NY085026174A_depths.tsv",5033.31851211073,"20241208","NY085026174A_depths","tsv"
"/home/dthill/seq-diversity/data/genomewide_depth//20241208NY119026697A_depths.tsv",159.805837370242,"20241208","NY119026697A_depths","tsv"
"/home/dthill/seq-diversity/data/genomewide_depth//20241208NY119026701A_depths.tsv",126.222757785467,"20241208","NY119026701A_depths","tsv"
"/home/dthill/seq-diversity/data/genomewide_depth//20241208NY119026719A_depths.tsv",54.3127162629758,"20241208","NY119026719A_depths","tsv"
"/home/dthill/seq-diversity/data/genomewide_depth//20241208NY119026786A_depths.tsv",185.184010380623,"20241208","NY119026786A_depths","tsv"
"/home/dthill/seq-diversity/data/genomewide_depth//20241208NY119100803A_depths.tsv",501.912335640138,"20241208","NY119100803A_depths","tsv"
"/home/dthill/seq-diversity/data/genomewide_depth//20241209NY013027961A_depths.tsv",69.8108581314879,"20241209","NY013027961A_depths","tsv"
"/home/dthill/seq-diversity/data/genomewide_depth//20241209NY023027561A_depths.tsv",37.4638512110727,"20241209","NY023027561A_depths","tsv"
"/home/dthill/seq-diversity/data/genomewide_depth//20241209NY027026255A_depths.tsv",1016.70025605536,"20241209","NY027026255A_depths","tsv"
"/home/dthill/seq-diversity/data/genomewide_depth//20241209NY055028231A_depths.tsv",71.2289204152249,"20241209","NY055028231A_depths","tsv"
"/home/dthill/seq-diversity/data/genomewide_depth//20241209NY063026336A_depths.tsv",470.450269896194,"20241209","NY063026336A_depths","tsv"
"/home/dthill/seq-diversity/data/genomewide_depth//20241209NY063027057A_depths.tsv",284.900612456747,"20241209","NY063027057A_depths","tsv"
"/home/dthill/seq-diversity/data/genomewide_depth//20241209NY063027979A_depths.tsv",470.711733564014,"20241209","NY063027979A_depths","tsv"
"/home/dthill/seq-diversity/data/genomewide_depth//20241209NY087031895A_depths.tsv",135.772692041523,"20241209","NY087031895A_depths","tsv"
"/home/dthill/seq-diversity/data/genomewide_depth//20241210NY005026191A_depths.tsv",4090.43060553633,"20241210","NY005026191A_depths","tsv"
"/home/dthill/seq-diversity/data/genomewide_depth//20241210NY007024414B_depths.tsv",529.337494809689,"20241210","NY007024414B_depths","tsv"
"/home/dthill/seq-diversity/data/genomewide_depth//20241210NY007024414C_depths.tsv",33.3254117647059,"20241210","NY007024414C_depths","tsv"
"/home/dthill/seq-diversity/data/genomewide_depth//20241210NY007027669A_depths.tsv",60.9088615916955,"20241210","NY007027669A_depths","tsv"
"/home/dthill/seq-diversity/data/genomewide_depth//20241210NY011021903A_depths.tsv",1085.88842214533,"20241210","NY011021903A_depths","tsv"
"/home/dthill/seq-diversity/data/genomewide_depth//20241210NY019023949A_depths.tsv",543.243249134948,"20241210","NY019023949A_depths","tsv"
"/home/dthill/seq-diversity/data/genomewide_depth//20241210NY019025097A_depths.tsv",599.145342560554,"20241210","NY019025097A_depths","tsv"
"/home/dthill/seq-diversity/data/genomewide_depth//20241210NY027149209A_depths.tsv",197.613747404844,"20241210","NY027149209A_depths","tsv"
"/home/dthill/seq-diversity/data/genomewide_depth//20241210NY029022136A_depths.tsv",402.288633217993,"20241210","NY029022136A_depths","tsv"
"/home/dthill/seq-diversity/data/genomewide_depth//20241210NY029022543A_depths.tsv",98.7057612456747,"20241210","NY029022543A_depths","tsv"
"/home/dthill/seq-diversity/data/genomewide_depth//20241210NY029025950B_depths.tsv",212.960636678201,"20241210","NY029025950B_depths","tsv"
"/home/dthill/seq-diversity/data/genomewide_depth//20241210NY029095401A_depths.tsv",314.971006920415,"20241210","NY029095401A_depths","tsv"
"/home/dthill/seq-diversity/data/genomewide_depth//20241210NY031022187A_depths.tsv",225.564743944637,"20241210","NY031022187A_depths","tsv"
"/home/dthill/seq-diversity/data/genomewide_depth//20241210NY037026514A_depths.tsv",174.45721799308,"20241210","NY037026514A_depths","tsv"
"/home/dthill/seq-diversity/data/genomewide_depth//20241210NY045025984A_depths.tsv",42.6343910034602,"20241210","NY045025984A_depths","tsv"
"/home/dthill/seq-diversity/data/genomewide_depth//20241210NY045025984B_depths.tsv",55.957491349481,"20241210","NY045025984B_depths","tsv"
"/home/dthill/seq-diversity/data/genomewide_depth//20241210NY047026166A_depths.tsv",4095.51450519031,"20241210","NY047026166A_depths","tsv"
"/home/dthill/seq-diversity/data/genomewide_depth//20241210NY047026182A_depths.tsv",4399.53483391003,"20241210","NY047026182A_depths","tsv"
"/home/dthill/seq-diversity/data/genomewide_depth//20241210NY047026204A_depths.tsv",3053.4453633218,"20241210","NY047026204A_depths","tsv"
"/home/dthill/seq-diversity/data/genomewide_depth//20241210NY047026212A_depths.tsv",4072.43041176471,"20241210","NY047026212A_depths","tsv"
"/home/dthill/seq-diversity/data/genomewide_depth//20241210NY047027073A_depths.tsv",5191.88702076125,"20241210","NY047027073A_depths","tsv"
"/home/dthill/seq-diversity/data/genomewide_depth//20241210NY051030635A_depths.tsv",55.4803494809689,"20241210","NY051030635A_depths","tsv"
"/home/dthill/seq-diversity/data/genomewide_depth//20241210NY053021539A_depths.tsv",31.7582975778547,"20241210","NY053021539A_depths","tsv"
"/home/dthill/seq-diversity/data/genomewide_depth//20241210NY053029807A_depths.tsv",79.3486401384083,"20241210","NY053029807A_depths","tsv"
"/home/dthill/seq-diversity/data/genomewide_depth//20241210NY055021610A_depths.tsv",459.893249134948,"20241210","NY055021610A_depths","tsv"
"/home/dthill/seq-diversity/data/genomewide_depth//20241210NY055028339A_depths.tsv",192.186847750865,"20241210","NY055028339A_depths","tsv"
"/home/dthill/seq-diversity/data/genomewide_depth//20241210NY061026131A_depths.tsv",4534.28005190311,"20241210","NY061026131A_depths","tsv"
"/home/dthill/seq-diversity/data/genomewide_depth//20241210NY061026247A_depths.tsv",430.957747404844,"20241210","NY061026247A_depths","tsv"
"/home/dthill/seq-diversity/data/genomewide_depth//20241210NY067025461A_depths.tsv",132.148124567474,"20241210","NY067025461A_depths","tsv"
"/home/dthill/seq-diversity/data/genomewide_depth//20241210NY069025968A_depths.tsv",136.143010380623,"20241210","NY069025968A_depths","tsv"
"/home/dthill/seq-diversity/data/genomewide_depth//20241210NY071026328A_depths.tsv",115.466384083045,"20241210","NY071026328A_depths","tsv"
"/home/dthill/seq-diversity/data/genomewide_depth//20241210NY071027901A_depths.tsv",332.654750865052,"20241210","NY071027901A_depths","tsv"
"/home/dthill/seq-diversity/data/genomewide_depth//20241210NY071031518A_depths.tsv",308.107089965398,"20241210","NY071031518A_depths","tsv"
"/home/dthill/seq-diversity/data/genomewide_depth//20241210NY075029114A_depths.tsv",198.694996539792,"20241210","NY075029114A_depths","tsv"
"/home/dthill/seq-diversity/data/genomewide_depth//20241210NY081026115A_depths.tsv",5570.49448788927,"20241210","NY081026115A_depths","tsv"
"/home/dthill/seq-diversity/data/genomewide_depth//20241210NY081026158A_depths.tsv",4098.13800692042,"20241210","NY081026158A_depths","tsv"
"/home/dthill/seq-diversity/data/genomewide_depth//20241210NY081026221A_depths.tsv",4914.08658477509,"20241210","NY081026221A_depths","tsv"
"/home/dthill/seq-diversity/data/genomewide_depth//20241210NY081026239A_depths.tsv",3622.11870588235,"20241210","NY081026239A_depths","tsv"
"/home/dthill/seq-diversity/data/genomewide_depth//20241210NY085026107A_depths.tsv",7203.02736678201,"20241210","NY085026107A_depths","tsv"
"/home/dthill/seq-diversity/data/genomewide_depth//20241210NY085026174A_depths.tsv",4630.05504844291,"20241210","NY085026174A_depths","tsv"
"/home/dthill/seq-diversity/data/genomewide_depth//20241210NY087022748A_depths.tsv",376.587487889273,"20241210","NY087022748A_depths","tsv"
"/home/dthill/seq-diversity/data/genomewide_depth//20241210NY089020818A_depths.tsv",34.9845328719723,"20241210","NY089020818A_depths","tsv"
"/home/dthill/seq-diversity/data/genomewide_depth//20241210NY089029831A_depths.tsv",192.491096885813,"20241210","NY089029831A_depths","tsv"
"/home/dthill/seq-diversity/data/genomewide_depth//20241210NY099022365A_depths.tsv",440.980314878893,"20241210","NY099022365A_depths","tsv"
"/home/dthill/seq-diversity/data/genomewide_depth//20241210NY105030724A_depths.tsv",222.790626297578,"20241210","NY105030724A_depths","tsv"
"/home/dthill/seq-diversity/data/genomewide_depth//20241210NY109020958A_depths.tsv",742.814252595156,"20241210","NY109020958A_depths","tsv"
"/home/dthill/seq-diversity/data/genomewide_depth//20241210NY109026638A_depths.tsv",56.347508650519,"20241210","NY109026638A_depths","tsv"
"/home/dthill/seq-diversity/data/genomewide_depth//20241210NY111029351A_depths.tsv",103.594716262976,"20241210","NY111029351A_depths","tsv"
"/home/dthill/seq-diversity/data/genomewide_depth//20241211NY009027162A_depths.tsv",60.3792006920415,"20241211","NY009027162A_depths","tsv"
"/home/dthill/seq-diversity/data/genomewide_depth//20241211NY013027961A_depths.tsv",97.773678200692,"20241211","NY013027961A_depths","tsv"
"/home/dthill/seq-diversity/data/genomewide_depth//20241211NY015035742A_depths.tsv",99.3104602076125,"20241211","NY015035742A_depths","tsv"
"/home/dthill/seq-diversity/data/genomewide_depth//20241211NY015036986A_depths.tsv",42.2843425605536,"20241211","NY015036986A_depths","tsv"
"/home/dthill/seq-diversity/data/genomewide_depth//20241211NY019022195A_depths.tsv",128.760221453287,"20241211","NY019022195A_depths","tsv"
"/home/dthill/seq-diversity/data/genomewide_depth//20241211NY025027154A_depths.tsv",1496.82655363322,"20241211","NY025027154A_depths","tsv"
"/home/dthill/seq-diversity/data/genomewide_depth//20241211NY027026271A_depths.tsv",123.690847750865,"20241211","NY027026271A_depths","tsv"
"/home/dthill/seq-diversity/data/genomewide_depth//20241211NY031022969A_depths.tsv",218.471757785467,"20241211","NY031022969A_depths","tsv"
"/home/dthill/seq-diversity/data/genomewide_depth//20241211NY037030546A_depths.tsv",170.142494809689,"20241211","NY037030546A_depths","tsv"
"/home/dthill/seq-diversity/data/genomewide_depth//20241211NY045025151A_depths.tsv",168.016484429066,"20241211","NY045025151A_depths","tsv"
"/home/dthill/seq-diversity/data/genomewide_depth//20241211NY049020125A_depths.tsv",101.978079584775,"20241211","NY049020125A_depths","tsv"
"/home/dthill/seq-diversity/data/genomewide_depth//20241211NY055028231A_depths.tsv",298.104152249135,"20241211","NY055028231A_depths","tsv"
"/home/dthill/seq-diversity/data/genomewide_depth//20241211NY071024422A_depths.tsv",124.473110726644,"20241211","NY071024422A_depths","tsv"
"/home/dthill/seq-diversity/data/genomewide_depth//20241211NY071026310A_depths.tsv",766.592429065744,"20241211","NY071026310A_depths","tsv"
"/home/dthill/seq-diversity/data/genomewide_depth//20241211NY071026522A_depths.tsv",349.768515570934,"20241211","NY071026522A_depths","tsv"
"/home/dthill/seq-diversity/data/genomewide_depth//20241211NY075029106A_depths.tsv",28.3617647058824,"20241211","NY075029106A_depths","tsv"
"/home/dthill/seq-diversity/data/genomewide_depth//20241211NY079031356A_depths.tsv",1128.46973702422,"20241211","NY079031356A_depths","tsv"
"/home/dthill/seq-diversity/data/genomewide_depth//20241211NY087026051A_depths.tsv",114.502058823529,"20241211","NY087026051A_depths","tsv"
"/home/dthill/seq-diversity/data/genomewide_depth//20241211NY087028533A_depths.tsv",738.544204152249,"20241211","NY087028533A_depths","tsv"
"/home/dthill/seq-diversity/data/genomewide_depth//20241211NY089031194A_depths.tsv",43.2363252595156,"20241211","NY089031194A_depths","tsv"
"/home/dthill/seq-diversity/data/genomewide_depth//20241211NY107029262A_depths.tsv",325.120692041522,"20241211","NY107029262A_depths","tsv"
"/home/dthill/seq-diversity/data/genomewide_depth//20241211NY109026638A_depths.tsv",118.190633217993,"20241211","NY109026638A_depths","tsv"
"/home/dthill/seq-diversity/data/genomewide_depth//20241211NY111029351A_depths.tsv",238.8013183391,"20241211","NY111029351A_depths","tsv"
"/home/dthill/seq-diversity/data/genomewide_depth//20241211NY111031208A_depths.tsv",77.9028131487889,"20241211","NY111031208A_depths","tsv"
"/home/dthill/seq-diversity/data/genomewide_depth//20241211NY119026689A_depths.tsv",164.952640138408,"20241211","NY119026689A_depths","tsv"
"/home/dthill/seq-diversity/data/genomewide_depth//20241211NY119026697A_depths.tsv",42.7341972318339,"20241211","NY119026697A_depths","tsv"
"/home/dthill/seq-diversity/data/genomewide_depth//20241211NY119100803A_depths.tsv",61.1186885813149,"20241211","NY119100803A_depths","tsv"
"/home/dthill/seq-diversity/data/genomewide_depth//20241211NY123029726A_depths.tsv",155.103878892734,"20241211","NY123029726A_depths","tsv"
"/home/dthill/seq-diversity/data/genomewide_depth//20241212NY007024414C_depths.tsv",56.9299826989619,"20241212","NY007024414C_depths","tsv"
"/home/dthill/seq-diversity/data/genomewide_depth//20241212NY011021903A_depths.tsv",107.842778546713,"20241212","NY011021903A_depths","tsv"
"/home/dthill/seq-diversity/data/genomewide_depth//20241212NY017021423A_depths.tsv",268.558910034602,"20241212","NY017021423A_depths","tsv"
"/home/dthill/seq-diversity/data/genomewide_depth//20241212NY019021831A_depths.tsv",292.355083044983,"20241212","NY019021831A_depths","tsv"
"/home/dthill/seq-diversity/data/genomewide_depth//20241212NY023027561A_depths.tsv",2075.06059861592,"20241212","NY023027561A_depths","tsv"
"/home/dthill/seq-diversity/data/genomewide_depth//20241212NY025026531A_depths.tsv",155.084166089965,"20241212","NY025026531A_depths","tsv"
"/home/dthill/seq-diversity/data/genomewide_depth//20241212NY027025976A_depths.tsv",195.751387543253,"20241212","NY027025976A_depths","tsv"
"/home/dthill/seq-diversity/data/genomewide_depth//20241212NY033030376A_depths.tsv",146.559487889273,"20241212","NY033030376A_depths","tsv"
"/home/dthill/seq-diversity/data/genomewide_depth//20241212NY051032328A_depths.tsv",1617.0901349481,"20241212","NY051032328A_depths","tsv"
"/home/dthill/seq-diversity/data/genomewide_depth//20241212NY055021610A_depths.tsv",205.444584775086,"20241212","NY055021610A_depths","tsv"
"/home/dthill/seq-diversity/data/genomewide_depth//20241212NY069023531A_depths.tsv",143.323747404844,"20241212","NY069023531A_depths","tsv"
"/home/dthill/seq-diversity/data/genomewide_depth//20241212NY071023680A_depths.tsv",172.604238754325,"20241212","NY071023680A_depths","tsv"
"/home/dthill/seq-diversity/data/genomewide_depth//20241212NY071026328A_depths.tsv",33.1612906574394,"20241212","NY071026328A_depths","tsv"
"/home/dthill/seq-diversity/data/genomewide_depth//20241212NY071027901A_depths.tsv",135.07578200692,"20241212","NY071027901A_depths","tsv"
"/home/dthill/seq-diversity/data/genomewide_depth//20241212NY071031518A_depths.tsv",691.372117647059,"20241212","NY071031518A_depths","tsv"
"/home/dthill/seq-diversity/data/genomewide_depth//20241212NY087028533A_depths.tsv",329.067408304498,"20241212","NY087028533A_depths","tsv"
"/home/dthill/seq-diversity/data/genomewide_depth//20241212NY087028851A_depths.tsv",83.2025570934256,"20241212","NY087028851A_depths","tsv"
"/home/dthill/seq-diversity/data/genomewide_depth//20241212NY087031895A_depths.tsv",214.127525951557,"20241212","NY087031895A_depths","tsv"
"/home/dthill/seq-diversity/data/genomewide_depth//20241212NY099033308A_depths.tsv",119.865415224913,"20241212","NY099033308A_depths","tsv"
"/home/dthill/seq-diversity/data/genomewide_depth//20241212NY101023906A_depths.tsv",85.3089100346021,"20241212","NY101023906A_depths","tsv"
"/home/dthill/seq-diversity/data/genomewide_depth//20241212NY101025712A_depths.tsv",440.075197231834,"20241212","NY101025712A_depths","tsv"
"/home/dthill/seq-diversity/data/genomewide_depth//20241212NY117027171A_depths.tsv",628.725100346021,"20241212","NY117027171A_depths","tsv"
"/home/dthill/seq-diversity/data/genomewide_depth//20241213NY087026051A_depths.tsv",150.696380622837,"20241213","NY087026051A_depths","tsv"
"/home/dthill/seq-diversity/data/genomewide_depth//20241215NY029028436A_depths.tsv",203.523442906574,"20241215","NY029028436A_depths","tsv"
"/home/dthill/seq-diversity/data/genomewide_depth//20241215NY035026042A_depths.tsv",128.694525951557,"20241215","NY035026042A_depths","tsv"
"/home/dthill/seq-diversity/data/genomewide_depth//20241215NY047026166A_depths.tsv",3938.57370588235,"20241215","NY047026166A_depths","tsv"
"/home/dthill/seq-diversity/data/genomewide_depth//20241215NY047026182A_depths.tsv",2817.91927681661,"20241215","NY047026182A_depths","tsv"
"/home/dthill/seq-diversity/data/genomewide_depth//20241215NY047026204A_depths.tsv",1566.39173010381,"20241215","NY047026204A_depths","tsv"
"/home/dthill/seq-diversity/data/genomewide_depth//20241215NY047027073A_depths.tsv",2724.98253979239,"20241215","NY047027073A_depths","tsv"
"/home/dthill/seq-diversity/data/genomewide_depth//20241215NY055028339A_depths.tsv",644.539020761246,"20241215","NY055028339A_depths","tsv"
"/home/dthill/seq-diversity/data/genomewide_depth//20241215NY067027081A_depths.tsv",97.0843771626298,"20241215","NY067027081A_depths","tsv"
"/home/dthill/seq-diversity/data/genomewide_depth//20241215NY067027596A_depths.tsv",55.588785467128,"20241215","NY067027596A_depths","tsv"
"/home/dthill/seq-diversity/data/genomewide_depth//20241215NY067027618A_depths.tsv",568.484411764706,"20241215","NY067027618A_depths","tsv"
"/home/dthill/seq-diversity/data/genomewide_depth//20241215NY067027723A_depths.tsv",57.8747958477509,"20241215","NY067027723A_depths","tsv"
"/home/dthill/seq-diversity/data/genomewide_depth//20241215NY067030317A_depths.tsv",269.409339100346,"20241215","NY067030317A_depths","tsv"
"/home/dthill/seq-diversity/data/genomewide_depth//20241215NY067030571A_depths.tsv",75.57,"20241215","NY067030571A_depths","tsv"
"/home/dthill/seq-diversity/data/genomewide_depth//20241215NY081026115A_depths.tsv",2208.76324221453,"20241215","NY081026115A_depths","tsv"
"/home/dthill/seq-diversity/data/genomewide_depth//20241215NY085026107A_depths.tsv",3254.09771972318,"20241215","NY085026107A_depths","tsv"
"/home/dthill/seq-diversity/data/genomewide_depth//20241215NY085026174A_depths.tsv",1882.96221453287,"20241215","NY085026174A_depths","tsv"
"/home/dthill/seq-diversity/data/genomewide_depth//20241215NY119026697A_depths.tsv",697.833595155709,"20241215","NY119026697A_depths","tsv"
"/home/dthill/seq-diversity/data/genomewide_depth//20241215NY119026701A_depths.tsv",180.826290657439,"20241215","NY119026701A_depths","tsv"
"/home/dthill/seq-diversity/data/genomewide_depth//20241215NY119026786A_depths.tsv",167.53421799308,"20241215","NY119026786A_depths","tsv"
"/home/dthill/seq-diversity/data/genomewide_depth//20241215NY119100803A_depths.tsv",228.126951557093,"20241215","NY119100803A_depths","tsv"
"/home/dthill/seq-diversity/data/genomewide_depth//20241215NY119108324A_depths.tsv",46.3888062283737,"20241215","NY119108324A_depths","tsv"
"/home/dthill/seq-diversity/data/genomewide_depth//20241216NY013027961A_depths.tsv",139.253591695502,"20241216","NY013027961A_depths","tsv"
"/home/dthill/seq-diversity/data/genomewide_depth//20241216NY023027561A_depths.tsv",123.625775086505,"20241216","NY023027561A_depths","tsv"
"/home/dthill/seq-diversity/data/genomewide_depth//20241216NY027026255A_depths.tsv",319.691491349481,"20241216","NY027026255A_depths","tsv"
"/home/dthill/seq-diversity/data/genomewide_depth//20241216NY031021733A_depths.tsv",499.556519031142,"20241216","NY031021733A_depths","tsv"
"/home/dthill/seq-diversity/data/genomewide_depth//20241216NY055028231A_depths.tsv",211.075169550173,"20241216","NY055028231A_depths","tsv"
"/home/dthill/seq-diversity/data/genomewide_depth//20241216NY059026859A_depths.tsv",39.0353598615917,"20241216","NY059026859A_depths","tsv"
"/home/dthill/seq-diversity/data/genomewide_depth//20241216NY063022331A_depths.tsv",248.474802768166,"20241216","NY063022331A_depths","tsv"
"/home/dthill/seq-diversity/data/genomewide_depth//20241216NY063026336A_depths.tsv",78.9829619377163,"20241216","NY063026336A_depths","tsv"
"/home/dthill/seq-diversity/data/genomewide_depth//20241216NY063027057A_depths.tsv",871.075847750865,"20241216","NY063027057A_depths","tsv"
"/home/dthill/seq-diversity/data/genomewide_depth//20241216NY063027979A_depths.tsv",1061.92709688581,"20241216","NY063027979A_depths","tsv"
"/home/dthill/seq-diversity/data/genomewide_depth//20241216NY065030864A_depths.tsv",706.553650519031,"20241216","NY065030864A_depths","tsv"
"/home/dthill/seq-diversity/data/genomewide_depth//20241216NY089020117A_depths.tsv",140.268065743945,"20241216","NY089020117A_depths","tsv"
"/home/dthill/seq-diversity/data/genomewide_depth//20241216NY089031194A_depths.tsv",153.033723183391,"20241216","NY089031194A_depths","tsv"
"/home/dthill/seq-diversity/data/genomewide_depth//20241217NY001025739A_depths.tsv",444.84191349481,"20241217","NY001025739A_depths","tsv"
"/home/dthill/seq-diversity/data/genomewide_depth//20241217NY005026191A_depths.tsv",3686.12955017301,"20241217","NY005026191A_depths","tsv"
"/home/dthill/seq-diversity/data/genomewide_depth//20241217NY007024414B_depths.tsv",553.749747404844,"20241217","NY007024414B_depths","tsv"
"/home/dthill/seq-diversity/data/genomewide_depth//20241217NY007024414C_depths.tsv",253.847048442907,"20241217","NY007024414C_depths","tsv"
"/home/dthill/seq-diversity/data/genomewide_depth//20241217NY011021903A_depths.tsv",111.782512110727,"20241217","NY011021903A_depths","tsv"
"/home/dthill/seq-diversity/data/genomewide_depth//20241217NY019021831A_depths.tsv",195.785041522491,"20241217","NY019021831A_depths","tsv"
"/home/dthill/seq-diversity/data/genomewide_depth//20241217NY019023949A_depths.tsv",383.436339100346,"20241217","NY019023949A_depths","tsv"
"/home/dthill/seq-diversity/data/genomewide_depth//20241217NY027149209A_depths.tsv",887.105311418685,"20241217","NY027149209A_depths","tsv"
"/home/dthill/seq-diversity/data/genomewide_depth//20241217NY029022136A_depths.tsv",455.142121107266,"20241217","NY029022136A_depths","tsv"
"/home/dthill/seq-diversity/data/genomewide_depth//20241217NY029025950B_depths.tsv",846.50655017301,"20241217","NY029025950B_depths","tsv"
"/home/dthill/seq-diversity/data/genomewide_depth//20241217NY029026395B_depths.tsv",755.126048442907,"20241217","NY029026395B_depths","tsv"
"/home/dthill/seq-diversity/data/genomewide_depth//20241217NY029026395C_depths.tsv",1288.05576470588,"20241217","NY029026395C_depths","tsv"
"/home/dthill/seq-diversity/data/genomewide_depth//20241217NY029028410A_depths.tsv",328.374065743945,"20241217","NY029028410A_depths","tsv"
"/home/dthill/seq-diversity/data/genomewide_depth//20241217NY029095401A_depths.tsv",275.240529411765,"20241217","NY029095401A_depths","tsv"
"/home/dthill/seq-diversity/data/genomewide_depth//20241217NY031022187A_depths.tsv",495.890314878893,"20241217","NY031022187A_depths","tsv"
"/home/dthill/seq-diversity/data/genomewide_depth//20241217NY047026166A_depths.tsv",2194.55080968858,"20241217","NY047026166A_depths","tsv"
"/home/dthill/seq-diversity/data/genomewide_depth//20241217NY047026182A_depths.tsv",4988.88195847751,"20241217","NY047026182A_depths","tsv"
"/home/dthill/seq-diversity/data/genomewide_depth//20241217NY047026204A_depths.tsv",5465.08421799308,"20241217","NY047026204A_depths","tsv"
"/home/dthill/seq-diversity/data/genomewide_depth//20241217NY047026212A_depths.tsv",2998.34758131488,"20241217","NY047026212A_depths","tsv"
"/home/dthill/seq-diversity/data/genomewide_depth//20241217NY047027073A_depths.tsv",3958.64642560554,"20241217","NY047027073A_depths","tsv"
"/home/dthill/seq-diversity/data/genomewide_depth//20241217NY051030635A_depths.tsv",121.520169550173,"20241217","NY051030635A_depths","tsv"
"/home/dthill/seq-diversity/data/genomewide_depth//20241217NY053029807A_depths.tsv",196.210823529412,"20241217","NY053029807A_depths","tsv"
"/home/dthill/seq-diversity/data/genomewide_depth//20241217NY055021610A_depths.tsv",212.990916955017,"20241217","NY055021610A_depths","tsv"
"/home/dthill/seq-diversity/data/genomewide_depth//20241217NY055028339A_depths.tsv",291.728494809689,"20241217","NY055028339A_depths","tsv"
"/home/dthill/seq-diversity/data/genomewide_depth//20241217NY057020290A_depths.tsv",41.529615916955,"20241217","NY057020290A_depths","tsv"
"/home/dthill/seq-diversity/data/genomewide_depth//20241217NY059026620A_depths.tsv",308.61584083045,"20241217","NY059026620A_depths","tsv"
"/home/dthill/seq-diversity/data/genomewide_depth//20241217NY059026778A_depths.tsv",1839.11325259516,"20241217","NY059026778A_depths","tsv"
"/home/dthill/seq-diversity/data/genomewide_depth//20241217NY059026999A_depths.tsv",1186.81552249135,"20241217","NY059026999A_depths","tsv"
"/home/dthill/seq-diversity/data/genomewide_depth//20241217NY061026131A_depths.tsv",3950.81014532872,"20241217","NY061026131A_depths","tsv"
"/home/dthill/seq-diversity/data/genomewide_depth//20241217NY061026247A_depths.tsv",4040.68084083045,"20241217","NY061026247A_depths","tsv"
"/home/dthill/seq-diversity/data/genomewide_depth//20241217NY065021385A_depths.tsv",348.360557093426,"20241217","NY065021385A_depths","tsv"
"/home/dthill/seq-diversity/data/genomewide_depth//20241217NY065022110A_depths.tsv",1445.77603460208,"20241217","NY065022110A_depths","tsv"
"/home/dthill/seq-diversity/data/genomewide_depth//20241217NY065030864A_depths.tsv",932.326920415225,"20241217","NY065030864A_depths","tsv"
"/home/dthill/seq-diversity/data/genomewide_depth//20241217NY067025461A_depths.tsv",59.3198096885813,"20241217","NY067025461A_depths","tsv"
"/home/dthill/seq-diversity/data/genomewide_depth//20241217NY071023680A_depths.tsv",88.5470795847751,"20241217","NY071023680A_depths","tsv"
"/home/dthill/seq-diversity/data/genomewide_depth//20241217NY071026310A_depths.tsv",464.703671280277,"20241217","NY071026310A_depths","tsv"
"/home/dthill/seq-diversity/data/genomewide_depth//20241217NY071026328A_depths.tsv",317.800200692042,"20241217","NY071026328A_depths","tsv"
"/home/dthill/seq-diversity/data/genomewide_depth//20241217NY071027901A_depths.tsv",652.019678200692,"20241217","NY071027901A_depths","tsv"
"/home/dthill/seq-diversity/data/genomewide_depth//20241217NY071031518A_depths.tsv",1220.54907266436,"20241217","NY071031518A_depths","tsv"
"/home/dthill/seq-diversity/data/genomewide_depth//20241217NY073021873A_depths.tsv",84.4534636678201,"20241217","NY073021873A_depths","tsv"
"/home/dthill/seq-diversity/data/genomewide_depth//20241217NY075029106A_depths.tsv",179.104581314879,"20241217","NY075029106A_depths","tsv"
"/home/dthill/seq-diversity/data/genomewide_depth//20241217NY075029114A_depths.tsv",228.835512110727,"20241217","NY075029114A_depths","tsv"
"/home/dthill/seq-diversity/data/genomewide_depth//20241217NY079022721A_depths.tsv",109.789647058824,"20241217","NY079022721A_depths","tsv"
"/home/dthill/seq-diversity/data/genomewide_depth//20241217NY081026115A_depths.tsv",4542.51043944637,"20241217","NY081026115A_depths","tsv"
"/home/dthill/seq-diversity/data/genomewide_depth//20241217NY081026158A_depths.tsv",2806.69180276817,"20241217","NY081026158A_depths","tsv"
"/home/dthill/seq-diversity/data/genomewide_depth//20241217NY081026221A_depths.tsv",3211.29258823529,"20241217","NY081026221A_depths","tsv"
"/home/dthill/seq-diversity/data/genomewide_depth//20241217NY081026239A_depths.tsv",5576.79439100346,"20241217","NY081026239A_depths","tsv"
"/home/dthill/seq-diversity/data/genomewide_depth//20241217NY083087971A_depths.tsv",313.923456747405,"20241217","NY083087971A_depths","tsv"
"/home/dthill/seq-diversity/data/genomewide_depth//20241217NY085026107A_depths.tsv",2406.16804152249,"20241217","NY085026107A_depths","tsv"
"/home/dthill/seq-diversity/data/genomewide_depth//20241217NY085026174A_depths.tsv",3291.87233217993,"20241217","NY085026174A_depths","tsv"
"/home/dthill/seq-diversity/data/genomewide_depth//20241217NY087022748A_depths.tsv",98.6379965397924,"20241217","NY087022748A_depths","tsv"
"/home/dthill/seq-diversity/data/genomewide_depth//20241217NY089029831A_depths.tsv",112.202162629758,"20241217","NY089029831A_depths","tsv"
"/home/dthill/seq-diversity/data/genomewide_depth//20241217NY089236586A_depths.tsv",112.65885467128,"20241217","NY089236586A_depths","tsv"
"/home/dthill/seq-diversity/data/genomewide_depth//20241217NY093020516A_depths.tsv",148.705204152249,"20241217","NY093020516A_depths","tsv"
"/home/dthill/seq-diversity/data/genomewide_depth//20241217NY099022365A_depths.tsv",896.298795847751,"20241217","NY099022365A_depths","tsv"
"/home/dthill/seq-diversity/data/genomewide_depth//20241217NY103024881A_depths.tsv",73.6957993079585,"20241217","NY103024881A_depths","tsv"
"/home/dthill/seq-diversity/data/genomewide_depth//20241217NY103079324A_depths.tsv",155.990152249135,"20241217","NY103079324A_depths","tsv"
"/home/dthill/seq-diversity/data/genomewide_depth//20241217NY103104809A_depths.tsv",34.8569965397924,"20241217","NY103104809A_depths","tsv"
"/home/dthill/seq-diversity/data/genomewide_depth//20241217NY105030724A_depths.tsv",358.518719723183,"20241217","NY105030724A_depths","tsv"
"/home/dthill/seq-diversity/data/genomewide_depth//20241217NY111029351A_depths.tsv",243.356871972318,"20241217","NY111029351A_depths","tsv"
"/home/dthill/seq-diversity/data/genomewide_depth//20241217NY117029475A_depths.tsv",257.930820069204,"20241217","NY117029475A_depths","tsv"
"/home/dthill/seq-diversity/data/genomewide_depth//20241217NY121021504A_depths.tsv",821.69746366782,"20241217","NY121021504A_depths","tsv"
"/home/dthill/seq-diversity/data/genomewide_depth//20241218NY007027669A_depths.tsv",162.629584775086,"20241218","NY007027669A_depths","tsv"
"/home/dthill/seq-diversity/data/genomewide_depth//20241218NY013027961A_depths.tsv",82.0296228373702,"20241218","NY013027961A_depths","tsv"
"/home/dthill/seq-diversity/data/genomewide_depth//20241218NY013106895A_depths.tsv",138.022432525952,"20241218","NY013106895A_depths","tsv"
"/home/dthill/seq-diversity/data/genomewide_depth//20241218NY015035742A_depths.tsv",151.202910034602,"20241218","NY015035742A_depths","tsv"
"/home/dthill/seq-diversity/data/genomewide_depth//20241218NY015036986A_depths.tsv",198.697778546713,"20241218","NY015036986A_depths","tsv"
"/home/dthill/seq-diversity/data/genomewide_depth//20241218NY019022195A_depths.tsv",855.514539792387,"20241218","NY019022195A_depths","tsv"
"/home/dthill/seq-diversity/data/genomewide_depth//20241218NY019026018A_depths.tsv",956.375041522491,"20241218","NY019026018A_depths","tsv"
"/home/dthill/seq-diversity/data/genomewide_depth//20241218NY025027154A_depths.tsv",1021.17239446367,"20241218","NY025027154A_depths","tsv"
"/home/dthill/seq-diversity/data/genomewide_depth//20241218NY027026255A_depths.tsv",574.750228373702,"20241218","NY027026255A_depths","tsv"
"/home/dthill/seq-diversity/data/genomewide_depth//20241218NY031021733A_depths.tsv",233.374868512111,"20241218","NY031021733A_depths","tsv"
"/home/dthill/seq-diversity/data/genomewide_depth//20241218NY031022969A_depths.tsv",289.884290657439,"20241218","NY031022969A_depths","tsv"
"/home/dthill/seq-diversity/data/genomewide_depth//20241218NY031036706A_depths.tsv",29.797830449827,"20241218","NY031036706A_depths","tsv"
"/home/dthill/seq-diversity/data/genomewide_depth//20241218NY051024449A_depths.tsv",197.405107266436,"20241218","NY051024449A_depths","tsv"
"/home/dthill/seq-diversity/data/genomewide_depth//20241218NY055028231A_depths.tsv",117.389442906574,"20241218","NY055028231A_depths","tsv"
"/home/dthill/seq-diversity/data/genomewide_depth//20241218NY059023523A_depths.tsv",7828.10699307958,"20241218","NY059023523A_depths","tsv"
"/home/dthill/seq-diversity/data/genomewide_depth//20241218NY059026859A_depths.tsv",100.154716262976,"20241218","NY059026859A_depths","tsv"
"/home/dthill/seq-diversity/data/genomewide_depth//20241218NY063027774A_depths.tsv",323.710871972318,"20241218","NY063027774A_depths","tsv"
"/home/dthill/seq-diversity/data/genomewide_depth//20241218NY071022144A_depths.tsv",247.284169550173,"20241218","NY071022144A_depths","tsv"
"/home/dthill/seq-diversity/data/genomewide_depth//20241218NY071024422A_depths.tsv",190.438750865052,"20241218","NY071024422A_depths","tsv"
"/home/dthill/seq-diversity/data/genomewide_depth//20241218NY071026310A_depths.tsv",287.795062283737,"20241218","NY071026310A_depths","tsv"
"/home/dthill/seq-diversity/data/genomewide_depth//20241218NY071026522A_depths.tsv",812.905633217993,"20241218","NY071026522A_depths","tsv"
"/home/dthill/seq-diversity/data/genomewide_depth//20241218NY071030490A_depths.tsv",2517.14847058824,"20241218","NY071030490A_depths","tsv"
"/home/dthill/seq-diversity/data/genomewide_depth//20241218NY075029106A_depths.tsv",251.750674740484,"20241218","NY075029106A_depths","tsv"
"/home/dthill/seq-diversity/data/genomewide_depth//20241218NY075029114A_depths.tsv",167.982138408305,"20241218","NY075029114A_depths","tsv"
"/home/dthill/seq-diversity/data/genomewide_depth//20241218NY079031356A_depths.tsv",1150.8722733564,"20241218","NY079031356A_depths","tsv"
"/home/dthill/seq-diversity/data/genomewide_depth//20241218NY083026034A_depths.tsv",493.650166089965,"20241218","NY083026034A_depths","tsv"
"/home/dthill/seq-diversity/data/genomewide_depth//20241218NY087028533A_depths.tsv",1384.08772318339,"20241218","NY087028533A_depths","tsv"
"/home/dthill/seq-diversity/data/genomewide_depth//20241218NY087270598A_depths.tsv",47.1922560553633,"20241218","NY087270598A_depths","tsv"
"/home/dthill/seq-diversity/data/genomewide_depth//20241218NY089020117A_depths.tsv",139.506955017301,"20241218","NY089020117A_depths","tsv"
"/home/dthill/seq-diversity/data/genomewide_depth//20241218NY089031194A_depths.tsv",339.533238754325,"20241218","NY089031194A_depths","tsv"
"/home/dthill/seq-diversity/data/genomewide_depth//20241218NY095024201A_depths.tsv",142.218429065744,"20241218","NY095024201A_depths","tsv"
"/home/dthill/seq-diversity/data/genomewide_depth//20241218NY103080683A_depths.tsv",281.975602076125,"20241218","NY103080683A_depths","tsv"
"/home/dthill/seq-diversity/data/genomewide_depth//20241218NY105022454A_depths.tsv",182.51576816609,"20241218","NY105022454A_depths","tsv"
"/home/dthill/seq-diversity/data/genomewide_depth//20241218NY109020958A_depths.tsv",30.9447197231834,"20241218","NY109020958A_depths","tsv"
"/home/dthill/seq-diversity/data/genomewide_depth//20241218NY109026638A_depths.tsv",45.5771003460208,"20241218","NY109026638A_depths","tsv"
"/home/dthill/seq-diversity/data/genomewide_depth//20241218NY111029351A_depths.tsv",323.364584775086,"20241218","NY111029351A_depths","tsv"
"/home/dthill/seq-diversity/data/genomewide_depth//20241218NY111030082A_depths.tsv",464.609560553633,"20241218","NY111030082A_depths","tsv"
"/home/dthill/seq-diversity/data/genomewide_depth//20241218NY117027171A_depths.tsv",1689.15968512111,"20241218","NY117027171A_depths","tsv"
"/home/dthill/seq-diversity/data/genomewide_depth//20241218NY119026689A_depths.tsv",676.868574394464,"20241218","NY119026689A_depths","tsv"
"/home/dthill/seq-diversity/data/genomewide_depth//20241218NY119026697A_depths.tsv",230.792910034602,"20241218","NY119026697A_depths","tsv"
"/home/dthill/seq-diversity/data/genomewide_depth//20241218NY119026701A_depths.tsv",1437.67044982699,"20241218","NY119026701A_depths","tsv"
"/home/dthill/seq-diversity/data/genomewide_depth//20241218NY119026786A_depths.tsv",185.437197231834,"20241218","NY119026786A_depths","tsv"
"/home/dthill/seq-diversity/data/genomewide_depth//20241218NY119100803A_depths.tsv",291.126134948097,"20241218","NY119100803A_depths","tsv"
"/home/dthill/seq-diversity/data/genomewide_depth//20241218NY119108324A_depths.tsv",456.981837370242,"20241218","NY119108324A_depths","tsv"
"/home/dthill/seq-diversity/data/genomewide_depth//20241219NY007024414B_depths.tsv",294.352339100346,"20241219","NY007024414B_depths","tsv"
"/home/dthill/seq-diversity/data/genomewide_depth//20241219NY007024414C_depths.tsv",515.710705882353,"20241219","NY007024414C_depths","tsv"
"/home/dthill/seq-diversity/data/genomewide_depth//20241219NY009027162A_depths.tsv",219.747861591696,"20241219","NY009027162A_depths","tsv"
"/home/dthill/seq-diversity/data/genomewide_depth//20241219NY011021903A_depths.tsv",209.615916955017,"20241219","NY011021903A_depths","tsv"
"/home/dthill/seq-diversity/data/genomewide_depth//20241219NY017021423A_depths.tsv",170.066702422145,"20241219","NY017021423A_depths","tsv"
"/home/dthill/seq-diversity/data/genomewide_depth//20241219NY027025976A_depths.tsv",45.8874498269896,"20241219","NY027025976A_depths","tsv"
"/home/dthill/seq-diversity/data/genomewide_depth//20241219NY029022543A_depths.tsv",153.436865051903,"20241219","NY029022543A_depths","tsv"
"/home/dthill/seq-diversity/data/genomewide_depth//20241219NY033030376A_depths.tsv",289.598719723183,"20241219","NY033030376A_depths","tsv"
"/home/dthill/seq-diversity/data/genomewide_depth//20241219NY041026484A_depths.tsv",49.9559896193772,"20241219","NY041026484A_depths","tsv"
"/home/dthill/seq-diversity/data/genomewide_depth//20241219NY051032328A_depths.tsv",1277.34101730104,"20241219","NY051032328A_depths","tsv"
"/home/dthill/seq-diversity/data/genomewide_depth//20241219NY053026956A_depths.tsv",37.646660899654,"20241219","NY053026956A_depths","tsv"
"/home/dthill/seq-diversity/data/genomewide_depth//20241219NY055021610A_depths.tsv",355.810529411765,"20241219","NY055021610A_depths","tsv"
"/home/dthill/seq-diversity/data/genomewide_depth//20241219NY057020290A_depths.tsv",1182.2330899654,"20241219","NY057020290A_depths","tsv"
"/home/dthill/seq-diversity/data/genomewide_depth//20241219NY059020567A_depths.tsv",827.335249134948,"20241219","NY059020567A_depths","tsv"
"/home/dthill/seq-diversity/data/genomewide_depth//20241219NY059026620A_depths.tsv",221.142176470588,"20241219","NY059026620A_depths","tsv"
"/home/dthill/seq-diversity/data/genomewide_depth//20241219NY059026778A_depths.tsv",1395.91715916955,"20241219","NY059026778A_depths","tsv"
"/home/dthill/seq-diversity/data/genomewide_depth//20241219NY059026841A_depths.tsv",1491.53142214533,"20241219","NY059026841A_depths","tsv"
"/home/dthill/seq-diversity/data/genomewide_depth//20241219NY059026999A_depths.tsv",1676.41567820069,"20241219","NY059026999A_depths","tsv"
"/home/dthill/seq-diversity/data/genomewide_depth//20241219NY065025780C_depths.tsv",531.960809688581,"20241219","NY065025780C_depths","tsv"
"/home/dthill/seq-diversity/data/genomewide_depth//20241219NY065036790A_depths.tsv",520.69701384083,"20241219","NY065036790A_depths","tsv"
"/home/dthill/seq-diversity/data/genomewide_depth//20241219NY069023531A_depths.tsv",165.959110726644,"20241219","NY069023531A_depths","tsv"
"/home/dthill/seq-diversity/data/genomewide_depth//20241219NY071023680A_depths.tsv",632.355027681661,"20241219","NY071023680A_depths","tsv"
"/home/dthill/seq-diversity/data/genomewide_depth//20241219NY071026328A_depths.tsv",1007.80168858131,"20241219","NY071026328A_depths","tsv"
"/home/dthill/seq-diversity/data/genomewide_depth//20241219NY071027901A_depths.tsv",297.343764705882,"20241219","NY071027901A_depths","tsv"
"/home/dthill/seq-diversity/data/genomewide_depth//20241219NY071031518A_depths.tsv",2756.4057716263,"20241219","NY071031518A_depths","tsv"
"/home/dthill/seq-diversity/data/genomewide_depth//20241219NY077031151A_depths.tsv",1179.22083044983,"20241219","NY077031151A_depths","tsv"
"/home/dthill/seq-diversity/data/genomewide_depth//20241219NY087028533A_depths.tsv",729.105951557093,"20241219","NY087028533A_depths","tsv"
"/home/dthill/seq-diversity/data/genomewide_depth//20241219NY087028851A_depths.tsv",115.274044982699,"20241219","NY087028851A_depths","tsv"
"/home/dthill/seq-diversity/data/genomewide_depth//20241219NY087031895A_depths.tsv",282.687259515571,"20241219","NY087031895A_depths","tsv"
"/home/dthill/seq-diversity/data/genomewide_depth//20241219NY089020818A_depths.tsv",415.946833910035,"20241219","NY089020818A_depths","tsv"
"/home/dthill/seq-diversity/data/genomewide_depth//20241219NY089236586A_depths.tsv",82.0677335640138,"20241219","NY089236586A_depths","tsv"
"/home/dthill/seq-diversity/data/genomewide_depth//20241219NY093020516A_depths.tsv",216.743373702422,"20241219","NY093020516A_depths","tsv"
"/home/dthill/seq-diversity/data/genomewide_depth//20241219NY099033308A_depths.tsv",677.787837370242,"20241219","NY099033308A_depths","tsv"
"/home/dthill/seq-diversity/data/genomewide_depth//20241219NY101021431A_depths.tsv",310.97291349481,"20241219","NY101021431A_depths","tsv"
"/home/dthill/seq-diversity/data/genomewide_depth//20241219NY101023906A_depths.tsv",140.550792387543,"20241219","NY101023906A_depths","tsv"
"/home/dthill/seq-diversity/data/genomewide_depth//20241219NY101025712A_depths.tsv",372.160525951557,"20241219","NY101025712A_depths","tsv"
"/home/dthill/seq-diversity/data/genomewide_depth//20241219NY103104809A_depths.tsv",566.388467128028,"20241219","NY103104809A_depths","tsv"
"/home/dthill/seq-diversity/data/genomewide_depth//20241220NY023027561A_depths.tsv",992.210152249135,"20241220","NY023027561A_depths","tsv"
"/home/dthill/seq-diversity/data/genomewide_depth//20241222NY005026191A_depths.tsv",1047.30102422145,"20241222","NY005026191A_depths","tsv"
"/home/dthill/seq-diversity/data/genomewide_depth//20241222NY029028436A_depths.tsv",142.397041522491,"20241222","NY029028436A_depths","tsv"
"/home/dthill/seq-diversity/data/genomewide_depth//20241222NY047026166A_depths.tsv",1092.19865051903,"20241222","NY047026166A_depths","tsv"
"/home/dthill/seq-diversity/data/genomewide_depth//20241222NY047026182A_depths.tsv",606.327598615917,"20241222","NY047026182A_depths","tsv"
"/home/dthill/seq-diversity/data/genomewide_depth//20241222NY047026204A_depths.tsv",1710.22687197232,"20241222","NY047026204A_depths","tsv"
"/home/dthill/seq-diversity/data/genomewide_depth//20241222NY047026212A_depths.tsv",2356.16502768166,"20241222","NY047026212A_depths","tsv"
"/home/dthill/seq-diversity/data/genomewide_depth//20241222NY047027073A_depths.tsv",2619.74344290657,"20241222","NY047027073A_depths","tsv"
"/home/dthill/seq-diversity/data/genomewide_depth//20241222NY055028339A_depths.tsv",439.696152249135,"20241222","NY055028339A_depths","tsv"
"/home/dthill/seq-diversity/data/genomewide_depth//20241222NY061026131A_depths.tsv",1670.60279930796,"20241222","NY061026131A_depths","tsv"
"/home/dthill/seq-diversity/data/genomewide_depth//20241222NY061026247A_depths.tsv",1388.01147058824,"20241222","NY061026247A_depths","tsv"
"/home/dthill/seq-diversity/data/genomewide_depth//20241222NY063022331A_depths.tsv",206.632474048443,"20241222","NY063022331A_depths","tsv"
"/home/dthill/seq-diversity/data/genomewide_depth//20241222NY067027081A_depths.tsv",363.621525951557,"20241222","NY067027081A_depths","tsv"
"/home/dthill/seq-diversity/data/genomewide_depth//20241222NY067027723A_depths.tsv",632.54815916955,"20241222","NY067027723A_depths","tsv"
"/home/dthill/seq-diversity/data/genomewide_depth//20241222NY075029114A_depths.tsv",93.8230657439446,"20241222","NY075029114A_depths","tsv"
"/home/dthill/seq-diversity/data/genomewide_depth//20241222NY081026115A_depths.tsv",3658.61719031142,"20241222","NY081026115A_depths","tsv"
"/home/dthill/seq-diversity/data/genomewide_depth//20241222NY081026158A_depths.tsv",2366.21075086505,"20241222","NY081026158A_depths","tsv"
"/home/dthill/seq-diversity/data/genomewide_depth//20241222NY081026221A_depths.tsv",1795.15732871972,"20241222","NY081026221A_depths","tsv"
"/home/dthill/seq-diversity/data/genomewide_depth//20241222NY081026239A_depths.tsv",2356.32366089965,"20241222","NY081026239A_depths","tsv"
"/home/dthill/seq-diversity/data/genomewide_depth//20241222NY085026107A_depths.tsv",1414.6852733564,"20241222","NY085026107A_depths","tsv"
"/home/dthill/seq-diversity/data/genomewide_depth//20241222NY085026174A_depths.tsv",3389.51329757785,"20241222","NY085026174A_depths","tsv"
"/home/dthill/seq-diversity/data/genomewide_depth//20241222NY119026697A_depths.tsv",808.033408304498,"20241222","NY119026697A_depths","tsv"
"/home/dthill/seq-diversity/data/genomewide_depth//20241222NY119026786A_depths.tsv",296.858169550173,"20241222","NY119026786A_depths","tsv"
"/home/dthill/seq-diversity/data/genomewide_depth//20241222NY119100803A_depths.tsv",204.164273356401,"20241222","NY119100803A_depths","tsv"
"/home/dthill/seq-diversity/data/genomewide_depth//20241222NY119108324A_depths.tsv",106.833692041522,"20241222","NY119108324A_depths","tsv"
"/home/dthill/seq-diversity/data/genomewide_depth//20241223NY001025739A_depths.tsv",406.582498269896,"20241223","NY001025739A_depths","tsv"
"/home/dthill/seq-diversity/data/genomewide_depth//20241223NY001026867A_depths.tsv",318.436131487889,"20241223","NY001026867A_depths","tsv"
"/home/dthill/seq-diversity/data/genomewide_depth//20241223NY001026875A_depths.tsv",59.3675501730104,"20241223","NY001026875A_depths","tsv"
"/home/dthill/seq-diversity/data/genomewide_depth//20241223NY007027669A_depths.tsv",308.979373702422,"20241223","NY007027669A_depths","tsv"
"/home/dthill/seq-diversity/data/genomewide_depth//20241223NY013027961A_depths.tsv",50.2896332179931,"20241223","NY013027961A_depths","tsv"
"/home/dthill/seq-diversity/data/genomewide_depth//20241223NY023027561A_depths.tsv",123.678474048443,"20241223","NY023027561A_depths","tsv"
"/home/dthill/seq-diversity/data/genomewide_depth//20241223NY027026255A_depths.tsv",668.618968858131,"20241223","NY027026255A_depths","tsv"
"/home/dthill/seq-diversity/data/genomewide_depth//20241223NY035026042A_depths.tsv",280.134688581315,"20241223","NY035026042A_depths","tsv"
"/home/dthill/seq-diversity/data/genomewide_depth//20241223NY043036528A_depths.tsv",674.97908650519,"20241223","NY043036528A_depths","tsv"
"/home/dthill/seq-diversity/data/genomewide_depth//20241223NY045025984A_depths.tsv",26.3878166089965,"20241223","NY045025984A_depths","tsv"
"/home/dthill/seq-diversity/data/genomewide_depth//20241223NY045025984B_depths.tsv",101.728920415225,"20241223","NY045025984B_depths","tsv"
"/home/dthill/seq-diversity/data/genomewide_depth//20241223NY051024449A_depths.tsv",366.117134948097,"20241223","NY051024449A_depths","tsv"
"/home/dthill/seq-diversity/data/genomewide_depth//20241223NY055028231A_depths.tsv",211.225647058824,"20241223","NY055028231A_depths","tsv"
"/home/dthill/seq-diversity/data/genomewide_depth//20241223NY057020290A_depths.tsv",411.239543252595,"20241223","NY057020290A_depths","tsv"
"/home/dthill/seq-diversity/data/genomewide_depth//20241223NY059026450A_depths.tsv",498.529602076125,"20241223","NY059026450A_depths","tsv"
"/home/dthill/seq-diversity/data/genomewide_depth//20241223NY059026859A_depths.tsv",1612.72389273356,"20241223","NY059026859A_depths","tsv"
"/home/dthill/seq-diversity/data/genomewide_depth//20241223NY063026336A_depths.tsv",1194.30119377163,"20241223","NY063026336A_depths","tsv"
"/home/dthill/seq-diversity/data/genomewide_depth//20241223NY063027979A_depths.tsv",2314.01923183391,"20241223","NY063027979A_depths","tsv"
"/home/dthill/seq-diversity/data/genomewide_depth//20241223NY071026310A_depths.tsv",1547.03474394464,"20241223","NY071026310A_depths","tsv"
"/home/dthill/seq-diversity/data/genomewide_depth//20241223NY075029106A_depths.tsv",706.833941176471,"20241223","NY075029106A_depths","tsv"
"/home/dthill/seq-diversity/data/genomewide_depth//20241223NY083087971A_depths.tsv",708.771401384083,"20241223","NY083087971A_depths","tsv"
"/home/dthill/seq-diversity/data/genomewide_depth//20241223NY087022748A_depths.tsv",6040.84889273356,"20241223","NY087022748A_depths","tsv"
"/home/dthill/seq-diversity/data/genomewide_depth//20241223NY087031895A_depths.tsv",116.12437716263,"20241223","NY087031895A_depths","tsv"
"/home/dthill/seq-diversity/data/genomewide_depth//20241223NY089020117A_depths.tsv",90.3556193771626,"20241223","NY089020117A_depths","tsv"
"/home/dthill/seq-diversity/data/genomewide_depth//20241223NY089031194A_depths.tsv",457.184467128028,"20241223","NY089031194A_depths","tsv"
"/home/dthill/seq-diversity/data/genomewide_depth//20241223NY091028240A_depths.tsv",90.7125501730104,"20241223","NY091028240A_depths","tsv"
"/home/dthill/seq-diversity/data/genomewide_depth//20241223NY103076988A_depths.tsv",114.481041522491,"20241223","NY103076988A_depths","tsv"
"/home/dthill/seq-diversity/data/genomewide_depth//20241223NY103080683A_depths.tsv",152.298024221453,"20241223","NY103080683A_depths","tsv"
"/home/dthill/seq-diversity/data/genomewide_depth//20241223NY103104809A_depths.tsv",322.589193771626,"20241223","NY103104809A_depths","tsv"
"/home/dthill/seq-diversity/data/genomewide_depth//20241223NY103206644A_depths.tsv",863.368242214533,"20241223","NY103206644A_depths","tsv"
"/home/dthill/seq-diversity/data/genomewide_depth//20241223NY105024520A_depths.tsv",117.910342560554,"20241223","NY105024520A_depths","tsv"
"/home/dthill/seq-diversity/data/genomewide_depth//20241224NY001022225A_depths.tsv",546.185560553633,"20241224","NY001022225A_depths","tsv"
"/home/dthill/seq-diversity/data/genomewide_depth//20241224NY013027570A_depths.tsv",785.796394463668,"20241224","NY013027570A_depths","tsv"
"/home/dthill/seq-diversity/data/genomewide_depth//20241224NY029022543A_depths.tsv",686.617134948097,"20241224","NY029022543A_depths","tsv"
"/home/dthill/seq-diversity/data/genomewide_depth//20241224NY029025950B_depths.tsv",1083.54555709343,"20241224","NY029025950B_depths","tsv"
"/home/dthill/seq-diversity/data/genomewide_depth//20241224NY029026395B_depths.tsv",762.711242214533,"20241224","NY029026395B_depths","tsv"
"/home/dthill/seq-diversity/data/genomewide_depth//20241224NY029026395C_depths.tsv",191.561010380623,"20241224","NY029026395C_depths","tsv"
"/home/dthill/seq-diversity/data/genomewide_depth//20241224NY029032093A_depths.tsv",164.70114532872,"20241224","NY029032093A_depths","tsv"
"/home/dthill/seq-diversity/data/genomewide_depth//20241224NY029095401A_depths.tsv",1346.67907266436,"20241224","NY029095401A_depths","tsv"
"/home/dthill/seq-diversity/data/genomewide_depth//20241224NY055021610A_depths.tsv",210.633352941176,"20241224","NY055021610A_depths","tsv"
"/home/dthill/seq-diversity/data/genomewide_depth//20241224NY055026794A_depths.tsv",350.729602076125,"20241224","NY055026794A_depths","tsv"
"/home/dthill/seq-diversity/data/genomewide_depth//20241224NY055028339A_depths.tsv",986.020515570934,"20241224","NY055028339A_depths","tsv"
"/home/dthill/seq-diversity/data/genomewide_depth//20241224NY059023523A_depths.tsv",424.490370242215,"20241224","NY059023523A_depths","tsv"
"/home/dthill/seq-diversity/data/genomewide_depth//20241224NY059026620A_depths.tsv",59.0270242214533,"20241224","NY059026620A_depths","tsv"
"/home/dthill/seq-diversity/data/genomewide_depth//20241224NY059026778A_depths.tsv",1643.03727681661,"20241224","NY059026778A_depths","tsv"
"/home/dthill/seq-diversity/data/genomewide_depth//20241224NY059026841A_depths.tsv",35.1002560553633,"20241224","NY059026841A_depths","tsv"
"/home/dthill/seq-diversity/data/genomewide_depth//20241224NY059026859A_depths.tsv",175.637124567474,"20241224","NY059026859A_depths","tsv"
"/home/dthill/seq-diversity/data/genomewide_depth//20241224NY089020818A_depths.tsv",61.1188269896194,"20241224","NY089020818A_depths","tsv"
"/home/dthill/seq-diversity/data/genomewide_depth//20241224NY089236586A_depths.tsv",470.191321799308,"20241224","NY089236586A_depths","tsv"
"/home/dthill/seq-diversity/data/genomewide_depth//20241224NY091028240A_depths.tsv",143.591785467128,"20241224","NY091028240A_depths","tsv"
"/home/dthill/seq-diversity/data/genomewide_depth//20241224NY093020516A_depths.tsv",475.436114186851,"20241224","NY093020516A_depths","tsv"
"/home/dthill/seq-diversity/data/genomewide_depth//20241224NY101023906A_depths.tsv",74.3586920415225,"20241224","NY101023906A_depths","tsv"
"/home/dthill/seq-diversity/data/genomewide_depth//20241224NY103024881A_depths.tsv",460.932408304498,"20241224","NY103024881A_depths","tsv"
"/home/dthill/seq-diversity/data/genomewide_depth//20241224NY103065358A_depths.tsv",1175.2175432526,"20241224","NY103065358A_depths","tsv"
"/home/dthill/seq-diversity/data/genomewide_depth//20241224NY103079324A_depths.tsv",2843.01189965398,"20241224","NY103079324A_depths","tsv"
"/home/dthill/seq-diversity/data/genomewide_depth//20241224NY103104809A_depths.tsv",745.246370242215,"20241224","NY103104809A_depths","tsv"
"/home/dthill/seq-diversity/data/genomewide_depth//20241224NY113094366A_depths.tsv",156.261228373702,"20241224","NY113094366A_depths","tsv"
"/home/dthill/seq-diversity/data/genomewide_depth//20241224NY121021504A_depths.tsv",522.852716262976,"20241224","NY121021504A_depths","tsv"
"/home/dthill/seq-diversity/data/genomewide_depth//20241225NY013027961A_depths.tsv",71.2640276816609,"20241225","NY013027961A_depths","tsv"
"/home/dthill/seq-diversity/data/genomewide_depth//20241225NY055028231A_depths.tsv",410.856685121107,"20241225","NY055028231A_depths","tsv"
"/home/dthill/seq-diversity/data/genomewide_depth//20241225NY119026689A_depths.tsv",373.420795847751,"20241225","NY119026689A_depths","tsv"
"/home/dthill/seq-diversity/data/genomewide_depth//20241225NY119026697A_depths.tsv",410.249806228374,"20241225","NY119026697A_depths","tsv"
"/home/dthill/seq-diversity/data/genomewide_depth//20241225NY119026701A_depths.tsv",757.143508650519,"20241225","NY119026701A_depths","tsv"
"/home/dthill/seq-diversity/data/genomewide_depth//20241225NY119100803A_depths.tsv",353.157356401384,"20241225","NY119100803A_depths","tsv"
"/home/dthill/seq-diversity/data/genomewide_depth//20241226NY001025739A_depths.tsv",779.289629757786,"20241226","NY001025739A_depths","tsv"
"/home/dthill/seq-diversity/data/genomewide_depth//20241226NY007024414B_depths.tsv",851.853650519031,"20241226","NY007024414B_depths","tsv"
"/home/dthill/seq-diversity/data/genomewide_depth//20241226NY007027669A_depths.tsv",294.26246366782,"20241226","NY007027669A_depths","tsv"
"/home/dthill/seq-diversity/data/genomewide_depth//20241226NY009027162A_depths.tsv",317.946577854671,"20241226","NY009027162A_depths","tsv"
"/home/dthill/seq-diversity/data/genomewide_depth//20241226NY011021903A_depths.tsv",612.168792387543,"20241226","NY011021903A_depths","tsv"
"/home/dthill/seq-diversity/data/genomewide_depth//20241226NY013106895A_depths.tsv",350.685204152249,"20241226","NY013106895A_depths","tsv"
"/home/dthill/seq-diversity/data/genomewide_depth//20241226NY019021831A_depths.tsv",327.644494809689,"20241226","NY019021831A_depths","tsv"
"/home/dthill/seq-diversity/data/genomewide_depth//20241226NY019022195A_depths.tsv",157.354564013841,"20241226","NY019022195A_depths","tsv"
"/home/dthill/seq-diversity/data/genomewide_depth//20241226NY023027561A_depths.tsv",126.80776816609,"20241226","NY023027561A_depths","tsv"
"/home/dthill/seq-diversity/data/genomewide_depth//20241226NY031021733A_depths.tsv",133.130446366782,"20241226","NY031021733A_depths","tsv"
"/home/dthill/seq-diversity/data/genomewide_depth//20241226NY031022187A_depths.tsv",2901.87179930796,"20241226","NY031022187A_depths","tsv"
"/home/dthill/seq-diversity/data/genomewide_depth//20241226NY033030376A_depths.tsv",35.0979031141868,"20241226","NY033030376A_depths","tsv"
"/home/dthill/seq-diversity/data/genomewide_depth//20241226NY045025151A_depths.tsv",217.438598615917,"20241226","NY045025151A_depths","tsv"
"/home/dthill/seq-diversity/data/genomewide_depth//20241226NY045025984A_depths.tsv",136.075065743945,"20241226","NY045025984A_depths","tsv"
"/home/dthill/seq-diversity/data/genomewide_depth//20241226NY051032328A_depths.tsv",722.877508650519,"20241226","NY051032328A_depths","tsv"
"/home/dthill/seq-diversity/data/genomewide_depth//20241226NY055021610A_depths.tsv",141.263173010381,"20241226","NY055021610A_depths","tsv"
"/home/dthill/seq-diversity/data/genomewide_depth//20241226NY057020290A_depths.tsv",394.106799307958,"20241226","NY057020290A_depths","tsv"
"/home/dthill/seq-diversity/data/genomewide_depth//20241226NY059020567A_depths.tsv",2978.0079100346,"20241226","NY059020567A_depths","tsv"
"/home/dthill/seq-diversity/data/genomewide_depth//20241226NY059026620A_depths.tsv",3108.20637024221,"20241226","NY059026620A_depths","tsv"
"/home/dthill/seq-diversity/data/genomewide_depth//20241226NY059026841A_depths.tsv",131.617183391003,"20241226","NY059026841A_depths","tsv"
"/home/dthill/seq-diversity/data/genomewide_depth//20241226NY065025780B_depths.tsv",992.129916955017,"20241226","NY065025780B_depths","tsv"
"/home/dthill/seq-diversity/data/genomewide_depth//20241226NY065025780C_depths.tsv",1123.0308650519,"20241226","NY065025780C_depths","tsv"
"/home/dthill/seq-diversity/data/genomewide_depth//20241226NY065036790A_depths.tsv",164.259588235294,"20241226","NY065036790A_depths","tsv"
"/home/dthill/seq-diversity/data/genomewide_depth//20241226NY071026522A_depths.tsv",1112.54946366782,"20241226","NY071026522A_depths","tsv"
"/home/dthill/seq-diversity/data/genomewide_depth//20241226NY071031518A_depths.tsv",865.326252595156,"20241226","NY071031518A_depths","tsv"
"/home/dthill/seq-diversity/data/genomewide_depth//20241226NY077031151A_depths.tsv",1116.54399307958,"20241226","NY077031151A_depths","tsv"
"/home/dthill/seq-diversity/data/genomewide_depth//20241226NY083026034A_depths.tsv",513.722294117647,"20241226","NY083026034A_depths","tsv"
"/home/dthill/seq-diversity/data/genomewide_depth//20241226NY083087971A_depths.tsv",122.63462283737,"20241226","NY083087971A_depths","tsv"
"/home/dthill/seq-diversity/data/genomewide_depth//20241226NY087026051A_depths.tsv",223.683647058824,"20241226","NY087026051A_depths","tsv"
"/home/dthill/seq-diversity/data/genomewide_depth//20241226NY087028533A_depths.tsv",484.528726643599,"20241226","NY087028533A_depths","tsv"
"/home/dthill/seq-diversity/data/genomewide_depth//20241226NY087028851A_depths.tsv",851.603602076125,"20241226","NY087028851A_depths","tsv"
"/home/dthill/seq-diversity/data/genomewide_depth//20241226NY087031895A_depths.tsv",178.357131487889,"20241226","NY087031895A_depths","tsv"
"/home/dthill/seq-diversity/data/genomewide_depth//20241226NY089020818A_depths.tsv",411.749861591695,"20241226","NY089020818A_depths","tsv"
"/home/dthill/seq-diversity/data/genomewide_depth//20241226NY089031194A_depths.tsv",636.578301038062,"20241226","NY089031194A_depths","tsv"
"/home/dthill/seq-diversity/data/genomewide_depth//20241226NY089236586A_depths.tsv",1172.53480276817,"20241226","NY089236586A_depths","tsv"
"/home/dthill/seq-diversity/data/genomewide_depth//20241226NY093020516A_depths.tsv",206.458650519031,"20241226","NY093020516A_depths","tsv"
"/home/dthill/seq-diversity/data/genomewide_depth//20241226NY097271942A_depths.tsv",72.6933529411765,"20241226","NY097271942A_depths","tsv"
"/home/dthill/seq-diversity/data/genomewide_depth//20241226NY099033308A_depths.tsv",346.134685121107,"20241226","NY099033308A_depths","tsv"
"/home/dthill/seq-diversity/data/genomewide_depth//20241226NY103020061A_depths.tsv",30.1511384083045,"20241226","NY103020061A_depths","tsv"
"/home/dthill/seq-diversity/data/genomewide_depth//20241226NY103079324A_depths.tsv",4874.53203460208,"20241226","NY103079324A_depths","tsv"
"/home/dthill/seq-diversity/data/genomewide_depth//20241226NY103104809A_depths.tsv",184.192314878893,"20241226","NY103104809A_depths","tsv"
"/home/dthill/seq-diversity/data/genomewide_depth//20241226NY107029262A_depths.tsv",127.540044982699,"20241226","NY107029262A_depths","tsv"
"/home/dthill/seq-diversity/data/genomewide_depth//20241226NY115024929A_depths.tsv",71.8966055363322,"20241226","NY115024929A_depths","tsv"
"/home/dthill/seq-diversity/data/genomewide_depth//20241226NY115183695A_depths.tsv",806.438702422145,"20241226","NY115183695A_depths","tsv"
"/home/dthill/seq-diversity/data/genomewide_depth//20241226NY117027171A_depths.tsv",235.308979238754,"20241226","NY117027171A_depths","tsv"
"/home/dthill/seq-diversity/data/genomewide_depth//20241227NY059026450A_depths.tsv",10885.3306539792,"20241227","NY059026450A_depths","tsv"
"/home/dthill/seq-diversity/data/genomewide_depth//20241227NY087026051A_depths.tsv",327.064460207612,"20241227","NY087026051A_depths","tsv"
"/home/dthill/seq-diversity/data/genomewide_depth//20241229NY005026191A_depths.tsv",3107.84166435986,"20241229","NY005026191A_depths","tsv"
"/home/dthill/seq-diversity/data/genomewide_depth//20241229NY029028436A_depths.tsv",123.811166089965,"20241229","NY029028436A_depths","tsv"
"/home/dthill/seq-diversity/data/genomewide_depth//20241229NY047026166A_depths.tsv",4196.02567128028,"20241229","NY047026166A_depths","tsv"
"/home/dthill/seq-diversity/data/genomewide_depth//20241229NY047026182A_depths.tsv",3253.71778200692,"20241229","NY047026182A_depths","tsv"
"/home/dthill/seq-diversity/data/genomewide_depth//20241229NY047026204A_depths.tsv",3205.2399550173,"20241229","NY047026204A_depths","tsv"
"/home/dthill/seq-diversity/data/genomewide_depth//20241229NY047026212A_depths.tsv",6499.69719723183,"20241229","NY047026212A_depths","tsv"
"/home/dthill/seq-diversity/data/genomewide_depth//20241229NY047027073A_depths.tsv",2723.98859861592,"20241229","NY047027073A_depths","tsv"
"/home/dthill/seq-diversity/data/genomewide_depth//20241229NY055028339A_depths.tsv",430.602564013841,"20241229","NY055028339A_depths","tsv"
"/home/dthill/seq-diversity/data/genomewide_depth//20241229NY061026131A_depths.tsv",2170.71732179931,"20241229","NY061026131A_depths","tsv"
"/home/dthill/seq-diversity/data/genomewide_depth//20241229NY061026247A_depths.tsv",3640.5061799308,"20241229","NY061026247A_depths","tsv"
"/home/dthill/seq-diversity/data/genomewide_depth//20241229NY063022331A_depths.tsv",856.635328719723,"20241229","NY063022331A_depths","tsv"
"/home/dthill/seq-diversity/data/genomewide_depth//20241229NY067027081A_depths.tsv",390.553961937716,"20241229","NY067027081A_depths","tsv"
"/home/dthill/seq-diversity/data/genomewide_depth//20241229NY067027596A_depths.tsv",1413.28894809689,"20241229","NY067027596A_depths","tsv"
"/home/dthill/seq-diversity/data/genomewide_depth//20241229NY067027618A_depths.tsv",239.391515570934,"20241229","NY067027618A_depths","tsv"
"/home/dthill/seq-diversity/data/genomewide_depth//20241229NY067027723A_depths.tsv",572.285660899654,"20241229","NY067027723A_depths","tsv"
"/home/dthill/seq-diversity/data/genomewide_depth//20241229NY067030317A_depths.tsv",725.37469550173,"20241229","NY067030317A_depths","tsv"
"/home/dthill/seq-diversity/data/genomewide_depth//20241229NY067030571A_depths.tsv",337.867910034602,"20241229","NY067030571A_depths","tsv"
"/home/dthill/seq-diversity/data/genomewide_depth//20241229NY081026115A_depths.tsv",3952.13348788927,"20241229","NY081026115A_depths","tsv"
"/home/dthill/seq-diversity/data/genomewide_depth//20241229NY081026158A_depths.tsv",3368.03568512111,"20241229","NY081026158A_depths","tsv"
"/home/dthill/seq-diversity/data/genomewide_depth//20241229NY081026221A_depths.tsv",2382.21191349481,"20241229","NY081026221A_depths","tsv"
"/home/dthill/seq-diversity/data/genomewide_depth//20241229NY081026239A_depths.tsv",3169.18350865052,"20241229","NY081026239A_depths","tsv"
"/home/dthill/seq-diversity/data/genomewide_depth//20241229NY085026107A_depths.tsv",3146.77851211073,"20241229","NY085026107A_depths","tsv"
"/home/dthill/seq-diversity/data/genomewide_depth//20241229NY085026174A_depths.tsv",10298.72716609,"20241229","NY085026174A_depths","tsv"
"/home/dthill/seq-diversity/data/genomewide_depth//20241229NY119026689A_depths.tsv",477.860653979239,"20241229","NY119026689A_depths","tsv"
"/home/dthill/seq-diversity/data/genomewide_depth//20241229NY119026697A_depths.tsv",112.495017301038,"20241229","NY119026697A_depths","tsv"
"/home/dthill/seq-diversity/data/genomewide_depth//20241229NY119026701A_depths.tsv",220.895211072664,"20241229","NY119026701A_depths","tsv"
"/home/dthill/seq-diversity/data/genomewide_depth//20241229NY119026719A_depths.tsv",218.202359861592,"20241229","NY119026719A_depths","tsv"
"/home/dthill/seq-diversity/data/genomewide_depth//20241229NY119026786A_depths.tsv",425.805301038062,"20241229","NY119026786A_depths","tsv"
"/home/dthill/seq-diversity/data/genomewide_depth//20241229NY119100803A_depths.tsv",2519.53752941176,"20241229","NY119100803A_depths","tsv"
"/home/dthill/seq-diversity/data/genomewide_depth//20241229NY119108324A_depths.tsv",297.084256055363,"20241229","NY119108324A_depths","tsv"
"/home/dthill/seq-diversity/data/genomewide_depth//20241230NY001025739A_depths.tsv",395.598207612457,"20241230","NY001025739A_depths","tsv"
"/home/dthill/seq-diversity/data/genomewide_depth//20241230NY001026867A_depths.tsv",150.993602076125,"20241230","NY001026867A_depths","tsv"
"/home/dthill/seq-diversity/data/genomewide_depth//20241230NY001026875A_depths.tsv",84.9060934256055,"20241230","NY001026875A_depths","tsv"
"/home/dthill/seq-diversity/data/genomewide_depth//20241230NY013027961A_depths.tsv",191.170346020761,"20241230","NY013027961A_depths","tsv"
"/home/dthill/seq-diversity/data/genomewide_depth//20241230NY023027561A_depths.tsv",1202.6528200692,"20241230","NY023027561A_depths","tsv"
"/home/dthill/seq-diversity/data/genomewide_depth//20241230NY027026255A_depths.tsv",156.424065743945,"20241230","NY027026255A_depths","tsv"
"/home/dthill/seq-diversity/data/genomewide_depth//20241230NY027149209A_depths.tsv",508.503557093426,"20241230","NY027149209A_depths","tsv"
"/home/dthill/seq-diversity/data/genomewide_depth//20241230NY031021733A_depths.tsv",204.466896193772,"20241230","NY031021733A_depths","tsv"
"/home/dthill/seq-diversity/data/genomewide_depth//20241230NY031036706A_depths.tsv",132.462480968858,"20241230","NY031036706A_depths","tsv"
"/home/dthill/seq-diversity/data/genomewide_depth//20241230NY043036528A_depths.tsv",406.399740484429,"20241230","NY043036528A_depths","tsv"
"/home/dthill/seq-diversity/data/genomewide_depth//20241230NY045025984A_depths.tsv",113.084650519031,"20241230","NY045025984A_depths","tsv"
"/home/dthill/seq-diversity/data/genomewide_depth//20241230NY045025984B_depths.tsv",185.803598615917,"20241230","NY045025984B_depths","tsv"
"/home/dthill/seq-diversity/data/genomewide_depth//20241230NY055028231A_depths.tsv",98.5499515570934,"20241230","NY055028231A_depths","tsv"
"/home/dthill/seq-diversity/data/genomewide_depth//20241230NY063026336A_depths.tsv",513.128121107266,"20241230","NY063026336A_depths","tsv"
"/home/dthill/seq-diversity/data/genomewide_depth//20241230NY065025780B_depths.tsv",1261.95142906574,"20241230","NY065025780B_depths","tsv"
"/home/dthill/seq-diversity/data/genomewide_depth//20241230NY065025780C_depths.tsv",1044.00593771626,"20241230","NY065025780C_depths","tsv"
"/home/dthill/seq-diversity/data/genomewide_depth//20241230NY065030864A_depths.tsv",3122.8255432526,"20241230","NY065030864A_depths","tsv"
"/home/dthill/seq-diversity/data/genomewide_depth//20241230NY071026310A_depths.tsv",587.522401384083,"20241230","NY071026310A_depths","tsv"
"/home/dthill/seq-diversity/data/genomewide_depth//20241230NY083087971A_depths.tsv",408.414505190311,"20241230","NY083087971A_depths","tsv"
"/home/dthill/seq-diversity/data/genomewide_depth//20241230NY087022748A_depths.tsv",1975.96803460208,"20241230","NY087022748A_depths","tsv"
"/home/dthill/seq-diversity/data/genomewide_depth//20241230NY087026051A_depths.tsv",662.14139100346,"20241230","NY087026051A_depths","tsv"
"/home/dthill/seq-diversity/data/genomewide_depth//20241230NY087031895A_depths.tsv",102.270923875433,"20241230","NY087031895A_depths","tsv"
"/home/dthill/seq-diversity/data/genomewide_depth//20241230NY089020117A_depths.tsv",186.716564013841,"20241230","NY089020117A_depths","tsv"
"/home/dthill/seq-diversity/data/genomewide_depth//20241230NY089031194A_depths.tsv",477.194141868512,"20241230","NY089031194A_depths","tsv"
"/home/dthill/seq-diversity/data/genomewide_depth//20241230NY091028240A_depths.tsv",220.022363321799,"20241230","NY091028240A_depths","tsv"
"/home/dthill/seq-diversity/data/genomewide_depth//20241230NY113029050A_depths.tsv",1108.54695847751,"20241230","NY113029050A_depths","tsv"
"/home/dthill/seq-diversity/data/genomewide_depth//20241230NY121021504A_depths.tsv",240.232788927336,"20241230","NY121021504A_depths","tsv"
"/home/dthill/seq-diversity/data/genomewide_depth//20241231NY001022225A_depths.tsv",137.88023183391,"20241231","NY001022225A_depths","tsv"
"/home/dthill/seq-diversity/data/genomewide_depth//20241231NY007024414B_depths.tsv",69.1468131487889,"20241231","NY007024414B_depths","tsv"
"/home/dthill/seq-diversity/data/genomewide_depth//20241231NY007024414C_depths.tsv",719.515474048443,"20241231","NY007024414C_depths","tsv"
"/home/dthill/seq-diversity/data/genomewide_depth//20241231NY011021903A_depths.tsv",893.313397923875,"20241231","NY011021903A_depths","tsv"
"/home/dthill/seq-diversity/data/genomewide_depth//20241231NY029022136A_depths.tsv",1377.05703806228,"20241231","NY029022136A_depths","tsv"
"/home/dthill/seq-diversity/data/genomewide_depth//20241231NY029022543A_depths.tsv",797.76784083045,"20241231","NY029022543A_depths","tsv"
"/home/dthill/seq-diversity/data/genomewide_depth//20241231NY029025950B_depths.tsv",790.025245674741,"20241231","NY029025950B_depths","tsv"
"/home/dthill/seq-diversity/data/genomewide_depth//20241231NY029026395B_depths.tsv",778.208083044983,"20241231","NY029026395B_depths","tsv"
"/home/dthill/seq-diversity/data/genomewide_depth//20241231NY029026395C_depths.tsv",543.945325259516,"20241231","NY029026395C_depths","tsv"
"/home/dthill/seq-diversity/data/genomewide_depth//20241231NY029095401A_depths.tsv",1387.74597923875,"20241231","NY029095401A_depths","tsv"
"/home/dthill/seq-diversity/data/genomewide_depth//20241231NY055021610A_depths.tsv",174.69553633218,"20241231","NY055021610A_depths","tsv"
"/home/dthill/seq-diversity/data/genomewide_depth//20241231NY055028339A_depths.tsv",315.823996539792,"20241231","NY055028339A_depths","tsv"
"/home/dthill/seq-diversity/data/genomewide_depth//20241231NY057020290A_depths.tsv",657.459660899654,"20241231","NY057020290A_depths","tsv"
"/home/dthill/seq-diversity/data/genomewide_depth//20241231NY059026859A_depths.tsv",803.285733564014,"20241231","NY059026859A_depths","tsv"
"/home/dthill/seq-diversity/data/genomewide_depth//20241231NY071026328A_depths.tsv",88.1969619377163,"20241231","NY071026328A_depths","tsv"
"/home/dthill/seq-diversity/data/genomewide_depth//20241231NY071030490A_depths.tsv",898.466038062284,"20241231","NY071030490A_depths","tsv"
"/home/dthill/seq-diversity/data/genomewide_depth//20241231NY071031518A_depths.tsv",124.858965397924,"20241231","NY071031518A_depths","tsv"
"/home/dthill/seq-diversity/data/genomewide_depth//20241231NY087028533A_depths.tsv",521.69369550173,"20241231","NY087028533A_depths","tsv"
"/home/dthill/seq-diversity/data/genomewide_depth//20241231NY087270598A_depths.tsv",530.139802768166,"20241231","NY087270598A_depths","tsv"
"/home/dthill/seq-diversity/data/genomewide_depth//20241231NY089236586A_depths.tsv",190.716546712803,"20241231","NY089236586A_depths","tsv"
"/home/dthill/seq-diversity/data/genomewide_depth//20241231NY091028240A_depths.tsv",710.987730103806,"20241231","NY091028240A_depths","tsv"
"/home/dthill/seq-diversity/data/genomewide_depth//20241231NY101021431A_depths.tsv",38.8419653979239,"20241231","NY101021431A_depths","tsv"
"/home/dthill/seq-diversity/data/genomewide_depth//20241231NY101023906A_depths.tsv",131.249629757785,"20241231","NY101023906A_depths","tsv"
"/home/dthill/seq-diversity/data/genomewide_depth//20241231NY111031208A_depths.tsv",797.663193771626,"20241231","NY111031208A_depths","tsv"
"/home/dthill/seq-diversity/data/genomewide_depth//20241231NY113094366A_depths.tsv",863.56,"20241231","NY113094366A_depths","tsv"
"/home/dthill/seq-diversity/data/genomewide_depth//20250101NY041026484A_depths.tsv",175.726186851211,"20250101","NY041026484A_depths","tsv"
"/home/dthill/seq-diversity/data/genomewide_depth//20250101NY055028231A_depths.tsv",274.263207612457,"20250101","NY055028231A_depths","tsv"
"/home/dthill/seq-diversity/data/genomewide_depth//20250101NY119026689A_depths.tsv",188.667249134948,"20250101","NY119026689A_depths","tsv"
"/home/dthill/seq-diversity/data/genomewide_depth//20250101NY119100803A_depths.tsv",133.647401384083,"20250101","NY119100803A_depths","tsv"
"/home/dthill/seq-diversity/data/genomewide_depth//20250102NY001025739A_depths.tsv",541.808916955017,"20250102","NY001025739A_depths","tsv"
"/home/dthill/seq-diversity/data/genomewide_depth//20250102NY007024414B_depths.tsv",190.128346020761,"20250102","NY007024414B_depths","tsv"
"/home/dthill/seq-diversity/data/genomewide_depth//20250102NY007024414C_depths.tsv",135.810079584775,"20250102","NY007024414C_depths","tsv"
"/home/dthill/seq-diversity/data/genomewide_depth//20250102NY007027669A_depths.tsv",90.5306228373702,"20250102","NY007027669A_depths","tsv"
"/home/dthill/seq-diversity/data/genomewide_depth//20250102NY009027162A_depths.tsv",205.044581314879,"20250102","NY009027162A_depths","tsv"
"/home/dthill/seq-diversity/data/genomewide_depth//20250102NY011021903A_depths.tsv",575.479256055363,"20250102","NY011021903A_depths","tsv"
"/home/dthill/seq-diversity/data/genomewide_depth//20250102NY013106895A_depths.tsv",220.300197231834,"20250102","NY013106895A_depths","tsv"
"/home/dthill/seq-diversity/data/genomewide_depth//20250102NY017021423A_depths.tsv",245.624269896194,"20250102","NY017021423A_depths","tsv"
"/home/dthill/seq-diversity/data/genomewide_depth//20250102NY019021831A_depths.tsv",2695.8900449827,"20250102","NY019021831A_depths","tsv"
"/home/dthill/seq-diversity/data/genomewide_depth//20250102NY019022195A_depths.tsv",1882.54623529412,"20250102","NY019022195A_depths","tsv"
"/home/dthill/seq-diversity/data/genomewide_depth//20250102NY023027561A_depths.tsv",776.459332179931,"20250102","NY023027561A_depths","tsv"
"/home/dthill/seq-diversity/data/genomewide_depth//20250102NY029028410A_depths.tsv",678.164058823529,"20250102","NY029028410A_depths","tsv"
"/home/dthill/seq-diversity/data/genomewide_depth//20250102NY031022187A_depths.tsv",589.594401384083,"20250102","NY031022187A_depths","tsv"
"/home/dthill/seq-diversity/data/genomewide_depth//20250102NY031022969A_depths.tsv",165.40401384083,"20250102","NY031022969A_depths","tsv"
"/home/dthill/seq-diversity/data/genomewide_depth//20250102NY033030376A_depths.tsv",174.55339100346,"20250102","NY033030376A_depths","tsv"
"/home/dthill/seq-diversity/data/genomewide_depth//20250102NY049020125A_depths.tsv",29.7218546712803,"20250102","NY049020125A_depths","tsv"
"/home/dthill/seq-diversity/data/genomewide_depth//20250102NY051032328A_depths.tsv",173.077401384083,"20250102","NY051032328A_depths","tsv"
"/home/dthill/seq-diversity/data/genomewide_depth//20250102NY053026956A_depths.tsv",105.921287197232,"20250102","NY053026956A_depths","tsv"
"/home/dthill/seq-diversity/data/genomewide_depth//20250102NY055021610A_depths.tsv",187.20998615917,"20250102","NY055021610A_depths","tsv"
"/home/dthill/seq-diversity/data/genomewide_depth//20250102NY057020290A_depths.tsv",1864.16847750865,"20250102","NY057020290A_depths","tsv"
"/home/dthill/seq-diversity/data/genomewide_depth//20250102NY059026620A_depths.tsv",7053.45375778547,"20250102","NY059026620A_depths","tsv"
"/home/dthill/seq-diversity/data/genomewide_depth//20250102NY059026841A_depths.tsv",118.724740484429,"20250102","NY059026841A_depths","tsv"
"/home/dthill/seq-diversity/data/genomewide_depth//20250102NY059026999A_depths.tsv",1445.65861245675,"20250102","NY059026999A_depths","tsv"
"/home/dthill/seq-diversity/data/genomewide_depth//20250102NY063027979A_depths.tsv",675.852577854671,"20250102","NY063027979A_depths","tsv"
"/home/dthill/seq-diversity/data/genomewide_depth//20250102NY065025780B_depths.tsv",327.599204152249,"20250102","NY065025780B_depths","tsv"
"/home/dthill/seq-diversity/data/genomewide_depth//20250102NY065025780C_depths.tsv",1021.50501038062,"20250102","NY065025780C_depths","tsv"
"/home/dthill/seq-diversity/data/genomewide_depth//20250102NY065036790A_depths.tsv",110.134605536332,"20250102","NY065036790A_depths","tsv"
"/home/dthill/seq-diversity/data/genomewide_depth//20250102NY071027901A_depths.tsv",111.80137716263,"20250102","NY071027901A_depths","tsv"
"/home/dthill/seq-diversity/data/genomewide_depth//20250102NY071031518A_depths.tsv",130.045408304498,"20250102","NY071031518A_depths","tsv"
"/home/dthill/seq-diversity/data/genomewide_depth//20250102NY075029106A_depths.tsv",244.882788927336,"20250102","NY075029106A_depths","tsv"
"/home/dthill/seq-diversity/data/genomewide_depth//20250102NY075029114A_depths.tsv",282.920079584775,"20250102","NY075029114A_depths","tsv"
"/home/dthill/seq-diversity/data/genomewide_depth//20250102NY077031151A_depths.tsv",590.656543252595,"20250102","NY077031151A_depths","tsv"
"/home/dthill/seq-diversity/data/genomewide_depth//20250102NY079031356A_depths.tsv",184.314602076125,"20250102","NY079031356A_depths","tsv"
"/home/dthill/seq-diversity/data/genomewide_depth//20250102NY083026034A_depths.tsv",686.85362283737,"20250102","NY083026034A_depths","tsv"
"/home/dthill/seq-diversity/data/genomewide_depth//20250102NY087028851A_depths.tsv",1324.65608650519,"20250102","NY087028851A_depths","tsv"
"/home/dthill/seq-diversity/data/genomewide_depth//20250102NY087031895A_depths.tsv",142.160197231834,"20250102","NY087031895A_depths","tsv"
"/home/dthill/seq-diversity/data/genomewide_depth//20250102NY089020818A_depths.tsv",311.714079584775,"20250102","NY089020818A_depths","tsv"
"/home/dthill/seq-diversity/data/genomewide_depth//20250102NY089236586A_depths.tsv",124.187553633218,"20250102","NY089236586A_depths","tsv"
"/home/dthill/seq-diversity/data/genomewide_depth//20250102NY097271942A_depths.tsv",86.2187404844291,"20250102","NY097271942A_depths","tsv"
"/home/dthill/seq-diversity/data/genomewide_depth//20250102NY099033308A_depths.tsv",742.465771626298,"20250102","NY099033308A_depths","tsv"
"/home/dthill/seq-diversity/data/genomewide_depth//20250102NY101023906A_depths.tsv",1094.89941868512,"20250102","NY101023906A_depths","tsv"
"/home/dthill/seq-diversity/data/genomewide_depth//20250102NY103020061A_depths.tsv",82.408107266436,"20250102","NY103020061A_depths","tsv"
"/home/dthill/seq-diversity/data/genomewide_depth//20250102NY107029262A_depths.tsv",392.08778200692,"20250102","NY107029262A_depths","tsv"
"/home/dthill/seq-diversity/data/genomewide_depth//20250102NY109020958A_depths.tsv",30.3828615916955,"20250102","NY109020958A_depths","tsv"
"/home/dthill/seq-diversity/data/genomewide_depth//20250102NY109026638A_depths.tsv",362.199442906574,"20250102","NY109026638A_depths","tsv"
"/home/dthill/seq-diversity/data/genomewide_depth//20250102NY113029050A_depths.tsv",1130.26061245675,"20250102","NY113029050A_depths","tsv"
"/home/dthill/seq-diversity/data/genomewide_depth//20250102NY115183695A_depths.tsv",1452.66737716263,"20250102","NY115183695A_depths","tsv"
"/home/dthill/seq-diversity/data/genomewide_depth//20250102NY117027171A_depths.tsv",408.584574394464,"20250102","NY117027171A_depths","tsv"
"/home/dthill/seq-diversity/data/genomewide_depth//20250103NY045025984A_depths.tsv",68.3307993079585,"20250103","NY045025984A_depths","tsv"
"/home/dthill/seq-diversity/data/genomewide_depth//20250103NY059026450A_depths.tsv",118.76837716263,"20250103","NY059026450A_depths","tsv"
"/home/dthill/seq-diversity/data/genomewide_depth//20250103NY071024422A_depths.tsv",264.813640138408,"20250103","NY071024422A_depths","tsv"
"/home/dthill/seq-diversity/data/genomewide_depth//20250103NY071026310A_depths.tsv",769.28346366782,"20250103","NY071026310A_depths","tsv"
"/home/dthill/seq-diversity/data/genomewide_depth//20250105NY005026191A_depths.tsv",10927.914017301,"20250105","NY005026191A_depths","tsv"
"/home/dthill/seq-diversity/data/genomewide_depth//20250105NY047026166A_depths.tsv",2798.59180622837,"20250105","NY047026166A_depths","tsv"
"/home/dthill/seq-diversity/data/genomewide_depth//20250105NY047026182A_depths.tsv",9457.13170934256,"20250105","NY047026182A_depths","tsv"
"/home/dthill/seq-diversity/data/genomewide_depth//20250105NY047026204A_depths.tsv",6079.88800346021,"20250105","NY047026204A_depths","tsv"
"/home/dthill/seq-diversity/data/genomewide_depth//20250105NY047026212A_depths.tsv",6084.59707266436,"20250105","NY047026212A_depths","tsv"
"/home/dthill/seq-diversity/data/genomewide_depth//20250105NY047027073A_depths.tsv",6840.22395155709,"20250105","NY047027073A_depths","tsv"
"/home/dthill/seq-diversity/data/genomewide_depth//20250105NY061026131A_depths.tsv",5316.78121799308,"20250105","NY061026131A_depths","tsv"
"/home/dthill/seq-diversity/data/genomewide_depth//20250105NY061026247A_depths.tsv",6171.61689273356,"20250105","NY061026247A_depths","tsv"
"/home/dthill/seq-diversity/data/genomewide_depth//20250105NY067027081A_depths.tsv",434.689761245675,"20250105","NY067027081A_depths","tsv"
"/home/dthill/seq-diversity/data/genomewide_depth//20250105NY067027596A_depths.tsv",95.8556470588235,"20250105","NY067027596A_depths","tsv"
"/home/dthill/seq-diversity/data/genomewide_depth//20250105NY067027618A_depths.tsv",963.452519031142,"20250105","NY067027618A_depths","tsv"
"/home/dthill/seq-diversity/data/genomewide_depth//20250105NY067027723A_depths.tsv",1065.64098961938,"20250105","NY067027723A_depths","tsv"
"/home/dthill/seq-diversity/data/genomewide_depth//20250105NY067030317A_depths.tsv",266.64423183391,"20250105","NY067030317A_depths","tsv"
"/home/dthill/seq-diversity/data/genomewide_depth//20250105NY067030571A_depths.tsv",440.523650519031,"20250105","NY067030571A_depths","tsv"
"/home/dthill/seq-diversity/data/genomewide_depth//20250105NY081026115A_depths.tsv",9258.15405882353,"20250105","NY081026115A_depths","tsv"
"/home/dthill/seq-diversity/data/genomewide_depth//20250105NY081026158A_depths.tsv",12196.2002733564,"20250105","NY081026158A_depths","tsv"
"/home/dthill/seq-diversity/data/genomewide_depth//20250105NY081026221A_depths.tsv",13192.1033217993,"20250105","NY081026221A_depths","tsv"
"/home/dthill/seq-diversity/data/genomewide_depth//20250105NY081026239A_depths.tsv",2502.22016262976,"20250105","NY081026239A_depths","tsv"
"/home/dthill/seq-diversity/data/genomewide_depth//20250105NY085026107A_depths.tsv",8135.70994809689,"20250105","NY085026107A_depths","tsv"
"/home/dthill/seq-diversity/data/genomewide_depth//20250105NY085026174A_depths.tsv",6963.70473356401,"20250105","NY085026174A_depths","tsv"
"/home/dthill/seq-diversity/data/genomewide_depth//20250105NY119026689A_depths.tsv",106.215269896194,"20250105","NY119026689A_depths","tsv"
"/home/dthill/seq-diversity/data/genomewide_depth//20250105NY119026697A_depths.tsv",252.73991349481,"20250105","NY119026697A_depths","tsv"
"/home/dthill/seq-diversity/data/genomewide_depth//20250105NY119026719A_depths.tsv",79.5659307958477,"20250105","NY119026719A_depths","tsv"
"/home/dthill/seq-diversity/data/genomewide_depth//20250105NY119026786A_depths.tsv",149.229750865052,"20250105","NY119026786A_depths","tsv"
"/home/dthill/seq-diversity/data/genomewide_depth//20250105NY119100803A_depths.tsv",1362.46017301038,"20250105","NY119100803A_depths","tsv"
"/home/dthill/seq-diversity/data/genomewide_depth//20250105NY119108324A_depths.tsv",550.817875432526,"20250105","NY119108324A_depths","tsv"
"/home/dthill/seq-diversity/data/genomewide_depth//20250106NY001026867A_depths.tsv",3126.96055017301,"20250106","NY001026867A_depths","tsv"
"/home/dthill/seq-diversity/data/genomewide_depth//20250106NY001026875A_depths.tsv",2275.00893079585,"20250106","NY001026875A_depths","tsv"
"/home/dthill/seq-diversity/data/genomewide_depth//20250106NY019026018A_depths.tsv",150.894892733564,"20250106","NY019026018A_depths","tsv"
"/home/dthill/seq-diversity/data/genomewide_depth//20250106NY023027561A_depths.tsv",1436.44378546713,"20250106","NY023027561A_depths","tsv"
"/home/dthill/seq-diversity/data/genomewide_depth//20250106NY035026042A_depths.tsv",44.950723183391,"20250106","NY035026042A_depths","tsv"
"/home/dthill/seq-diversity/data/genomewide_depth//20250106NY043036528A_depths.tsv",345.189349480969,"20250106","NY043036528A_depths","tsv"
"/home/dthill/seq-diversity/data/genomewide_depth//20250106NY059026450A_depths.tsv",72.7054671280277,"20250106","NY059026450A_depths","tsv"
"/home/dthill/seq-diversity/data/genomewide_depth//20250106NY059026859A_depths.tsv",66.4987162629758,"20250106","NY059026859A_depths","tsv"
"/home/dthill/seq-diversity/data/genomewide_depth//20250106NY063026336A_depths.tsv",243.526415224914,"20250106","NY063026336A_depths","tsv"
"/home/dthill/seq-diversity/data/genomewide_depth//20250106NY063027057A_depths.tsv",956.804923875433,"20250106","NY063027057A_depths","tsv"
"/home/dthill/seq-diversity/data/genomewide_depth//20250106NY063027979A_depths.tsv",500.687650519031,"20250106","NY063027979A_depths","tsv"
"/home/dthill/seq-diversity/data/genomewide_depth//20250106NY065025780B_depths.tsv",1245.94284429066,"20250106","NY065025780B_depths","tsv"
"/home/dthill/seq-diversity/data/genomewide_depth//20250106NY065025780C_depths.tsv",1452.24771972318,"20250106","NY065025780C_depths","tsv"
"/home/dthill/seq-diversity/data/genomewide_depth//20250106NY089031194A_depths.tsv",631.029899653979,"20250106","NY089031194A_depths","tsv"
"/home/dthill/seq-diversity/data/genomewide_depth//20250106NY103065358A_depths.tsv",84.7475190311419,"20250106","NY103065358A_depths","tsv"
"/home/dthill/seq-diversity/data/genomewide_depth//20250106NY113029050A_depths.tsv",860.063083044983,"20250106","NY113029050A_depths","tsv"
"/home/dthill/seq-diversity/data/genomewide_depth//20250107NY001025739A_depths.tsv",802.288636678201,"20250107","NY001025739A_depths","tsv"
"/home/dthill/seq-diversity/data/genomewide_depth//20250107NY005026191A_depths.tsv",5563.51478200692,"20250107","NY005026191A_depths","tsv"
"/home/dthill/seq-diversity/data/genomewide_depth//20250107NY007024414B_depths.tsv",159.769186851211,"20250107","NY007024414B_depths","tsv"
"/home/dthill/seq-diversity/data/genomewide_depth//20250107NY007027669A_depths.tsv",259.714688581315,"20250107","NY007027669A_depths","tsv"
"/home/dthill/seq-diversity/data/genomewide_depth//20250107NY011021903A_depths.tsv",992.327352941177,"20250107","NY011021903A_depths","tsv"
"/home/dthill/seq-diversity/data/genomewide_depth//20250107NY013027570A_depths.tsv",141.949723183391,"20250107","NY013027570A_depths","tsv"
"/home/dthill/seq-diversity/data/genomewide_depth//20250107NY019021831A_depths.tsv",270.875519031142,"20250107","NY019021831A_depths","tsv"
"/home/dthill/seq-diversity/data/genomewide_depth//20250107NY019023949A_depths.tsv",40.5788581314879,"20250107","NY019023949A_depths","tsv"
"/home/dthill/seq-diversity/data/genomewide_depth//20250107NY029022136A_depths.tsv",1539.07576816609,"20250107","NY029022136A_depths","tsv"
"/home/dthill/seq-diversity/data/genomewide_depth//20250107NY029022543A_depths.tsv",876.006359861592,"20250107","NY029022543A_depths","tsv"
"/home/dthill/seq-diversity/data/genomewide_depth//20250107NY029025950B_depths.tsv",462.529235294118,"20250107","NY029025950B_depths","tsv"
"/home/dthill/seq-diversity/data/genomewide_depth//20250107NY029026395B_depths.tsv",445.812467128028,"20250107","NY029026395B_depths","tsv"
"/home/dthill/seq-diversity/data/genomewide_depth//20250107NY029026395C_depths.tsv",456.009961937716,"20250107","NY029026395C_depths","tsv"
"/home/dthill/seq-diversity/data/genomewide_depth//20250107NY029028410A_depths.tsv",117.20869550173,"20250107","NY029028410A_depths","tsv"
"/home/dthill/seq-diversity/data/genomewide_depth//20250107NY029028436A_depths.tsv",399.857366782007,"20250107","NY029028436A_depths","tsv"
"/home/dthill/seq-diversity/data/genomewide_depth//20250107NY029095401A_depths.tsv",710.550581314879,"20250107","NY029095401A_depths","tsv"
"/home/dthill/seq-diversity/data/genomewide_depth//20250107NY031022187A_depths.tsv",481.984861591696,"20250107","NY031022187A_depths","tsv"
"/home/dthill/seq-diversity/data/genomewide_depth//20250107NY047026166A_depths.tsv",449.238747404844,"20250107","NY047026166A_depths","tsv"
"/home/dthill/seq-diversity/data/genomewide_depth//20250107NY047026182A_depths.tsv",5063.8088615917,"20250107","NY047026182A_depths","tsv"
"/home/dthill/seq-diversity/data/genomewide_depth//20250107NY047026204A_depths.tsv",9121.17465743945,"20250107","NY047026204A_depths","tsv"
"/home/dthill/seq-diversity/data/genomewide_depth//20250107NY047026212A_depths.tsv",4099.16690311419,"20250107","NY047026212A_depths","tsv"
"/home/dthill/seq-diversity/data/genomewide_depth//20250107NY047027073A_depths.tsv",4109.71121107266,"20250107","NY047027073A_depths","tsv"
"/home/dthill/seq-diversity/data/genomewide_depth//20250107NY051024384A_depths.tsv",134.287470588235,"20250107","NY051024384A_depths","tsv"
"/home/dthill/seq-diversity/data/genomewide_depth//20250107NY051030635A_depths.tsv",448.593743944637,"20250107","NY051030635A_depths","tsv"
"/home/dthill/seq-diversity/data/genomewide_depth//20250107NY053021539A_depths.tsv",465.909539792388,"20250107","NY053021539A_depths","tsv"
"/home/dthill/seq-diversity/data/genomewide_depth//20250107NY055028339A_depths.tsv",110.29055017301,"20250107","NY055028339A_depths","tsv"
"/home/dthill/seq-diversity/data/genomewide_depth//20250107NY057020290A_depths.tsv",169.96578200692,"20250107","NY057020290A_depths","tsv"
"/home/dthill/seq-diversity/data/genomewide_depth//20250107NY059026620A_depths.tsv",257.046512110727,"20250107","NY059026620A_depths","tsv"
"/home/dthill/seq-diversity/data/genomewide_depth//20250107NY059026841A_depths.tsv",288.078501730104,"20250107","NY059026841A_depths","tsv"
"/home/dthill/seq-diversity/data/genomewide_depth//20250107NY059026999A_depths.tsv",89.8448996539792,"20250107","NY059026999A_depths","tsv"
"/home/dthill/seq-diversity/data/genomewide_depth//20250107NY061026131A_depths.tsv",3694.68195847751,"20250107","NY061026131A_depths","tsv"
"/home/dthill/seq-diversity/data/genomewide_depth//20250107NY061026247A_depths.tsv",9593.70546712803,"20250107","NY061026247A_depths","tsv"
"/home/dthill/seq-diversity/data/genomewide_depth//20250107NY065021377A_depths.tsv",418.039892733564,"20250107","NY065021377A_depths","tsv"
"/home/dthill/seq-diversity/data/genomewide_depth//20250107NY065021385A_depths.tsv",236.858910034602,"20250107","NY065021385A_depths","tsv"
"/home/dthill/seq-diversity/data/genomewide_depth//20250107NY065022110A_depths.tsv",280.709069204152,"20250107","NY065022110A_depths","tsv"
"/home/dthill/seq-diversity/data/genomewide_depth//20250107NY065030864A_depths.tsv",275.303612456747,"20250107","NY065030864A_depths","tsv"
"/home/dthill/seq-diversity/data/genomewide_depth//20250107NY067025461A_depths.tsv",523.819373702422,"20250107","NY067025461A_depths","tsv"
"/home/dthill/seq-diversity/data/genomewide_depth//20250107NY069025968A_depths.tsv",257.468692041523,"20250107","NY069025968A_depths","tsv"
"/home/dthill/seq-diversity/data/genomewide_depth//20250107NY071026328A_depths.tsv",1739.8843183391,"20250107","NY071026328A_depths","tsv"
"/home/dthill/seq-diversity/data/genomewide_depth//20250107NY071027901A_depths.tsv",944.39291349481,"20250107","NY071027901A_depths","tsv"
"/home/dthill/seq-diversity/data/genomewide_depth//20250107NY073021873A_depths.tsv",106.987906574394,"20250107","NY073021873A_depths","tsv"
"/home/dthill/seq-diversity/data/genomewide_depth//20250107NY075020257A_depths.tsv",87.2394221453287,"20250107","NY075020257A_depths","tsv"
"/home/dthill/seq-diversity/data/genomewide_depth//20250107NY075029106A_depths.tsv",40.5052837370242,"20250107","NY075029106A_depths","tsv"
"/home/dthill/seq-diversity/data/genomewide_depth//20250107NY081026115A_depths.tsv",6633.43691349481,"20250107","NY081026115A_depths","tsv"
"/home/dthill/seq-diversity/data/genomewide_depth//20250107NY081026158A_depths.tsv",3157.8385432526,"20250107","NY081026158A_depths","tsv"
"/home/dthill/seq-diversity/data/genomewide_depth//20250107NY081026221A_depths.tsv",3980.64833217993,"20250107","NY081026221A_depths","tsv"
"/home/dthill/seq-diversity/data/genomewide_depth//20250107NY081026239A_depths.tsv",8616.69199653979,"20250107","NY081026239A_depths","tsv"
"/home/dthill/seq-diversity/data/genomewide_depth//20250107NY083087971A_depths.tsv",896.067871972318,"20250107","NY083087971A_depths","tsv"
"/home/dthill/seq-diversity/data/genomewide_depth//20250107NY085026107A_depths.tsv",2968.91247404844,"20250107","NY085026107A_depths","tsv"
"/home/dthill/seq-diversity/data/genomewide_depth//20250107NY085026174A_depths.tsv",4484.37668858131,"20250107","NY085026174A_depths","tsv"
"/home/dthill/seq-diversity/data/genomewide_depth//20250107NY089020818A_depths.tsv",269.755934256055,"20250107","NY089020818A_depths","tsv"
"/home/dthill/seq-diversity/data/genomewide_depth//20250107NY091028240A_depths.tsv",901.514404844291,"20250107","NY091028240A_depths","tsv"
"/home/dthill/seq-diversity/data/genomewide_depth//20250107NY093020516A_depths.tsv",5929.62573356401,"20250107","NY093020516A_depths","tsv"
"/home/dthill/seq-diversity/data/genomewide_depth//20250107NY099022365A_depths.tsv",1783.23284429066,"20250107","NY099022365A_depths","tsv"
"/home/dthill/seq-diversity/data/genomewide_depth//20250107NY101021431A_depths.tsv",117.880643598616,"20250107","NY101021431A_depths","tsv"
"/home/dthill/seq-diversity/data/genomewide_depth//20250107NY101023906A_depths.tsv",303.401474048443,"20250107","NY101023906A_depths","tsv"
"/home/dthill/seq-diversity/data/genomewide_depth//20250107NY101025712A_depths.tsv",377.344017301038,"20250107","NY101025712A_depths","tsv"
"/home/dthill/seq-diversity/data/genomewide_depth//20250107NY103104809A_depths.tsv",69.6901591695502,"20250107","NY103104809A_depths","tsv"
"/home/dthill/seq-diversity/data/genomewide_depth//20250107NY103206644A_depths.tsv",78.5226678200692,"20250107","NY103206644A_depths","tsv"
"/home/dthill/seq-diversity/data/genomewide_depth//20250107NY105030724A_depths.tsv",293.21885467128,"20250107","NY105030724A_depths","tsv"
"/home/dthill/seq-diversity/data/genomewide_depth//20250107NY109020958A_depths.tsv",1228.46237024221,"20250107","NY109020958A_depths","tsv"
"/home/dthill/seq-diversity/data/genomewide_depth//20250107NY109026638A_depths.tsv",152.112446366782,"20250107","NY109026638A_depths","tsv"
"/home/dthill/seq-diversity/data/genomewide_depth//20250107NY111029351A_depths.tsv",441.328003460208,"20250107","NY111029351A_depths","tsv"
"/home/dthill/seq-diversity/data/genomewide_depth//20250107NY113094366A_depths.tsv",1360.82068858131,"20250107","NY113094366A_depths","tsv"
"/home/dthill/seq-diversity/data/genomewide_depth//20250107NY117029475A_depths.tsv",305.815394463668,"20250107","NY117029475A_depths","tsv"
"/home/dthill/seq-diversity/data/genomewide_depth//20250107NY121021504A_depths.tsv",3537.75678546713,"20250107","NY121021504A_depths","tsv"
"/home/dthill/seq-diversity/data/genomewide_depth//20250108NY001022225A_depths.tsv",743.101570934256,"20250108","NY001022225A_depths","tsv"
"/home/dthill/seq-diversity/data/genomewide_depth//20250108NY013027961A_depths.tsv",233.157439446367,"20250108","NY013027961A_depths","tsv"
"/home/dthill/seq-diversity/data/genomewide_depth//20250108NY013106895A_depths.tsv",98.2542941176471,"20250108","NY013106895A_depths","tsv"
"/home/dthill/seq-diversity/data/genomewide_depth//20250108NY015035742A_depths.tsv",147.986062283737,"20250108","NY015035742A_depths","tsv"
"/home/dthill/seq-diversity/data/genomewide_depth//20250108NY015036986A_depths.tsv",175.078166089965,"20250108","NY015036986A_depths","tsv"
"/home/dthill/seq-diversity/data/genomewide_depth//20250108NY019022195A_depths.tsv",2788.76540484429,"20250108","NY019022195A_depths","tsv"
"/home/dthill/seq-diversity/data/genomewide_depth//20250108NY025027154A_depths.tsv",97.3339965397924,"20250108","NY025027154A_depths","tsv"
"/home/dthill/seq-diversity/data/genomewide_depth//20250108NY031022969A_depths.tsv",2567.93532871972,"20250108","NY031022969A_depths","tsv"
"/home/dthill/seq-diversity/data/genomewide_depth//20250108NY031036706A_depths.tsv",267.393027681661,"20250108","NY031036706A_depths","tsv"
"/home/dthill/seq-diversity/data/genomewide_depth//20250108NY041026484A_depths.tsv",752.618269896194,"20250108","NY041026484A_depths","tsv"
"/home/dthill/seq-diversity/data/genomewide_depth//20250108NY043036528A_depths.tsv",1483.65535986159,"20250108","NY043036528A_depths","tsv"
"/home/dthill/seq-diversity/data/genomewide_depth//20250108NY049020125A_depths.tsv",75.1106401384083,"20250108","NY049020125A_depths","tsv"
"/home/dthill/seq-diversity/data/genomewide_depth//20250108NY051024449A_depths.tsv",127.59385467128,"20250108","NY051024449A_depths","tsv"
"/home/dthill/seq-diversity/data/genomewide_depth//20250108NY055026794A_depths.tsv",206.984640138408,"20250108","NY055026794A_depths","tsv"
"/home/dthill/seq-diversity/data/genomewide_depth//20250108NY055028231A_depths.tsv",375.321806228374,"20250108","NY055028231A_depths","tsv"
"/home/dthill/seq-diversity/data/genomewide_depth//20250108NY059023523A_depths.tsv",61.6334602076125,"20250108","NY059023523A_depths","tsv"
"/home/dthill/seq-diversity/data/genomewide_depth//20250108NY059026450A_depths.tsv",103.505640138408,"20250108","NY059026450A_depths","tsv"
"/home/dthill/seq-diversity/data/genomewide_depth//20250108NY059026859A_depths.tsv",43.4512179930796,"20250108","NY059026859A_depths","tsv"
"/home/dthill/seq-diversity/data/genomewide_depth//20250108NY063027774A_depths.tsv",402.612048442907,"20250108","NY063027774A_depths","tsv"
"/home/dthill/seq-diversity/data/genomewide_depth//20250108NY063030651A_depths.tsv",929.539560553633,"20250108","NY063030651A_depths","tsv"
"/home/dthill/seq-diversity/data/genomewide_depth//20250108NY075026301A_depths.tsv",1050.27237024221,"20250108","NY075026301A_depths","tsv"
"/home/dthill/seq-diversity/data/genomewide_depth//20250108NY083026034A_depths.tsv",803.415224913495,"20250108","NY083026034A_depths","tsv"
"/home/dthill/seq-diversity/data/genomewide_depth//20250108NY083087971A_depths.tsv",930.130903114187,"20250108","NY083087971A_depths","tsv"
"/home/dthill/seq-diversity/data/genomewide_depth//20250108NY089020117A_depths.tsv",209.856425605536,"20250108","NY089020117A_depths","tsv"
"/home/dthill/seq-diversity/data/genomewide_depth//20250108NY095024201A_depths.tsv",74.638062283737,"20250108","NY095024201A_depths","tsv"
"/home/dthill/seq-diversity/data/genomewide_depth//20250108NY101021431A_depths.tsv",55.330553633218,"20250108","NY101021431A_depths","tsv"
"/home/dthill/seq-diversity/data/genomewide_depth//20250108NY103076988A_depths.tsv",312.427453287197,"20250108","NY103076988A_depths","tsv"
"/home/dthill/seq-diversity/data/genomewide_depth//20250108NY103080683A_depths.tsv",33.959,"20250108","NY103080683A_depths","tsv"
"/home/dthill/seq-diversity/data/genomewide_depth//20250108NY107029262A_depths.tsv",191.464435986159,"20250108","NY107029262A_depths","tsv"
"/home/dthill/seq-diversity/data/genomewide_depth//20250108NY109026638A_depths.tsv",1315.53249480969,"20250108","NY109026638A_depths","tsv"
"/home/dthill/seq-diversity/data/genomewide_depth//20250108NY111029351A_depths.tsv",1129.79212456747,"20250108","NY111029351A_depths","tsv"
"/home/dthill/seq-diversity/data/genomewide_depth//20250108NY119026689A_depths.tsv",407.664224913495,"20250108","NY119026689A_depths","tsv"
"/home/dthill/seq-diversity/data/genomewide_depth//20250108NY119026697A_depths.tsv",203.255948096886,"20250108","NY119026697A_depths","tsv"
"/home/dthill/seq-diversity/data/genomewide_depth//20250108NY119026786A_depths.tsv",318.899301038062,"20250108","NY119026786A_depths","tsv"
"/home/dthill/seq-diversity/data/genomewide_depth//20250108NY119108324A_depths.tsv",139.032605536332,"20250108","NY119108324A_depths","tsv"
"/home/dthill/seq-diversity/data/genomewide_depth//20250109NY001025739A_depths.tsv",1235.42405536332,"20250109","NY001025739A_depths","tsv"
"/home/dthill/seq-diversity/data/genomewide_depth//20250109NY007024414B_depths.tsv",93.9304186851211,"20250109","NY007024414B_depths","tsv"
"/home/dthill/seq-diversity/data/genomewide_depth//20250109NY009027162A_depths.tsv",56.1682837370242,"20250109","NY009027162A_depths","tsv"
"/home/dthill/seq-diversity/data/genomewide_depth//20250109NY011021903A_depths.tsv",127.901280276817,"20250109","NY011021903A_depths","tsv"
"/home/dthill/seq-diversity/data/genomewide_depth//20250109NY017021423A_depths.tsv",337.127896193772,"20250109","NY017021423A_depths","tsv"
"/home/dthill/seq-diversity/data/genomewide_depth//20250109NY029032093A_depths.tsv",498.914017301038,"20250109","NY029032093A_depths","tsv"
"/home/dthill/seq-diversity/data/genomewide_depth//20250109NY033030376A_depths.tsv",342.579166089965,"20250109","NY033030376A_depths","tsv"
"/home/dthill/seq-diversity/data/genomewide_depth//20250109NY055021610A_depths.tsv",228.105477508651,"20250109","NY055021610A_depths","tsv"
"/home/dthill/seq-diversity/data/genomewide_depth//20250109NY059020567A_depths.tsv",619.337460207612,"20250109","NY059020567A_depths","tsv"
"/home/dthill/seq-diversity/data/genomewide_depth//20250109NY059026620A_depths.tsv",251.44598615917,"20250109","NY059026620A_depths","tsv"
"/home/dthill/seq-diversity/data/genomewide_depth//20250109NY059026841A_depths.tsv",84.3921176470588,"20250109","NY059026841A_depths","tsv"
"/home/dthill/seq-diversity/data/genomewide_depth//20250109NY059026999A_depths.tsv",94.218169550173,"20250109","NY059026999A_depths","tsv"
"/home/dthill/seq-diversity/data/genomewide_depth//20250109NY065025780B_depths.tsv",1288.54362283737,"20250109","NY065025780B_depths","tsv"
"/home/dthill/seq-diversity/data/genomewide_depth//20250109NY065025780C_depths.tsv",887.169740484429,"20250109","NY065025780C_depths","tsv"
"/home/dthill/seq-diversity/data/genomewide_depth//20250109NY071026328A_depths.tsv",414.077474048443,"20250109","NY071026328A_depths","tsv"
"/home/dthill/seq-diversity/data/genomewide_depth//20250109NY077031151A_depths.tsv",1241.38256747405,"20250109","NY077031151A_depths","tsv"
"/home/dthill/seq-diversity/data/genomewide_depth//20250109NY087026051A_depths.tsv",108.788224913495,"20250109","NY087026051A_depths","tsv"
"/home/dthill/seq-diversity/data/genomewide_depth//20250109NY087028533A_depths.tsv",700.471401384083,"20250109","NY087028533A_depths","tsv"
"/home/dthill/seq-diversity/data/genomewide_depth//20250109NY087028851A_depths.tsv",178.078200692042,"20250109","NY087028851A_depths","tsv"
"/home/dthill/seq-diversity/data/genomewide_depth//20250109NY089020818A_depths.tsv",449.967647058824,"20250109","NY089020818A_depths","tsv"
"/home/dthill/seq-diversity/data/genomewide_depth//20250109NY089236586A_depths.tsv",478.193958477509,"20250109","NY089236586A_depths","tsv"
"/home/dthill/seq-diversity/data/genomewide_depth//20250109NY091028240A_depths.tsv",970.617868512111,"20250109","NY091028240A_depths","tsv"
"/home/dthill/seq-diversity/data/genomewide_depth//20250109NY093020516A_depths.tsv",81.351044982699,"20250109","NY093020516A_depths","tsv"
"/home/dthill/seq-diversity/data/genomewide_depth//20250109NY099033308A_depths.tsv",77.0271730103806,"20250109","NY099033308A_depths","tsv"
"/home/dthill/seq-diversity/data/genomewide_depth//20250109NY101025712A_depths.tsv",48.9575328719723,"20250109","NY101025712A_depths","tsv"
"/home/dthill/seq-diversity/data/genomewide_depth//20250109NY103079324A_depths.tsv",59.7575501730104,"20250109","NY103079324A_depths","tsv"
"/home/dthill/seq-diversity/data/genomewide_depth//20250109NY103104809A_depths.tsv",43.0371903114187,"20250109","NY103104809A_depths","tsv"
"/home/dthill/seq-diversity/data/genomewide_depth//20250109NY113029050A_depths.tsv",803.27621799308,"20250109","NY113029050A_depths","tsv"
"/home/dthill/seq-diversity/data/genomewide_depth//20250109NY115024929A_depths.tsv",111.214816608997,"20250109","NY115024929A_depths","tsv"
"/home/dthill/seq-diversity/data/genomewide_depth//20250109NY115183695A_depths.tsv",2856.17776816609,"20250109","NY115183695A_depths","tsv"
"/home/dthill/seq-diversity/data/genomewide_depth//20250109NY119026701A_depths.tsv",683.223795847751,"20250109","NY119026701A_depths","tsv"
"/home/dthill/seq-diversity/data/genomewide_depth//20250110NY071031518A_depths.tsv",474.817110726644,"20250110","NY071031518A_depths","tsv"
"/home/dthill/seq-diversity/data/genomewide_depth//20250110NY087026051A_depths.tsv",147.945491349481,"20250110","NY087026051A_depths","tsv"
"/home/dthill/seq-diversity/data/genomewide_depth//20250112NY005026191A_depths.tsv",237.685079584775,"20250112","NY005026191A_depths","tsv"
"/home/dthill/seq-diversity/data/genomewide_depth//20250112NY045025984A_depths.tsv",149.41207266436,"20250112","NY045025984A_depths","tsv"
"/home/dthill/seq-diversity/data/genomewide_depth//20250112NY047026166A_depths.tsv",5568.64957439446,"20250112","NY047026166A_depths","tsv"
"/home/dthill/seq-diversity/data/genomewide_depth//20250112NY047026182A_depths.tsv",4628.18252595156,"20250112","NY047026182A_depths","tsv"
"/home/dthill/seq-diversity/data/genomewide_depth//20250112NY047026204A_depths.tsv",1287.79036678201,"20250112","NY047026204A_depths","tsv"
"/home/dthill/seq-diversity/data/genomewide_depth//20250112NY047027073A_depths.tsv",2790.48379584775,"20250112","NY047027073A_depths","tsv"
"/home/dthill/seq-diversity/data/genomewide_depth//20250112NY055028339A_depths.tsv",243.956432525952,"20250112","NY055028339A_depths","tsv"
"/home/dthill/seq-diversity/data/genomewide_depth//20250112NY061026131A_depths.tsv",898.109667820069,"20250112","NY061026131A_depths","tsv"
"/home/dthill/seq-diversity/data/genomewide_depth//20250112NY067027596A_depths.tsv",72.0308408304498,"20250112","NY067027596A_depths","tsv"
"/home/dthill/seq-diversity/data/genomewide_depth//20250112NY067027618A_depths.tsv",322.486647058824,"20250112","NY067027618A_depths","tsv"
"/home/dthill/seq-diversity/data/genomewide_depth//20250112NY067027723A_depths.tsv",610.412647058823,"20250112","NY067027723A_depths","tsv"
"/home/dthill/seq-diversity/data/genomewide_depth//20250112NY067030317A_depths.tsv",337.94044982699,"20250112","NY067030317A_depths","tsv"
"/home/dthill/seq-diversity/data/genomewide_depth//20250112NY081026115A_depths.tsv",3758.53402422145,"20250112","NY081026115A_depths","tsv"
"/home/dthill/seq-diversity/data/genomewide_depth//20250112NY081026158A_depths.tsv",2508.69132179931,"20250112","NY081026158A_depths","tsv"
"/home/dthill/seq-diversity/data/genomewide_depth//20250112NY081026221A_depths.tsv",398.565861591696,"20250112","NY081026221A_depths","tsv"
"/home/dthill/seq-diversity/data/genomewide_depth//20250112NY081026239A_depths.tsv",4249.71633564014,"20250112","NY081026239A_depths","tsv"
"/home/dthill/seq-diversity/data/genomewide_depth//20250112NY085026107A_depths.tsv",4022.45042560554,"20250112","NY085026107A_depths","tsv"
"/home/dthill/seq-diversity/data/genomewide_depth//20250112NY085026174A_depths.tsv",3636.28414186851,"20250112","NY085026174A_depths","tsv"
"/home/dthill/seq-diversity/data/genomewide_depth//20250112NY089020117A_depths.tsv",47.9714394463668,"20250112","NY089020117A_depths","tsv"
"/home/dthill/seq-diversity/data/genomewide_depth//20250112NY119026689A_depths.tsv",202.362442906574,"20250112","NY119026689A_depths","tsv"
"/home/dthill/seq-diversity/data/genomewide_depth//20250112NY119026697A_depths.tsv",443.71962283737,"20250112","NY119026697A_depths","tsv"
"/home/dthill/seq-diversity/data/genomewide_depth//20250112NY119026701A_depths.tsv",415.944647058824,"20250112","NY119026701A_depths","tsv"
"/home/dthill/seq-diversity/data/genomewide_depth//20250112NY119026786A_depths.tsv",163.771,"20250112","NY119026786A_depths","tsv"
"/home/dthill/seq-diversity/data/genomewide_depth//20250112NY119100803A_depths.tsv",857.725117647059,"20250112","NY119100803A_depths","tsv"
"/home/dthill/seq-diversity/data/genomewide_depth//20250112NY119108324A_depths.tsv",154.093851211073,"20250112","NY119108324A_depths","tsv"
"/home/dthill/seq-diversity/data/genomewide_depth//20250113NY013027961A_depths.tsv",113.456505190311,"20250113","NY013027961A_depths","tsv"
"/home/dthill/seq-diversity/data/genomewide_depth//20250113NY023027561A_depths.tsv",817.65060899654,"20250113","NY023027561A_depths","tsv"
"/home/dthill/seq-diversity/data/genomewide_depth//20250113NY031021733A_depths.tsv",322.334467128028,"20250113","NY031021733A_depths","tsv"
"/home/dthill/seq-diversity/data/genomewide_depth//20250113NY035026042A_depths.tsv",212.346775086505,"20250113","NY035026042A_depths","tsv"
"/home/dthill/seq-diversity/data/genomewide_depth//20250113NY055028231A_depths.tsv",611.569387543253,"20250113","NY055028231A_depths","tsv"
"/home/dthill/seq-diversity/data/genomewide_depth//20250113NY059026859A_depths.tsv",100.134515570934,"20250113","NY059026859A_depths","tsv"
"/home/dthill/seq-diversity/data/genomewide_depth//20250113NY063026336A_depths.tsv",408.546830449827,"20250113","NY063026336A_depths","tsv"
"/home/dthill/seq-diversity/data/genomewide_depth//20250113NY065025780B_depths.tsv",1347.74008304498,"20250113","NY065025780B_depths","tsv"
"/home/dthill/seq-diversity/data/genomewide_depth//20250113NY065025780C_depths.tsv",995.848498269896,"20250113","NY065025780C_depths","tsv"
"/home/dthill/seq-diversity/data/genomewide_depth//20250113NY065030864A_depths.tsv",94.2284359861592,"20250113","NY065030864A_depths","tsv"
"/home/dthill/seq-diversity/data/genomewide_depth//20250113NY089020117A_depths.tsv",274.086311418685,"20250113","NY089020117A_depths","tsv"
"/home/dthill/seq-diversity/data/genomewide_depth//20250113NY089031194A_depths.tsv",760.077065743945,"20250113","NY089031194A_depths","tsv"
"/home/dthill/seq-diversity/data/genomewide_depth//20250113NY103104809A_depths.tsv",33.2653633217993,"20250113","NY103104809A_depths","tsv"
"/home/dthill/seq-diversity/data/genomewide_depth//20250113NY113029050A_depths.tsv",381.972093425606,"20250113","NY113029050A_depths","tsv"
"/home/dthill/seq-diversity/data/genomewide_depth//20250114NY001026867A_depths.tsv",294.147256055363,"20250114","NY001026867A_depths","tsv"
"/home/dthill/seq-diversity/data/genomewide_depth//20250114NY001026875A_depths.tsv",571.787342560554,"20250114","NY001026875A_depths","tsv"
"/home/dthill/seq-diversity/data/genomewide_depth//20250114NY005026191A_depths.tsv",7015.55725605536,"20250114","NY005026191A_depths","tsv"
"/home/dthill/seq-diversity/data/genomewide_depth//20250114NY007024414C_depths.tsv",124.244878892734,"20250114","NY007024414C_depths","tsv"
"/home/dthill/seq-diversity/data/genomewide_depth//20250114NY009027162A_depths.tsv",396.604460207612,"20250114","NY009027162A_depths","tsv"
"/home/dthill/seq-diversity/data/genomewide_depth//20250114NY011021903A_depths.tsv",1985.66119031142,"20250114","NY011021903A_depths","tsv"
"/home/dthill/seq-diversity/data/genomewide_depth//20250114NY013021334A_depths.tsv",138.632567474048,"20250114","NY013021334A_depths","tsv"
"/home/dthill/seq-diversity/data/genomewide_depth//20250114NY013027570A_depths.tsv",97.9890346020761,"20250114","NY013027570A_depths","tsv"
"/home/dthill/seq-diversity/data/genomewide_depth//20250114NY019023949A_depths.tsv",304.111121107266,"20250114","NY019023949A_depths","tsv"
"/home/dthill/seq-diversity/data/genomewide_depth//20250114NY029022136A_depths.tsv",1284.05737716263,"20250114","NY029022136A_depths","tsv"
"/home/dthill/seq-diversity/data/genomewide_depth//20250114NY029025950B_depths.tsv",353.972553633218,"20250114","NY029025950B_depths","tsv"
"/home/dthill/seq-diversity/data/genomewide_depth//20250114NY029026395B_depths.tsv",861.850512110727,"20250114","NY029026395B_depths","tsv"
"/home/dthill/seq-diversity/data/genomewide_depth//20250114NY029026395C_depths.tsv",1287.26148096886,"20250114","NY029026395C_depths","tsv"
"/home/dthill/seq-diversity/data/genomewide_depth//20250114NY029028410A_depths.tsv",695.580629757785,"20250114","NY029028410A_depths","tsv"
"/home/dthill/seq-diversity/data/genomewide_depth//20250114NY029095401A_depths.tsv",829.711162629758,"20250114","NY029095401A_depths","tsv"
"/home/dthill/seq-diversity/data/genomewide_depth//20250114NY031022187A_depths.tsv",2119.82156747405,"20250114","NY031022187A_depths","tsv"
"/home/dthill/seq-diversity/data/genomewide_depth//20250114NY037026514A_depths.tsv",105.099512110727,"20250114","NY037026514A_depths","tsv"
"/home/dthill/seq-diversity/data/genomewide_depth//20250114NY041026484A_depths.tsv",207.821259515571,"20250114","NY041026484A_depths","tsv"
"/home/dthill/seq-diversity/data/genomewide_depth//20250114NY047026166A_depths.tsv",1611.87649480969,"20250114","NY047026166A_depths","tsv"
"/home/dthill/seq-diversity/data/genomewide_depth//20250114NY047026182A_depths.tsv",2038.5230899654,"20250114","NY047026182A_depths","tsv"
"/home/dthill/seq-diversity/data/genomewide_depth//20250114NY047026204A_depths.tsv",5257.54383044983,"20250114","NY047026204A_depths","tsv"
"/home/dthill/seq-diversity/data/genomewide_depth//20250114NY047026212A_depths.tsv",3164.11910726644,"20250114","NY047026212A_depths","tsv"
"/home/dthill/seq-diversity/data/genomewide_depth//20250114NY047027073A_depths.tsv",5443.42296193772,"20250114","NY047027073A_depths","tsv"
"/home/dthill/seq-diversity/data/genomewide_depth//20250114NY051024384A_depths.tsv",242.53975432526,"20250114","NY051024384A_depths","tsv"
"/home/dthill/seq-diversity/data/genomewide_depth//20250114NY053021539A_depths.tsv",673.985955017301,"20250114","NY053021539A_depths","tsv"
"/home/dthill/seq-diversity/data/genomewide_depth//20250114NY053029807A_depths.tsv",354.913737024221,"20250114","NY053029807A_depths","tsv"
"/home/dthill/seq-diversity/data/genomewide_depth//20250114NY055021610A_depths.tsv",282.829487889273,"20250114","NY055021610A_depths","tsv"
"/home/dthill/seq-diversity/data/genomewide_depth//20250114NY055028339A_depths.tsv",551.016484429066,"20250114","NY055028339A_depths","tsv"
"/home/dthill/seq-diversity/data/genomewide_depth//20250114NY057020290A_depths.tsv",187.184937716263,"20250114","NY057020290A_depths","tsv"
"/home/dthill/seq-diversity/data/genomewide_depth//20250114NY059026778A_depths.tsv",93.2941211072664,"20250114","NY059026778A_depths","tsv"
"/home/dthill/seq-diversity/data/genomewide_depth//20250114NY059026841A_depths.tsv",38.3167820069204,"20250114","NY059026841A_depths","tsv"
"/home/dthill/seq-diversity/data/genomewide_depth//20250114NY059026999A_depths.tsv",75.0518096885813,"20250114","NY059026999A_depths","tsv"
"/home/dthill/seq-diversity/data/genomewide_depth//20250114NY061026131A_depths.tsv",5278.30170934256,"20250114","NY061026131A_depths","tsv"
"/home/dthill/seq-diversity/data/genomewide_depth//20250114NY061026247A_depths.tsv",1084.71390657439,"20250114","NY061026247A_depths","tsv"
"/home/dthill/seq-diversity/data/genomewide_depth//20250114NY065022110A_depths.tsv",31.5670103806228,"20250114","NY065022110A_depths","tsv"
"/home/dthill/seq-diversity/data/genomewide_depth//20250114NY065030864A_depths.tsv",300.410726643599,"20250114","NY065030864A_depths","tsv"
"/home/dthill/seq-diversity/data/genomewide_depth//20250114NY067025461A_depths.tsv",622.021612456747,"20250114","NY067025461A_depths","tsv"
"/home/dthill/seq-diversity/data/genomewide_depth//20250114NY069025968A_depths.tsv",174.789366782007,"20250114","NY069025968A_depths","tsv"
"/home/dthill/seq-diversity/data/genomewide_depth//20250114NY071023680A_depths.tsv",172.485089965398,"20250114","NY071023680A_depths","tsv"
"/home/dthill/seq-diversity/data/genomewide_depth//20250114NY071026310A_depths.tsv",316.673186851211,"20250114","NY071026310A_depths","tsv"
"/home/dthill/seq-diversity/data/genomewide_depth//20250114NY071026328A_depths.tsv",89.6078996539792,"20250114","NY071026328A_depths","tsv"
"/home/dthill/seq-diversity/data/genomewide_depth//20250114NY071027901A_depths.tsv",174.679512110727,"20250114","NY071027901A_depths","tsv"
"/home/dthill/seq-diversity/data/genomewide_depth//20250114NY071031518A_depths.tsv",52.5543702422145,"20250114","NY071031518A_depths","tsv"
"/home/dthill/seq-diversity/data/genomewide_depth//20250114NY075029106A_depths.tsv",851.187335640138,"20250114","NY075029106A_depths","tsv"
"/home/dthill/seq-diversity/data/genomewide_depth//20250114NY081026115A_depths.tsv",726.810948096886,"20250114","NY081026115A_depths","tsv"
"/home/dthill/seq-diversity/data/genomewide_depth//20250114NY081026158A_depths.tsv",1075.18506920415,"20250114","NY081026158A_depths","tsv"
"/home/dthill/seq-diversity/data/genomewide_depth//20250114NY081026221A_depths.tsv",4352.64335986159,"20250114","NY081026221A_depths","tsv"
"/home/dthill/seq-diversity/data/genomewide_depth//20250114NY081026239A_depths.tsv",190.368249134948,"20250114","NY081026239A_depths","tsv"
"/home/dthill/seq-diversity/data/genomewide_depth//20250114NY083087971A_depths.tsv",337.034570934256,"20250114","NY083087971A_depths","tsv"
"/home/dthill/seq-diversity/data/genomewide_depth//20250114NY085026107A_depths.tsv",3238.67881314879,"20250114","NY085026107A_depths","tsv"
"/home/dthill/seq-diversity/data/genomewide_depth//20250114NY087022748A_depths.tsv",265.501823529412,"20250114","NY087022748A_depths","tsv"
"/home/dthill/seq-diversity/data/genomewide_depth//20250114NY089020818A_depths.tsv",1608.99201038062,"20250114","NY089020818A_depths","tsv"
"/home/dthill/seq-diversity/data/genomewide_depth//20250114NY089029831A_depths.tsv",448.957816608997,"20250114","NY089029831A_depths","tsv"
"/home/dthill/seq-diversity/data/genomewide_depth//20250114NY089236586A_depths.tsv",356.032460207612,"20250114","NY089236586A_depths","tsv"
"/home/dthill/seq-diversity/data/genomewide_depth//20250114NY099022365A_depths.tsv",364.692460207612,"20250114","NY099022365A_depths","tsv"
"/home/dthill/seq-diversity/data/genomewide_depth//20250114NY101021431A_depths.tsv",185.429737024221,"20250114","NY101021431A_depths","tsv"
"/home/dthill/seq-diversity/data/genomewide_depth//20250114NY103021750A_depths.tsv",42.8485847750865,"20250114","NY103021750A_depths","tsv"
"/home/dthill/seq-diversity/data/genomewide_depth//20250114NY103024881A_depths.tsv",102.756173010381,"20250114","NY103024881A_depths","tsv"
"/home/dthill/seq-diversity/data/genomewide_depth//20250114NY103079324A_depths.tsv",53.2052941176471,"20250114","NY103079324A_depths","tsv"
"/home/dthill/seq-diversity/data/genomewide_depth//20250114NY109020958A_depths.tsv",434.621221453287,"20250114","NY109020958A_depths","tsv"
"/home/dthill/seq-diversity/data/genomewide_depth//20250114NY109026638A_depths.tsv",253.212474048443,"20250114","NY109026638A_depths","tsv"
"/home/dthill/seq-diversity/data/genomewide_depth//20250114NY111029351A_depths.tsv",126.738425605536,"20250114","NY111029351A_depths","tsv"
"/home/dthill/seq-diversity/data/genomewide_depth//20250114NY117029475A_depths.tsv",245.911844290657,"20250114","NY117029475A_depths","tsv"
"/home/dthill/seq-diversity/data/genomewide_depth//20250114NY119026719A_depths.tsv",237.252467128028,"20250114","NY119026719A_depths","tsv"
"/home/dthill/seq-diversity/data/genomewide_depth//20250115NY007027669A_depths.tsv",782.613602076125,"20250115","NY007027669A_depths","tsv"
"/home/dthill/seq-diversity/data/genomewide_depth//20250115NY013027961A_depths.tsv",413.6093183391,"20250115","NY013027961A_depths","tsv"
"/home/dthill/seq-diversity/data/genomewide_depth//20250115NY015035742A_depths.tsv",675.57030449827,"20250115","NY015035742A_depths","tsv"
"/home/dthill/seq-diversity/data/genomewide_depth//20250115NY015036986A_depths.tsv",750.578591695502,"20250115","NY015036986A_depths","tsv"
"/home/dthill/seq-diversity/data/genomewide_depth//20250115NY019021831A_depths.tsv",522.457339100346,"20250115","NY019021831A_depths","tsv"
"/home/dthill/seq-diversity/data/genomewide_depth//20250115NY025027154A_depths.tsv",233.50991349481,"20250115","NY025027154A_depths","tsv"
"/home/dthill/seq-diversity/data/genomewide_depth//20250115NY027026255A_depths.tsv",288.058657439446,"20250115","NY027026255A_depths","tsv"
"/home/dthill/seq-diversity/data/genomewide_depth//20250115NY031021733A_depths.tsv",1377.65818685121,"20250115","NY031021733A_depths","tsv"
"/home/dthill/seq-diversity/data/genomewide_depth//20250115NY031036706A_depths.tsv",302.935584775087,"20250115","NY031036706A_depths","tsv"
"/home/dthill/seq-diversity/data/genomewide_depth//20250115NY037020907A_depths.tsv",731.200480968858,"20250115","NY037020907A_depths","tsv"
"/home/dthill/seq-diversity/data/genomewide_depth//20250115NY043036528A_depths.tsv",2613.8761349481,"20250115","NY043036528A_depths","tsv"
"/home/dthill/seq-diversity/data/genomewide_depth//20250115NY045025151A_depths.tsv",225.452062283737,"20250115","NY045025151A_depths","tsv"
"/home/dthill/seq-diversity/data/genomewide_depth//20250115NY045025984A_depths.tsv",216.917294117647,"20250115","NY045025984A_depths","tsv"
"/home/dthill/seq-diversity/data/genomewide_depth//20250115NY049020125A_depths.tsv",153.410020761246,"20250115","NY049020125A_depths","tsv"
"/home/dthill/seq-diversity/data/genomewide_depth//20250115NY051024449A_depths.tsv",109.114484429066,"20250115","NY051024449A_depths","tsv"
"/home/dthill/seq-diversity/data/genomewide_depth//20250115NY055026794A_depths.tsv",209.610968858131,"20250115","NY055026794A_depths","tsv"
"/home/dthill/seq-diversity/data/genomewide_depth//20250115NY071024422A_depths.tsv",521.19801384083,"20250115","NY071024422A_depths","tsv"
"/home/dthill/seq-diversity/data/genomewide_depth//20250115NY071026310A_depths.tsv",250.213647058824,"20250115","NY071026310A_depths","tsv"
"/home/dthill/seq-diversity/data/genomewide_depth//20250115NY071026522A_depths.tsv",2900.30878200692,"20250115","NY071026522A_depths","tsv"
"/home/dthill/seq-diversity/data/genomewide_depth//20250115NY071030490A_depths.tsv",1164.30137024221,"20250115","NY071030490A_depths","tsv"
"/home/dthill/seq-diversity/data/genomewide_depth//20250115NY075029106A_depths.tsv",703.768117647059,"20250115","NY075029106A_depths","tsv"
"/home/dthill/seq-diversity/data/genomewide_depth//20250115NY079031356A_depths.tsv",50.8802698961938,"20250115","NY079031356A_depths","tsv"
"/home/dthill/seq-diversity/data/genomewide_depth//20250115NY083026034A_depths.tsv",227.60401384083,"20250115","NY083026034A_depths","tsv"
"/home/dthill/seq-diversity/data/genomewide_depth//20250115NY083087971A_depths.tsv",746.757256055363,"20250115","NY083087971A_depths","tsv"
"/home/dthill/seq-diversity/data/genomewide_depth//20250115NY087026051A_depths.tsv",71.4377266435986,"20250115","NY087026051A_depths","tsv"
"/home/dthill/seq-diversity/data/genomewide_depth//20250115NY087028533A_depths.tsv",64.8165882352941,"20250115","NY087028533A_depths","tsv"
"/home/dthill/seq-diversity/data/genomewide_depth//20250115NY089020117A_depths.tsv",64.4573737024221,"20250115","NY089020117A_depths","tsv"
"/home/dthill/seq-diversity/data/genomewide_depth//20250115NY095024201A_depths.tsv",473.292667820069,"20250115","NY095024201A_depths","tsv"
"/home/dthill/seq-diversity/data/genomewide_depth//20250115NY103076988A_depths.tsv",91.4985882352941,"20250115","NY103076988A_depths","tsv"
"/home/dthill/seq-diversity/data/genomewide_depth//20250115NY105022454A_depths.tsv",446.281332179931,"20250115","NY105022454A_depths","tsv"
"/home/dthill/seq-diversity/data/genomewide_depth//20250115NY107029262A_depths.tsv",249.677138408305,"20250115","NY107029262A_depths","tsv"
"/home/dthill/seq-diversity/data/genomewide_depth//20250115NY111029351A_depths.tsv",107.560519031142,"20250115","NY111029351A_depths","tsv"
"/home/dthill/seq-diversity/data/genomewide_depth//20250115NY111031208A_depths.tsv",178.510653979239,"20250115","NY111031208A_depths","tsv"
"/home/dthill/seq-diversity/data/genomewide_depth//20250115NY119026689A_depths.tsv",426.306311418685,"20250115","NY119026689A_depths","tsv"
"/home/dthill/seq-diversity/data/genomewide_depth//20250115NY119026697A_depths.tsv",250.058650519031,"20250115","NY119026697A_depths","tsv"
"/home/dthill/seq-diversity/data/genomewide_depth//20250115NY119026786A_depths.tsv",156.438183391003,"20250115","NY119026786A_depths","tsv"
"/home/dthill/seq-diversity/data/genomewide_depth//20250115NY119100803A_depths.tsv",395.059560553633,"20250115","NY119100803A_depths","tsv"
"/home/dthill/seq-diversity/data/genomewide_depth//20250115NY119108324A_depths.tsv",378.181802768166,"20250115","NY119108324A_depths","tsv"
"/home/dthill/seq-diversity/data/genomewide_depth//20250116NY007024414B_depths.tsv",230.434688581315,"20250116","NY007024414B_depths","tsv"
"/home/dthill/seq-diversity/data/genomewide_depth//20250116NY007024414C_depths.tsv",597.102197231834,"20250116","NY007024414C_depths","tsv"
"/home/dthill/seq-diversity/data/genomewide_depth//20250116NY011021903A_depths.tsv",312.552764705882,"20250116","NY011021903A_depths","tsv"
"/home/dthill/seq-diversity/data/genomewide_depth//20250116NY017021423A_depths.tsv",1399.57562975779,"20250116","NY017021423A_depths","tsv"
"/home/dthill/seq-diversity/data/genomewide_depth//20250116NY023027561A_depths.tsv",1251.21106574394,"20250116","NY023027561A_depths","tsv"
"/home/dthill/seq-diversity/data/genomewide_depth//20250116NY025026531A_depths.tsv",86.6774948096886,"20250116","NY025026531A_depths","tsv"
"/home/dthill/seq-diversity/data/genomewide_depth//20250116NY025026565A_depths.tsv",250.32937716263,"20250116","NY025026565A_depths","tsv"
"/home/dthill/seq-diversity/data/genomewide_depth//20250116NY033030376A_depths.tsv",82.3625259515571,"20250116","NY033030376A_depths","tsv"
"/home/dthill/seq-diversity/data/genomewide_depth//20250116NY051032328A_depths.tsv",1475.10170588235,"20250116","NY051032328A_depths","tsv"
"/home/dthill/seq-diversity/data/genomewide_depth//20250116NY053026956A_depths.tsv",172.565737024221,"20250116","NY053026956A_depths","tsv"
"/home/dthill/seq-diversity/data/genomewide_depth//20250116NY055021610A_depths.tsv",104.153467128028,"20250116","NY055021610A_depths","tsv"
"/home/dthill/seq-diversity/data/genomewide_depth//20250116NY057020290A_depths.tsv",438.615418685121,"20250116","NY057020290A_depths","tsv"
"/home/dthill/seq-diversity/data/genomewide_depth//20250116NY059020567A_depths.tsv",77.0042249134948,"20250116","NY059020567A_depths","tsv"
"/home/dthill/seq-diversity/data/genomewide_depth//20250116NY059026620A_depths.tsv",165.958051903114,"20250116","NY059026620A_depths","tsv"
"/home/dthill/seq-diversity/data/genomewide_depth//20250116NY059026841A_depths.tsv",85.3332179930796,"20250116","NY059026841A_depths","tsv"
"/home/dthill/seq-diversity/data/genomewide_depth//20250116NY059026999A_depths.tsv",292.364501730104,"20250116","NY059026999A_depths","tsv"
"/home/dthill/seq-diversity/data/genomewide_depth//20250116NY065025780B_depths.tsv",731.486910034602,"20250116","NY065025780B_depths","tsv"
"/home/dthill/seq-diversity/data/genomewide_depth//20250116NY065025780C_depths.tsv",1467.50829065744,"20250116","NY065025780C_depths","tsv"
"/home/dthill/seq-diversity/data/genomewide_depth//20250116NY065036790A_depths.tsv",266.966276816609,"20250116","NY065036790A_depths","tsv"
"/home/dthill/seq-diversity/data/genomewide_depth//20250116NY069023531A_depths.tsv",83.305508650519,"20250116","NY069023531A_depths","tsv"
"/home/dthill/seq-diversity/data/genomewide_depth//20250116NY071023680A_depths.tsv",424.036577854671,"20250116","NY071023680A_depths","tsv"
"/home/dthill/seq-diversity/data/genomewide_depth//20250116NY071026328A_depths.tsv",284.054415224913,"20250116","NY071026328A_depths","tsv"
"/home/dthill/seq-diversity/data/genomewide_depth//20250116NY071027901A_depths.tsv",43.0157474048443,"20250116","NY071027901A_depths","tsv"
"/home/dthill/seq-diversity/data/genomewide_depth//20250116NY071031518A_depths.tsv",357.264934256055,"20250116","NY071031518A_depths","tsv"
"/home/dthill/seq-diversity/data/genomewide_depth//20250116NY077031151A_depths.tsv",679.66521799308,"20250116","NY077031151A_depths","tsv"
"/home/dthill/seq-diversity/data/genomewide_depth//20250116NY087026051A_depths.tsv",231.679089965398,"20250116","NY087026051A_depths","tsv"
"/home/dthill/seq-diversity/data/genomewide_depth//20250116NY087028851A_depths.tsv",60.612875432526,"20250116","NY087028851A_depths","tsv"
"/home/dthill/seq-diversity/data/genomewide_depth//20250116NY089020818A_depths.tsv",1384.62814532872,"20250116","NY089020818A_depths","tsv"
"/home/dthill/seq-diversity/data/genomewide_depth//20250116NY089236586A_depths.tsv",483.764055363322,"20250116","NY089236586A_depths","tsv"
"/home/dthill/seq-diversity/data/genomewide_depth//20250116NY091028240A_depths.tsv",525.633633217993,"20250116","NY091028240A_depths","tsv"
"/home/dthill/seq-diversity/data/genomewide_depth//20250116NY093020516A_depths.tsv",245.484612456747,"20250116","NY093020516A_depths","tsv"
"/home/dthill/seq-diversity/data/genomewide_depth//20250116NY097271942A_depths.tsv",121.582276816609,"20250116","NY097271942A_depths","tsv"
"/home/dthill/seq-diversity/data/genomewide_depth//20250116NY099033308A_depths.tsv",355.59992733564,"20250116","NY099033308A_depths","tsv"
"/home/dthill/seq-diversity/data/genomewide_depth//20250116NY101023906A_depths.tsv",81.0895916955017,"20250116","NY101023906A_depths","tsv"
"/home/dthill/seq-diversity/data/genomewide_depth//20250116NY113029050A_depths.tsv",583.428432525952,"20250116","NY113029050A_depths","tsv"
"/home/dthill/seq-diversity/data/genomewide_depth//20250116NY115024929A_depths.tsv",88.3809896193772,"20250116","NY115024929A_depths","tsv"
"/home/dthill/seq-diversity/data/genomewide_depth//20250116NY117027171A_depths.tsv",356.919640138408,"20250116","NY117027171A_depths","tsv"
"/home/dthill/seq-diversity/data/genomewide_depth//20250117NY045025984A_depths.tsv",484.565816608997,"20250117","NY045025984A_depths","tsv"
"/home/dthill/seq-diversity/data/genomewide_depth//20250117NY087026051A_depths.tsv",138.270408304498,"20250117","NY087026051A_depths","tsv"
"/home/dthill/seq-diversity/data/genomewide_depth//20250119NY119026719A_depths.tsv",2403.10762629758,"20250119","NY119026719A_depths","tsv"
"/home/dthill/seq-diversity/data/genomewide_depth//20250119NY119026786A_depths.tsv",278.91701384083,"20250119","NY119026786A_depths","tsv"
"/home/dthill/seq-diversity/data/genomewide_depth//20250119NY119100803A_depths.tsv",600.867224913495,"20250119","NY119100803A_depths","tsv"
"/home/dthill/seq-diversity/data/genomewide_depth//20250119NY119108324A_depths.tsv",2429.60165397924,"20250119","NY119108324A_depths","tsv"
"/home/dthill/seq-diversity/data/genomewide_depth//20250120NY013027961A_depths.tsv",352.583653979239,"20250120","NY013027961A_depths","tsv"
"/home/dthill/seq-diversity/data/genomewide_depth//20250120NY029028436A_depths.tsv",225.429380622837,"20250120","NY029028436A_depths","tsv"
"/home/dthill/seq-diversity/data/genomewide_depth//20250120NY055028339A_depths.tsv",1964.20407266436,"20250120","NY055028339A_depths","tsv"
"/home/dthill/seq-diversity/data/genomewide_depth//20250120NY059026859A_depths.tsv",57.8661003460208,"20250120","NY059026859A_depths","tsv"
"/home/dthill/seq-diversity/data/genomewide_depth//20250120NY063022331A_depths.tsv",84.8919480968858,"20250120","NY063022331A_depths","tsv"
"/home/dthill/seq-diversity/data/genomewide_depth//20250120NY063027979A_depths.tsv",1239.45477508651,"20250120","NY063027979A_depths","tsv"
"/home/dthill/seq-diversity/data/genomewide_depth//20250120NY067027081A_depths.tsv",329.45715916955,"20250120","NY067027081A_depths","tsv"
"/home/dthill/seq-diversity/data/genomewide_depth//20250120NY067027596A_depths.tsv",138.931256055363,"20250120","NY067027596A_depths","tsv"
"/home/dthill/seq-diversity/data/genomewide_depth//20250120NY067027618A_depths.tsv",162.095647058824,"20250120","NY067027618A_depths","tsv"
"/home/dthill/seq-diversity/data/genomewide_depth//20250120NY067027723A_depths.tsv",102.14023183391,"20250120","NY067027723A_depths","tsv"
"/home/dthill/seq-diversity/data/genomewide_depth//20250120NY067030317A_depths.tsv",849.60337716263,"20250120","NY067030317A_depths","tsv"
"/home/dthill/seq-diversity/data/genomewide_depth//20250120NY119026697A_depths.tsv",767.824131487889,"20250120","NY119026697A_depths","tsv"
"/home/dthill/seq-diversity/data/genomewide_depth//20250120NY119026701A_depths.tsv",167.229256055363,"20250120","NY119026701A_depths","tsv"
"/home/dthill/seq-diversity/data/genomewide_depth//20250121NY001025739A_depths.tsv",290.022401384083,"20250121","NY001025739A_depths","tsv"
"/home/dthill/seq-diversity/data/genomewide_depth//20250121NY001026875A_depths.tsv",285.424290657439,"20250121","NY001026875A_depths","tsv"
"/home/dthill/seq-diversity/data/genomewide_depth//20250121NY005026191A_depths.tsv",14764.2753114187,"20250121","NY005026191A_depths","tsv"
"/home/dthill/seq-diversity/data/genomewide_depth//20250121NY007024414B_depths.tsv",412.441678200692,"20250121","NY007024414B_depths","tsv"
"/home/dthill/seq-diversity/data/genomewide_depth//20250121NY007027669A_depths.tsv",347.959633217993,"20250121","NY007027669A_depths","tsv"
"/home/dthill/seq-diversity/data/genomewide_depth//20250121NY011021903A_depths.tsv",192.996709342561,"20250121","NY011021903A_depths","tsv"
"/home/dthill/seq-diversity/data/genomewide_depth//20250121NY013027570A_depths.tsv",882.785737024221,"20250121","NY013027570A_depths","tsv"
"/home/dthill/seq-diversity/data/genomewide_depth//20250121NY023027561A_depths.tsv",415.93662283737,"20250121","NY023027561A_depths","tsv"
"/home/dthill/seq-diversity/data/genomewide_depth//20250121NY027149209A_depths.tsv",81.6740138408305,"20250121","NY027149209A_depths","tsv"
"/home/dthill/seq-diversity/data/genomewide_depth//20250121NY029022136A_depths.tsv",587.537716262976,"20250121","NY029022136A_depths","tsv"
"/home/dthill/seq-diversity/data/genomewide_depth//20250121NY029025950B_depths.tsv",559.687228373702,"20250121","NY029025950B_depths","tsv"
"/home/dthill/seq-diversity/data/genomewide_depth//20250121NY029026395B_depths.tsv",674.737242214533,"20250121","NY029026395B_depths","tsv"
"/home/dthill/seq-diversity/data/genomewide_depth//20250121NY029026395C_depths.tsv",700.35692733564,"20250121","NY029026395C_depths","tsv"
"/home/dthill/seq-diversity/data/genomewide_depth//20250121NY029028410A_depths.tsv",98.2599273356401,"20250121","NY029028410A_depths","tsv"
"/home/dthill/seq-diversity/data/genomewide_depth//20250121NY029095401A_depths.tsv",896.105048442907,"20250121","NY029095401A_depths","tsv"
"/home/dthill/seq-diversity/data/genomewide_depth//20250121NY031021733A_depths.tsv",2710.80003460208,"20250121","NY031021733A_depths","tsv"
"/home/dthill/seq-diversity/data/genomewide_depth//20250121NY031022187A_depths.tsv",1020.33302422145,"20250121","NY031022187A_depths","tsv"
"/home/dthill/seq-diversity/data/genomewide_depth//20250121NY045025984A_depths.tsv",277.381861591695,"20250121","NY045025984A_depths","tsv"
"/home/dthill/seq-diversity/data/genomewide_depth//20250121NY045025984B_depths.tsv",62.4073633217993,"20250121","NY045025984B_depths","tsv"
"/home/dthill/seq-diversity/data/genomewide_depth//20250121NY047026166A_depths.tsv",5519.48677508651,"20250121","NY047026166A_depths","tsv"
"/home/dthill/seq-diversity/data/genomewide_depth//20250121NY047026182A_depths.tsv",12348.1667404844,"20250121","NY047026182A_depths","tsv"
"/home/dthill/seq-diversity/data/genomewide_depth//20250121NY047026204A_depths.tsv",8281.66796193772,"20250121","NY047026204A_depths","tsv"
"/home/dthill/seq-diversity/data/genomewide_depth//20250121NY047026212A_depths.tsv",6083.87859861592,"20250121","NY047026212A_depths","tsv"
"/home/dthill/seq-diversity/data/genomewide_depth//20250121NY047027073A_depths.tsv",8416.67911418685,"20250121","NY047027073A_depths","tsv"
"/home/dthill/seq-diversity/data/genomewide_depth//20250121NY051030635A_depths.tsv",380.192307958477,"20250121","NY051030635A_depths","tsv"
"/home/dthill/seq-diversity/data/genomewide_depth//20250121NY055028231A_depths.tsv",2375.28776816609,"20250121","NY055028231A_depths","tsv"
"/home/dthill/seq-diversity/data/genomewide_depth//20250121NY055028339A_depths.tsv",554.122065743945,"20250121","NY055028339A_depths","tsv"
"/home/dthill/seq-diversity/data/genomewide_depth//20250121NY059026620A_depths.tsv",121.846868512111,"20250121","NY059026620A_depths","tsv"
"/home/dthill/seq-diversity/data/genomewide_depth//20250121NY059026778A_depths.tsv",57.128678200692,"20250121","NY059026778A_depths","tsv"
"/home/dthill/seq-diversity/data/genomewide_depth//20250121NY061026131A_depths.tsv",8202.33192733564,"20250121","NY061026131A_depths","tsv"
"/home/dthill/seq-diversity/data/genomewide_depth//20250121NY061026247A_depths.tsv",11296.0158304498,"20250121","NY061026247A_depths","tsv"
"/home/dthill/seq-diversity/data/genomewide_depth//20250121NY063026336A_depths.tsv",208.934017301038,"20250121","NY063026336A_depths","tsv"
"/home/dthill/seq-diversity/data/genomewide_depth//20250121NY065025780C_depths.tsv",1076.74343252595,"20250121","NY065025780C_depths","tsv"
"/home/dthill/seq-diversity/data/genomewide_depth//20250121NY067025461A_depths.tsv",833.526615916955,"20250121","NY067025461A_depths","tsv"
"/home/dthill/seq-diversity/data/genomewide_depth//20250121NY069025968A_depths.tsv",955.153408304498,"20250121","NY069025968A_depths","tsv"
"/home/dthill/seq-diversity/data/genomewide_depth//20250121NY071023680A_depths.tsv",117.779453287197,"20250121","NY071023680A_depths","tsv"
"/home/dthill/seq-diversity/data/genomewide_depth//20250121NY071031518A_depths.tsv",1249.60826297578,"20250121","NY071031518A_depths","tsv"
"/home/dthill/seq-diversity/data/genomewide_depth//20250121NY075020257A_depths.tsv",395.889719723183,"20250121","NY075020257A_depths","tsv"
"/home/dthill/seq-diversity/data/genomewide_depth//20250121NY075029106A_depths.tsv",51.0174083044983,"20250121","NY075029106A_depths","tsv"
"/home/dthill/seq-diversity/data/genomewide_depth//20250121NY075029114A_depths.tsv",653.638660899654,"20250121","NY075029114A_depths","tsv"
"/home/dthill/seq-diversity/data/genomewide_depth//20250121NY079022721A_depths.tsv",78.4421591695502,"20250121","NY079022721A_depths","tsv"
"/home/dthill/seq-diversity/data/genomewide_depth//20250121NY081026115A_depths.tsv",3877.69915224913,"20250121","NY081026115A_depths","tsv"
"/home/dthill/seq-diversity/data/genomewide_depth//20250121NY081026158A_depths.tsv",9135.06451557093,"20250121","NY081026158A_depths","tsv"
"/home/dthill/seq-diversity/data/genomewide_depth//20250121NY081026221A_depths.tsv",3965.76387543253,"20250121","NY081026221A_depths","tsv"
"/home/dthill/seq-diversity/data/genomewide_depth//20250121NY081026239A_depths.tsv",4421.07267820069,"20250121","NY081026239A_depths","tsv"
"/home/dthill/seq-diversity/data/genomewide_depth//20250121NY083087971A_depths.tsv",417.981802768166,"20250121","NY083087971A_depths","tsv"
"/home/dthill/seq-diversity/data/genomewide_depth//20250121NY085026107A_depths.tsv",8437.8915432526,"20250121","NY085026107A_depths","tsv"
"/home/dthill/seq-diversity/data/genomewide_depth//20250121NY085026174A_depths.tsv",5709.70836678201,"20250121","NY085026174A_depths","tsv"
"/home/dthill/seq-diversity/data/genomewide_depth//20250121NY087022748A_depths.tsv",736.694249134948,"20250121","NY087022748A_depths","tsv"
"/home/dthill/seq-diversity/data/genomewide_depth//20250121NY087026051A_depths.tsv",235.084256055363,"20250121","NY087026051A_depths","tsv"
"/home/dthill/seq-diversity/data/genomewide_depth//20250121NY089020818A_depths.tsv",582.820107266436,"20250121","NY089020818A_depths","tsv"
"/home/dthill/seq-diversity/data/genomewide_depth//20250121NY089029831A_depths.tsv",182.906010380623,"20250121","NY089029831A_depths","tsv"
"/home/dthill/seq-diversity/data/genomewide_depth//20250121NY091028240A_depths.tsv",245.646397923875,"20250121","NY091028240A_depths","tsv"
"/home/dthill/seq-diversity/data/genomewide_depth//20250121NY099022365A_depths.tsv",172.862709342561,"20250121","NY099022365A_depths","tsv"
"/home/dthill/seq-diversity/data/genomewide_depth//20250121NY101023906A_depths.tsv",144.971228373702,"20250121","NY101023906A_depths","tsv"
"/home/dthill/seq-diversity/data/genomewide_depth//20250121NY103024881A_depths.tsv",159.624626297578,"20250121","NY103024881A_depths","tsv"
"/home/dthill/seq-diversity/data/genomewide_depth//20250121NY103065358A_depths.tsv",1199.47938408305,"20250121","NY103065358A_depths","tsv"
"/home/dthill/seq-diversity/data/genomewide_depth//20250121NY105030724A_depths.tsv",1921.77212802768,"20250121","NY105030724A_depths","tsv"
"/home/dthill/seq-diversity/data/genomewide_depth//20250121NY109020958A_depths.tsv",1728.82089965398,"20250121","NY109020958A_depths","tsv"
"/home/dthill/seq-diversity/data/genomewide_depth//20250121NY109026638A_depths.tsv",131.916833910035,"20250121","NY109026638A_depths","tsv"
"/home/dthill/seq-diversity/data/genomewide_depth//20250121NY111029351A_depths.tsv",637.080792387543,"20250121","NY111029351A_depths","tsv"
"/home/dthill/seq-diversity/data/genomewide_depth//20250121NY117029475A_depths.tsv",212.620730103806,"20250121","NY117029475A_depths","tsv"
"/home/dthill/seq-diversity/data/genomewide_depth//20250121NY119026719A_depths.tsv",313.723716262976,"20250121","NY119026719A_depths","tsv"
"/home/dthill/seq-diversity/data/genomewide_depth//20250121NY121021504A_depths.tsv",248.597577854671,"20250121","NY121021504A_depths","tsv"
"/home/dthill/seq-diversity/data/genomewide_depth//20250122NY001022225A_depths.tsv",849.597110726644,"20250122","NY001022225A_depths","tsv"
"/home/dthill/seq-diversity/data/genomewide_depth//20250122NY007027669A_depths.tsv",462.745491349481,"20250122","NY007027669A_depths","tsv"
"/home/dthill/seq-diversity/data/genomewide_depth//20250122NY013027961A_depths.tsv",417.878117647059,"20250122","NY013027961A_depths","tsv"
"/home/dthill/seq-diversity/data/genomewide_depth//20250122NY013106895A_depths.tsv",435.63198615917,"20250122","NY013106895A_depths","tsv"
"/home/dthill/seq-diversity/data/genomewide_depth//20250122NY019022195A_depths.tsv",1435.68317647059,"20250122","NY019022195A_depths","tsv"
"/home/dthill/seq-diversity/data/genomewide_depth//20250122NY019026018A_depths.tsv",1626.90817647059,"20250122","NY019026018A_depths","tsv"
"/home/dthill/seq-diversity/data/genomewide_depth//20250122NY025027154A_depths.tsv",759.849847750865,"20250122","NY025027154A_depths","tsv"
"/home/dthill/seq-diversity/data/genomewide_depth//20250122NY025029271A_depths.tsv",402.557190311419,"20250122","NY025029271A_depths","tsv"
"/home/dthill/seq-diversity/data/genomewide_depth//20250122NY027026255A_depths.tsv",219.183152249135,"20250122","NY027026255A_depths","tsv"
"/home/dthill/seq-diversity/data/genomewide_depth//20250122NY027026271A_depths.tsv",398.333311418685,"20250122","NY027026271A_depths","tsv"
"/home/dthill/seq-diversity/data/genomewide_depth//20250122NY031021733A_depths.tsv",991.023553633218,"20250122","NY031021733A_depths","tsv"
"/home/dthill/seq-diversity/data/genomewide_depth//20250122NY031036706A_depths.tsv",645.547418685121,"20250122","NY031036706A_depths","tsv"
"/home/dthill/seq-diversity/data/genomewide_depth//20250122NY045025151A_depths.tsv",582.50314532872,"20250122","NY045025151A_depths","tsv"
"/home/dthill/seq-diversity/data/genomewide_depth//20250122NY049020125A_depths.tsv",717.828256055363,"20250122","NY049020125A_depths","tsv"
"/home/dthill/seq-diversity/data/genomewide_depth//20250122NY051024449A_depths.tsv",5436.1752283737,"20250122","NY051024449A_depths","tsv"
"/home/dthill/seq-diversity/data/genomewide_depth//20250122NY055028231A_depths.tsv",141.741806228374,"20250122","NY055028231A_depths","tsv"
"/home/dthill/seq-diversity/data/genomewide_depth//20250122NY059026859A_depths.tsv",5620.36021453287,"20250122","NY059026859A_depths","tsv"
"/home/dthill/seq-diversity/data/genomewide_depth//20250122NY071026310A_depths.tsv",74.519,"20250122","NY071026310A_depths","tsv"
"/home/dthill/seq-diversity/data/genomewide_depth//20250122NY071026522A_depths.tsv",2656.92532871972,"20250122","NY071026522A_depths","tsv"
"/home/dthill/seq-diversity/data/genomewide_depth//20250122NY071030490A_depths.tsv",1244.79853633218,"20250122","NY071030490A_depths","tsv"
"/home/dthill/seq-diversity/data/genomewide_depth//20250122NY073021873A_depths.tsv",76.5168996539792,"20250122","NY073021873A_depths","tsv"
"/home/dthill/seq-diversity/data/genomewide_depth//20250122NY075026301A_depths.tsv",232.036027681661,"20250122","NY075026301A_depths","tsv"
"/home/dthill/seq-diversity/data/genomewide_depth//20250122NY075029106A_depths.tsv",274.100723183391,"20250122","NY075029106A_depths","tsv"
"/home/dthill/seq-diversity/data/genomewide_depth//20250122NY075029114A_depths.tsv",503.967643598616,"20250122","NY075029114A_depths","tsv"
"/home/dthill/seq-diversity/data/genomewide_depth//20250122NY079031356A_depths.tsv",132.880581314879,"20250122","NY079031356A_depths","tsv"
"/home/dthill/seq-diversity/data/genomewide_depth//20250122NY083026034A_depths.tsv",753.246460207612,"20250122","NY083026034A_depths","tsv"
"/home/dthill/seq-diversity/data/genomewide_depth//20250122NY083087971A_depths.tsv",381.258055363322,"20250122","NY083087971A_depths","tsv"
"/home/dthill/seq-diversity/data/genomewide_depth//20250122NY087028533A_depths.tsv",1250.71565397924,"20250122","NY087028533A_depths","tsv"
"/home/dthill/seq-diversity/data/genomewide_depth//20250122NY087270598A_depths.tsv",150.291847750865,"20250122","NY087270598A_depths","tsv"
"/home/dthill/seq-diversity/data/genomewide_depth//20250122NY089031194A_depths.tsv",191.587885813149,"20250122","NY089031194A_depths","tsv"
"/home/dthill/seq-diversity/data/genomewide_depth//20250122NY103020061A_depths.tsv",42.7849031141869,"20250122","NY103020061A_depths","tsv"
"/home/dthill/seq-diversity/data/genomewide_depth//20250122NY103076988A_depths.tsv",52.0119480968858,"20250122","NY103076988A_depths","tsv"
"/home/dthill/seq-diversity/data/genomewide_depth//20250122NY105024520A_depths.tsv",147.423003460208,"20250122","NY105024520A_depths","tsv"
"/home/dthill/seq-diversity/data/genomewide_depth//20250122NY107029262A_depths.tsv",1211.14002768166,"20250122","NY107029262A_depths","tsv"
"/home/dthill/seq-diversity/data/genomewide_depth//20250122NY109026638A_depths.tsv",758.578176470588,"20250122","NY109026638A_depths","tsv"
"/home/dthill/seq-diversity/data/genomewide_depth//20250122NY111031208A_depths.tsv",422.670387543253,"20250122","NY111031208A_depths","tsv"
"/home/dthill/seq-diversity/data/genomewide_depth//20250122NY119026689A_depths.tsv",331.384505190311,"20250122","NY119026689A_depths","tsv"
"/home/dthill/seq-diversity/data/genomewide_depth//20250122NY119026697A_depths.tsv",318.680235294118,"20250122","NY119026697A_depths","tsv"
"/home/dthill/seq-diversity/data/genomewide_depth//20250122NY119108324A_depths.tsv",177.124204152249,"20250122","NY119108324A_depths","tsv"
"/home/dthill/seq-diversity/data/genomewide_depth//20250122NY123029726A_depths.tsv",89.6471453287197,"20250122","NY123029726A_depths","tsv"
"/home/dthill/seq-diversity/data/genomewide_depth//20250123NY007024414B_depths.tsv",237.187868512111,"20250123","NY007024414B_depths","tsv"
"/home/dthill/seq-diversity/data/genomewide_depth//20250123NY009027162A_depths.tsv",208.651301038062,"20250123","NY009027162A_depths","tsv"
"/home/dthill/seq-diversity/data/genomewide_depth//20250123NY011021903A_depths.tsv",1535.59306574394,"20250123","NY011021903A_depths","tsv"
"/home/dthill/seq-diversity/data/genomewide_depth//20250123NY017021423A_depths.tsv",264.635359861592,"20250123","NY017021423A_depths","tsv"
"/home/dthill/seq-diversity/data/genomewide_depth//20250123NY019021831A_depths.tsv",612.451041522491,"20250123","NY019021831A_depths","tsv"
"/home/dthill/seq-diversity/data/genomewide_depth//20250123NY023027561A_depths.tsv",784.853757785467,"20250123","NY023027561A_depths","tsv"
"/home/dthill/seq-diversity/data/genomewide_depth//20250123NY027025976A_depths.tsv",326.254709342561,"20250123","NY027025976A_depths","tsv"
"/home/dthill/seq-diversity/data/genomewide_depth//20250123NY029022543A_depths.tsv",1379.66817301038,"20250123","NY029022543A_depths","tsv"
"/home/dthill/seq-diversity/data/genomewide_depth//20250123NY029032093A_depths.tsv",121.402141868512,"20250123","NY029032093A_depths","tsv"
"/home/dthill/seq-diversity/data/genomewide_depth//20250123NY031022969A_depths.tsv",134.838698961938,"20250123","NY031022969A_depths","tsv"
"/home/dthill/seq-diversity/data/genomewide_depth//20250123NY033030376A_depths.tsv",724.745487889273,"20250123","NY033030376A_depths","tsv"
"/home/dthill/seq-diversity/data/genomewide_depth//20250123NY051032328A_depths.tsv",223.287204152249,"20250123","NY051032328A_depths","tsv"
"/home/dthill/seq-diversity/data/genomewide_depth//20250123NY053026956A_depths.tsv",98.5494671280277,"20250123","NY053026956A_depths","tsv"
"/home/dthill/seq-diversity/data/genomewide_depth//20250123NY055021610A_depths.tsv",1375.16856401384,"20250123","NY055021610A_depths","tsv"
"/home/dthill/seq-diversity/data/genomewide_depth//20250123NY057020290A_depths.tsv",3292.03225605536,"20250123","NY057020290A_depths","tsv"
"/home/dthill/seq-diversity/data/genomewide_depth//20250123NY059020567A_depths.tsv",74.3258719723183,"20250123","NY059020567A_depths","tsv"
"/home/dthill/seq-diversity/data/genomewide_depth//20250123NY059021822A_depths.tsv",33.4364844290657,"20250123","NY059021822A_depths","tsv"
"/home/dthill/seq-diversity/data/genomewide_depth//20250123NY059026778A_depths.tsv",57.4855155709343,"20250123","NY059026778A_depths","tsv"
"/home/dthill/seq-diversity/data/genomewide_depth//20250123NY059026841A_depths.tsv",70.5318166089965,"20250123","NY059026841A_depths","tsv"
"/home/dthill/seq-diversity/data/genomewide_depth//20250123NY063027774A_depths.tsv",1389.20519031142,"20250123","NY063027774A_depths","tsv"
"/home/dthill/seq-diversity/data/genomewide_depth//20250123NY063027979A_depths.tsv",398.077207612457,"20250123","NY063027979A_depths","tsv"
"/home/dthill/seq-diversity/data/genomewide_depth//20250123NY065036790A_depths.tsv",448.208653979239,"20250123","NY065036790A_depths","tsv"
"/home/dthill/seq-diversity/data/genomewide_depth//20250123NY071023680A_depths.tsv",822.738674740484,"20250123","NY071023680A_depths","tsv"
"/home/dthill/seq-diversity/data/genomewide_depth//20250123NY071026310A_depths.tsv",83.011660899654,"20250123","NY071026310A_depths","tsv"
"/home/dthill/seq-diversity/data/genomewide_depth//20250123NY071026328A_depths.tsv",416.021920415225,"20250123","NY071026328A_depths","tsv"
"/home/dthill/seq-diversity/data/genomewide_depth//20250123NY071031518A_depths.tsv",750.05960899654,"20250123","NY071031518A_depths","tsv"
"/home/dthill/seq-diversity/data/genomewide_depth//20250123NY087026051A_depths.tsv",226.336951557093,"20250123","NY087026051A_depths","tsv"
"/home/dthill/seq-diversity/data/genomewide_depth//20250123NY087028533A_depths.tsv",387.727948096886,"20250123","NY087028533A_depths","tsv"
"/home/dthill/seq-diversity/data/genomewide_depth//20250123NY087028851A_depths.tsv",99.5940034602076,"20250123","NY087028851A_depths","tsv"
"/home/dthill/seq-diversity/data/genomewide_depth//20250123NY087031895A_depths.tsv",146.409404844291,"20250123","NY087031895A_depths","tsv"
"/home/dthill/seq-diversity/data/genomewide_depth//20250123NY089020818A_depths.tsv",112.99055017301,"20250123","NY089020818A_depths","tsv"
"/home/dthill/seq-diversity/data/genomewide_depth//20250123NY097271942A_depths.tsv",47.2460380622837,"20250123","NY097271942A_depths","tsv"
"/home/dthill/seq-diversity/data/genomewide_depth//20250123NY099033308A_depths.tsv",421.025961937716,"20250123","NY099033308A_depths","tsv"
"/home/dthill/seq-diversity/data/genomewide_depth//20250123NY101023906A_depths.tsv",79.5975155709343,"20250123","NY101023906A_depths","tsv"
"/home/dthill/seq-diversity/data/genomewide_depth//20250123NY101025712A_depths.tsv",152.726238754325,"20250123","NY101025712A_depths","tsv"
"/home/dthill/seq-diversity/data/genomewide_depth//20250123NY113029050A_depths.tsv",666.189640138408,"20250123","NY113029050A_depths","tsv"
"/home/dthill/seq-diversity/data/genomewide_depth//20250123NY115024929A_depths.tsv",117.709567474048,"20250123","NY115024929A_depths","tsv"
"/home/dthill/seq-diversity/data/genomewide_depth//20250123NY117027171A_depths.tsv",1810.44302768166,"20250123","NY117027171A_depths","tsv"
"/home/dthill/seq-diversity/data/genomewide_depth//20250123NY119026701A_depths.tsv",244.045411764706,"20250123","NY119026701A_depths","tsv"
"/home/dthill/seq-diversity/data/genomewide_depth//20250124NY045025984A_depths.tsv",273.166968858131,"20250124","NY045025984A_depths","tsv"
"/home/dthill/seq-diversity/data/genomewide_depth//20250124NY091028240A_depths.tsv",458.959242214533,"20250124","NY091028240A_depths","tsv"
"/home/dthill/seq-diversity/data/genomewide_depth//20250126NY005026191A_depths.tsv",6860.50005536332,"20250126","NY005026191A_depths","tsv"
"/home/dthill/seq-diversity/data/genomewide_depth//20250126NY047026166A_depths.tsv",2428.01372318339,"20250126","NY047026166A_depths","tsv"
"/home/dthill/seq-diversity/data/genomewide_depth//20250126NY047026182A_depths.tsv",7029.86064359862,"20250126","NY047026182A_depths","tsv"
"/home/dthill/seq-diversity/data/genomewide_depth//20250126NY047026204A_depths.tsv",7340.45580968858,"20250126","NY047026204A_depths","tsv"
"/home/dthill/seq-diversity/data/genomewide_depth//20250126NY047026212A_depths.tsv",3163.02737716263,"20250126","NY047026212A_depths","tsv"
"/home/dthill/seq-diversity/data/genomewide_depth//20250126NY047027073A_depths.tsv",4068.96917301038,"20250126","NY047027073A_depths","tsv"
"/home/dthill/seq-diversity/data/genomewide_depth//20250126NY055028339A_depths.tsv",584.005650519031,"20250126","NY055028339A_depths","tsv"
"/home/dthill/seq-diversity/data/genomewide_depth//20250126NY061026131A_depths.tsv",5664.2036366782,"20250126","NY061026131A_depths","tsv"
"/home/dthill/seq-diversity/data/genomewide_depth//20250126NY061026247A_depths.tsv",5898.05705882353,"20250126","NY061026247A_depths","tsv"
"/home/dthill/seq-diversity/data/genomewide_depth//20250126NY067027596A_depths.tsv",225.964619377163,"20250126","NY067027596A_depths","tsv"
"/home/dthill/seq-diversity/data/genomewide_depth//20250126NY067027723A_depths.tsv",217.879124567474,"20250126","NY067027723A_depths","tsv"
"/home/dthill/seq-diversity/data/genomewide_depth//20250126NY067030317A_depths.tsv",417.168100346021,"20250126","NY067030317A_depths","tsv"
"/home/dthill/seq-diversity/data/genomewide_depth//20250126NY081026115A_depths.tsv",9184.79555017301,"20250126","NY081026115A_depths","tsv"
"/home/dthill/seq-diversity/data/genomewide_depth//20250126NY081026158A_depths.tsv",2319.47673010381,"20250126","NY081026158A_depths","tsv"
"/home/dthill/seq-diversity/data/genomewide_depth//20250126NY081026221A_depths.tsv",5762.26701384083,"20250126","NY081026221A_depths","tsv"
"/home/dthill/seq-diversity/data/genomewide_depth//20250126NY081026239A_depths.tsv",6920.1281799308,"20250126","NY081026239A_depths","tsv"
"/home/dthill/seq-diversity/data/genomewide_depth//20250126NY085026107A_depths.tsv",4101.43816262976,"20250126","NY085026107A_depths","tsv"
"/home/dthill/seq-diversity/data/genomewide_depth//20250126NY085026174A_depths.tsv",4021.80866089965,"20250126","NY085026174A_depths","tsv"
"/home/dthill/seq-diversity/data/genomewide_depth//20250126NY119026689A_depths.tsv",1398.06795847751,"20250126","NY119026689A_depths","tsv"
"/home/dthill/seq-diversity/data/genomewide_depth//20250126NY119026786A_depths.tsv",746.705491349481,"20250126","NY119026786A_depths","tsv"
"/home/dthill/seq-diversity/data/genomewide_depth//20250127NY019026018A_depths.tsv",111.794709342561,"20250127","NY019026018A_depths","tsv"
"/home/dthill/seq-diversity/data/genomewide_depth//20250127NY021022039A_depths.tsv",249.687238754325,"20250127","NY021022039A_depths","tsv"
"/home/dthill/seq-diversity/data/genomewide_depth//20250127NY023027561A_depths.tsv",250.735359861592,"20250127","NY023027561A_depths","tsv"
"/home/dthill/seq-diversity/data/genomewide_depth//20250127NY027026255A_depths.tsv",370.402325259516,"20250127","NY027026255A_depths","tsv"
"/home/dthill/seq-diversity/data/genomewide_depth//20250127NY045025984A_depths.tsv",303.492612456747,"20250127","NY045025984A_depths","tsv"
"/home/dthill/seq-diversity/data/genomewide_depth//20250127NY055028231A_depths.tsv",186.384498269896,"20250127","NY055028231A_depths","tsv"
"/home/dthill/seq-diversity/data/genomewide_depth//20250127NY089031194A_depths.tsv",3000.43184429066,"20250127","NY089031194A_depths","tsv"
"/home/dthill/seq-diversity/data/genomewide_depth//20250127NY113029050A_depths.tsv",316.600124567474,"20250127","NY113029050A_depths","tsv"
"/home/dthill/seq-diversity/data/genomewide_depth//20250128NY001025739A_depths.tsv",995.276024221453,"20250128","NY001025739A_depths","tsv"
"/home/dthill/seq-diversity/data/genomewide_depth//20250128NY001026867A_depths.tsv",125.154955017301,"20250128","NY001026867A_depths","tsv"
"/home/dthill/seq-diversity/data/genomewide_depth//20250128NY001026875A_depths.tsv",339.049408304498,"20250128","NY001026875A_depths","tsv"
"/home/dthill/seq-diversity/data/genomewide_depth//20250128NY005026191A_depths.tsv",8271.59639100346,"20250128","NY005026191A_depths","tsv"
"/home/dthill/seq-diversity/data/genomewide_depth//20250128NY007024414B_depths.tsv",114.113214532872,"20250128","NY007024414B_depths","tsv"
"/home/dthill/seq-diversity/data/genomewide_depth//20250128NY007027669A_depths.tsv",651.601522491349,"20250128","NY007027669A_depths","tsv"
"/home/dthill/seq-diversity/data/genomewide_depth//20250128NY009027162A_depths.tsv",157.196103806228,"20250128","NY009027162A_depths","tsv"
"/home/dthill/seq-diversity/data/genomewide_depth//20250128NY011021903A_depths.tsv",835.045525951557,"20250128","NY011021903A_depths","tsv"
"/home/dthill/seq-diversity/data/genomewide_depth//20250128NY013027570A_depths.tsv",2037.47611418685,"20250128","NY013027570A_depths","tsv"
"/home/dthill/seq-diversity/data/genomewide_depth//20250128NY019023949A_depths.tsv",790.222332179931,"20250128","NY019023949A_depths","tsv"
"/home/dthill/seq-diversity/data/genomewide_depth//20250128NY019025097A_depths.tsv",545.969615916955,"20250128","NY019025097A_depths","tsv"
"/home/dthill/seq-diversity/data/genomewide_depth//20250128NY029022136A_depths.tsv",272.986003460208,"20250128","NY029022136A_depths","tsv"
"/home/dthill/seq-diversity/data/genomewide_depth//20250128NY029022543A_depths.tsv",393.590280276817,"20250128","NY029022543A_depths","tsv"
"/home/dthill/seq-diversity/data/genomewide_depth//20250128NY029025950B_depths.tsv",724.428643598616,"20250128","NY029025950B_depths","tsv"
"/home/dthill/seq-diversity/data/genomewide_depth//20250128NY029026395B_depths.tsv",670.595750865052,"20250128","NY029026395B_depths","tsv"
"/home/dthill/seq-diversity/data/genomewide_depth//20250128NY029026395C_depths.tsv",1213.08244290657,"20250128","NY029026395C_depths","tsv"
"/home/dthill/seq-diversity/data/genomewide_depth//20250128NY029028410A_depths.tsv",410.357813148789,"20250128","NY029028410A_depths","tsv"
"/home/dthill/seq-diversity/data/genomewide_depth//20250128NY029028436A_depths.tsv",2780.27295155709,"20250128","NY029028436A_depths","tsv"
"/home/dthill/seq-diversity/data/genomewide_depth//20250128NY029095401A_depths.tsv",557.316602076125,"20250128","NY029095401A_depths","tsv"
"/home/dthill/seq-diversity/data/genomewide_depth//20250128NY031022187A_depths.tsv",1518.60497577855,"20250128","NY031022187A_depths","tsv"
"/home/dthill/seq-diversity/data/genomewide_depth//20250128NY047026166A_depths.tsv",3028.41283737024,"20250128","NY047026166A_depths","tsv"
"/home/dthill/seq-diversity/data/genomewide_depth//20250128NY047026182A_depths.tsv",1918.06131487889,"20250128","NY047026182A_depths","tsv"
"/home/dthill/seq-diversity/data/genomewide_depth//20250128NY047026204A_depths.tsv",2367.60068512111,"20250128","NY047026204A_depths","tsv"
"/home/dthill/seq-diversity/data/genomewide_depth//20250128NY047026212A_depths.tsv",4308.22847404844,"20250128","NY047026212A_depths","tsv"
"/home/dthill/seq-diversity/data/genomewide_depth//20250128NY047027073A_depths.tsv",9019.62108650519,"20250128","NY047027073A_depths","tsv"
"/home/dthill/seq-diversity/data/genomewide_depth//20250128NY051024384A_depths.tsv",388.482294117647,"20250128","NY051024384A_depths","tsv"
"/home/dthill/seq-diversity/data/genomewide_depth//20250128NY051030635A_depths.tsv",58.123491349481,"20250128","NY051030635A_depths","tsv"
"/home/dthill/seq-diversity/data/genomewide_depth//20250128NY055021610A_depths.tsv",192.108674740484,"20250128","NY055021610A_depths","tsv"
"/home/dthill/seq-diversity/data/genomewide_depth//20250128NY055028339A_depths.tsv",317.028826989619,"20250128","NY055028339A_depths","tsv"
"/home/dthill/seq-diversity/data/genomewide_depth//20250128NY057020290A_depths.tsv",1581.01759861592,"20250128","NY057020290A_depths","tsv"
"/home/dthill/seq-diversity/data/genomewide_depth//20250128NY061026131A_depths.tsv",4027.02462283737,"20250128","NY061026131A_depths","tsv"
"/home/dthill/seq-diversity/data/genomewide_depth//20250128NY061026247A_depths.tsv",878.516193771626,"20250128","NY061026247A_depths","tsv"
"/home/dthill/seq-diversity/data/genomewide_depth//20250128NY067025461A_depths.tsv",3748.62953979239,"20250128","NY067025461A_depths","tsv"
"/home/dthill/seq-diversity/data/genomewide_depth//20250128NY075029106A_depths.tsv",336.567968858132,"20250128","NY075029106A_depths","tsv"
"/home/dthill/seq-diversity/data/genomewide_depth//20250128NY081026115A_depths.tsv",1619.31794117647,"20250128","NY081026115A_depths","tsv"
"/home/dthill/seq-diversity/data/genomewide_depth//20250128NY081026158A_depths.tsv",7374.46247404844,"20250128","NY081026158A_depths","tsv"
"/home/dthill/seq-diversity/data/genomewide_depth//20250128NY081026221A_depths.tsv",2471.10779930796,"20250128","NY081026221A_depths","tsv"
"/home/dthill/seq-diversity/data/genomewide_depth//20250128NY081026239A_depths.tsv",3927.84828027682,"20250128","NY081026239A_depths","tsv"
"/home/dthill/seq-diversity/data/genomewide_depth//20250128NY083087971A_depths.tsv",319.017422145329,"20250128","NY083087971A_depths","tsv"
"/home/dthill/seq-diversity/data/genomewide_depth//20250128NY085026107A_depths.tsv",4074.12704152249,"20250128","NY085026107A_depths","tsv"
"/home/dthill/seq-diversity/data/genomewide_depth//20250128NY085026174A_depths.tsv",3707.10858477509,"20250128","NY085026174A_depths","tsv"
"/home/dthill/seq-diversity/data/genomewide_depth//20250128NY089020818A_depths.tsv",302.175512110727,"20250128","NY089020818A_depths","tsv"
"/home/dthill/seq-diversity/data/genomewide_depth//20250128NY091028240A_depths.tsv",334.89278200692,"20250128","NY091028240A_depths","tsv"
"/home/dthill/seq-diversity/data/genomewide_depth//20250128NY093020516A_depths.tsv",201.63708650519,"20250128","NY093020516A_depths","tsv"
"/home/dthill/seq-diversity/data/genomewide_depth//20250128NY099022365A_depths.tsv",1138.01429065744,"20250128","NY099022365A_depths","tsv"
"/home/dthill/seq-diversity/data/genomewide_depth//20250128NY101021431A_depths.tsv",133.930813148789,"20250128","NY101021431A_depths","tsv"
"/home/dthill/seq-diversity/data/genomewide_depth//20250128NY101023906A_depths.tsv",300.823910034602,"20250128","NY101023906A_depths","tsv"
"/home/dthill/seq-diversity/data/genomewide_depth//20250128NY103065358A_depths.tsv",5880.17248442907,"20250128","NY103065358A_depths","tsv"
"/home/dthill/seq-diversity/data/genomewide_depth//20250128NY103104809A_depths.tsv",121.678525951557,"20250128","NY103104809A_depths","tsv"
"/home/dthill/seq-diversity/data/genomewide_depth//20250128NY109020958A_depths.tsv",739.079397923875,"20250128","NY109020958A_depths","tsv"
"/home/dthill/seq-diversity/data/genomewide_depth//20250128NY113094366A_depths.tsv",1578.41522145329,"20250128","NY113094366A_depths","tsv"
"/home/dthill/seq-diversity/data/genomewide_depth//20250128NY117029475A_depths.tsv",641.566228373702,"20250128","NY117029475A_depths","tsv"
"/home/dthill/seq-diversity/data/genomewide_depth//20250128NY121021504A_depths.tsv",86.0246401384083,"20250128","NY121021504A_depths","tsv"
"/home/dthill/seq-diversity/data/genomewide_depth//20250129NY001022225A_depths.tsv",2835.53993425606,"20250129","NY001022225A_depths","tsv"
"/home/dthill/seq-diversity/data/genomewide_depth//20250129NY007027669A_depths.tsv",386.234166089965,"20250129","NY007027669A_depths","tsv"
"/home/dthill/seq-diversity/data/genomewide_depth//20250129NY013106895A_depths.tsv",129.674301038062,"20250129","NY013106895A_depths","tsv"
"/home/dthill/seq-diversity/data/genomewide_depth//20250129NY019022195A_depths.tsv",831.034055363322,"20250129","NY019022195A_depths","tsv"
"/home/dthill/seq-diversity/data/genomewide_depth//20250129NY019026018A_depths.tsv",390.14875432526,"20250129","NY019026018A_depths","tsv"
"/home/dthill/seq-diversity/data/genomewide_depth//20250129NY025027154A_depths.tsv",936.739871972318,"20250129","NY025027154A_depths","tsv"
"/home/dthill/seq-diversity/data/genomewide_depth//20250129NY025029271A_depths.tsv",1810.1045916955,"20250129","NY025029271A_depths","tsv"
"/home/dthill/seq-diversity/data/genomewide_depth//20250129NY031021733A_depths.tsv",1473.37087197232,"20250129","NY031021733A_depths","tsv"
"/home/dthill/seq-diversity/data/genomewide_depth//20250129NY043036528A_depths.tsv",196.843660899654,"20250129","NY043036528A_depths","tsv"
"/home/dthill/seq-diversity/data/genomewide_depth//20250129NY049020125A_depths.tsv",127.180387543253,"20250129","NY049020125A_depths","tsv"
"/home/dthill/seq-diversity/data/genomewide_depth//20250129NY051024449A_depths.tsv",387.363183391003,"20250129","NY051024449A_depths","tsv"
"/home/dthill/seq-diversity/data/genomewide_depth//20250129NY055026794A_depths.tsv",606.232685121107,"20250129","NY055026794A_depths","tsv"
"/home/dthill/seq-diversity/data/genomewide_depth//20250129NY055028231A_depths.tsv",298.48269550173,"20250129","NY055028231A_depths","tsv"
"/home/dthill/seq-diversity/data/genomewide_depth//20250129NY059023523A_depths.tsv",175.746602076125,"20250129","NY059023523A_depths","tsv"
"/home/dthill/seq-diversity/data/genomewide_depth//20250129NY075029106A_depths.tsv",95.6018408304498,"20250129","NY075029106A_depths","tsv"
"/home/dthill/seq-diversity/data/genomewide_depth//20250129NY083026034A_depths.tsv",516.376349480969,"20250129","NY083026034A_depths","tsv"
"/home/dthill/seq-diversity/data/genomewide_depth//20250129NY083087971A_depths.tsv",295.193238754325,"20250129","NY083087971A_depths","tsv"
"/home/dthill/seq-diversity/data/genomewide_depth//20250129NY089020117A_depths.tsv",108.954470588235,"20250129","NY089020117A_depths","tsv"
"/home/dthill/seq-diversity/data/genomewide_depth//20250129NY107029262A_depths.tsv",455.685065743945,"20250129","NY107029262A_depths","tsv"
"/home/dthill/seq-diversity/data/genomewide_depth//20250129NY109026638A_depths.tsv",311.097799307958,"20250129","NY109026638A_depths","tsv"
"/home/dthill/seq-diversity/data/genomewide_depth//20250129NY123029726A_depths.tsv",171.982743944637,"20250129","NY123029726A_depths","tsv"
"/home/dthill/seq-diversity/data/genomewide_depth//20250130NY001025739A_depths.tsv",610.06678200692,"20250130","NY001025739A_depths","tsv"
"/home/dthill/seq-diversity/data/genomewide_depth//20250130NY007024414B_depths.tsv",326.800993079585,"20250130","NY007024414B_depths","tsv"
"/home/dthill/seq-diversity/data/genomewide_depth//20250130NY007024414C_depths.tsv",138.791221453287,"20250130","NY007024414C_depths","tsv"
"/home/dthill/seq-diversity/data/genomewide_depth//20250130NY009027162A_depths.tsv",403.435958477509,"20250130","NY009027162A_depths","tsv"
"/home/dthill/seq-diversity/data/genomewide_depth//20250130NY017021423A_depths.tsv",427.23291349481,"20250130","NY017021423A_depths","tsv"
"/home/dthill/seq-diversity/data/genomewide_depth//20250130NY023027561A_depths.tsv",298.184508650519,"20250130","NY023027561A_depths","tsv"
"/home/dthill/seq-diversity/data/genomewide_depth//20250130NY025026565A_depths.tsv",915.666363321799,"20250130","NY025026565A_depths","tsv"
"/home/dthill/seq-diversity/data/genomewide_depth//20250130NY029032093A_depths.tsv",1998.66612110727,"20250130","NY029032093A_depths","tsv"
"/home/dthill/seq-diversity/data/genomewide_depth//20250130NY033030376A_depths.tsv",283.047685121107,"20250130","NY033030376A_depths","tsv"
"/home/dthill/seq-diversity/data/genomewide_depth//20250130NY045025984A_depths.tsv",765.691211072664,"20250130","NY045025984A_depths","tsv"
"/home/dthill/seq-diversity/data/genomewide_depth//20250130NY053026956A_depths.tsv",333.040173010381,"20250130","NY053026956A_depths","tsv"
"/home/dthill/seq-diversity/data/genomewide_depth//20250130NY055021610A_depths.tsv",153.376038062284,"20250130","NY055021610A_depths","tsv"
"/home/dthill/seq-diversity/data/genomewide_depth//20250130NY057020290A_depths.tsv",596.488785467128,"20250130","NY057020290A_depths","tsv"
"/home/dthill/seq-diversity/data/genomewide_depth//20250130NY059026841A_depths.tsv",39684.7447474048,"20250130","NY059026841A_depths","tsv"
"/home/dthill/seq-diversity/data/genomewide_depth//20250130NY059026999A_depths.tsv",271.203093425606,"20250130","NY059026999A_depths","tsv"
"/home/dthill/seq-diversity/data/genomewide_depth//20250130NY063027979A_depths.tsv",644.135820069204,"20250130","NY063027979A_depths","tsv"
"/home/dthill/seq-diversity/data/genomewide_depth//20250130NY065036790A_depths.tsv",783.224529411765,"20250130","NY065036790A_depths","tsv"
"/home/dthill/seq-diversity/data/genomewide_depth//20250130NY069023531A_depths.tsv",318.702567474048,"20250130","NY069023531A_depths","tsv"
"/home/dthill/seq-diversity/data/genomewide_depth//20250130NY091028240A_depths.tsv",529.954494809689,"20250130","NY091028240A_depths","tsv"
"/home/dthill/seq-diversity/data/genomewide_depth//20250130NY093020516A_depths.tsv",456.223314878893,"20250130","NY093020516A_depths","tsv"
"/home/dthill/seq-diversity/data/genomewide_depth//20250130NY097271942A_depths.tsv",639.465737024221,"20250130","NY097271942A_depths","tsv"
"/home/dthill/seq-diversity/data/genomewide_depth//20250130NY099033308A_depths.tsv",751.322287197232,"20250130","NY099033308A_depths","tsv"
"/home/dthill/seq-diversity/data/genomewide_depth//20250130NY101023906A_depths.tsv",569.680065743945,"20250130","NY101023906A_depths","tsv"
"/home/dthill/seq-diversity/data/genomewide_depth//20250130NY113029050A_depths.tsv",535.765716262976,"20250130","NY113029050A_depths","tsv"
"/home/dthill/seq-diversity/data/genomewide_depth//20250130NY115024929A_depths.tsv",177.602647058824,"20250130","NY115024929A_depths","tsv"
"/home/dthill/seq-diversity/data/genomewide_depth//20250130NY115183695A_depths.tsv",375.830003460208,"20250130","NY115183695A_depths","tsv"
"/home/dthill/seq-diversity/data/genomewide_depth//20250130NY117027171A_depths.tsv",1655.05357785467,"20250130","NY117027171A_depths","tsv"
"/home/dthill/seq-diversity/data/genomewide_depth//20250131NY041026484A_depths.tsv",244.27498615917,"20250131","NY041026484A_depths","tsv"
"/home/dthill/seq-diversity/data/genomewide_depth//20250131NY089029831A_depths.tsv",802.843207612457,"20250131","NY089029831A_depths","tsv"
"/home/dthill/seq-diversity/data/genomewide_depth//20250202NY005026191A_depths.tsv",3115.04134602076,"20250202","NY005026191A_depths","tsv"
"/home/dthill/seq-diversity/data/genomewide_depth//20250202NY047026166A_depths.tsv",2084.12153633218,"20250202","NY047026166A_depths","tsv"
"/home/dthill/seq-diversity/data/genomewide_depth//20250202NY047026182A_depths.tsv",2237.04039792388,"20250202","NY047026182A_depths","tsv"
"/home/dthill/seq-diversity/data/genomewide_depth//20250202NY047026204A_depths.tsv",2873.28097577855,"20250202","NY047026204A_depths","tsv"
"/home/dthill/seq-diversity/data/genomewide_depth//20250202NY047026212A_depths.tsv",7048.37401038062,"20250202","NY047026212A_depths","tsv"
"/home/dthill/seq-diversity/data/genomewide_depth//20250202NY047027073A_depths.tsv",3744.88756747405,"20250202","NY047027073A_depths","tsv"
"/home/dthill/seq-diversity/data/genomewide_depth//20250202NY055028339A_depths.tsv",338.180775086505,"20250202","NY055028339A_depths","tsv"
"/home/dthill/seq-diversity/data/genomewide_depth//20250202NY061026131A_depths.tsv",3062.41746712803,"20250202","NY061026131A_depths","tsv"
"/home/dthill/seq-diversity/data/genomewide_depth//20250202NY061026247A_depths.tsv",2071.55471972318,"20250202","NY061026247A_depths","tsv"
"/home/dthill/seq-diversity/data/genomewide_depth//20250202NY067027081A_depths.tsv",623.512041522491,"20250202","NY067027081A_depths","tsv"
"/home/dthill/seq-diversity/data/genomewide_depth//20250202NY067027618A_depths.tsv",320.952968858131,"20250202","NY067027618A_depths","tsv"
"/home/dthill/seq-diversity/data/genomewide_depth//20250202NY067027723A_depths.tsv",356.211581314879,"20250202","NY067027723A_depths","tsv"
"/home/dthill/seq-diversity/data/genomewide_depth//20250202NY067030317A_depths.tsv",440.73,"20250202","NY067030317A_depths","tsv"
"/home/dthill/seq-diversity/data/genomewide_depth//20250202NY067030571A_depths.tsv",643.322166089965,"20250202","NY067030571A_depths","tsv"
"/home/dthill/seq-diversity/data/genomewide_depth//20250202NY081026115A_depths.tsv",2855.92093425606,"20250202","NY081026115A_depths","tsv"
"/home/dthill/seq-diversity/data/genomewide_depth//20250202NY081026158A_depths.tsv",1914.72094809689,"20250202","NY081026158A_depths","tsv"
"/home/dthill/seq-diversity/data/genomewide_depth//20250202NY081026221A_depths.tsv",2831.3554532872,"20250202","NY081026221A_depths","tsv"
"/home/dthill/seq-diversity/data/genomewide_depth//20250202NY081026239A_depths.tsv",2030.15442560554,"20250202","NY081026239A_depths","tsv"
"/home/dthill/seq-diversity/data/genomewide_depth//20250202NY085026107A_depths.tsv",3977.14403806228,"20250202","NY085026107A_depths","tsv"
"/home/dthill/seq-diversity/data/genomewide_depth//20250202NY085026174A_depths.tsv",3469.78525951557,"20250202","NY085026174A_depths","tsv"
"/home/dthill/seq-diversity/data/genomewide_depth//20250203NY013027961A_depths.tsv",60.859553633218,"20250203","NY013027961A_depths","tsv"
"/home/dthill/seq-diversity/data/genomewide_depth//20250203NY021022039A_depths.tsv",447.878442906574,"20250203","NY021022039A_depths","tsv"
"/home/dthill/seq-diversity/data/genomewide_depth//20250203NY023027561A_depths.tsv",67.4539411764706,"20250203","NY023027561A_depths","tsv"
"/home/dthill/seq-diversity/data/genomewide_depth//20250203NY043036528A_depths.tsv",505.786944636678,"20250203","NY043036528A_depths","tsv"
"/home/dthill/seq-diversity/data/genomewide_depth//20250203NY055028231A_depths.tsv",289.29608650519,"20250203","NY055028231A_depths","tsv"
"/home/dthill/seq-diversity/data/genomewide_depth//20250203NY059026859A_depths.tsv",35.9176643598616,"20250203","NY059026859A_depths","tsv"
"/home/dthill/seq-diversity/data/genomewide_depth//20250203NY063022331A_depths.tsv",240.42739100346,"20250203","NY063022331A_depths","tsv"
"/home/dthill/seq-diversity/data/genomewide_depth//20250203NY063026336A_depths.tsv",148.060069204152,"20250203","NY063026336A_depths","tsv"
"/home/dthill/seq-diversity/data/genomewide_depth//20250203NY065030864A_depths.tsv",143.380750865052,"20250203","NY065030864A_depths","tsv"
"/home/dthill/seq-diversity/data/genomewide_depth//20250203NY089020117A_depths.tsv",353.164792387543,"20250203","NY089020117A_depths","tsv"
"/home/dthill/seq-diversity/data/genomewide_depth//20250203NY089031194A_depths.tsv",1942.96564359862,"20250203","NY089031194A_depths","tsv"
"/home/dthill/seq-diversity/data/genomewide_depth//20250203NY113029050A_depths.tsv",452.737944636678,"20250203","NY113029050A_depths","tsv"
"/home/dthill/seq-diversity/data/genomewide_depth//20250204NY001025739A_depths.tsv",438.553422145329,"20250204","NY001025739A_depths","tsv"
"/home/dthill/seq-diversity/data/genomewide_depth//20250204NY001026867A_depths.tsv",534.322813148789,"20250204","NY001026867A_depths","tsv"
"/home/dthill/seq-diversity/data/genomewide_depth//20250204NY001026875A_depths.tsv",360.568425605536,"20250204","NY001026875A_depths","tsv"
"/home/dthill/seq-diversity/data/genomewide_depth//20250204NY005026191A_depths.tsv",1797.8983183391,"20250204","NY005026191A_depths","tsv"
"/home/dthill/seq-diversity/data/genomewide_depth//20250204NY007024414B_depths.tsv",166.218038062284,"20250204","NY007024414B_depths","tsv"
"/home/dthill/seq-diversity/data/genomewide_depth//20250204NY007024414C_depths.tsv",84.0957750865052,"20250204","NY007024414C_depths","tsv"
"/home/dthill/seq-diversity/data/genomewide_depth//20250204NY009027162A_depths.tsv",40.4548373702422,"20250204","NY009027162A_depths","tsv"
"/home/dthill/seq-diversity/data/genomewide_depth//20250204NY011021903A_depths.tsv",145.530961937716,"20250204","NY011021903A_depths","tsv"
"/home/dthill/seq-diversity/data/genomewide_depth//20250204NY013021334A_depths.tsv",79.843321799308,"20250204","NY013021334A_depths","tsv"
"/home/dthill/seq-diversity/data/genomewide_depth//20250204NY013027570A_depths.tsv",50.8530034602076,"20250204","NY013027570A_depths","tsv"
"/home/dthill/seq-diversity/data/genomewide_depth//20250204NY019023949A_depths.tsv",441.711024221453,"20250204","NY019023949A_depths","tsv"
"/home/dthill/seq-diversity/data/genomewide_depth//20250204NY019025097A_depths.tsv",4537.35172318339,"20250204","NY019025097A_depths","tsv"
"/home/dthill/seq-diversity/data/genomewide_depth//20250204NY029022136A_depths.tsv",537.770418685121,"20250204","NY029022136A_depths","tsv"
"/home/dthill/seq-diversity/data/genomewide_depth//20250204NY029022543A_depths.tsv",1334.741,"20250204","NY029022543A_depths","tsv"
"/home/dthill/seq-diversity/data/genomewide_depth//20250204NY029025950B_depths.tsv",535.215612456747,"20250204","NY029025950B_depths","tsv"
"/home/dthill/seq-diversity/data/genomewide_depth//20250204NY029026395B_depths.tsv",1739.28699307958,"20250204","NY029026395B_depths","tsv"
"/home/dthill/seq-diversity/data/genomewide_depth//20250204NY029026395C_depths.tsv",884.284401384083,"20250204","NY029026395C_depths","tsv"
"/home/dthill/seq-diversity/data/genomewide_depth//20250204NY029028410A_depths.tsv",214.446425605536,"20250204","NY029028410A_depths","tsv"
"/home/dthill/seq-diversity/data/genomewide_depth//20250204NY029028436A_depths.tsv",211.473719723183,"20250204","NY029028436A_depths","tsv"
"/home/dthill/seq-diversity/data/genomewide_depth//20250204NY029095401A_depths.tsv",529.250830449827,"20250204","NY029095401A_depths","tsv"
"/home/dthill/seq-diversity/data/genomewide_depth//20250204NY047026166A_depths.tsv",1941.03416262976,"20250204","NY047026166A_depths","tsv"
"/home/dthill/seq-diversity/data/genomewide_depth//20250204NY047026182A_depths.tsv",4965.30305536332,"20250204","NY047026182A_depths","tsv"
"/home/dthill/seq-diversity/data/genomewide_depth//20250204NY047026204A_depths.tsv",7036.4044083045,"20250204","NY047026204A_depths","tsv"
"/home/dthill/seq-diversity/data/genomewide_depth//20250204NY047026212A_depths.tsv",3389.91162629758,"20250204","NY047026212A_depths","tsv"
"/home/dthill/seq-diversity/data/genomewide_depth//20250204NY047027073A_depths.tsv",3267.33998269896,"20250204","NY047027073A_depths","tsv"
"/home/dthill/seq-diversity/data/genomewide_depth//20250204NY051024384A_depths.tsv",70.4385951557093,"20250204","NY051024384A_depths","tsv"
"/home/dthill/seq-diversity/data/genomewide_depth//20250204NY051030635A_depths.tsv",49.0340242214533,"20250204","NY051030635A_depths","tsv"
"/home/dthill/seq-diversity/data/genomewide_depth//20250204NY053028525A_depths.tsv",205.593813148789,"20250204","NY053028525A_depths","tsv"
"/home/dthill/seq-diversity/data/genomewide_depth//20250204NY053029807A_depths.tsv",482.129387543253,"20250204","NY053029807A_depths","tsv"
"/home/dthill/seq-diversity/data/genomewide_depth//20250204NY055021610A_depths.tsv",249.72975432526,"20250204","NY055021610A_depths","tsv"
"/home/dthill/seq-diversity/data/genomewide_depth//20250204NY057020290A_depths.tsv",1334.39501384083,"20250204","NY057020290A_depths","tsv"
"/home/dthill/seq-diversity/data/genomewide_depth//20250204NY059026620A_depths.tsv",54.9571937716263,"20250204","NY059026620A_depths","tsv"
"/home/dthill/seq-diversity/data/genomewide_depth//20250204NY059026841A_depths.tsv",295.915903114187,"20250204","NY059026841A_depths","tsv"
"/home/dthill/seq-diversity/data/genomewide_depth//20250204NY061026131A_depths.tsv",2148.65233217993,"20250204","NY061026131A_depths","tsv"
"/home/dthill/seq-diversity/data/genomewide_depth//20250204NY061026247A_depths.tsv",5003.27772318339,"20250204","NY061026247A_depths","tsv"
"/home/dthill/seq-diversity/data/genomewide_depth//20250204NY065022110A_depths.tsv",474.010982698962,"20250204","NY065022110A_depths","tsv"
"/home/dthill/seq-diversity/data/genomewide_depth//20250204NY065030864A_depths.tsv",403.35123183391,"20250204","NY065030864A_depths","tsv"
"/home/dthill/seq-diversity/data/genomewide_depth//20250204NY067025461A_depths.tsv",1257.78173702422,"20250204","NY067025461A_depths","tsv"
"/home/dthill/seq-diversity/data/genomewide_depth//20250204NY069025968A_depths.tsv",110.598370242215,"20250204","NY069025968A_depths","tsv"
"/home/dthill/seq-diversity/data/genomewide_depth//20250204NY075020257A_depths.tsv",2837.2478615917,"20250204","NY075020257A_depths","tsv"
"/home/dthill/seq-diversity/data/genomewide_depth//20250204NY075029106A_depths.tsv",286.384359861592,"20250204","NY075029106A_depths","tsv"
"/home/dthill/seq-diversity/data/genomewide_depth//20250204NY081026115A_depths.tsv",2919.58672318339,"20250204","NY081026115A_depths","tsv"
"/home/dthill/seq-diversity/data/genomewide_depth//20250204NY081026158A_depths.tsv",4286.44210726644,"20250204","NY081026158A_depths","tsv"
"/home/dthill/seq-diversity/data/genomewide_depth//20250204NY081026221A_depths.tsv",1799.19264359862,"20250204","NY081026221A_depths","tsv"
"/home/dthill/seq-diversity/data/genomewide_depth//20250204NY081026239A_depths.tsv",1874.65669550173,"20250204","NY081026239A_depths","tsv"
"/home/dthill/seq-diversity/data/genomewide_depth//20250204NY083087971A_depths.tsv",245.036806228374,"20250204","NY083087971A_depths","tsv"
"/home/dthill/seq-diversity/data/genomewide_depth//20250204NY085026107A_depths.tsv",4543.68769204152,"20250204","NY085026107A_depths","tsv"
"/home/dthill/seq-diversity/data/genomewide_depth//20250204NY085026174A_depths.tsv",2389.20932871972,"20250204","NY085026174A_depths","tsv"
"/home/dthill/seq-diversity/data/genomewide_depth//20250204NY089020818A_depths.tsv",345.224152249135,"20250204","NY089020818A_depths","tsv"
"/home/dthill/seq-diversity/data/genomewide_depth//20250204NY089236586A_depths.tsv",191.444083044983,"20250204","NY089236586A_depths","tsv"
"/home/dthill/seq-diversity/data/genomewide_depth//20250204NY091028240A_depths.tsv",495.725678200692,"20250204","NY091028240A_depths","tsv"
"/home/dthill/seq-diversity/data/genomewide_depth//20250204NY093020516A_depths.tsv",654.761837370242,"20250204","NY093020516A_depths","tsv"
"/home/dthill/seq-diversity/data/genomewide_depth//20250204NY099022365A_depths.tsv",674.858525951557,"20250204","NY099022365A_depths","tsv"
"/home/dthill/seq-diversity/data/genomewide_depth//20250204NY101021431A_depths.tsv",340.216110726644,"20250204","NY101021431A_depths","tsv"
"/home/dthill/seq-diversity/data/genomewide_depth//20250204NY101023906A_depths.tsv",136.643519031142,"20250204","NY101023906A_depths","tsv"
"/home/dthill/seq-diversity/data/genomewide_depth//20250204NY103024881A_depths.tsv",168.38862283737,"20250204","NY103024881A_depths","tsv"
"/home/dthill/seq-diversity/data/genomewide_depth//20250204NY109020958A_depths.tsv",484.413190311419,"20250204","NY109020958A_depths","tsv"
"/home/dthill/seq-diversity/data/genomewide_depth//20250204NY109026638A_depths.tsv",123.695328719723,"20250204","NY109026638A_depths","tsv"
"/home/dthill/seq-diversity/data/genomewide_depth//20250204NY113094366A_depths.tsv",444.990944636678,"20250204","NY113094366A_depths","tsv"
"/home/dthill/seq-diversity/data/genomewide_depth//20250204NY117029475A_depths.tsv",704.42144982699,"20250204","NY117029475A_depths","tsv"
"/home/dthill/seq-diversity/data/genomewide_depth//20250204NY121021504A_depths.tsv",746.912373702422,"20250204","NY121021504A_depths","tsv"
"/home/dthill/seq-diversity/data/genomewide_depth//20250205NY001022225A_depths.tsv",1378.94830103806,"20250205","NY001022225A_depths","tsv"
"/home/dthill/seq-diversity/data/genomewide_depth//20250205NY007027669A_depths.tsv",481.430446366782,"20250205","NY007027669A_depths","tsv"
"/home/dthill/seq-diversity/data/genomewide_depth//20250205NY013106895A_depths.tsv",354.654764705882,"20250205","NY013106895A_depths","tsv"
"/home/dthill/seq-diversity/data/genomewide_depth//20250205NY015036986A_depths.tsv",99.3353702422145,"20250205","NY015036986A_depths","tsv"
"/home/dthill/seq-diversity/data/genomewide_depth//20250205NY019021831A_depths.tsv",372.587602076125,"20250205","NY019021831A_depths","tsv"
"/home/dthill/seq-diversity/data/genomewide_depth//20250205NY019022195A_depths.tsv",191.92021799308,"20250205","NY019022195A_depths","tsv"
"/home/dthill/seq-diversity/data/genomewide_depth//20250205NY019026018A_depths.tsv",83.006214532872,"20250205","NY019026018A_depths","tsv"
"/home/dthill/seq-diversity/data/genomewide_depth//20250205NY031021733A_depths.tsv",213.808024221453,"20250205","NY031021733A_depths","tsv"
"/home/dthill/seq-diversity/data/genomewide_depth//20250205NY031036706A_depths.tsv",165.485432525952,"20250205","NY031036706A_depths","tsv"
"/home/dthill/seq-diversity/data/genomewide_depth//20250205NY037030546A_depths.tsv",223.410861591695,"20250205","NY037030546A_depths","tsv"
"/home/dthill/seq-diversity/data/genomewide_depth//20250205NY043036528A_depths.tsv",528.163041522491,"20250205","NY043036528A_depths","tsv"
"/home/dthill/seq-diversity/data/genomewide_depth//20250205NY045025151A_depths.tsv",31.3568685121107,"20250205","NY045025151A_depths","tsv"
"/home/dthill/seq-diversity/data/genomewide_depth//20250205NY051024449A_depths.tsv",633.340131487889,"20250205","NY051024449A_depths","tsv"
"/home/dthill/seq-diversity/data/genomewide_depth//20250205NY055026794A_depths.tsv",575.99314532872,"20250205","NY055026794A_depths","tsv"
"/home/dthill/seq-diversity/data/genomewide_depth//20250205NY055028231A_depths.tsv",443.567048442907,"20250205","NY055028231A_depths","tsv"
"/home/dthill/seq-diversity/data/genomewide_depth//20250205NY057024333A_depths.tsv",4047.26073356401,"20250205","NY057024333A_depths","tsv"
"/home/dthill/seq-diversity/data/genomewide_depth//20250205NY059023523A_depths.tsv",95.4898615916955,"20250205","NY059023523A_depths","tsv"
"/home/dthill/seq-diversity/data/genomewide_depth//20250205NY059026450A_depths.tsv",94.4767266435986,"20250205","NY059026450A_depths","tsv"
"/home/dthill/seq-diversity/data/genomewide_depth//20250205NY063027774A_depths.tsv",777.413352941176,"20250205","NY063027774A_depths","tsv"
"/home/dthill/seq-diversity/data/genomewide_depth//20250205NY063030651A_depths.tsv",1349.65471626298,"20250205","NY063030651A_depths","tsv"
"/home/dthill/seq-diversity/data/genomewide_depth//20250205NY075026301A_depths.tsv",118.834685121107,"20250205","NY075026301A_depths","tsv"
"/home/dthill/seq-diversity/data/genomewide_depth//20250205NY075029114A_depths.tsv",105.935128027682,"20250205","NY075029114A_depths","tsv"
"/home/dthill/seq-diversity/data/genomewide_depth//20250205NY083026034A_depths.tsv",480.19275432526,"20250205","NY083026034A_depths","tsv"
"/home/dthill/seq-diversity/data/genomewide_depth//20250205NY083087971A_depths.tsv",180.846785467128,"20250205","NY083087971A_depths","tsv"
"/home/dthill/seq-diversity/data/genomewide_depth//20250205NY089020117A_depths.tsv",334.088882352941,"20250205","NY089020117A_depths","tsv"
"/home/dthill/seq-diversity/data/genomewide_depth//20250205NY089031194A_depths.tsv",1948.37825605536,"20250205","NY089031194A_depths","tsv"
"/home/dthill/seq-diversity/data/genomewide_depth//20250205NY095024201A_depths.tsv",88.4199826989619,"20250205","NY095024201A_depths","tsv"
"/home/dthill/seq-diversity/data/genomewide_depth//20250205NY103076988A_depths.tsv",10981.2305813149,"20250205","NY103076988A_depths","tsv"
"/home/dthill/seq-diversity/data/genomewide_depth//20250205NY109026638A_depths.tsv",285.438740484429,"20250205","NY109026638A_depths","tsv"
"/home/dthill/seq-diversity/data/genomewide_depth//20250205NY123029726A_depths.tsv",35.2818442906574,"20250205","NY123029726A_depths","tsv"
"/home/dthill/seq-diversity/data/genomewide_depth//20250206NY001025739A_depths.tsv",422.3413183391,"20250206","NY001025739A_depths","tsv"
"/home/dthill/seq-diversity/data/genomewide_depth//20250206NY007024414B_depths.tsv",240.82455017301,"20250206","NY007024414B_depths","tsv"
"/home/dthill/seq-diversity/data/genomewide_depth//20250206NY007024414C_depths.tsv",235.335598615917,"20250206","NY007024414C_depths","tsv"
"/home/dthill/seq-diversity/data/genomewide_depth//20250206NY009027162A_depths.tsv",89.2032249134948,"20250206","NY009027162A_depths","tsv"
"/home/dthill/seq-diversity/data/genomewide_depth//20250206NY011021903A_depths.tsv",190.104678200692,"20250206","NY011021903A_depths","tsv"
"/home/dthill/seq-diversity/data/genomewide_depth//20250206NY029032093A_depths.tsv",960.07047750865,"20250206","NY029032093A_depths","tsv"
"/home/dthill/seq-diversity/data/genomewide_depth//20250206NY031022969A_depths.tsv",31.531830449827,"20250206","NY031022969A_depths","tsv"
"/home/dthill/seq-diversity/data/genomewide_depth//20250206NY033030376A_depths.tsv",1695.81804844291,"20250206","NY033030376A_depths","tsv"
"/home/dthill/seq-diversity/data/genomewide_depth//20250206NY053026956A_depths.tsv",84.5756297577855,"20250206","NY053026956A_depths","tsv"
"/home/dthill/seq-diversity/data/genomewide_depth//20250206NY055021610A_depths.tsv",381.519702422145,"20250206","NY055021610A_depths","tsv"
"/home/dthill/seq-diversity/data/genomewide_depth//20250206NY059020567A_depths.tsv",65.9119515570934,"20250206","NY059020567A_depths","tsv"
"/home/dthill/seq-diversity/data/genomewide_depth//20250206NY059026620A_depths.tsv",34.3358269896194,"20250206","NY059026620A_depths","tsv"
"/home/dthill/seq-diversity/data/genomewide_depth//20250206NY059026999A_depths.tsv",68.957276816609,"20250206","NY059026999A_depths","tsv"
"/home/dthill/seq-diversity/data/genomewide_depth//20250206NY063027979A_depths.tsv",313.725820069204,"20250206","NY063027979A_depths","tsv"
"/home/dthill/seq-diversity/data/genomewide_depth//20250206NY065025780B_depths.tsv",343.413619377163,"20250206","NY065025780B_depths","tsv"
"/home/dthill/seq-diversity/data/genomewide_depth//20250206NY065025780C_depths.tsv",369.60692733564,"20250206","NY065025780C_depths","tsv"
"/home/dthill/seq-diversity/data/genomewide_depth//20250206NY069023531A_depths.tsv",83.1596920415225,"20250206","NY069023531A_depths","tsv"
"/home/dthill/seq-diversity/data/genomewide_depth//20250206NY071027901A_depths.tsv",466.110297577855,"20250206","NY071027901A_depths","tsv"
"/home/dthill/seq-diversity/data/genomewide_depth//20250206NY087026051A_depths.tsv",230.047467128028,"20250206","NY087026051A_depths","tsv"
"/home/dthill/seq-diversity/data/genomewide_depth//20250206NY089020818A_depths.tsv",1098.58887197232,"20250206","NY089020818A_depths","tsv"
"/home/dthill/seq-diversity/data/genomewide_depth//20250206NY099033308A_depths.tsv",275.301179930796,"20250206","NY099033308A_depths","tsv"
"/home/dthill/seq-diversity/data/genomewide_depth//20250206NY101021431A_depths.tsv",114.204605536332,"20250206","NY101021431A_depths","tsv"
"/home/dthill/seq-diversity/data/genomewide_depth//20250206NY101023906A_depths.tsv",955.689083044983,"20250206","NY101023906A_depths","tsv"
"/home/dthill/seq-diversity/data/genomewide_depth//20250206NY103079324A_depths.tsv",78.3047508650519,"20250206","NY103079324A_depths","tsv"
"/home/dthill/seq-diversity/data/genomewide_depth//20250206NY103104809A_depths.tsv",447.371934256055,"20250206","NY103104809A_depths","tsv"
"/home/dthill/seq-diversity/data/genomewide_depth//20250206NY113029050A_depths.tsv",456.125993079585,"20250206","NY113029050A_depths","tsv"
"/home/dthill/seq-diversity/data/genomewide_depth//20250206NY115024929A_depths.tsv",187.792961937716,"20250206","NY115024929A_depths","tsv"
"/home/dthill/seq-diversity/data/genomewide_depth//20250209NY005026191A_depths.tsv",5254.65682352941,"20250209","NY005026191A_depths","tsv"
"/home/dthill/seq-diversity/data/genomewide_depth//20250209NY047026166A_depths.tsv",2857.42144290657,"20250209","NY047026166A_depths","tsv"
"/home/dthill/seq-diversity/data/genomewide_depth//20250209NY047026182A_depths.tsv",2931.95246712803,"20250209","NY047026182A_depths","tsv"
"/home/dthill/seq-diversity/data/genomewide_depth//20250209NY047026204A_depths.tsv",3945.04747404844,"20250209","NY047026204A_depths","tsv"
"/home/dthill/seq-diversity/data/genomewide_depth//20250209NY047026212A_depths.tsv",10558.1357716263,"20250209","NY047026212A_depths","tsv"
"/home/dthill/seq-diversity/data/genomewide_depth//20250209NY047027073A_depths.tsv",3312.76724567474,"20250209","NY047027073A_depths","tsv"
"/home/dthill/seq-diversity/data/genomewide_depth//20250209NY061026131A_depths.tsv",3328.04803460208,"20250209","NY061026131A_depths","tsv"
"/home/dthill/seq-diversity/data/genomewide_depth//20250209NY061026247A_depths.tsv",6002.78695155709,"20250209","NY061026247A_depths","tsv"
"/home/dthill/seq-diversity/data/genomewide_depth//20250209NY067027081A_depths.tsv",347.681647058824,"20250209","NY067027081A_depths","tsv"
"/home/dthill/seq-diversity/data/genomewide_depth//20250209NY067027596A_depths.tsv",79.6619100346021,"20250209","NY067027596A_depths","tsv"
"/home/dthill/seq-diversity/data/genomewide_depth//20250209NY067027723A_depths.tsv",40.251508650519,"20250209","NY067027723A_depths","tsv"
"/home/dthill/seq-diversity/data/genomewide_depth//20250209NY067030317A_depths.tsv",701.620103806228,"20250209","NY067030317A_depths","tsv"
"/home/dthill/seq-diversity/data/genomewide_depth//20250209NY081026115A_depths.tsv",4180.6316366782,"20250209","NY081026115A_depths","tsv"
"/home/dthill/seq-diversity/data/genomewide_depth//20250209NY081026158A_depths.tsv",2427.28854325259,"20250209","NY081026158A_depths","tsv"
"/home/dthill/seq-diversity/data/genomewide_depth//20250209NY081026221A_depths.tsv",3814.57124221453,"20250209","NY081026221A_depths","tsv"
"/home/dthill/seq-diversity/data/genomewide_depth//20250209NY081026239A_depths.tsv",4423.59174740484,"20250209","NY081026239A_depths","tsv"
"/home/dthill/seq-diversity/data/genomewide_depth//20250209NY085026107A_depths.tsv",5162.35694463668,"20250209","NY085026107A_depths","tsv"
"/home/dthill/seq-diversity/data/genomewide_depth//20250209NY085026174A_depths.tsv",11941.8264913495,"20250209","NY085026174A_depths","tsv"
"/home/dthill/seq-diversity/data/genomewide_depth//20250209NY119026701A_depths.tsv",476.970508650519,"20250209","NY119026701A_depths","tsv"
"/home/dthill/seq-diversity/data/genomewide_depth//20250209NY119026719A_depths.tsv",428.707415224914,"20250209","NY119026719A_depths","tsv"
"/home/dthill/seq-diversity/data/genomewide_depth//20250209NY119026786A_depths.tsv",83.3216193771626,"20250209","NY119026786A_depths","tsv"
"/home/dthill/seq-diversity/data/genomewide_depth//20250209NY119100803A_depths.tsv",137.224553633218,"20250209","NY119100803A_depths","tsv"
"/home/dthill/seq-diversity/data/genomewide_depth//20250209NY119108324A_depths.tsv",1449.78826297578,"20250209","NY119108324A_depths","tsv"
"/home/dthill/seq-diversity/data/genomewide_depth//20250210NY019026018A_depths.tsv",358.144664359862,"20250210","NY019026018A_depths","tsv"
"/home/dthill/seq-diversity/data/genomewide_depth//20250210NY023027561A_depths.tsv",697.126629757786,"20250210","NY023027561A_depths","tsv"
"/home/dthill/seq-diversity/data/genomewide_depth//20250210NY027026255A_depths.tsv",5799.12988927336,"20250210","NY027026255A_depths","tsv"
"/home/dthill/seq-diversity/data/genomewide_depth//20250210NY055028231A_depths.tsv",1062.31097577855,"20250210","NY055028231A_depths","tsv"
"/home/dthill/seq-diversity/data/genomewide_depth//20250210NY063022331A_depths.tsv",144.578114186851,"20250210","NY063022331A_depths","tsv"
"/home/dthill/seq-diversity/data/genomewide_depth//20250210NY089020117A_depths.tsv",94.8527024221453,"20250210","NY089020117A_depths","tsv"
"/home/dthill/seq-diversity/data/genomewide_depth//20250210NY089031194A_depths.tsv",114.167307958478,"20250210","NY089031194A_depths","tsv"
"/home/dthill/seq-diversity/data/genomewide_depth//20250211NY005026191A_depths.tsv",3590.62685121107,"20250211","NY005026191A_depths","tsv"
"/home/dthill/seq-diversity/data/genomewide_depth//20250211NY007024414B_depths.tsv",244.020041522491,"20250211","NY007024414B_depths","tsv"
"/home/dthill/seq-diversity/data/genomewide_depth//20250211NY007027669A_depths.tsv",650.032982698962,"20250211","NY007027669A_depths","tsv"
"/home/dthill/seq-diversity/data/genomewide_depth//20250211NY009027162A_depths.tsv",402.729629757785,"20250211","NY009027162A_depths","tsv"
"/home/dthill/seq-diversity/data/genomewide_depth//20250211NY011021903A_depths.tsv",605.178750865052,"20250211","NY011021903A_depths","tsv"
"/home/dthill/seq-diversity/data/genomewide_depth//20250211NY013021334A_depths.tsv",39.4666989619377,"20250211","NY013021334A_depths","tsv"
"/home/dthill/seq-diversity/data/genomewide_depth//20250211NY019025097A_depths.tsv",1012.86741522491,"20250211","NY019025097A_depths","tsv"
"/home/dthill/seq-diversity/data/genomewide_depth//20250211NY027149209A_depths.tsv",184.915802768166,"20250211","NY027149209A_depths","tsv"
"/home/dthill/seq-diversity/data/genomewide_depth//20250211NY029022136A_depths.tsv",671.907532871972,"20250211","NY029022136A_depths","tsv"
"/home/dthill/seq-diversity/data/genomewide_depth//20250211NY029022543A_depths.tsv",1511.22096539792,"20250211","NY029022543A_depths","tsv"
"/home/dthill/seq-diversity/data/genomewide_depth//20250211NY029025950B_depths.tsv",5821.1837716263,"20250211","NY029025950B_depths","tsv"
"/home/dthill/seq-diversity/data/genomewide_depth//20250211NY029026395B_depths.tsv",1076.61220761246,"20250211","NY029026395B_depths","tsv"
"/home/dthill/seq-diversity/data/genomewide_depth//20250211NY029026395C_depths.tsv",189.204332179931,"20250211","NY029026395C_depths","tsv"
"/home/dthill/seq-diversity/data/genomewide_depth//20250211NY029028410A_depths.tsv",301.33308650519,"20250211","NY029028410A_depths","tsv"
"/home/dthill/seq-diversity/data/genomewide_depth//20250211NY029028436A_depths.tsv",313.011965397924,"20250211","NY029028436A_depths","tsv"
"/home/dthill/seq-diversity/data/genomewide_depth//20250211NY029095401A_depths.tsv",941.383256055363,"20250211","NY029095401A_depths","tsv"
"/home/dthill/seq-diversity/data/genomewide_depth//20250211NY045025984B_depths.tsv",168.524667820069,"20250211","NY045025984B_depths","tsv"
"/home/dthill/seq-diversity/data/genomewide_depth//20250211NY047026166A_depths.tsv",3576.52967474048,"20250211","NY047026166A_depths","tsv"
"/home/dthill/seq-diversity/data/genomewide_depth//20250211NY047026182A_depths.tsv",4266.77632179931,"20250211","NY047026182A_depths","tsv"
"/home/dthill/seq-diversity/data/genomewide_depth//20250211NY047026204A_depths.tsv",4083.26741176471,"20250211","NY047026204A_depths","tsv"
"/home/dthill/seq-diversity/data/genomewide_depth//20250211NY047026212A_depths.tsv",6034.94133910035,"20250211","NY047026212A_depths","tsv"
"/home/dthill/seq-diversity/data/genomewide_depth//20250211NY047027073A_depths.tsv",4211.79955363322,"20250211","NY047027073A_depths","tsv"
"/home/dthill/seq-diversity/data/genomewide_depth//20250211NY051024384A_depths.tsv",702.889733564014,"20250211","NY051024384A_depths","tsv"
"/home/dthill/seq-diversity/data/genomewide_depth//20250211NY051030635A_depths.tsv",121.366356401384,"20250211","NY051030635A_depths","tsv"
"/home/dthill/seq-diversity/data/genomewide_depth//20250211NY053021539A_depths.tsv",684.09060899654,"20250211","NY053021539A_depths","tsv"
"/home/dthill/seq-diversity/data/genomewide_depth//20250211NY053029807A_depths.tsv",194.903339100346,"20250211","NY053029807A_depths","tsv"
"/home/dthill/seq-diversity/data/genomewide_depth//20250211NY055028339A_depths.tsv",162.501723183391,"20250211","NY055028339A_depths","tsv"
"/home/dthill/seq-diversity/data/genomewide_depth//20250211NY059026841A_depths.tsv",95.2525259515571,"20250211","NY059026841A_depths","tsv"
"/home/dthill/seq-diversity/data/genomewide_depth//20250211NY061026131A_depths.tsv",4314.66423529412,"20250211","NY061026131A_depths","tsv"
"/home/dthill/seq-diversity/data/genomewide_depth//20250211NY061026247A_depths.tsv",4674.29098961938,"20250211","NY061026247A_depths","tsv"
"/home/dthill/seq-diversity/data/genomewide_depth//20250211NY065030864A_depths.tsv",516.120259515571,"20250211","NY065030864A_depths","tsv"
"/home/dthill/seq-diversity/data/genomewide_depth//20250211NY067025461A_depths.tsv",490.806740484429,"20250211","NY067025461A_depths","tsv"
"/home/dthill/seq-diversity/data/genomewide_depth//20250211NY069025968A_depths.tsv",104.718740484429,"20250211","NY069025968A_depths","tsv"
"/home/dthill/seq-diversity/data/genomewide_depth//20250211NY071023680A_depths.tsv",275.741024221453,"20250211","NY071023680A_depths","tsv"
"/home/dthill/seq-diversity/data/genomewide_depth//20250211NY071026328A_depths.tsv",360.549027681661,"20250211","NY071026328A_depths","tsv"
"/home/dthill/seq-diversity/data/genomewide_depth//20250211NY071027901A_depths.tsv",47.8883944636678,"20250211","NY071027901A_depths","tsv"
"/home/dthill/seq-diversity/data/genomewide_depth//20250211NY081026115A_depths.tsv",4410.68244982699,"20250211","NY081026115A_depths","tsv"
"/home/dthill/seq-diversity/data/genomewide_depth//20250211NY081026158A_depths.tsv",1931.35242560554,"20250211","NY081026158A_depths","tsv"
"/home/dthill/seq-diversity/data/genomewide_depth//20250211NY081026221A_depths.tsv",3452.28109342561,"20250211","NY081026221A_depths","tsv"
"/home/dthill/seq-diversity/data/genomewide_depth//20250211NY081026239A_depths.tsv",3324.57087543253,"20250211","NY081026239A_depths","tsv"
"/home/dthill/seq-diversity/data/genomewide_depth//20250211NY085026107A_depths.tsv",5517.77784775087,"20250211","NY085026107A_depths","tsv"
"/home/dthill/seq-diversity/data/genomewide_depth//20250211NY085026174A_depths.tsv",4361.14498961938,"20250211","NY085026174A_depths","tsv"
"/home/dthill/seq-diversity/data/genomewide_depth//20250211NY087026051A_depths.tsv",211.751055363322,"20250211","NY087026051A_depths","tsv"
"/home/dthill/seq-diversity/data/genomewide_depth//20250211NY089020818A_depths.tsv",340.398470588235,"20250211","NY089020818A_depths","tsv"
"/home/dthill/seq-diversity/data/genomewide_depth//20250211NY089236586A_depths.tsv",199.604041522491,"20250211","NY089236586A_depths","tsv"
"/home/dthill/seq-diversity/data/genomewide_depth//20250211NY099022365A_depths.tsv",1319.11057439446,"20250211","NY099022365A_depths","tsv"
"/home/dthill/seq-diversity/data/genomewide_depth//20250211NY101023906A_depths.tsv",136.467823529412,"20250211","NY101023906A_depths","tsv"
"/home/dthill/seq-diversity/data/genomewide_depth//20250211NY103080683A_depths.tsv",37.2513010380623,"20250211","NY103080683A_depths","tsv"
"/home/dthill/seq-diversity/data/genomewide_depth//20250211NY109020958A_depths.tsv",955.805570934256,"20250211","NY109020958A_depths","tsv"
"/home/dthill/seq-diversity/data/genomewide_depth//20250211NY109026638A_depths.tsv",300.944574394464,"20250211","NY109026638A_depths","tsv"
"/home/dthill/seq-diversity/data/genomewide_depth//20250211NY111029351A_depths.tsv",30.6494083044983,"20250211","NY111029351A_depths","tsv"
"/home/dthill/seq-diversity/data/genomewide_depth//20250211NY121021504A_depths.tsv",157.996290657439,"20250211","NY121021504A_depths","tsv"
"/home/dthill/seq-diversity/data/genomewide_depth//20250212NY001022225A_depths.tsv",737.007903114187,"20250212","NY001022225A_depths","tsv"
"/home/dthill/seq-diversity/data/genomewide_depth//20250212NY013106895A_depths.tsv",100.521034602076,"20250212","NY013106895A_depths","tsv"
"/home/dthill/seq-diversity/data/genomewide_depth//20250212NY015035742A_depths.tsv",250.303955017301,"20250212","NY015035742A_depths","tsv"
"/home/dthill/seq-diversity/data/genomewide_depth//20250212NY015036986A_depths.tsv",85.0534948096886,"20250212","NY015036986A_depths","tsv"
"/home/dthill/seq-diversity/data/genomewide_depth//20250212NY025029271A_depths.tsv",73.029847750865,"20250212","NY025029271A_depths","tsv"
"/home/dthill/seq-diversity/data/genomewide_depth//20250212NY037030546A_depths.tsv",467.739951557093,"20250212","NY037030546A_depths","tsv"
"/home/dthill/seq-diversity/data/genomewide_depth//20250212NY055026794A_depths.tsv",436.625733564014,"20250212","NY055026794A_depths","tsv"
"/home/dthill/seq-diversity/data/genomewide_depth//20250212NY059023523A_depths.tsv",22.3413944636678,"20250212","NY059023523A_depths","tsv"
"/home/dthill/seq-diversity/data/genomewide_depth//20250212NY059026859A_depths.tsv",26.6055467128028,"20250212","NY059026859A_depths","tsv"
"/home/dthill/seq-diversity/data/genomewide_depth//20250212NY073028401A_depths.tsv",67.5265363321799,"20250212","NY073028401A_depths","tsv"
"/home/dthill/seq-diversity/data/genomewide_depth//20250212NY075026301A_depths.tsv",168.550307958478,"20250212","NY075026301A_depths","tsv"
"/home/dthill/seq-diversity/data/genomewide_depth//20250212NY095024201A_depths.tsv",684.723484429066,"20250212","NY095024201A_depths","tsv"
"/home/dthill/seq-diversity/data/genomewide_depth//20250212NY107029262A_depths.tsv",95.5619065743945,"20250212","NY107029262A_depths","tsv"
"/home/dthill/seq-diversity/data/genomewide_depth//20250212NY109026638A_depths.tsv",267.336121107266,"20250212","NY109026638A_depths","tsv"
"/home/dthill/seq-diversity/data/genomewide_depth//20250212NY119026701A_depths.tsv",105.199564013841,"20250212","NY119026701A_depths","tsv"
"/home/dthill/seq-diversity/data/genomewide_depth//20250213NY007024414B_depths.tsv",65.7296920415225,"20250213","NY007024414B_depths","tsv"
"/home/dthill/seq-diversity/data/genomewide_depth//20250213NY007024414C_depths.tsv",206.235110726644,"20250213","NY007024414C_depths","tsv"
"/home/dthill/seq-diversity/data/genomewide_depth//20250213NY009027162A_depths.tsv",223.040792387543,"20250213","NY009027162A_depths","tsv"
"/home/dthill/seq-diversity/data/genomewide_depth//20250213NY017021423A_depths.tsv",852.536560553633,"20250213","NY017021423A_depths","tsv"
"/home/dthill/seq-diversity/data/genomewide_depth//20250213NY019021831A_depths.tsv",165.544252595156,"20250213","NY019021831A_depths","tsv"
"/home/dthill/seq-diversity/data/genomewide_depth//20250213NY033030376A_depths.tsv",100.413626297578,"20250213","NY033030376A_depths","tsv"
"/home/dthill/seq-diversity/data/genomewide_depth//20250213NY057020290A_depths.tsv",364.02992733564,"20250213","NY057020290A_depths","tsv"
"/home/dthill/seq-diversity/data/genomewide_depth//20250213NY059026778A_depths.tsv",26.6293287197232,"20250213","NY059026778A_depths","tsv"
"/home/dthill/seq-diversity/data/genomewide_depth//20250213NY065036790A_depths.tsv",422.183636678201,"20250213","NY065036790A_depths","tsv"
"/home/dthill/seq-diversity/data/genomewide_depth//20250213NY091028240A_depths.tsv",279.095982698962,"20250213","NY091028240A_depths","tsv"
"/home/dthill/seq-diversity/data/genomewide_depth//20250213NY099033308A_depths.tsv",75.9435190311419,"20250213","NY099033308A_depths","tsv"
"/home/dthill/seq-diversity/data/genomewide_depth//20250213NY101023906A_depths.tsv",29.3663079584775,"20250213","NY101023906A_depths","tsv"
"/home/dthill/seq-diversity/data/genomewide_depth//20250213NY101025712A_depths.tsv",186.440667820069,"20250213","NY101025712A_depths","tsv"
"/home/dthill/seq-diversity/data/genomewide_depth//20250213NY103104809A_depths.tsv",37.9330692041522,"20250213","NY103104809A_depths","tsv"
"/home/dthill/seq-diversity/data/genomewide_depth//20250213NY115183695A_depths.tsv",444.678283737024,"20250213","NY115183695A_depths","tsv"
"/home/dthill/seq-diversity/data/genomewide_depth//20250213NY117027171A_depths.tsv",230.516456747405,"20250213","NY117027171A_depths","tsv"
"/home/dthill/seq-diversity/data/genomewide_depth//20250214NY041026484A_depths.tsv",205.963484429066,"20250214","NY041026484A_depths","tsv"
"/home/dthill/seq-diversity/data/genomewide_depth//20250214NY045025984A_depths.tsv",95.3915813148789,"20250214","NY045025984A_depths","tsv"
"/home/dthill/seq-diversity/data/genomewide_depth//20250216NY055028339A_depths.tsv",277.854951557093,"20250216","NY055028339A_depths","tsv"
"/home/dthill/seq-diversity/data/genomewide_depth//20250216NY119026689A_depths.tsv",231.771249134948,"20250216","NY119026689A_depths","tsv"
"/home/dthill/seq-diversity/data/genomewide_depth//20250216NY119026701A_depths.tsv",304.947799307958,"20250216","NY119026701A_depths","tsv"
"/home/dthill/seq-diversity/data/genomewide_depth//20250216NY119026786A_depths.tsv",115.982356401384,"20250216","NY119026786A_depths","tsv"
"/home/dthill/seq-diversity/data/genomewide_depth//20250216NY119100803A_depths.tsv",868.104896193772,"20250216","NY119100803A_depths","tsv"
"/home/dthill/seq-diversity/data/genomewide_depth//20250216NY119108324A_depths.tsv",804.906792387543,"20250216","NY119108324A_depths","tsv"
"/home/dthill/seq-diversity/data/genomewide_depth//20250217NY031021733A_depths.tsv",61.3087577854671,"20250217","NY031021733A_depths","tsv"
"/home/dthill/seq-diversity/data/genomewide_depth//20250217NY059026859A_depths.tsv",23.8996089965398,"20250217","NY059026859A_depths","tsv"
"/home/dthill/seq-diversity/data/genomewide_depth//20250217NY063026336A_depths.tsv",264.960871972318,"20250217","NY063026336A_depths","tsv"
"/home/dthill/seq-diversity/data/genomewide_depth//20250217NY065030864A_depths.tsv",119.187138408304,"20250217","NY065030864A_depths","tsv"
"/home/dthill/seq-diversity/data/genomewide_depth//20250217NY089020117A_depths.tsv",1423.34983737024,"20250217","NY089020117A_depths","tsv"
"/home/dthill/seq-diversity/data/genomewide_depth//20250217NY089031194A_depths.tsv",50.2068062283737,"20250217","NY089031194A_depths","tsv"
"/home/dthill/seq-diversity/data/genomewide_depth//20250217NY119026697A_depths.tsv",223.702605536332,"20250217","NY119026697A_depths","tsv"
"/home/dthill/seq-diversity/data/genomewide_depth//20250218NY001025739A_depths.tsv",157.649975778547,"20250218","NY001025739A_depths","tsv"
"/home/dthill/seq-diversity/data/genomewide_depth//20250218NY001026867A_depths.tsv",269.510484429066,"20250218","NY001026867A_depths","tsv"
"/home/dthill/seq-diversity/data/genomewide_depth//20250218NY001026875A_depths.tsv",216.809349480969,"20250218","NY001026875A_depths","tsv"
"/home/dthill/seq-diversity/data/genomewide_depth//20250218NY005026191A_depths.tsv",8536.46850865052,"20250218","NY005026191A_depths","tsv"
"/home/dthill/seq-diversity/data/genomewide_depth//20250218NY007027669A_depths.tsv",222.38101384083,"20250218","NY007027669A_depths","tsv"
"/home/dthill/seq-diversity/data/genomewide_depth//20250218NY009027162A_depths.tsv",69.0590899653979,"20250218","NY009027162A_depths","tsv"
"/home/dthill/seq-diversity/data/genomewide_depth//20250218NY011021903A_depths.tsv",60.0857993079585,"20250218","NY011021903A_depths","tsv"
"/home/dthill/seq-diversity/data/genomewide_depth//20250218NY013021334A_depths.tsv",57.1100899653979,"20250218","NY013021334A_depths","tsv"
"/home/dthill/seq-diversity/data/genomewide_depth//20250218NY019025097A_depths.tsv",40.6796712802768,"20250218","NY019025097A_depths","tsv"
"/home/dthill/seq-diversity/data/genomewide_depth//20250218NY027149209A_depths.tsv",138.147910034602,"20250218","NY027149209A_depths","tsv"
"/home/dthill/seq-diversity/data/genomewide_depth//20250218NY029022136A_depths.tsv",1703.63587543253,"20250218","NY029022136A_depths","tsv"
"/home/dthill/seq-diversity/data/genomewide_depth//20250218NY029022543A_depths.tsv",271.246615916955,"20250218","NY029022543A_depths","tsv"
"/home/dthill/seq-diversity/data/genomewide_depth//20250218NY029025950B_depths.tsv",1517.42207266436,"20250218","NY029025950B_depths","tsv"
"/home/dthill/seq-diversity/data/genomewide_depth//20250218NY029026395B_depths.tsv",500.075937716263,"20250218","NY029026395B_depths","tsv"
"/home/dthill/seq-diversity/data/genomewide_depth//20250218NY029026395C_depths.tsv",689.874733564014,"20250218","NY029026395C_depths","tsv"
"/home/dthill/seq-diversity/data/genomewide_depth//20250218NY029028410A_depths.tsv",355.569795847751,"20250218","NY029028410A_depths","tsv"
"/home/dthill/seq-diversity/data/genomewide_depth//20250218NY029095401A_depths.tsv",868.687792387543,"20250218","NY029095401A_depths","tsv"
"/home/dthill/seq-diversity/data/genomewide_depth//20250218NY031022187A_depths.tsv",216.664307958478,"20250218","NY031022187A_depths","tsv"
"/home/dthill/seq-diversity/data/genomewide_depth//20250218NY045025984A_depths.tsv",1426.73602768166,"20250218","NY045025984A_depths","tsv"
"/home/dthill/seq-diversity/data/genomewide_depth//20250218NY047026166A_depths.tsv",5430.73869896194,"20250218","NY047026166A_depths","tsv"
"/home/dthill/seq-diversity/data/genomewide_depth//20250218NY047026182A_depths.tsv",6961.08569550173,"20250218","NY047026182A_depths","tsv"
"/home/dthill/seq-diversity/data/genomewide_depth//20250218NY047026204A_depths.tsv",4392.95796885813,"20250218","NY047026204A_depths","tsv"
"/home/dthill/seq-diversity/data/genomewide_depth//20250218NY047026212A_depths.tsv",3598.42133217993,"20250218","NY047026212A_depths","tsv"
"/home/dthill/seq-diversity/data/genomewide_depth//20250218NY047027073A_depths.tsv",2123.77548788927,"20250218","NY047027073A_depths","tsv"
"/home/dthill/seq-diversity/data/genomewide_depth//20250218NY051024384A_depths.tsv",99.5697335640138,"20250218","NY051024384A_depths","tsv"
"/home/dthill/seq-diversity/data/genomewide_depth//20250218NY051030635A_depths.tsv",122.665411764706,"20250218","NY051030635A_depths","tsv"
"/home/dthill/seq-diversity/data/genomewide_depth//20250218NY055021610A_depths.tsv",201.854837370242,"20250218","NY055021610A_depths","tsv"
"/home/dthill/seq-diversity/data/genomewide_depth//20250218NY055028339A_depths.tsv",172.814325259516,"20250218","NY055028339A_depths","tsv"
"/home/dthill/seq-diversity/data/genomewide_depth//20250218NY059026778A_depths.tsv",216.70275432526,"20250218","NY059026778A_depths","tsv"
"/home/dthill/seq-diversity/data/genomewide_depth//20250218NY061026131A_depths.tsv",1004.67079584775,"20250218","NY061026131A_depths","tsv"
"/home/dthill/seq-diversity/data/genomewide_depth//20250218NY061026247A_depths.tsv",10575.7581626298,"20250218","NY061026247A_depths","tsv"
"/home/dthill/seq-diversity/data/genomewide_depth//20250218NY067025461A_depths.tsv",286.583141868512,"20250218","NY067025461A_depths","tsv"
"/home/dthill/seq-diversity/data/genomewide_depth//20250218NY067027081A_depths.tsv",264.013148788927,"20250218","NY067027081A_depths","tsv"
"/home/dthill/seq-diversity/data/genomewide_depth//20250218NY067027618A_depths.tsv",214.186636678201,"20250218","NY067027618A_depths","tsv"
"/home/dthill/seq-diversity/data/genomewide_depth//20250218NY067027723A_depths.tsv",139.955179930796,"20250218","NY067027723A_depths","tsv"
"/home/dthill/seq-diversity/data/genomewide_depth//20250218NY067030317A_depths.tsv",293.274359861592,"20250218","NY067030317A_depths","tsv"
"/home/dthill/seq-diversity/data/genomewide_depth//20250218NY067030571A_depths.tsv",329.259249134948,"20250218","NY067030571A_depths","tsv"
"/home/dthill/seq-diversity/data/genomewide_depth//20250218NY071023680A_depths.tsv",140.876480968858,"20250218","NY071023680A_depths","tsv"
"/home/dthill/seq-diversity/data/genomewide_depth//20250218NY071026310A_depths.tsv",31.9011141868512,"20250218","NY071026310A_depths","tsv"
"/home/dthill/seq-diversity/data/genomewide_depth//20250218NY071026328A_depths.tsv",112.238581314879,"20250218","NY071026328A_depths","tsv"
"/home/dthill/seq-diversity/data/genomewide_depth//20250218NY071026522A_depths.tsv",441.567200692042,"20250218","NY071026522A_depths","tsv"
"/home/dthill/seq-diversity/data/genomewide_depth//20250218NY071031518A_depths.tsv",2396.96612456747,"20250218","NY071031518A_depths","tsv"
"/home/dthill/seq-diversity/data/genomewide_depth//20250218NY075029106A_depths.tsv",63.4744775086505,"20250218","NY075029106A_depths","tsv"
"/home/dthill/seq-diversity/data/genomewide_depth//20250218NY075029114A_depths.tsv",656.070422145329,"20250218","NY075029114A_depths","tsv"
"/home/dthill/seq-diversity/data/genomewide_depth//20250218NY079022721A_depths.tsv",4461.30882352941,"20250218","NY079022721A_depths","tsv"
"/home/dthill/seq-diversity/data/genomewide_depth//20250218NY081026115A_depths.tsv",9705.30508650519,"20250218","NY081026115A_depths","tsv"
"/home/dthill/seq-diversity/data/genomewide_depth//20250218NY081026158A_depths.tsv",4122.14269204152,"20250218","NY081026158A_depths","tsv"
"/home/dthill/seq-diversity/data/genomewide_depth//20250218NY081026221A_depths.tsv",1157.54139100346,"20250218","NY081026221A_depths","tsv"
"/home/dthill/seq-diversity/data/genomewide_depth//20250218NY081026239A_depths.tsv",5986.22174740484,"20250218","NY081026239A_depths","tsv"
"/home/dthill/seq-diversity/data/genomewide_depth//20250218NY085026107A_depths.tsv",3176.56270588235,"20250218","NY085026107A_depths","tsv"
"/home/dthill/seq-diversity/data/genomewide_depth//20250218NY085026174A_depths.tsv",7173.34020415225,"20250218","NY085026174A_depths","tsv"
"/home/dthill/seq-diversity/data/genomewide_depth//20250218NY087026051A_depths.tsv",101.960152249135,"20250218","NY087026051A_depths","tsv"
"/home/dthill/seq-diversity/data/genomewide_depth//20250218NY089236586A_depths.tsv",399.015775086505,"20250218","NY089236586A_depths","tsv"
"/home/dthill/seq-diversity/data/genomewide_depth//20250218NY091028240A_depths.tsv",231.561619377163,"20250218","NY091028240A_depths","tsv"
"/home/dthill/seq-diversity/data/genomewide_depth//20250218NY099022365A_depths.tsv",70.3206539792388,"20250218","NY099022365A_depths","tsv"
"/home/dthill/seq-diversity/data/genomewide_depth//20250218NY101021431A_depths.tsv",336.873190311419,"20250218","NY101021431A_depths","tsv"
"/home/dthill/seq-diversity/data/genomewide_depth//20250218NY109020958A_depths.tsv",300.08698615917,"20250218","NY109020958A_depths","tsv"
"/home/dthill/seq-diversity/data/genomewide_depth//20250218NY109026638A_depths.tsv",474.686961937716,"20250218","NY109026638A_depths","tsv"
"/home/dthill/seq-diversity/data/genomewide_depth//20250218NY111029351A_depths.tsv",88.8594705882353,"20250218","NY111029351A_depths","tsv"
"/home/dthill/seq-diversity/data/genomewide_depth//20250218NY117029475A_depths.tsv",108.099515570934,"20250218","NY117029475A_depths","tsv"
"/home/dthill/seq-diversity/data/genomewide_depth//20250218NY119026701A_depths.tsv",288.96791349481,"20250218","NY119026701A_depths","tsv"
"/home/dthill/seq-diversity/data/genomewide_depth//20250219NY007027669A_depths.tsv",198.916048442907,"20250219","NY007027669A_depths","tsv"
"/home/dthill/seq-diversity/data/genomewide_depth//20250219NY019026018A_depths.tsv",39.377339100346,"20250219","NY019026018A_depths","tsv"
"/home/dthill/seq-diversity/data/genomewide_depth//20250219NY025029271A_depths.tsv",62.704678200692,"20250219","NY025029271A_depths","tsv"
"/home/dthill/seq-diversity/data/genomewide_depth//20250219NY027026255A_depths.tsv",863.10492733564,"20250219","NY027026255A_depths","tsv"
"/home/dthill/seq-diversity/data/genomewide_depth//20250219NY027026271A_depths.tsv",260.408034602076,"20250219","NY027026271A_depths","tsv"
"/home/dthill/seq-diversity/data/genomewide_depth//20250219NY031021733A_depths.tsv",927.091003460208,"20250219","NY031021733A_depths","tsv"
"/home/dthill/seq-diversity/data/genomewide_depth//20250219NY031022969A_depths.tsv",153.383830449827,"20250219","NY031022969A_depths","tsv"
"/home/dthill/seq-diversity/data/genomewide_depth//20250219NY031036706A_depths.tsv",104.754560553633,"20250219","NY031036706A_depths","tsv"
"/home/dthill/seq-diversity/data/genomewide_depth//20250219NY043036528A_depths.tsv",222.932539792388,"20250219","NY043036528A_depths","tsv"
"/home/dthill/seq-diversity/data/genomewide_depth//20250219NY049020125A_depths.tsv",307.218280276817,"20250219","NY049020125A_depths","tsv"
"/home/dthill/seq-diversity/data/genomewide_depth//20250219NY051024449A_depths.tsv",978.7236816609,"20250219","NY051024449A_depths","tsv"
"/home/dthill/seq-diversity/data/genomewide_depth//20250219NY055026794A_depths.tsv",322.68014532872,"20250219","NY055026794A_depths","tsv"
"/home/dthill/seq-diversity/data/genomewide_depth//20250219NY071022144A_depths.tsv",330.762892733564,"20250219","NY071022144A_depths","tsv"
"/home/dthill/seq-diversity/data/genomewide_depth//20250219NY071026310A_depths.tsv",250.166128027682,"20250219","NY071026310A_depths","tsv"
"/home/dthill/seq-diversity/data/genomewide_depth//20250219NY071030490A_depths.tsv",182.704342560554,"20250219","NY071030490A_depths","tsv"
"/home/dthill/seq-diversity/data/genomewide_depth//20250219NY075026301A_depths.tsv",58.8098581314879,"20250219","NY075026301A_depths","tsv"
"/home/dthill/seq-diversity/data/genomewide_depth//20250219NY075029106A_depths.tsv",86.5070692041522,"20250219","NY075029106A_depths","tsv"
"/home/dthill/seq-diversity/data/genomewide_depth//20250219NY075029114A_depths.tsv",84.1131384083045,"20250219","NY075029114A_depths","tsv"
"/home/dthill/seq-diversity/data/genomewide_depth//20250219NY079031356A_depths.tsv",86.7755640138408,"20250219","NY079031356A_depths","tsv"
"/home/dthill/seq-diversity/data/genomewide_depth//20250219NY083026034A_depths.tsv",279.785944636678,"20250219","NY083026034A_depths","tsv"
"/home/dthill/seq-diversity/data/genomewide_depth//20250219NY083087971A_depths.tsv",182.446307958478,"20250219","NY083087971A_depths","tsv"
"/home/dthill/seq-diversity/data/genomewide_depth//20250219NY087026051A_depths.tsv",311.239764705882,"20250219","NY087026051A_depths","tsv"
"/home/dthill/seq-diversity/data/genomewide_depth//20250219NY087028533A_depths.tsv",726.785370242215,"20250219","NY087028533A_depths","tsv"
"/home/dthill/seq-diversity/data/genomewide_depth//20250219NY089020117A_depths.tsv",147.723650519031,"20250219","NY089020117A_depths","tsv"
"/home/dthill/seq-diversity/data/genomewide_depth//20250219NY089031194A_depths.tsv",179.633837370242,"20250219","NY089031194A_depths","tsv"
"/home/dthill/seq-diversity/data/genomewide_depth//20250219NY095024201A_depths.tsv",177.300809688581,"20250219","NY095024201A_depths","tsv"
"/home/dthill/seq-diversity/data/genomewide_depth//20250219NY105022454A_depths.tsv",488.321508650519,"20250219","NY105022454A_depths","tsv"
"/home/dthill/seq-diversity/data/genomewide_depth//20250219NY105024520A_depths.tsv",46.361214532872,"20250219","NY105024520A_depths","tsv"
"/home/dthill/seq-diversity/data/genomewide_depth//20250219NY107029262A_depths.tsv",38.87723183391,"20250219","NY107029262A_depths","tsv"
"/home/dthill/seq-diversity/data/genomewide_depth//20250219NY109026638A_depths.tsv",33.1947889273356,"20250219","NY109026638A_depths","tsv"
"/home/dthill/seq-diversity/data/genomewide_depth//20250219NY111029351A_depths.tsv",45.9278546712803,"20250219","NY111029351A_depths","tsv"
"/home/dthill/seq-diversity/data/genomewide_depth//20250219NY111031208A_depths.tsv",175.419221453287,"20250219","NY111031208A_depths","tsv"
"/home/dthill/seq-diversity/data/genomewide_depth//20250219NY119026689A_depths.tsv",1017.56794809689,"20250219","NY119026689A_depths","tsv"
"/home/dthill/seq-diversity/data/genomewide_depth//20250219NY119026697A_depths.tsv",208.098820069204,"20250219","NY119026697A_depths","tsv"
"/home/dthill/seq-diversity/data/genomewide_depth//20250219NY119100803A_depths.tsv",176.174435986159,"20250219","NY119100803A_depths","tsv"
"/home/dthill/seq-diversity/data/genomewide_depth//20250219NY119108324A_depths.tsv",226.375716262976,"20250219","NY119108324A_depths","tsv"
"/home/dthill/seq-diversity/data/genomewide_depth//20250219NY123029726A_depths.tsv",85.2579619377163,"20250219","NY123029726A_depths","tsv"
"/home/dthill/seq-diversity/data/genomewide_depth//20250220NY011021903A_depths.tsv",1683.99333217993,"20250220","NY011021903A_depths","tsv"
"/home/dthill/seq-diversity/data/genomewide_depth//20250220NY017021423A_depths.tsv",347.847110726644,"20250220","NY017021423A_depths","tsv"
"/home/dthill/seq-diversity/data/genomewide_depth//20250220NY023027561A_depths.tsv",152.448474048443,"20250220","NY023027561A_depths","tsv"
"/home/dthill/seq-diversity/data/genomewide_depth//20250220NY027025976A_depths.tsv",1113.37176124567,"20250220","NY027025976A_depths","tsv"
"/home/dthill/seq-diversity/data/genomewide_depth//20250220NY033030376A_depths.tsv",48.9052352941176,"20250220","NY033030376A_depths","tsv"
"/home/dthill/seq-diversity/data/genomewide_depth//20250220NY045025984A_depths.tsv",92.1342975778547,"20250220","NY045025984A_depths","tsv"
"/home/dthill/seq-diversity/data/genomewide_depth//20250220NY055021610A_depths.tsv",232.672837370242,"20250220","NY055021610A_depths","tsv"
"/home/dthill/seq-diversity/data/genomewide_depth//20250220NY059026620A_depths.tsv",25.9739619377163,"20250220","NY059026620A_depths","tsv"
"/home/dthill/seq-diversity/data/genomewide_depth//20250220NY059026999A_depths.tsv",122.113124567474,"20250220","NY059026999A_depths","tsv"
"/home/dthill/seq-diversity/data/genomewide_depth//20250220NY065025780B_depths.tsv",373.226100346021,"20250220","NY065025780B_depths","tsv"
"/home/dthill/seq-diversity/data/genomewide_depth//20250220NY065025780C_depths.tsv",219.948525951557,"20250220","NY065025780C_depths","tsv"
"/home/dthill/seq-diversity/data/genomewide_depth//20250220NY069023531A_depths.tsv",197.724539792388,"20250220","NY069023531A_depths","tsv"
"/home/dthill/seq-diversity/data/genomewide_depth//20250220NY071023680A_depths.tsv",119.161186851211,"20250220","NY071023680A_depths","tsv"
"/home/dthill/seq-diversity/data/genomewide_depth//20250220NY071024422A_depths.tsv",129.259643598616,"20250220","NY071024422A_depths","tsv"
"/home/dthill/seq-diversity/data/genomewide_depth//20250220NY071027901A_depths.tsv",483.592965397924,"20250220","NY071027901A_depths","tsv"
"/home/dthill/seq-diversity/data/genomewide_depth//20250220NY071031518A_depths.tsv",56.9367301038062,"20250220","NY071031518A_depths","tsv"
"/home/dthill/seq-diversity/data/genomewide_depth//20250220NY077031151A_depths.tsv",330.482595155709,"20250220","NY077031151A_depths","tsv"
"/home/dthill/seq-diversity/data/genomewide_depth//20250220NY087028533A_depths.tsv",900.776826989619,"20250220","NY087028533A_depths","tsv"
"/home/dthill/seq-diversity/data/genomewide_depth//20250220NY087031895A_depths.tsv",140.82130449827,"20250220","NY087031895A_depths","tsv"
"/home/dthill/seq-diversity/data/genomewide_depth//20250220NY089236586A_depths.tsv",178.80892733564,"20250220","NY089236586A_depths","tsv"
"/home/dthill/seq-diversity/data/genomewide_depth//20250220NY093020516A_depths.tsv",494.786698961938,"20250220","NY093020516A_depths","tsv"
"/home/dthill/seq-diversity/data/genomewide_depth//20250220NY099033308A_depths.tsv",150.927311418685,"20250220","NY099033308A_depths","tsv"
"/home/dthill/seq-diversity/data/genomewide_depth//20250220NY101021431A_depths.tsv",1356.31322491349,"20250220","NY101021431A_depths","tsv"
"/home/dthill/seq-diversity/data/genomewide_depth//20250220NY103079324A_depths.tsv",38.8466055363322,"20250220","NY103079324A_depths","tsv"
"/home/dthill/seq-diversity/data/genomewide_depth//20250220NY103104809A_depths.tsv",74.1639896193772,"20250220","NY103104809A_depths","tsv"
"/home/dthill/seq-diversity/data/genomewide_depth//20250220NY113029050A_depths.tsv",420.001667820069,"20250220","NY113029050A_depths","tsv"
"/home/dthill/seq-diversity/data/genomewide_depth//20250220NY115024929A_depths.tsv",62.0535017301038,"20250220","NY115024929A_depths","tsv"
"/home/dthill/seq-diversity/data/genomewide_depth//20250220NY117027171A_depths.tsv",121.448079584775,"20250220","NY117027171A_depths","tsv"
"/home/dthill/seq-diversity/data/genomewide_depth//20250221NY059026450A_depths.tsv",168.532373702422,"20250221","NY059026450A_depths","tsv"
"/home/dthill/seq-diversity/data/genomewide_depth//20250223NY005026191A_depths.tsv",3794.43150519031,"20250223","NY005026191A_depths","tsv"
"/home/dthill/seq-diversity/data/genomewide_depth//20250223NY047026166A_depths.tsv",2410.68255017301,"20250223","NY047026166A_depths","tsv"
"/home/dthill/seq-diversity/data/genomewide_depth//20250223NY047026182A_depths.tsv",6147.08538062284,"20250223","NY047026182A_depths","tsv"
"/home/dthill/seq-diversity/data/genomewide_depth//20250223NY047026204A_depths.tsv",5187.93196193772,"20250223","NY047026204A_depths","tsv"
"/home/dthill/seq-diversity/data/genomewide_depth//20250223NY047026212A_depths.tsv",508.398979238754,"20250223","NY047026212A_depths","tsv"
"/home/dthill/seq-diversity/data/genomewide_depth//20250223NY047027073A_depths.tsv",5213.69165743945,"20250223","NY047027073A_depths","tsv"
"/home/dthill/seq-diversity/data/genomewide_depth//20250223NY055028339A_depths.tsv",201.426418685121,"20250223","NY055028339A_depths","tsv"
"/home/dthill/seq-diversity/data/genomewide_depth//20250223NY061026131A_depths.tsv",5366.46439446367,"20250223","NY061026131A_depths","tsv"
"/home/dthill/seq-diversity/data/genomewide_depth//20250223NY061026247A_depths.tsv",4301.31669550173,"20250223","NY061026247A_depths","tsv"
"/home/dthill/seq-diversity/data/genomewide_depth//20250223NY067027081A_depths.tsv",151.512889273356,"20250223","NY067027081A_depths","tsv"
"/home/dthill/seq-diversity/data/genomewide_depth//20250223NY067027618A_depths.tsv",57.6287266435986,"20250223","NY067027618A_depths","tsv"
"/home/dthill/seq-diversity/data/genomewide_depth//20250223NY067030317A_depths.tsv",55.1510588235294,"20250223","NY067030317A_depths","tsv"
"/home/dthill/seq-diversity/data/genomewide_depth//20250223NY067030571A_depths.tsv",154.159152249135,"20250223","NY067030571A_depths","tsv"
"/home/dthill/seq-diversity/data/genomewide_depth//20250223NY081026115A_depths.tsv",3655.26920415225,"20250223","NY081026115A_depths","tsv"
"/home/dthill/seq-diversity/data/genomewide_depth//20250223NY081026158A_depths.tsv",3486.01906920415,"20250223","NY081026158A_depths","tsv"
"/home/dthill/seq-diversity/data/genomewide_depth//20250223NY081026221A_depths.tsv",6507.05823183391,"20250223","NY081026221A_depths","tsv"
"/home/dthill/seq-diversity/data/genomewide_depth//20250223NY081026239A_depths.tsv",3374.99857439446,"20250223","NY081026239A_depths","tsv"
"/home/dthill/seq-diversity/data/genomewide_depth//20250223NY085026107A_depths.tsv",3518.84989273356,"20250223","NY085026107A_depths","tsv"
"/home/dthill/seq-diversity/data/genomewide_depth//20250223NY085026174A_depths.tsv",3780.95770934256,"20250223","NY085026174A_depths","tsv"
"/home/dthill/seq-diversity/data/genomewide_depth//20250223NY089020117A_depths.tsv",321.880726643599,"20250223","NY089020117A_depths","tsv"
"/home/dthill/seq-diversity/data/genomewide_depth//20250224NY001025739A_depths.tsv",146.411723183391,"20250224","NY001025739A_depths","tsv"
"/home/dthill/seq-diversity/data/genomewide_depth//20250224NY013027961A_depths.tsv",230.497148788927,"20250224","NY013027961A_depths","tsv"
"/home/dthill/seq-diversity/data/genomewide_depth//20250224NY019026018A_depths.tsv",27.3145501730104,"20250224","NY019026018A_depths","tsv"
"/home/dthill/seq-diversity/data/genomewide_depth//20250224NY021022039A_depths.tsv",45.0685363321799,"20250224","NY021022039A_depths","tsv"
"/home/dthill/seq-diversity/data/genomewide_depth//20250224NY023027561A_depths.tsv",554.768480968858,"20250224","NY023027561A_depths","tsv"
"/home/dthill/seq-diversity/data/genomewide_depth//20250224NY031021733A_depths.tsv",702.667982698962,"20250224","NY031021733A_depths","tsv"
"/home/dthill/seq-diversity/data/genomewide_depth//20250224NY055028231A_depths.tsv",188.737674740484,"20250224","NY055028231A_depths","tsv"
"/home/dthill/seq-diversity/data/genomewide_depth//20250224NY065030864A_depths.tsv",28.8032664359862,"20250224","NY065030864A_depths","tsv"
"/home/dthill/seq-diversity/data/genomewide_depth//20250224NY089031194A_depths.tsv",718.943366782007,"20250224","NY089031194A_depths","tsv"
"/home/dthill/seq-diversity/data/genomewide_depth//20250224NY113029050A_depths.tsv",58.3437820069204,"20250224","NY113029050A_depths","tsv"
"/home/dthill/seq-diversity/data/genomewide_depth//20250225NY005026191A_depths.tsv",6827.17570588235,"20250225","NY005026191A_depths","tsv"
"/home/dthill/seq-diversity/data/genomewide_depth//20250225NY007027669A_depths.tsv",171.283262975779,"20250225","NY007027669A_depths","tsv"
"/home/dthill/seq-diversity/data/genomewide_depth//20250225NY009027162A_depths.tsv",60.6524325259516,"20250225","NY009027162A_depths","tsv"
"/home/dthill/seq-diversity/data/genomewide_depth//20250225NY013021334A_depths.tsv",51.5232352941176,"20250225","NY013021334A_depths","tsv"
"/home/dthill/seq-diversity/data/genomewide_depth//20250225NY013027570A_depths.tsv",230.383138408304,"20250225","NY013027570A_depths","tsv"
"/home/dthill/seq-diversity/data/genomewide_depth//20250225NY029022136A_depths.tsv",825.048519031142,"20250225","NY029022136A_depths","tsv"
"/home/dthill/seq-diversity/data/genomewide_depth//20250225NY029026395B_depths.tsv",478.597442906574,"20250225","NY029026395B_depths","tsv"
"/home/dthill/seq-diversity/data/genomewide_depth//20250225NY029026395C_depths.tsv",262.385076124567,"20250225","NY029026395C_depths","tsv"
"/home/dthill/seq-diversity/data/genomewide_depth//20250225NY029095401A_depths.tsv",1259.17080276817,"20250225","NY029095401A_depths","tsv"
"/home/dthill/seq-diversity/data/genomewide_depth//20250225NY047026166A_depths.tsv",3515.39030449827,"20250225","NY047026166A_depths","tsv"
"/home/dthill/seq-diversity/data/genomewide_depth//20250225NY047026182A_depths.tsv",5999.59585467128,"20250225","NY047026182A_depths","tsv"
"/home/dthill/seq-diversity/data/genomewide_depth//20250225NY047026204A_depths.tsv",5313.64680622837,"20250225","NY047026204A_depths","tsv"
"/home/dthill/seq-diversity/data/genomewide_depth//20250225NY047026212A_depths.tsv",5376.21032525952,"20250225","NY047026212A_depths","tsv"
"/home/dthill/seq-diversity/data/genomewide_depth//20250225NY047027073A_depths.tsv",5873.93948442907,"20250225","NY047027073A_depths","tsv"
"/home/dthill/seq-diversity/data/genomewide_depth//20250225NY051024384A_depths.tsv",37.6671660899654,"20250225","NY051024384A_depths","tsv"
"/home/dthill/seq-diversity/data/genomewide_depth//20250225NY051030635A_depths.tsv",133.712930795848,"20250225","NY051030635A_depths","tsv"
"/home/dthill/seq-diversity/data/genomewide_depth//20250225NY053021539A_depths.tsv",71.3488408304498,"20250225","NY053021539A_depths","tsv"
"/home/dthill/seq-diversity/data/genomewide_depth//20250225NY055028339A_depths.tsv",156.261034602076,"20250225","NY055028339A_depths","tsv"
"/home/dthill/seq-diversity/data/genomewide_depth//20250225NY059026620A_depths.tsv",236.39530449827,"20250225","NY059026620A_depths","tsv"
"/home/dthill/seq-diversity/data/genomewide_depth//20250225NY061026131A_depths.tsv",5298.62762283737,"20250225","NY061026131A_depths","tsv"
"/home/dthill/seq-diversity/data/genomewide_depth//20250225NY061026247A_depths.tsv",4109.54092041522,"20250225","NY061026247A_depths","tsv"
"/home/dthill/seq-diversity/data/genomewide_depth//20250225NY065022110A_depths.tsv",42.0629065743945,"20250225","NY065022110A_depths","tsv"
"/home/dthill/seq-diversity/data/genomewide_depth//20250225NY069025968A_depths.tsv",180.214906574394,"20250225","NY069025968A_depths","tsv"
"/home/dthill/seq-diversity/data/genomewide_depth//20250225NY081026115A_depths.tsv",6568.73984775087,"20250225","NY081026115A_depths","tsv"
"/home/dthill/seq-diversity/data/genomewide_depth//20250225NY081026158A_depths.tsv",5030.33615916955,"20250225","NY081026158A_depths","tsv"
"/home/dthill/seq-diversity/data/genomewide_depth//20250225NY081026221A_depths.tsv",4842.51556401384,"20250225","NY081026221A_depths","tsv"
"/home/dthill/seq-diversity/data/genomewide_depth//20250225NY081026239A_depths.tsv",7179.59976124567,"20250225","NY081026239A_depths","tsv"
"/home/dthill/seq-diversity/data/genomewide_depth//20250225NY085026107A_depths.tsv",4746.5674532872,"20250225","NY085026107A_depths","tsv"
"/home/dthill/seq-diversity/data/genomewide_depth//20250225NY085026174A_depths.tsv",4758.13328373702,"20250225","NY085026174A_depths","tsv"
"/home/dthill/seq-diversity/data/genomewide_depth//20250225NY091028240A_depths.tsv",59.5819584775086,"20250225","NY091028240A_depths","tsv"
"/home/dthill/seq-diversity/data/genomewide_depth//20250225NY099022365A_depths.tsv",1534.04487197232,"20250225","NY099022365A_depths","tsv"
"/home/dthill/seq-diversity/data/genomewide_depth//20250225NY103206644A_depths.tsv",160.689660899654,"20250225","NY103206644A_depths","tsv"
"/home/dthill/seq-diversity/data/genomewide_depth//20250225NY109020958A_depths.tsv",159.480266435986,"20250225","NY109020958A_depths","tsv"
"/home/dthill/seq-diversity/data/genomewide_depth//20250225NY109026638A_depths.tsv",56.6852249134948,"20250225","NY109026638A_depths","tsv"
"/home/dthill/seq-diversity/data/genomewide_depth//20250226NY001022225A_depths.tsv",38.0847439446367,"20250226","NY001022225A_depths","tsv"
"/home/dthill/seq-diversity/data/genomewide_depth//20250226NY007027669A_depths.tsv",331.379038062284,"20250226","NY007027669A_depths","tsv"
"/home/dthill/seq-diversity/data/genomewide_depth//20250226NY013027961A_depths.tsv",288.54055017301,"20250226","NY013027961A_depths","tsv"
"/home/dthill/seq-diversity/data/genomewide_depth//20250226NY013106895A_depths.tsv",49.9557750865052,"20250226","NY013106895A_depths","tsv"
"/home/dthill/seq-diversity/data/genomewide_depth//20250226NY015036986A_depths.tsv",69.6917889273356,"20250226","NY015036986A_depths","tsv"
"/home/dthill/seq-diversity/data/genomewide_depth//20250226NY025027154A_depths.tsv",90.3146505190311,"20250226","NY025027154A_depths","tsv"
"/home/dthill/seq-diversity/data/genomewide_depth//20250226NY025029271A_depths.tsv",44.961660899654,"20250226","NY025029271A_depths","tsv"
"/home/dthill/seq-diversity/data/genomewide_depth//20250226NY037026514A_depths.tsv",180.929692041522,"20250226","NY037026514A_depths","tsv"
"/home/dthill/seq-diversity/data/genomewide_depth//20250226NY055026794A_depths.tsv",502.330228373702,"20250226","NY055026794A_depths","tsv"
"/home/dthill/seq-diversity/data/genomewide_depth//20250226NY055028231A_depths.tsv",143.423435986159,"20250226","NY055028231A_depths","tsv"
"/home/dthill/seq-diversity/data/genomewide_depth//20250226NY073023256A_depths.tsv",44.0851833910035,"20250226","NY073023256A_depths","tsv"
"/home/dthill/seq-diversity/data/genomewide_depth//20250226NY107029262A_depths.tsv",458.8876816609,"20250226","NY107029262A_depths","tsv"
"/home/dthill/seq-diversity/data/genomewide_depth//20250226NY109026638A_depths.tsv",272.936121107266,"20250226","NY109026638A_depths","tsv"
"/home/dthill/seq-diversity/data/genomewide_depth//20250226NY123029726A_depths.tsv",255.449152249135,"20250226","NY123029726A_depths","tsv"
"/home/dthill/seq-diversity/data/genomewide_depth//20250227NY009027162A_depths.tsv",77.0719826989619,"20250227","NY009027162A_depths","tsv"
"/home/dthill/seq-diversity/data/genomewide_depth//20250227NY017021423A_depths.tsv",157.10284083045,"20250227","NY017021423A_depths","tsv"
"/home/dthill/seq-diversity/data/genomewide_depth//20250227NY029025950B_depths.tsv",317.141325259516,"20250227","NY029025950B_depths","tsv"
"/home/dthill/seq-diversity/data/genomewide_depth//20250227NY051032328A_depths.tsv",185.322307958477,"20250227","NY051032328A_depths","tsv"
"/home/dthill/seq-diversity/data/genomewide_depth//20250227NY055021610A_depths.tsv",136.567861591696,"20250227","NY055021610A_depths","tsv"
"/home/dthill/seq-diversity/data/genomewide_depth//20250227NY057020290A_depths.tsv",26.2539134948097,"20250227","NY057020290A_depths","tsv"
"/home/dthill/seq-diversity/data/genomewide_depth//20250227NY065025780C_depths.tsv",208.242179930796,"20250227","NY065025780C_depths","tsv"
"/home/dthill/seq-diversity/data/genomewide_depth//20250227NY069023531A_depths.tsv",249.332629757785,"20250227","NY069023531A_depths","tsv"
"/home/dthill/seq-diversity/data/genomewide_depth//20250227NY091028240A_depths.tsv",29.5935467128028,"20250227","NY091028240A_depths","tsv"
"/home/dthill/seq-diversity/data/genomewide_depth//20250227NY093020516A_depths.tsv",39.6034602076125,"20250227","NY093020516A_depths","tsv"
"/home/dthill/seq-diversity/data/genomewide_depth//20250227NY097271942A_depths.tsv",66.4181868512111,"20250227","NY097271942A_depths","tsv"
"/home/dthill/seq-diversity/data/genomewide_depth//20250227NY101023906A_depths.tsv",269.974307958477,"20250227","NY101023906A_depths","tsv"
"/home/dthill/seq-diversity/data/genomewide_depth//20250227NY113029050A_depths.tsv",53.1885951557093,"20250227","NY113029050A_depths","tsv"
"/home/dthill/seq-diversity/data/genomewide_depth//20250227NY117027171A_depths.tsv",638.372833910035,"20250227","NY117027171A_depths","tsv"
"/home/dthill/seq-diversity/data/genomewide_depth//20250302NY005026191A_depths.tsv",6845.73769550173,"20250302","NY005026191A_depths","tsv"
"/home/dthill/seq-diversity/data/genomewide_depth//20250302NY047026166A_depths.tsv",4231.17621799308,"20250302","NY047026166A_depths","tsv"
"/home/dthill/seq-diversity/data/genomewide_depth//20250302NY047026182A_depths.tsv",4134.46261937716,"20250302","NY047026182A_depths","tsv"
"/home/dthill/seq-diversity/data/genomewide_depth//20250302NY047026204A_depths.tsv",4739.3419550173,"20250302","NY047026204A_depths","tsv"
"/home/dthill/seq-diversity/data/genomewide_depth//20250302NY047026212A_depths.tsv",6834.28871626298,"20250302","NY047026212A_depths","tsv"
"/home/dthill/seq-diversity/data/genomewide_depth//20250302NY047027073A_depths.tsv",3816.67062283737,"20250302","NY047027073A_depths","tsv"
"/home/dthill/seq-diversity/data/genomewide_depth//20250302NY055028339A_depths.tsv",417.664996539792,"20250302","NY055028339A_depths","tsv"
"/home/dthill/seq-diversity/data/genomewide_depth//20250302NY061026131A_depths.tsv",3738.28098269896,"20250302","NY061026131A_depths","tsv"
"/home/dthill/seq-diversity/data/genomewide_depth//20250302NY061026247A_depths.tsv",3881.85648442907,"20250302","NY061026247A_depths","tsv"
"/home/dthill/seq-diversity/data/genomewide_depth//20250302NY081026115A_depths.tsv",9122.9826816609,"20250302","NY081026115A_depths","tsv"
"/home/dthill/seq-diversity/data/genomewide_depth//20250302NY081026158A_depths.tsv",7848.55951211073,"20250302","NY081026158A_depths","tsv"
"/home/dthill/seq-diversity/data/genomewide_depth//20250302NY081026221A_depths.tsv",4888.15772318339,"20250302","NY081026221A_depths","tsv"
"/home/dthill/seq-diversity/data/genomewide_depth//20250302NY081026239A_depths.tsv",5771.11348096886,"20250302","NY081026239A_depths","tsv"
"/home/dthill/seq-diversity/data/genomewide_depth//20250302NY085026107A_depths.tsv",4837.80514186851,"20250302","NY085026107A_depths","tsv"
"/home/dthill/seq-diversity/data/genomewide_depth//20250302NY085026174A_depths.tsv",2486.21938408305,"20250302","NY085026174A_depths","tsv"
"/home/dthill/seq-diversity/data/genomewide_depth//20250303NY013027961A_depths.tsv",729.828948096886,"20250303","NY013027961A_depths","tsv"
"/home/dthill/seq-diversity/data/genomewide_depth//20250303NY055028231A_depths.tsv",556.63391349481,"20250303","NY055028231A_depths","tsv"
"/home/dthill/seq-diversity/data/genomewide_depth//20250303NY059026859A_depths.tsv",57.3312179930796,"20250303","NY059026859A_depths","tsv"
"/home/dthill/seq-diversity/data/genomewide_depth//20250303NY089031194A_depths.tsv",62.0328166089965,"20250303","NY089031194A_depths","tsv"
"/home/dthill/seq-diversity/data/genomewide_depth//20250303NY103020061A_depths.tsv",85.8084048442907,"20250303","NY103020061A_depths","tsv"
"/home/dthill/seq-diversity/data/genomewide_depth//20250304NY005026191A_depths.tsv",3820.83557439446,"20250304","NY005026191A_depths","tsv"
"/home/dthill/seq-diversity/data/genomewide_depth//20250304NY007024414B_depths.tsv",371.845965397924,"20250304","NY007024414B_depths","tsv"
"/home/dthill/seq-diversity/data/genomewide_depth//20250304NY007024414C_depths.tsv",344.221844290657,"20250304","NY007024414C_depths","tsv"
"/home/dthill/seq-diversity/data/genomewide_depth//20250304NY007027669A_depths.tsv",315.723089965398,"20250304","NY007027669A_depths","tsv"
"/home/dthill/seq-diversity/data/genomewide_depth//20250304NY011021903A_depths.tsv",419.052605536332,"20250304","NY011021903A_depths","tsv"
"/home/dthill/seq-diversity/data/genomewide_depth//20250304NY031022187A_depths.tsv",133.562404844291,"20250304","NY031022187A_depths","tsv"
"/home/dthill/seq-diversity/data/genomewide_depth//20250304NY045025984A_depths.tsv",75.778553633218,"20250304","NY045025984A_depths","tsv"
"/home/dthill/seq-diversity/data/genomewide_depth//20250304NY045025984B_depths.tsv",23.1480242214533,"20250304","NY045025984B_depths","tsv"
"/home/dthill/seq-diversity/data/genomewide_depth//20250304NY047026166A_depths.tsv",4472.47369896194,"20250304","NY047026166A_depths","tsv"
"/home/dthill/seq-diversity/data/genomewide_depth//20250304NY047026182A_depths.tsv",5211.73887889273,"20250304","NY047026182A_depths","tsv"
"/home/dthill/seq-diversity/data/genomewide_depth//20250304NY047026204A_depths.tsv",6445.75506920415,"20250304","NY047026204A_depths","tsv"
"/home/dthill/seq-diversity/data/genomewide_depth//20250304NY047026212A_depths.tsv",4737.05067128028,"20250304","NY047026212A_depths","tsv"
"/home/dthill/seq-diversity/data/genomewide_depth//20250304NY047027073A_depths.tsv",6435.01627681661,"20250304","NY047027073A_depths","tsv"
"/home/dthill/seq-diversity/data/genomewide_depth//20250304NY051024384A_depths.tsv",100.025868512111,"20250304","NY051024384A_depths","tsv"
"/home/dthill/seq-diversity/data/genomewide_depth//20250304NY051030635A_depths.tsv",107.358595155709,"20250304","NY051030635A_depths","tsv"
"/home/dthill/seq-diversity/data/genomewide_depth//20250304NY059026620A_depths.tsv",865.003214532872,"20250304","NY059026620A_depths","tsv"
"/home/dthill/seq-diversity/data/genomewide_depth//20250304NY059026999A_depths.tsv",68.7457162629758,"20250304","NY059026999A_depths","tsv"
"/home/dthill/seq-diversity/data/genomewide_depth//20250304NY061026131A_depths.tsv",6243.19157093426,"20250304","NY061026131A_depths","tsv"
"/home/dthill/seq-diversity/data/genomewide_depth//20250304NY061026247A_depths.tsv",5771.7390899654,"20250304","NY061026247A_depths","tsv"
"/home/dthill/seq-diversity/data/genomewide_depth//20250304NY069025968A_depths.tsv",173.462937716263,"20250304","NY069025968A_depths","tsv"
"/home/dthill/seq-diversity/data/genomewide_depth//20250304NY075029106A_depths.tsv",104.684937716263,"20250304","NY075029106A_depths","tsv"
"/home/dthill/seq-diversity/data/genomewide_depth//20250304NY075029114A_depths.tsv",40.696892733564,"20250304","NY075029114A_depths","tsv"
"/home/dthill/seq-diversity/data/genomewide_depth//20250304NY081026115A_depths.tsv",5218.58816608997,"20250304","NY081026115A_depths","tsv"
"/home/dthill/seq-diversity/data/genomewide_depth//20250304NY081026158A_depths.tsv",3792.97688235294,"20250304","NY081026158A_depths","tsv"
"/home/dthill/seq-diversity/data/genomewide_depth//20250304NY081026221A_depths.tsv",6618.86688581315,"20250304","NY081026221A_depths","tsv"
"/home/dthill/seq-diversity/data/genomewide_depth//20250304NY081026239A_depths.tsv",8166.96941522491,"20250304","NY081026239A_depths","tsv"
"/home/dthill/seq-diversity/data/genomewide_depth//20250304NY085026107A_depths.tsv",7079.03120069204,"20250304","NY085026107A_depths","tsv"
"/home/dthill/seq-diversity/data/genomewide_depth//20250304NY085026174A_depths.tsv",6950.11823875432,"20250304","NY085026174A_depths","tsv"
"/home/dthill/seq-diversity/data/genomewide_depth//20250304NY099022365A_depths.tsv",146.766515570934,"20250304","NY099022365A_depths","tsv"
"/home/dthill/seq-diversity/data/genomewide_depth//20250304NY101023906A_depths.tsv",147.105366782007,"20250304","NY101023906A_depths","tsv"
"/home/dthill/seq-diversity/data/genomewide_depth//20250304NY109020958A_depths.tsv",527.113882352941,"20250304","NY109020958A_depths","tsv"
"/home/dthill/seq-diversity/data/genomewide_depth//20250304NY117029475A_depths.tsv",458.831415224913,"20250304","NY117029475A_depths","tsv"
"/home/dthill/seq-diversity/data/genomewide_depth//20250304NY121021504A_depths.tsv",220.423878892734,"20250304","NY121021504A_depths","tsv"
"/home/dthill/seq-diversity/data/genomewide_depth//20250305NY007027669A_depths.tsv",528.246325259516,"20250305","NY007027669A_depths","tsv"
"/home/dthill/seq-diversity/data/genomewide_depth//20250305NY013027961A_depths.tsv",54.1249342560554,"20250305","NY013027961A_depths","tsv"
"/home/dthill/seq-diversity/data/genomewide_depth//20250305NY013106895A_depths.tsv",396.172301038062,"20250305","NY013106895A_depths","tsv"
"/home/dthill/seq-diversity/data/genomewide_depth//20250305NY019026018A_depths.tsv",190.543944636678,"20250305","NY019026018A_depths","tsv"
"/home/dthill/seq-diversity/data/genomewide_depth//20250305NY045025151A_depths.tsv",68.4861660899654,"20250305","NY045025151A_depths","tsv"
"/home/dthill/seq-diversity/data/genomewide_depth//20250305NY051024449A_depths.tsv",287.008280276817,"20250305","NY051024449A_depths","tsv"
"/home/dthill/seq-diversity/data/genomewide_depth//20250305NY055026794A_depths.tsv",392.857470588235,"20250305","NY055026794A_depths","tsv"
"/home/dthill/seq-diversity/data/genomewide_depth//20250305NY055028231A_depths.tsv",264.0043183391,"20250305","NY055028231A_depths","tsv"
"/home/dthill/seq-diversity/data/genomewide_depth//20250305NY057024333A_depths.tsv",53.967553633218,"20250305","NY057024333A_depths","tsv"
"/home/dthill/seq-diversity/data/genomewide_depth//20250305NY059023523A_depths.tsv",71.8443460207613,"20250305","NY059023523A_depths","tsv"
"/home/dthill/seq-diversity/data/genomewide_depth//20250305NY059026450A_depths.tsv",586.94,"20250305","NY059026450A_depths","tsv"
"/home/dthill/seq-diversity/data/genomewide_depth//20250305NY083087971A_depths.tsv",460.720425605536,"20250305","NY083087971A_depths","tsv"
"/home/dthill/seq-diversity/data/genomewide_depth//20250305NY107029262A_depths.tsv",1219.51634948097,"20250305","NY107029262A_depths","tsv"
"/home/dthill/seq-diversity/data/genomewide_depth//20250305NY123029726A_depths.tsv",558.992051903114,"20250305","NY123029726A_depths","tsv"
"/home/dthill/seq-diversity/data/genomewide_depth//20250306NY009027162A_depths.tsv",146.516321799308,"20250306","NY009027162A_depths","tsv"
"/home/dthill/seq-diversity/data/genomewide_depth//20250306NY017021423A_depths.tsv",41.3307543252595,"20250306","NY017021423A_depths","tsv"
"/home/dthill/seq-diversity/data/genomewide_depth//20250306NY029028436A_depths.tsv",146.800678200692,"20250306","NY029028436A_depths","tsv"
"/home/dthill/seq-diversity/data/genomewide_depth//20250306NY051032328A_depths.tsv",431.560328719723,"20250306","NY051032328A_depths","tsv"
"/home/dthill/seq-diversity/data/genomewide_depth//20250306NY055021610A_depths.tsv",116.014941176471,"20250306","NY055021610A_depths","tsv"
"/home/dthill/seq-diversity/data/genomewide_depth//20250306NY057020290A_depths.tsv",201.277242214533,"20250306","NY057020290A_depths","tsv"
"/home/dthill/seq-diversity/data/genomewide_depth//20250306NY059026620A_depths.tsv",331.376698961938,"20250306","NY059026620A_depths","tsv"
"/home/dthill/seq-diversity/data/genomewide_depth//20250306NY059026841A_depths.tsv",83.205892733564,"20250306","NY059026841A_depths","tsv"
"/home/dthill/seq-diversity/data/genomewide_depth//20250306NY059026999A_depths.tsv",34.1831660899654,"20250306","NY059026999A_depths","tsv"
"/home/dthill/seq-diversity/data/genomewide_depth//20250306NY065025780B_depths.tsv",232.831813148789,"20250306","NY065025780B_depths","tsv"
"/home/dthill/seq-diversity/data/genomewide_depth//20250306NY065025780C_depths.tsv",161.475238754325,"20250306","NY065025780C_depths","tsv"
"/home/dthill/seq-diversity/data/genomewide_depth//20250306NY077031151A_depths.tsv",112.666148788927,"20250306","NY077031151A_depths","tsv"
"/home/dthill/seq-diversity/data/genomewide_depth//20250306NY099033308A_depths.tsv",1691.71420069204,"20250306","NY099033308A_depths","tsv"
"/home/dthill/seq-diversity/data/genomewide_depth//20250306NY117027171A_depths.tsv",463.51407266436,"20250306","NY117027171A_depths","tsv"
"/home/dthill/seq-diversity/data/genomewide_depth//20250309NY005026191A_depths.tsv",4349.26115224914,"20250309","NY005026191A_depths","tsv"
"/home/dthill/seq-diversity/data/genomewide_depth//20250309NY047026166A_depths.tsv",2704.35519723183,"20250309","NY047026166A_depths","tsv"
"/home/dthill/seq-diversity/data/genomewide_depth//20250309NY047026182A_depths.tsv",3606.60729065744,"20250309","NY047026182A_depths","tsv"
"/home/dthill/seq-diversity/data/genomewide_depth//20250309NY047026204A_depths.tsv",3840.17069204152,"20250309","NY047026204A_depths","tsv"
"/home/dthill/seq-diversity/data/genomewide_depth//20250309NY047026212A_depths.tsv",5899.77638754325,"20250309","NY047026212A_depths","tsv"
"/home/dthill/seq-diversity/data/genomewide_depth//20250309NY047027073A_depths.tsv",4047.92100346021,"20250309","NY047027073A_depths","tsv"
"/home/dthill/seq-diversity/data/genomewide_depth//20250309NY061026131A_depths.tsv",4428.60376816609,"20250309","NY061026131A_depths","tsv"
"/home/dthill/seq-diversity/data/genomewide_depth//20250309NY061026247A_depths.tsv",3305.81902076125,"20250309","NY061026247A_depths","tsv"
"/home/dthill/seq-diversity/data/genomewide_depth//20250309NY067027081A_depths.tsv",170.66760899654,"20250309","NY067027081A_depths","tsv"
"/home/dthill/seq-diversity/data/genomewide_depth//20250309NY067030317A_depths.tsv",111.775103806228,"20250309","NY067030317A_depths","tsv"
"/home/dthill/seq-diversity/data/genomewide_depth//20250309NY067030571A_depths.tsv",101.923799307958,"20250309","NY067030571A_depths","tsv"
"/home/dthill/seq-diversity/data/genomewide_depth//20250309NY081026115A_depths.tsv",4212.86376816609,"20250309","NY081026115A_depths","tsv"
"/home/dthill/seq-diversity/data/genomewide_depth//20250309NY081026158A_depths.tsv",5380.663,"20250309","NY081026158A_depths","tsv"
"/home/dthill/seq-diversity/data/genomewide_depth//20250309NY081026221A_depths.tsv",5170.96548788927,"20250309","NY081026221A_depths","tsv"
"/home/dthill/seq-diversity/data/genomewide_depth//20250309NY081026239A_depths.tsv",3658.5909100346,"20250309","NY081026239A_depths","tsv"
"/home/dthill/seq-diversity/data/genomewide_depth//20250309NY085026107A_depths.tsv",3280.91338408305,"20250309","NY085026107A_depths","tsv"
"/home/dthill/seq-diversity/data/genomewide_depth//20250309NY085026174A_depths.tsv",2234.45477508651,"20250309","NY085026174A_depths","tsv"
"/home/dthill/seq-diversity/data/genomewide_depth//20250310NY013027961A_depths.tsv",45.7097508650519,"20250310","NY013027961A_depths","tsv"
"/home/dthill/seq-diversity/data/genomewide_depth//20250310NY031021733A_depths.tsv",1272.55277508651,"20250310","NY031021733A_depths","tsv"
"/home/dthill/seq-diversity/data/genomewide_depth//20250310NY063022331A_depths.tsv",171.615027681661,"20250310","NY063022331A_depths","tsv"
"/home/dthill/seq-diversity/data/genomewide_depth//20250310NY063027979A_depths.tsv",58.5594671280277,"20250310","NY063027979A_depths","tsv"
"/home/dthill/seq-diversity/data/genomewide_depth//20250310NY089031194A_depths.tsv",70.8893321799308,"20250310","NY089031194A_depths","tsv"
"/home/dthill/seq-diversity/data/genomewide_depth//20250311NY005026191A_depths.tsv",4080.54482352941,"20250311","NY005026191A_depths","tsv"
"/home/dthill/seq-diversity/data/genomewide_depth//20250311NY007024414B_depths.tsv",304.382076124567,"20250311","NY007024414B_depths","tsv"
"/home/dthill/seq-diversity/data/genomewide_depth//20250311NY007024414C_depths.tsv",470.816204152249,"20250311","NY007024414C_depths","tsv"
"/home/dthill/seq-diversity/data/genomewide_depth//20250311NY007027669A_depths.tsv",172.717612456747,"20250311","NY007027669A_depths","tsv"
"/home/dthill/seq-diversity/data/genomewide_depth//20250311NY019021831A_depths.tsv",83.9037439446367,"20250311","NY019021831A_depths","tsv"
"/home/dthill/seq-diversity/data/genomewide_depth//20250311NY029022136A_depths.tsv",455.856705882353,"20250311","NY029022136A_depths","tsv"
"/home/dthill/seq-diversity/data/genomewide_depth//20250311NY029025950B_depths.tsv",240.599806228374,"20250311","NY029025950B_depths","tsv"
"/home/dthill/seq-diversity/data/genomewide_depth//20250311NY029026395B_depths.tsv",195.590363321799,"20250311","NY029026395B_depths","tsv"
"/home/dthill/seq-diversity/data/genomewide_depth//20250311NY029026395C_depths.tsv",107.656757785467,"20250311","NY029026395C_depths","tsv"
"/home/dthill/seq-diversity/data/genomewide_depth//20250311NY029028436A_depths.tsv",262.274494809689,"20250311","NY029028436A_depths","tsv"
"/home/dthill/seq-diversity/data/genomewide_depth//20250311NY029095401A_depths.tsv",467.576795847751,"20250311","NY029095401A_depths","tsv"
"/home/dthill/seq-diversity/data/genomewide_depth//20250311NY047026166A_depths.tsv",2928.91114186851,"20250311","NY047026166A_depths","tsv"
"/home/dthill/seq-diversity/data/genomewide_depth//20250311NY047026182A_depths.tsv",4404.54184775086,"20250311","NY047026182A_depths","tsv"
"/home/dthill/seq-diversity/data/genomewide_depth//20250311NY047026204A_depths.tsv",3735.05071626298,"20250311","NY047026204A_depths","tsv"
"/home/dthill/seq-diversity/data/genomewide_depth//20250311NY047026212A_depths.tsv",5615.26670242215,"20250311","NY047026212A_depths","tsv"
"/home/dthill/seq-diversity/data/genomewide_depth//20250311NY047027073A_depths.tsv",5451.857816609,"20250311","NY047027073A_depths","tsv"
"/home/dthill/seq-diversity/data/genomewide_depth//20250311NY051024384A_depths.tsv",141.244930795848,"20250311","NY051024384A_depths","tsv"
"/home/dthill/seq-diversity/data/genomewide_depth//20250311NY053021539A_depths.tsv",105.320186851211,"20250311","NY053021539A_depths","tsv"
"/home/dthill/seq-diversity/data/genomewide_depth//20250311NY055021610A_depths.tsv",78.8844429065744,"20250311","NY055021610A_depths","tsv"
"/home/dthill/seq-diversity/data/genomewide_depth//20250311NY055028339A_depths.tsv",56.8386124567474,"20250311","NY055028339A_depths","tsv"
"/home/dthill/seq-diversity/data/genomewide_depth//20250311NY061026131A_depths.tsv",4410.40104152249,"20250311","NY061026131A_depths","tsv"
"/home/dthill/seq-diversity/data/genomewide_depth//20250311NY061026247A_depths.tsv",3600.32697577855,"20250311","NY061026247A_depths","tsv"
"/home/dthill/seq-diversity/data/genomewide_depth//20250311NY073024678A_depths.tsv",133.766193771626,"20250311","NY073024678A_depths","tsv"
"/home/dthill/seq-diversity/data/genomewide_depth//20250311NY081026115A_depths.tsv",4543.01424221453,"20250311","NY081026115A_depths","tsv"
"/home/dthill/seq-diversity/data/genomewide_depth//20250311NY081026158A_depths.tsv",2563.36387889273,"20250311","NY081026158A_depths","tsv"
"/home/dthill/seq-diversity/data/genomewide_depth//20250311NY081026221A_depths.tsv",4958.28040484429,"20250311","NY081026221A_depths","tsv"
"/home/dthill/seq-diversity/data/genomewide_depth//20250311NY081026239A_depths.tsv",4189.84946712803,"20250311","NY081026239A_depths","tsv"
"/home/dthill/seq-diversity/data/genomewide_depth//20250311NY085026107A_depths.tsv",4897.43142560554,"20250311","NY085026107A_depths","tsv"
"/home/dthill/seq-diversity/data/genomewide_depth//20250311NY085026174A_depths.tsv",2157.69123529412,"20250311","NY085026174A_depths","tsv"
"/home/dthill/seq-diversity/data/genomewide_depth//20250311NY099022365A_depths.tsv",319.594512110727,"20250311","NY099022365A_depths","tsv"
"/home/dthill/seq-diversity/data/genomewide_depth//20250311NY117029475A_depths.tsv",50.2030795847751,"20250311","NY117029475A_depths","tsv"
"/home/dthill/seq-diversity/data/genomewide_depth//20250311NY121021504A_depths.tsv",40.1892837370242,"20250311","NY121021504A_depths","tsv"
"/home/dthill/seq-diversity/data/genomewide_depth//20250312NY007027669A_depths.tsv",510.519899653979,"20250312","NY007027669A_depths","tsv"
"/home/dthill/seq-diversity/data/genomewide_depth//20250312NY013027961A_depths.tsv",88.7003529411765,"20250312","NY013027961A_depths","tsv"
"/home/dthill/seq-diversity/data/genomewide_depth//20250312NY025029271A_depths.tsv",569.471719723183,"20250312","NY025029271A_depths","tsv"
"/home/dthill/seq-diversity/data/genomewide_depth//20250312NY031021733A_depths.tsv",117.036737024221,"20250312","NY031021733A_depths","tsv"
"/home/dthill/seq-diversity/data/genomewide_depth//20250312NY031036706A_depths.tsv",317.33978200692,"20250312","NY031036706A_depths","tsv"
"/home/dthill/seq-diversity/data/genomewide_depth//20250312NY051024449A_depths.tsv",290.246844290657,"20250312","NY051024449A_depths","tsv"
"/home/dthill/seq-diversity/data/genomewide_depth//20250312NY055026794A_depths.tsv",2002.66715916955,"20250312","NY055026794A_depths","tsv"
"/home/dthill/seq-diversity/data/genomewide_depth//20250312NY063027774A_depths.tsv",237.070889273356,"20250312","NY063027774A_depths","tsv"
"/home/dthill/seq-diversity/data/genomewide_depth//20250312NY089031194A_depths.tsv",71.5899723183391,"20250312","NY089031194A_depths","tsv"
"/home/dthill/seq-diversity/data/genomewide_depth//20250312NY107029262A_depths.tsv",445.680591695502,"20250312","NY107029262A_depths","tsv"
"/home/dthill/seq-diversity/data/genomewide_depth//20250312NY123029726A_depths.tsv",32.3689930795848,"20250312","NY123029726A_depths","tsv"
"/home/dthill/seq-diversity/data/genomewide_depth//20250313NY007024414B_depths.tsv",175.690602076125,"20250313","NY007024414B_depths","tsv"
"/home/dthill/seq-diversity/data/genomewide_depth//20250313NY007024414C_depths.tsv",187.879044982699,"20250313","NY007024414C_depths","tsv"
"/home/dthill/seq-diversity/data/genomewide_depth//20250313NY011021903A_depths.tsv",190.784910034602,"20250313","NY011021903A_depths","tsv"
"/home/dthill/seq-diversity/data/genomewide_depth//20250313NY025026531A_depths.tsv",100.951228373702,"20250313","NY025026531A_depths","tsv"
"/home/dthill/seq-diversity/data/genomewide_depth//20250313NY029028410A_depths.tsv",441.569186851211,"20250313","NY029028410A_depths","tsv"
"/home/dthill/seq-diversity/data/genomewide_depth//20250313NY029032093A_depths.tsv",415.211152249135,"20250313","NY029032093A_depths","tsv"
"/home/dthill/seq-diversity/data/genomewide_depth//20250313NY051032328A_depths.tsv",1771.77291349481,"20250313","NY051032328A_depths","tsv"
"/home/dthill/seq-diversity/data/genomewide_depth//20250313NY065036790A_depths.tsv",258.749515570934,"20250313","NY065036790A_depths","tsv"
"/home/dthill/seq-diversity/data/genomewide_depth//20250313NY099033308A_depths.tsv",470.660968858131,"20250313","NY099033308A_depths","tsv"
"/home/dthill/seq-diversity/data/genomewide_depth//20250313NY103104809A_depths.tsv",393.908228373702,"20250313","NY103104809A_depths","tsv"
"/home/dthill/seq-diversity/data/genomewide_depth//20250313NY117027171A_depths.tsv",132.490688581315,"20250313","NY117027171A_depths","tsv"
"/home/dthill/seq-diversity/data/genomewide_depth//20250316NY005026191A_depths.tsv",274.479387543253,"20250316","NY005026191A_depths","tsv"
"/home/dthill/seq-diversity/data/genomewide_depth//20250316NY047026166A_depths.tsv",439.556910034602,"20250316","NY047026166A_depths","tsv"
"/home/dthill/seq-diversity/data/genomewide_depth//20250316NY047026204A_depths.tsv",214.530678200692,"20250316","NY047026204A_depths","tsv"
"/home/dthill/seq-diversity/data/genomewide_depth//20250316NY047026212A_depths.tsv",205.70437716263,"20250316","NY047026212A_depths","tsv"
"/home/dthill/seq-diversity/data/genomewide_depth//20250316NY055028339A_depths.tsv",71.6834636678201,"20250316","NY055028339A_depths","tsv"
"/home/dthill/seq-diversity/data/genomewide_depth//20250316NY061026131A_depths.tsv",729.838328719723,"20250316","NY061026131A_depths","tsv"
"/home/dthill/seq-diversity/data/genomewide_depth//20250316NY061026247A_depths.tsv",184.123757785467,"20250316","NY061026247A_depths","tsv"
"/home/dthill/seq-diversity/data/genomewide_depth//20250316NY067027723A_depths.tsv",77.7640415224914,"20250316","NY067027723A_depths","tsv"
"/home/dthill/seq-diversity/data/genomewide_depth//20250316NY067030571A_depths.tsv",45.0005121107266,"20250316","NY067030571A_depths","tsv"
"/home/dthill/seq-diversity/data/genomewide_depth//20250316NY081026115A_depths.tsv",190.931941176471,"20250316","NY081026115A_depths","tsv"
"/home/dthill/seq-diversity/data/genomewide_depth//20250316NY081026221A_depths.tsv",440.581200692042,"20250316","NY081026221A_depths","tsv"
"/home/dthill/seq-diversity/data/genomewide_depth//20250316NY081026239A_depths.tsv",551.70614532872,"20250316","NY081026239A_depths","tsv"
"/home/dthill/seq-diversity/data/genomewide_depth//20250316NY085026107A_depths.tsv",455.383788927336,"20250316","NY085026107A_depths","tsv"
"/home/dthill/seq-diversity/data/genomewide_depth//20250316NY085026174A_depths.tsv",615.229809688581,"20250316","NY085026174A_depths","tsv"
"/home/dthill/seq-diversity/data/genomewide_depth//20250317NY013027961A_depths.tsv",34.8605916955017,"20250317","NY013027961A_depths","tsv"
"/home/dthill/seq-diversity/data/genomewide_depth//20250317NY055028231A_depths.tsv",101.922906574394,"20250317","NY055028231A_depths","tsv"
"/home/dthill/seq-diversity/data/genomewide_depth//20250317NY059026450A_depths.tsv",41.9271280276817,"20250317","NY059026450A_depths","tsv"
"/home/dthill/seq-diversity/data/genomewide_depth//20250317NY059026859A_depths.tsv",3048.95831141869,"20250317","NY059026859A_depths","tsv"
"/home/dthill/seq-diversity/data/genomewide_depth//20250317NY065025780B_depths.tsv",85.7519896193772,"20250317","NY065025780B_depths","tsv"
"/home/dthill/seq-diversity/data/genomewide_depth//20250317NY065025780C_depths.tsv",124.089878892734,"20250317","NY065025780C_depths","tsv"
"/home/dthill/seq-diversity/data/genomewide_depth//20250317NY065030864A_depths.tsv",67.6342595155709,"20250317","NY065030864A_depths","tsv"
"/home/dthill/seq-diversity/data/genomewide_depth//20250317NY069025968A_depths.tsv",89.9633356401384,"20250317","NY069025968A_depths","tsv"
"/home/dthill/seq-diversity/data/genomewide_depth//20250318NY005026191A_depths.tsv",333.338003460208,"20250318","NY005026191A_depths","tsv"
"/home/dthill/seq-diversity/data/genomewide_depth//20250318NY007024414B_depths.tsv",134.382058823529,"20250318","NY007024414B_depths","tsv"
"/home/dthill/seq-diversity/data/genomewide_depth//20250318NY007024414C_depths.tsv",139.860460207612,"20250318","NY007024414C_depths","tsv"
"/home/dthill/seq-diversity/data/genomewide_depth//20250318NY019023949A_depths.tsv",71.414,"20250318","NY019023949A_depths","tsv"
"/home/dthill/seq-diversity/data/genomewide_depth//20250318NY023027561A_depths.tsv",257.285373702422,"20250318","NY023027561A_depths","tsv"
"/home/dthill/seq-diversity/data/genomewide_depth//20250318NY029022136A_depths.tsv",312.857612456747,"20250318","NY029022136A_depths","tsv"
"/home/dthill/seq-diversity/data/genomewide_depth//20250318NY029025950B_depths.tsv",378.67501384083,"20250318","NY029025950B_depths","tsv"
"/home/dthill/seq-diversity/data/genomewide_depth//20250318NY029026395B_depths.tsv",85.8064498269896,"20250318","NY029026395B_depths","tsv"
"/home/dthill/seq-diversity/data/genomewide_depth//20250318NY029026395C_depths.tsv",689.001761245675,"20250318","NY029026395C_depths","tsv"
"/home/dthill/seq-diversity/data/genomewide_depth//20250318NY029028410A_depths.tsv",634.741183391003,"20250318","NY029028410A_depths","tsv"
"/home/dthill/seq-diversity/data/genomewide_depth//20250318NY029028436A_depths.tsv",419.798920415225,"20250318","NY029028436A_depths","tsv"
"/home/dthill/seq-diversity/data/genomewide_depth//20250318NY029095401A_depths.tsv",303.562287197232,"20250318","NY029095401A_depths","tsv"
"/home/dthill/seq-diversity/data/genomewide_depth//20250318NY037030546A_depths.tsv",51.8566228373702,"20250318","NY037030546A_depths","tsv"
"/home/dthill/seq-diversity/data/genomewide_depth//20250318NY045025984A_depths.tsv",165.920871972318,"20250318","NY045025984A_depths","tsv"
"/home/dthill/seq-diversity/data/genomewide_depth//20250318NY047026182A_depths.tsv",371.616505190311,"20250318","NY047026182A_depths","tsv"
"/home/dthill/seq-diversity/data/genomewide_depth//20250318NY047026204A_depths.tsv",289.078166089965,"20250318","NY047026204A_depths","tsv"
"/home/dthill/seq-diversity/data/genomewide_depth//20250318NY047026212A_depths.tsv",202.682048442907,"20250318","NY047026212A_depths","tsv"
"/home/dthill/seq-diversity/data/genomewide_depth//20250318NY047027073A_depths.tsv",259.940539792388,"20250318","NY047027073A_depths","tsv"
"/home/dthill/seq-diversity/data/genomewide_depth//20250318NY051030635A_depths.tsv",79.8776885813149,"20250318","NY051030635A_depths","tsv"
"/home/dthill/seq-diversity/data/genomewide_depth//20250318NY055021610A_depths.tsv",101.875726643599,"20250318","NY055021610A_depths","tsv"
"/home/dthill/seq-diversity/data/genomewide_depth//20250318NY055028339A_depths.tsv",387.588747404844,"20250318","NY055028339A_depths","tsv"
"/home/dthill/seq-diversity/data/genomewide_depth//20250318NY059026620A_depths.tsv",1256.79746712803,"20250318","NY059026620A_depths","tsv"
"/home/dthill/seq-diversity/data/genomewide_depth//20250318NY059026841A_depths.tsv",60.2150311418685,"20250318","NY059026841A_depths","tsv"
"/home/dthill/seq-diversity/data/genomewide_depth//20250318NY061026131A_depths.tsv",279.088605536332,"20250318","NY061026131A_depths","tsv"
"/home/dthill/seq-diversity/data/genomewide_depth//20250318NY073024678A_depths.tsv",65.4236089965398,"20250318","NY073024678A_depths","tsv"
"/home/dthill/seq-diversity/data/genomewide_depth//20250318NY075029106A_depths.tsv",298.633179930796,"20250318","NY075029106A_depths","tsv"
"/home/dthill/seq-diversity/data/genomewide_depth//20250318NY081026115A_depths.tsv",300.686228373702,"20250318","NY081026115A_depths","tsv"
"/home/dthill/seq-diversity/data/genomewide_depth//20250318NY081026158A_depths.tsv",299.288851211073,"20250318","NY081026158A_depths","tsv"
"/home/dthill/seq-diversity/data/genomewide_depth//20250318NY081026221A_depths.tsv",370.848186851211,"20250318","NY081026221A_depths","tsv"
"/home/dthill/seq-diversity/data/genomewide_depth//20250318NY081026239A_depths.tsv",329.478262975779,"20250318","NY081026239A_depths","tsv"
"/home/dthill/seq-diversity/data/genomewide_depth//20250318NY085026107A_depths.tsv",179.562968858131,"20250318","NY085026107A_depths","tsv"
"/home/dthill/seq-diversity/data/genomewide_depth//20250318NY085026174A_depths.tsv",403.967806228374,"20250318","NY085026174A_depths","tsv"
"/home/dthill/seq-diversity/data/genomewide_depth//20250318NY099022365A_depths.tsv",493.38146366782,"20250318","NY099022365A_depths","tsv"
"/home/dthill/seq-diversity/data/genomewide_depth//20250318NY103104809A_depths.tsv",44.0619757785467,"20250318","NY103104809A_depths","tsv"
"/home/dthill/seq-diversity/data/genomewide_depth//20250318NY103206644A_depths.tsv",83.0798235294118,"20250318","NY103206644A_depths","tsv"
"/home/dthill/seq-diversity/data/genomewide_depth//20250318NY117029475A_depths.tsv",139.497968858131,"20250318","NY117029475A_depths","tsv"
"/home/dthill/seq-diversity/data/genomewide_depth//20250318NY121021504A_depths.tsv",725.368709342561,"20250318","NY121021504A_depths","tsv"
"/home/dthill/seq-diversity/data/genomewide_depth//20250319NY007027669A_depths.tsv",390.548276816609,"20250319","NY007027669A_depths","tsv"
"/home/dthill/seq-diversity/data/genomewide_depth//20250319NY013027961A_depths.tsv",202.915892733564,"20250319","NY013027961A_depths","tsv"
"/home/dthill/seq-diversity/data/genomewide_depth//20250319NY013106895A_depths.tsv",52.7612006920415,"20250319","NY013106895A_depths","tsv"
"/home/dthill/seq-diversity/data/genomewide_depth//20250319NY025029271A_depths.tsv",34.3156955017301,"20250319","NY025029271A_depths","tsv"
"/home/dthill/seq-diversity/data/genomewide_depth//20250319NY055026794A_depths.tsv",361.033788927336,"20250319","NY055026794A_depths","tsv"
"/home/dthill/seq-diversity/data/genomewide_depth//20250319NY059026859A_depths.tsv",203.340588235294,"20250319","NY059026859A_depths","tsv"
"/home/dthill/seq-diversity/data/genomewide_depth//20250319NY063027774A_depths.tsv",809.450024221453,"20250319","NY063027774A_depths","tsv"
"/home/dthill/seq-diversity/data/genomewide_depth//20250319NY075029114A_depths.tsv",465.942314878893,"20250319","NY075029114A_depths","tsv"
"/home/dthill/seq-diversity/data/genomewide_depth//20250319NY107029262A_depths.tsv",168.441200692042,"20250319","NY107029262A_depths","tsv"
"/home/dthill/seq-diversity/data/genomewide_depth//20250320NY007024414C_depths.tsv",201.213775086505,"20250320","NY007024414C_depths","tsv"
"/home/dthill/seq-diversity/data/genomewide_depth//20250320NY007027669A_depths.tsv",251.85023183391,"20250320","NY007027669A_depths","tsv"
"/home/dthill/seq-diversity/data/genomewide_depth//20250320NY023027561A_depths.tsv",1131.0689550173,"20250320","NY023027561A_depths","tsv"
"/home/dthill/seq-diversity/data/genomewide_depth//20250320NY029022543A_depths.tsv",166.523010380623,"20250320","NY029022543A_depths","tsv"
"/home/dthill/seq-diversity/data/genomewide_depth//20250320NY029032093A_depths.tsv",158.978823529412,"20250320","NY029032093A_depths","tsv"
"/home/dthill/seq-diversity/data/genomewide_depth//20250320NY051032328A_depths.tsv",161.956975778547,"20250320","NY051032328A_depths","tsv"
"/home/dthill/seq-diversity/data/genomewide_depth//20250320NY055021610A_depths.tsv",570.710885813149,"20250320","NY055021610A_depths","tsv"
"/home/dthill/seq-diversity/data/genomewide_depth//20250320NY059026450A_depths.tsv",46.6518339100346,"20250320","NY059026450A_depths","tsv"
"/home/dthill/seq-diversity/data/genomewide_depth//20250320NY059026778A_depths.tsv",47.1263529411765,"20250320","NY059026778A_depths","tsv"
"/home/dthill/seq-diversity/data/genomewide_depth//20250320NY059026841A_depths.tsv",65.3113737024221,"20250320","NY059026841A_depths","tsv"
"/home/dthill/seq-diversity/data/genomewide_depth//20250320NY059026999A_depths.tsv",55.1832387543253,"20250320","NY059026999A_depths","tsv"
"/home/dthill/seq-diversity/data/genomewide_depth//20250320NY065036790A_depths.tsv",379.216865051903,"20250320","NY065036790A_depths","tsv"
"/home/dthill/seq-diversity/data/genomewide_depth//20250320NY069023531A_depths.tsv",53.9075190311419,"20250320","NY069023531A_depths","tsv"
"/home/dthill/seq-diversity/data/genomewide_depth//20250320NY103104809A_depths.tsv",146.301871972318,"20250320","NY103104809A_depths","tsv"
"/home/dthill/seq-diversity/data/genomewide_depth//20250320NY117027171A_depths.tsv",345.706346020761,"20250320","NY117027171A_depths","tsv"
"/home/dthill/seq-diversity/data/genomewide_depth//20250323NY005026191A_depths.tsv",822.704712802768,"20250323","NY005026191A_depths","tsv"
"/home/dthill/seq-diversity/data/genomewide_depth//20250323NY047026182A_depths.tsv",1195.6302733564,"20250323","NY047026182A_depths","tsv"
"/home/dthill/seq-diversity/data/genomewide_depth//20250323NY047026204A_depths.tsv",1260.30374048443,"20250323","NY047026204A_depths","tsv"
"/home/dthill/seq-diversity/data/genomewide_depth//20250323NY047026212A_depths.tsv",2324.05079584775,"20250323","NY047026212A_depths","tsv"
"/home/dthill/seq-diversity/data/genomewide_depth//20250323NY047027073A_depths.tsv",2240.25907958478,"20250323","NY047027073A_depths","tsv"
"/home/dthill/seq-diversity/data/genomewide_depth//20250323NY055028339A_depths.tsv",87.3848719723183,"20250323","NY055028339A_depths","tsv"
"/home/dthill/seq-diversity/data/genomewide_depth//20250323NY061026131A_depths.tsv",1801.11153633218,"20250323","NY061026131A_depths","tsv"
"/home/dthill/seq-diversity/data/genomewide_depth//20250323NY061026247A_depths.tsv",670.587640138408,"20250323","NY061026247A_depths","tsv"
"/home/dthill/seq-diversity/data/genomewide_depth//20250323NY067027081A_depths.tsv",654.090955017301,"20250323","NY067027081A_depths","tsv"
"/home/dthill/seq-diversity/data/genomewide_depth//20250323NY067030317A_depths.tsv",47.8659861591696,"20250323","NY067030317A_depths","tsv"
"/home/dthill/seq-diversity/data/genomewide_depth//20250323NY081026115A_depths.tsv",933.724989619377,"20250323","NY081026115A_depths","tsv"
"/home/dthill/seq-diversity/data/genomewide_depth//20250323NY081026158A_depths.tsv",985.041640138408,"20250323","NY081026158A_depths","tsv"
"/home/dthill/seq-diversity/data/genomewide_depth//20250323NY081026221A_depths.tsv",3012.37575086505,"20250323","NY081026221A_depths","tsv"
"/home/dthill/seq-diversity/data/genomewide_depth//20250323NY081026239A_depths.tsv",2089.39463321799,"20250323","NY081026239A_depths","tsv"
"/home/dthill/seq-diversity/data/genomewide_depth//20250323NY085026107A_depths.tsv",754.370712802768,"20250323","NY085026107A_depths","tsv"
"/home/dthill/seq-diversity/data/genomewide_depth//20250323NY085026174A_depths.tsv",712.562498269896,"20250323","NY085026174A_depths","tsv"
"/home/dthill/seq-diversity/data/genomewide_depth//20250324NY023027561A_depths.tsv",339.905152249135,"20250324","NY023027561A_depths","tsv"
"/home/dthill/seq-diversity/data/genomewide_depth//20250324NY029028436A_depths.tsv",146.811107266436,"20250324","NY029028436A_depths","tsv"
"/home/dthill/seq-diversity/data/genomewide_depth//20250324NY055028231A_depths.tsv",150.984394463668,"20250324","NY055028231A_depths","tsv"
"/home/dthill/seq-diversity/data/genomewide_depth//20250324NY059026778A_depths.tsv",49.5828166089965,"20250324","NY059026778A_depths","tsv"
"/home/dthill/seq-diversity/data/genomewide_depth//20250324NY063022331A_depths.tsv",731.962121107266,"20250324","NY063022331A_depths","tsv"
"/home/dthill/seq-diversity/data/genomewide_depth//20250324NY063027057A_depths.tsv",274.445685121107,"20250324","NY063027057A_depths","tsv"
"/home/dthill/seq-diversity/data/genomewide_depth//20250324NY063027979A_depths.tsv",252.215280276817,"20250324","NY063027979A_depths","tsv"
"/home/dthill/seq-diversity/data/genomewide_depth//20250325NY005026191A_depths.tsv",1182.97096885813,"20250325","NY005026191A_depths","tsv"
"/home/dthill/seq-diversity/data/genomewide_depth//20250325NY011021903A_depths.tsv",51.2812906574394,"20250325","NY011021903A_depths","tsv"
"/home/dthill/seq-diversity/data/genomewide_depth//20250325NY013021334A_depths.tsv",110.067899653979,"20250325","NY013021334A_depths","tsv"
"/home/dthill/seq-diversity/data/genomewide_depth//20250325NY029022136A_depths.tsv",436.250138408305,"20250325","NY029022136A_depths","tsv"
"/home/dthill/seq-diversity/data/genomewide_depth//20250325NY029022543A_depths.tsv",442.198100346021,"20250325","NY029022543A_depths","tsv"
"/home/dthill/seq-diversity/data/genomewide_depth//20250325NY029025950B_depths.tsv",776.070591695502,"20250325","NY029025950B_depths","tsv"
"/home/dthill/seq-diversity/data/genomewide_depth//20250325NY029026395B_depths.tsv",354.174615916955,"20250325","NY029026395B_depths","tsv"
"/home/dthill/seq-diversity/data/genomewide_depth//20250325NY029026395C_depths.tsv",411.922124567474,"20250325","NY029026395C_depths","tsv"
"/home/dthill/seq-diversity/data/genomewide_depth//20250325NY029028410A_depths.tsv",111.246276816609,"20250325","NY029028410A_depths","tsv"
"/home/dthill/seq-diversity/data/genomewide_depth//20250325NY029095401A_depths.tsv",232.439394463668,"20250325","NY029095401A_depths","tsv"
"/home/dthill/seq-diversity/data/genomewide_depth//20250325NY045025984B_depths.tsv",54.7134775086505,"20250325","NY045025984B_depths","tsv"
"/home/dthill/seq-diversity/data/genomewide_depth//20250325NY047026166A_depths.tsv",697.922079584775,"20250325","NY047026166A_depths","tsv"
"/home/dthill/seq-diversity/data/genomewide_depth//20250325NY047026182A_depths.tsv",1379.32941522491,"20250325","NY047026182A_depths","tsv"
"/home/dthill/seq-diversity/data/genomewide_depth//20250325NY047026204A_depths.tsv",1375.17946020761,"20250325","NY047026204A_depths","tsv"
"/home/dthill/seq-diversity/data/genomewide_depth//20250325NY047026212A_depths.tsv",1304.83733217993,"20250325","NY047026212A_depths","tsv"
"/home/dthill/seq-diversity/data/genomewide_depth//20250325NY047027073A_depths.tsv",750.523564013841,"20250325","NY047027073A_depths","tsv"
"/home/dthill/seq-diversity/data/genomewide_depth//20250325NY051024384A_depths.tsv",77.6316539792387,"20250325","NY051024384A_depths","tsv"
"/home/dthill/seq-diversity/data/genomewide_depth//20250325NY051030635A_depths.tsv",224.126640138408,"20250325","NY051030635A_depths","tsv"
"/home/dthill/seq-diversity/data/genomewide_depth//20250325NY053021539A_depths.tsv",1622.28830795848,"20250325","NY053021539A_depths","tsv"
"/home/dthill/seq-diversity/data/genomewide_depth//20250325NY055021610A_depths.tsv",165.223968858131,"20250325","NY055021610A_depths","tsv"
"/home/dthill/seq-diversity/data/genomewide_depth//20250325NY059026620A_depths.tsv",624.99862283737,"20250325","NY059026620A_depths","tsv"
"/home/dthill/seq-diversity/data/genomewide_depth//20250325NY061026131A_depths.tsv",1676.33228719723,"20250325","NY061026131A_depths","tsv"
"/home/dthill/seq-diversity/data/genomewide_depth//20250325NY061026247A_depths.tsv",1314.72308304498,"20250325","NY061026247A_depths","tsv"
"/home/dthill/seq-diversity/data/genomewide_depth//20250325NY065022110A_depths.tsv",348.346297577855,"20250325","NY065022110A_depths","tsv"
"/home/dthill/seq-diversity/data/genomewide_depth//20250325NY075029106A_depths.tsv",179.294446366782,"20250325","NY075029106A_depths","tsv"
"/home/dthill/seq-diversity/data/genomewide_depth//20250325NY075029114A_depths.tsv",79.4926712802768,"20250325","NY075029114A_depths","tsv"
"/home/dthill/seq-diversity/data/genomewide_depth//20250325NY081026115A_depths.tsv",1650.37374394464,"20250325","NY081026115A_depths","tsv"
"/home/dthill/seq-diversity/data/genomewide_depth//20250325NY081026158A_depths.tsv",1447.27559515571,"20250325","NY081026158A_depths","tsv"
"/home/dthill/seq-diversity/data/genomewide_depth//20250325NY081026221A_depths.tsv",2660.43008304498,"20250325","NY081026221A_depths","tsv"
"/home/dthill/seq-diversity/data/genomewide_depth//20250325NY081026239A_depths.tsv",2870.38814878893,"20250325","NY081026239A_depths","tsv"
"/home/dthill/seq-diversity/data/genomewide_depth//20250325NY083087971A_depths.tsv",225.095916955017,"20250325","NY083087971A_depths","tsv"
"/home/dthill/seq-diversity/data/genomewide_depth//20250325NY085026107A_depths.tsv",943.579771626298,"20250325","NY085026107A_depths","tsv"
"/home/dthill/seq-diversity/data/genomewide_depth//20250325NY085026174A_depths.tsv",964.271539792388,"20250325","NY085026174A_depths","tsv"
"/home/dthill/seq-diversity/data/genomewide_depth//20250325NY099022365A_depths.tsv",310.86175432526,"20250325","NY099022365A_depths","tsv"
"/home/dthill/seq-diversity/data/genomewide_depth//20250325NY103024881A_depths.tsv",823.553190311419,"20250325","NY103024881A_depths","tsv"
"/home/dthill/seq-diversity/data/genomewide_depth//20250325NY103206644A_depths.tsv",97.3029965397924,"20250325","NY103206644A_depths","tsv"
"/home/dthill/seq-diversity/data/genomewide_depth//20250325NY113094366A_depths.tsv",280.721771626298,"20250325","NY113094366A_depths","tsv"
"/home/dthill/seq-diversity/data/genomewide_depth//20250325NY117029475A_depths.tsv",80.0829584775087,"20250325","NY117029475A_depths","tsv"
"/home/dthill/seq-diversity/data/genomewide_depth//20250326NY001022225A_depths.tsv",271.811560553633,"20250326","NY001022225A_depths","tsv"
"/home/dthill/seq-diversity/data/genomewide_depth//20250326NY001026867A_depths.tsv",310.263737024221,"20250326","NY001026867A_depths","tsv"
"/home/dthill/seq-diversity/data/genomewide_depth//20250326NY001026875A_depths.tsv",112.935505190311,"20250326","NY001026875A_depths","tsv"
"/home/dthill/seq-diversity/data/genomewide_depth//20250326NY013106895A_depths.tsv",150.689529411765,"20250326","NY013106895A_depths","tsv"
"/home/dthill/seq-diversity/data/genomewide_depth//20250326NY025029271A_depths.tsv",39.1190034602076,"20250326","NY025029271A_depths","tsv"
"/home/dthill/seq-diversity/data/genomewide_depth//20250326NY031022969A_depths.tsv",127.800117647059,"20250326","NY031022969A_depths","tsv"
"/home/dthill/seq-diversity/data/genomewide_depth//20250326NY041026484A_depths.tsv",41.2274186851211,"20250326","NY041026484A_depths","tsv"
"/home/dthill/seq-diversity/data/genomewide_depth//20250326NY051024449A_depths.tsv",94.0512941176471,"20250326","NY051024449A_depths","tsv"
"/home/dthill/seq-diversity/data/genomewide_depth//20250326NY055026794A_depths.tsv",1325.67598269896,"20250326","NY055026794A_depths","tsv"
"/home/dthill/seq-diversity/data/genomewide_depth//20250326NY063027774A_depths.tsv",221.898996539792,"20250326","NY063027774A_depths","tsv"
"/home/dthill/seq-diversity/data/genomewide_depth//20250326NY075026301A_depths.tsv",305.718740484429,"20250326","NY075026301A_depths","tsv"
"/home/dthill/seq-diversity/data/genomewide_depth//20250326NY083026034A_depths.tsv",238.869366782007,"20250326","NY083026034A_depths","tsv"
"/home/dthill/seq-diversity/data/genomewide_depth//20250326NY083087971A_depths.tsv",681.278934256055,"20250326","NY083087971A_depths","tsv"
"/home/dthill/seq-diversity/data/genomewide_depth//20250326NY095024201A_depths.tsv",117.634584775087,"20250326","NY095024201A_depths","tsv"
"/home/dthill/seq-diversity/data/genomewide_depth//20250326NY107029262A_depths.tsv",266.503820069204,"20250326","NY107029262A_depths","tsv"
"/home/dthill/seq-diversity/data/genomewide_depth//20250327NY001025739A_depths.tsv",148.634788927336,"20250327","NY001025739A_depths","tsv"
"/home/dthill/seq-diversity/data/genomewide_depth//20250327NY051032328A_depths.tsv",2246.0845017301,"20250327","NY051032328A_depths","tsv"
"/home/dthill/seq-diversity/data/genomewide_depth//20250327NY057020290A_depths.tsv",112.613923875433,"20250327","NY057020290A_depths","tsv"
"/home/dthill/seq-diversity/data/genomewide_depth//20250327NY059020567A_depths.tsv",131.755747404844,"20250327","NY059020567A_depths","tsv"
"/home/dthill/seq-diversity/data/genomewide_depth//20250327NY059026450A_depths.tsv",78.9436851211073,"20250327","NY059026450A_depths","tsv"
"/home/dthill/seq-diversity/data/genomewide_depth//20250327NY059026620A_depths.tsv",4691.15625951557,"20250327","NY059026620A_depths","tsv"
"/home/dthill/seq-diversity/data/genomewide_depth//20250327NY059026778A_depths.tsv",37.050508650519,"20250327","NY059026778A_depths","tsv"
"/home/dthill/seq-diversity/data/genomewide_depth//20250327NY059026841A_depths.tsv",144.622096885813,"20250327","NY059026841A_depths","tsv"
"/home/dthill/seq-diversity/data/genomewide_depth//20250327NY059026999A_depths.tsv",89.711321799308,"20250327","NY059026999A_depths","tsv"
"/home/dthill/seq-diversity/data/genomewide_depth//20250327NY065025780C_depths.tsv",153.228823529412,"20250327","NY065025780C_depths","tsv"
"/home/dthill/seq-diversity/data/genomewide_depth//20250327NY065036790A_depths.tsv",185.472712802768,"20250327","NY065036790A_depths","tsv"
"/home/dthill/seq-diversity/data/genomewide_depth//20250327NY077031151A_depths.tsv",225.002200692042,"20250327","NY077031151A_depths","tsv"
"/home/dthill/seq-diversity/data/genomewide_depth//20250327NY091028240A_depths.tsv",545.437065743945,"20250327","NY091028240A_depths","tsv"
"/home/dthill/seq-diversity/data/genomewide_depth//20250327NY093020516A_depths.tsv",363.667858131488,"20250327","NY093020516A_depths","tsv"
"/home/dthill/seq-diversity/data/genomewide_depth//20250327NY103079324A_depths.tsv",875.656993079585,"20250327","NY103079324A_depths","tsv"
"/home/dthill/seq-diversity/data/genomewide_depth//20250327NY113029050A_depths.tsv",185.30055017301,"20250327","NY113029050A_depths","tsv"
"/home/dthill/seq-diversity/data/genomewide_depth//20250327NY115183695A_depths.tsv",80.7751107266436,"20250327","NY115183695A_depths","tsv"
"/home/dthill/seq-diversity/data/genomewide_depth//20250327NY117027171A_depths.tsv",348.00778200692,"20250327","NY117027171A_depths","tsv"
"/home/dthill/seq-diversity/data/genomewide_depth//20250330NY005026191A_depths.tsv",9357.24819723183,"20250330","NY005026191A_depths","tsv"
"/home/dthill/seq-diversity/data/genomewide_depth//20250330NY047026166A_depths.tsv",2911.97596539792,"20250330","NY047026166A_depths","tsv"
"/home/dthill/seq-diversity/data/genomewide_depth//20250330NY047026182A_depths.tsv",3788.18741522491,"20250330","NY047026182A_depths","tsv"
"/home/dthill/seq-diversity/data/genomewide_depth//20250330NY047026204A_depths.tsv",6963.80822145329,"20250330","NY047026204A_depths","tsv"
"/home/dthill/seq-diversity/data/genomewide_depth//20250330NY047026212A_depths.tsv",2619.60144290657,"20250330","NY047026212A_depths","tsv"
"/home/dthill/seq-diversity/data/genomewide_depth//20250330NY047027073A_depths.tsv",1355.00905190311,"20250330","NY047027073A_depths","tsv"
"/home/dthill/seq-diversity/data/genomewide_depth//20250330NY055028339A_depths.tsv",128.946955017301,"20250330","NY055028339A_depths","tsv"
"/home/dthill/seq-diversity/data/genomewide_depth//20250330NY061026131A_depths.tsv",4416.97315570934,"20250330","NY061026131A_depths","tsv"
"/home/dthill/seq-diversity/data/genomewide_depth//20250330NY061026247A_depths.tsv",7956.93356055363,"20250330","NY061026247A_depths","tsv"
"/home/dthill/seq-diversity/data/genomewide_depth//20250330NY067027081A_depths.tsv",101.045747404844,"20250330","NY067027081A_depths","tsv"
"/home/dthill/seq-diversity/data/genomewide_depth//20250330NY067027596A_depths.tsv",448.32069550173,"20250330","NY067027596A_depths","tsv"
"/home/dthill/seq-diversity/data/genomewide_depth//20250330NY067027618A_depths.tsv",330.130294117647,"20250330","NY067027618A_depths","tsv"
"/home/dthill/seq-diversity/data/genomewide_depth//20250330NY067027723A_depths.tsv",121.23023183391,"20250330","NY067027723A_depths","tsv"
"/home/dthill/seq-diversity/data/genomewide_depth//20250330NY067030317A_depths.tsv",223.463830449827,"20250330","NY067030317A_depths","tsv"
"/home/dthill/seq-diversity/data/genomewide_depth//20250330NY067030571A_depths.tsv",182.49046366782,"20250330","NY067030571A_depths","tsv"
"/home/dthill/seq-diversity/data/genomewide_depth//20250330NY081026115A_depths.tsv",8790.18440138408,"20250330","NY081026115A_depths","tsv"
"/home/dthill/seq-diversity/data/genomewide_depth//20250330NY081026158A_depths.tsv",4434.40538062284,"20250330","NY081026158A_depths","tsv"
"/home/dthill/seq-diversity/data/genomewide_depth//20250330NY081026221A_depths.tsv",4017.1682733564,"20250330","NY081026221A_depths","tsv"
"/home/dthill/seq-diversity/data/genomewide_depth//20250330NY081026239A_depths.tsv",5250.89369550173,"20250330","NY081026239A_depths","tsv"
"/home/dthill/seq-diversity/data/genomewide_depth//20250330NY085026107A_depths.tsv",3608.61633564014,"20250330","NY085026107A_depths","tsv"
"/home/dthill/seq-diversity/data/genomewide_depth//20250330NY085026174A_depths.tsv",2614.9158200692,"20250330","NY085026174A_depths","tsv"
"/home/dthill/seq-diversity/data/genomewide_depth//20250331NY055028231A_depths.tsv",166.198861591696,"20250331","NY055028231A_depths","tsv"
"/home/dthill/seq-diversity/data/genomewide_depth//20250331NY063022331A_depths.tsv",123.188508650519,"20250331","NY063022331A_depths","tsv"
"/home/dthill/seq-diversity/data/genomewide_depth//20250331NY063027057A_depths.tsv",70.8273183391003,"20250331","NY063027057A_depths","tsv"
"/home/dthill/seq-diversity/data/genomewide_depth//20250331NY065025780B_depths.tsv",149.829397923875,"20250331","NY065025780B_depths","tsv"
"/home/dthill/seq-diversity/data/genomewide_depth//20250331NY065025780C_depths.tsv",73.6572041522491,"20250331","NY065025780C_depths","tsv"
"/home/dthill/seq-diversity/data/genomewide_depth//20250331NY065030864A_depths.tsv",197.35930449827,"20250331","NY065030864A_depths","tsv"
"/home/dthill/seq-diversity/data/genomewide_depth//20250331NY113029050A_depths.tsv",64.8351418685121,"20250331","NY113029050A_depths","tsv"
"/home/dthill/seq-diversity/data/genomewide_depth//20250401NY001025739A_depths.tsv",177.284152249135,"20250401","NY001025739A_depths","tsv"
"/home/dthill/seq-diversity/data/genomewide_depth//20250401NY001026867A_depths.tsv",151.185314878893,"20250401","NY001026867A_depths","tsv"
"/home/dthill/seq-diversity/data/genomewide_depth//20250401NY001026875A_depths.tsv",169.236446366782,"20250401","NY001026875A_depths","tsv"
"/home/dthill/seq-diversity/data/genomewide_depth//20250401NY005026191A_depths.tsv",1473.05966435986,"20250401","NY005026191A_depths","tsv"
"/home/dthill/seq-diversity/data/genomewide_depth//20250401NY009027162A_depths.tsv",44.4797785467128,"20250401","NY009027162A_depths","tsv"
"/home/dthill/seq-diversity/data/genomewide_depth//20250401NY013021334A_depths.tsv",55.954847750865,"20250401","NY013021334A_depths","tsv"
"/home/dthill/seq-diversity/data/genomewide_depth//20250401NY013027570A_depths.tsv",365.884131487889,"20250401","NY013027570A_depths","tsv"
"/home/dthill/seq-diversity/data/genomewide_depth//20250401NY019023949A_depths.tsv",43.1259273356401,"20250401","NY019023949A_depths","tsv"
"/home/dthill/seq-diversity/data/genomewide_depth//20250401NY029025950B_depths.tsv",179.798003460208,"20250401","NY029025950B_depths","tsv"
"/home/dthill/seq-diversity/data/genomewide_depth//20250401NY029028436A_depths.tsv",67.9414221453287,"20250401","NY029028436A_depths","tsv"
"/home/dthill/seq-diversity/data/genomewide_depth//20250401NY047026166A_depths.tsv",3188.07460553633,"20250401","NY047026166A_depths","tsv"
"/home/dthill/seq-diversity/data/genomewide_depth//20250401NY047026182A_depths.tsv",1641.88487543253,"20250401","NY047026182A_depths","tsv"
"/home/dthill/seq-diversity/data/genomewide_depth//20250401NY047026204A_depths.tsv",2324.78891695502,"20250401","NY047026204A_depths","tsv"
"/home/dthill/seq-diversity/data/genomewide_depth//20250401NY047026212A_depths.tsv",1825.03357439446,"20250401","NY047026212A_depths","tsv"
"/home/dthill/seq-diversity/data/genomewide_depth//20250401NY047027073A_depths.tsv",4908.55116955017,"20250401","NY047027073A_depths","tsv"
"/home/dthill/seq-diversity/data/genomewide_depth//20250401NY051024384A_depths.tsv",35.7938062283737,"20250401","NY051024384A_depths","tsv"
"/home/dthill/seq-diversity/data/genomewide_depth//20250401NY055028339A_depths.tsv",130.470626297578,"20250401","NY055028339A_depths","tsv"
"/home/dthill/seq-diversity/data/genomewide_depth//20250401NY057020290A_depths.tsv",67.8796539792388,"20250401","NY057020290A_depths","tsv"
"/home/dthill/seq-diversity/data/genomewide_depth//20250401NY061026131A_depths.tsv",4795.47444636678,"20250401","NY061026131A_depths","tsv"
"/home/dthill/seq-diversity/data/genomewide_depth//20250401NY061026247A_depths.tsv",1701.35890657439,"20250401","NY061026247A_depths","tsv"
"/home/dthill/seq-diversity/data/genomewide_depth//20250401NY065022110A_depths.tsv",1106.04494117647,"20250401","NY065022110A_depths","tsv"
"/home/dthill/seq-diversity/data/genomewide_depth//20250401NY081026115A_depths.tsv",2630.94159861592,"20250401","NY081026115A_depths","tsv"
"/home/dthill/seq-diversity/data/genomewide_depth//20250401NY081026221A_depths.tsv",4986.191816609,"20250401","NY081026221A_depths","tsv"
"/home/dthill/seq-diversity/data/genomewide_depth//20250401NY081026239A_depths.tsv",4621.70006920415,"20250401","NY081026239A_depths","tsv"
"/home/dthill/seq-diversity/data/genomewide_depth//20250401NY083087971A_depths.tsv",158.361532871972,"20250401","NY083087971A_depths","tsv"
"/home/dthill/seq-diversity/data/genomewide_depth//20250401NY085026107A_depths.tsv",4045.95107612457,"20250401","NY085026107A_depths","tsv"
"/home/dthill/seq-diversity/data/genomewide_depth//20250401NY085026174A_depths.tsv",2215.52352595156,"20250401","NY085026174A_depths","tsv"
"/home/dthill/seq-diversity/data/genomewide_depth//20250401NY091028240A_depths.tsv",114.918211072664,"20250401","NY091028240A_depths","tsv"
"/home/dthill/seq-diversity/data/genomewide_depth//20250401NY093020516A_depths.tsv",161.139262975779,"20250401","NY093020516A_depths","tsv"
"/home/dthill/seq-diversity/data/genomewide_depth//20250401NY099022365A_depths.tsv",172.803262975779,"20250401","NY099022365A_depths","tsv"
"/home/dthill/seq-diversity/data/genomewide_depth//20250401NY117029475A_depths.tsv",1084.25267474048,"20250401","NY117029475A_depths","tsv"
"/home/dthill/seq-diversity/data/genomewide_depth//20250401NY121021504A_depths.tsv",406.410252595156,"20250401","NY121021504A_depths","tsv"
"/home/dthill/seq-diversity/data/genomewide_depth//20250402NY001022225A_depths.tsv",598.138332179931,"20250402","NY001022225A_depths","tsv"
"/home/dthill/seq-diversity/data/genomewide_depth//20250402NY013106895A_depths.tsv",88.657107266436,"20250402","NY013106895A_depths","tsv"
"/home/dthill/seq-diversity/data/genomewide_depth//20250402NY019022195A_depths.tsv",44.5409861591695,"20250402","NY019022195A_depths","tsv"
"/home/dthill/seq-diversity/data/genomewide_depth//20250402NY031036706A_depths.tsv",55.1002871972318,"20250402","NY031036706A_depths","tsv"
"/home/dthill/seq-diversity/data/genomewide_depth//20250402NY041026484A_depths.tsv",92.6209480968858,"20250402","NY041026484A_depths","tsv"
"/home/dthill/seq-diversity/data/genomewide_depth//20250402NY045025151A_depths.tsv",324.254148788927,"20250402","NY045025151A_depths","tsv"
"/home/dthill/seq-diversity/data/genomewide_depth//20250402NY051024449A_depths.tsv",324.72184083045,"20250402","NY051024449A_depths","tsv"
"/home/dthill/seq-diversity/data/genomewide_depth//20250402NY055026794A_depths.tsv",245.003944636678,"20250402","NY055026794A_depths","tsv"
"/home/dthill/seq-diversity/data/genomewide_depth//20250402NY055028231A_depths.tsv",367.469723183391,"20250402","NY055028231A_depths","tsv"
"/home/dthill/seq-diversity/data/genomewide_depth//20250402NY063030651A_depths.tsv",82.2613287197232,"20250402","NY063030651A_depths","tsv"
"/home/dthill/seq-diversity/data/genomewide_depth//20250402NY083026034A_depths.tsv",335.619245674741,"20250402","NY083026034A_depths","tsv"
"/home/dthill/seq-diversity/data/genomewide_depth//20250402NY095024201A_depths.tsv",217.427134948097,"20250402","NY095024201A_depths","tsv"
"/home/dthill/seq-diversity/data/genomewide_depth//20250403NY017021423A_depths.tsv",31.2736678200692,"20250403","NY017021423A_depths","tsv"
"/home/dthill/seq-diversity/data/genomewide_depth//20250403NY029022543A_depths.tsv",87.103491349481,"20250403","NY029022543A_depths","tsv"
"/home/dthill/seq-diversity/data/genomewide_depth//20250403NY029032093A_depths.tsv",227.922771626298,"20250403","NY029032093A_depths","tsv"
"/home/dthill/seq-diversity/data/genomewide_depth//20250403NY031022969A_depths.tsv",86.4939100346021,"20250403","NY031022969A_depths","tsv"
"/home/dthill/seq-diversity/data/genomewide_depth//20250403NY051032328A_depths.tsv",133.772633217993,"20250403","NY051032328A_depths","tsv"
"/home/dthill/seq-diversity/data/genomewide_depth//20250403NY057020290A_depths.tsv",73.5195813148789,"20250403","NY057020290A_depths","tsv"
"/home/dthill/seq-diversity/data/genomewide_depth//20250403NY065036790A_depths.tsv",262.6656816609,"20250403","NY065036790A_depths","tsv"
"/home/dthill/seq-diversity/data/genomewide_depth//20250403NY077031151A_depths.tsv",35.3198373702422,"20250403","NY077031151A_depths","tsv"
"/home/dthill/seq-diversity/data/genomewide_depth//20250403NY099033308A_depths.tsv",605.871650519031,"20250403","NY099033308A_depths","tsv"
"/home/dthill/seq-diversity/data/genomewide_depth//20250403NY115183695A_depths.tsv",102.724916955017,"20250403","NY115183695A_depths","tsv"
"/home/dthill/seq-diversity/data/genomewide_depth//20250403NY117027171A_depths.tsv",476.624003460208,"20250403","NY117027171A_depths","tsv"
"/home/dthill/seq-diversity/data/genomewide_depth//20250406NY005026191A_depths.tsv",3360.44060899654,"20250406","NY005026191A_depths","tsv"
"/home/dthill/seq-diversity/data/genomewide_depth//20250406NY047026166A_depths.tsv",4141.41427681661,"20250406","NY047026166A_depths","tsv"
"/home/dthill/seq-diversity/data/genomewide_depth//20250406NY047026182A_depths.tsv",3285.16905190311,"20250406","NY047026182A_depths","tsv"
"/home/dthill/seq-diversity/data/genomewide_depth//20250406NY047026204A_depths.tsv",2891.70026643599,"20250406","NY047026204A_depths","tsv"
"/home/dthill/seq-diversity/data/genomewide_depth//20250406NY047026212A_depths.tsv",2758.36797923875,"20250406","NY047026212A_depths","tsv"
"/home/dthill/seq-diversity/data/genomewide_depth//20250406NY047027073A_depths.tsv",3603.22188581315,"20250406","NY047027073A_depths","tsv"
"/home/dthill/seq-diversity/data/genomewide_depth//20250406NY055028339A_depths.tsv",326.651979238754,"20250406","NY055028339A_depths","tsv"
"/home/dthill/seq-diversity/data/genomewide_depth//20250406NY061026131A_depths.tsv",6584.93832179931,"20250406","NY061026131A_depths","tsv"
"/home/dthill/seq-diversity/data/genomewide_depth//20250406NY061026247A_depths.tsv",3584.48618685121,"20250406","NY061026247A_depths","tsv"
"/home/dthill/seq-diversity/data/genomewide_depth//20250406NY081026115A_depths.tsv",2879.85520415225,"20250406","NY081026115A_depths","tsv"
"/home/dthill/seq-diversity/data/genomewide_depth//20250406NY081026158A_depths.tsv",3771.67071626298,"20250406","NY081026158A_depths","tsv"
"/home/dthill/seq-diversity/data/genomewide_depth//20250406NY081026221A_depths.tsv",3018.05604844291,"20250406","NY081026221A_depths","tsv"
"/home/dthill/seq-diversity/data/genomewide_depth//20250406NY081026239A_depths.tsv",4498.78875432526,"20250406","NY081026239A_depths","tsv"
"/home/dthill/seq-diversity/data/genomewide_depth//20250406NY085026107A_depths.tsv",2844.88417301038,"20250406","NY085026107A_depths","tsv"
"/home/dthill/seq-diversity/data/genomewide_depth//20250406NY085026174A_depths.tsv",2718.64162975779,"20250406","NY085026174A_depths","tsv"
"/home/dthill/seq-diversity/data/genomewide_depth//20250407NY055028231A_depths.tsv",405.86930449827,"20250407","NY055028231A_depths","tsv"
"/home/dthill/seq-diversity/data/genomewide_depth//20250407NY065025780B_depths.tsv",338.238166089965,"20250407","NY065025780B_depths","tsv"
"/home/dthill/seq-diversity/data/genomewide_depth//20250407NY065025780C_depths.tsv",222.091581314879,"20250407","NY065025780C_depths","tsv"
"/home/dthill/seq-diversity/data/genomewide_depth//20250408NY001025739A_depths.tsv",208.786124567474,"20250408","NY001025739A_depths","tsv"
"/home/dthill/seq-diversity/data/genomewide_depth//20250408NY001026867A_depths.tsv",65.150401384083,"20250408","NY001026867A_depths","tsv"
"/home/dthill/seq-diversity/data/genomewide_depth//20250408NY005026191A_depths.tsv",3653.93896885813,"20250408","NY005026191A_depths","tsv"
"/home/dthill/seq-diversity/data/genomewide_depth//20250408NY013027570A_depths.tsv",59.8903183391003,"20250408","NY013027570A_depths","tsv"
"/home/dthill/seq-diversity/data/genomewide_depth//20250408NY019025097A_depths.tsv",30.8175190311419,"20250408","NY019025097A_depths","tsv"
"/home/dthill/seq-diversity/data/genomewide_depth//20250408NY029022136A_depths.tsv",107.665865051903,"20250408","NY029022136A_depths","tsv"
"/home/dthill/seq-diversity/data/genomewide_depth//20250408NY029025950B_depths.tsv",145.376723183391,"20250408","NY029025950B_depths","tsv"
"/home/dthill/seq-diversity/data/genomewide_depth//20250408NY029026395B_depths.tsv",246.122598615917,"20250408","NY029026395B_depths","tsv"
"/home/dthill/seq-diversity/data/genomewide_depth//20250408NY029026395C_depths.tsv",159.347356401384,"20250408","NY029026395C_depths","tsv"
"/home/dthill/seq-diversity/data/genomewide_depth//20250408NY029028410A_depths.tsv",343.116065743945,"20250408","NY029028410A_depths","tsv"
"/home/dthill/seq-diversity/data/genomewide_depth//20250408NY029028436A_depths.tsv",76.9676851211073,"20250408","NY029028436A_depths","tsv"
"/home/dthill/seq-diversity/data/genomewide_depth//20250408NY047026166A_depths.tsv",2562.3739100346,"20250408","NY047026166A_depths","tsv"
"/home/dthill/seq-diversity/data/genomewide_depth//20250408NY047026182A_depths.tsv",5604.09726643599,"20250408","NY047026182A_depths","tsv"
"/home/dthill/seq-diversity/data/genomewide_depth//20250408NY047026204A_depths.tsv",6197.47356055363,"20250408","NY047026204A_depths","tsv"
"/home/dthill/seq-diversity/data/genomewide_depth//20250408NY047026212A_depths.tsv",5446.89758131488,"20250408","NY047026212A_depths","tsv"
"/home/dthill/seq-diversity/data/genomewide_depth//20250408NY047027073A_depths.tsv",5926.66719723183,"20250408","NY047027073A_depths","tsv"
"/home/dthill/seq-diversity/data/genomewide_depth//20250408NY051024384A_depths.tsv",160.097833910035,"20250408","NY051024384A_depths","tsv"
"/home/dthill/seq-diversity/data/genomewide_depth//20250408NY051030635A_depths.tsv",524.465186851211,"20250408","NY051030635A_depths","tsv"
"/home/dthill/seq-diversity/data/genomewide_depth//20250408NY057020290A_depths.tsv",273.70584083045,"20250408","NY057020290A_depths","tsv"
"/home/dthill/seq-diversity/data/genomewide_depth//20250408NY061026131A_depths.tsv",11985.6681349481,"20250408","NY061026131A_depths","tsv"
"/home/dthill/seq-diversity/data/genomewide_depth//20250408NY061026247A_depths.tsv",5050.2147266436,"20250408","NY061026247A_depths","tsv"
"/home/dthill/seq-diversity/data/genomewide_depth//20250408NY065022110A_depths.tsv",94.055875432526,"20250408","NY065022110A_depths","tsv"
"/home/dthill/seq-diversity/data/genomewide_depth//20250408NY065030864A_depths.tsv",378.241190311419,"20250408","NY065030864A_depths","tsv"
"/home/dthill/seq-diversity/data/genomewide_depth//20250408NY081026115A_depths.tsv",4057.44146366782,"20250408","NY081026115A_depths","tsv"
"/home/dthill/seq-diversity/data/genomewide_depth//20250408NY081026158A_depths.tsv",4737.21358477509,"20250408","NY081026158A_depths","tsv"
"/home/dthill/seq-diversity/data/genomewide_depth//20250408NY081026221A_depths.tsv",6066.57761245675,"20250408","NY081026221A_depths","tsv"
"/home/dthill/seq-diversity/data/genomewide_depth//20250408NY081026239A_depths.tsv",4807.51288927336,"20250408","NY081026239A_depths","tsv"
"/home/dthill/seq-diversity/data/genomewide_depth//20250408NY083087971A_depths.tsv",135.125027681661,"20250408","NY083087971A_depths","tsv"
"/home/dthill/seq-diversity/data/genomewide_depth//20250408NY085026107A_depths.tsv",5284.50509342561,"20250408","NY085026107A_depths","tsv"
"/home/dthill/seq-diversity/data/genomewide_depth//20250408NY085026174A_depths.tsv",4605.86335640138,"20250408","NY085026174A_depths","tsv"
"/home/dthill/seq-diversity/data/genomewide_depth//20250408NY093020516A_depths.tsv",268.119930795848,"20250408","NY093020516A_depths","tsv"
"/home/dthill/seq-diversity/data/genomewide_depth//20250408NY099022365A_depths.tsv",465.912996539792,"20250408","NY099022365A_depths","tsv"
"/home/dthill/seq-diversity/data/genomewide_depth//20250408NY113094366A_depths.tsv",129.166051903114,"20250408","NY113094366A_depths","tsv"
"/home/dthill/seq-diversity/data/genomewide_depth//20250408NY117029475A_depths.tsv",596.426830449827,"20250408","NY117029475A_depths","tsv"
"/home/dthill/seq-diversity/data/genomewide_depth//20250408NY121021504A_depths.tsv",239.296875432526,"20250408","NY121021504A_depths","tsv"
"/home/dthill/seq-diversity/data/genomewide_depth//20250409NY001022225A_depths.tsv",139.085325259516,"20250409","NY001022225A_depths","tsv"
"/home/dthill/seq-diversity/data/genomewide_depth//20250409NY013027961A_depths.tsv",99.5154117647059,"20250409","NY013027961A_depths","tsv"
"/home/dthill/seq-diversity/data/genomewide_depth//20250409NY019021831A_depths.tsv",120.972266435986,"20250409","NY019021831A_depths","tsv"
"/home/dthill/seq-diversity/data/genomewide_depth//20250409NY019022195A_depths.tsv",33.508491349481,"20250409","NY019022195A_depths","tsv"
"/home/dthill/seq-diversity/data/genomewide_depth//20250409NY031036706A_depths.tsv",176.17598615917,"20250409","NY031036706A_depths","tsv"
"/home/dthill/seq-diversity/data/genomewide_depth//20250409NY041026484A_depths.tsv",216.95884083045,"20250409","NY041026484A_depths","tsv"
"/home/dthill/seq-diversity/data/genomewide_depth//20250409NY043036528A_depths.tsv",141.155792387543,"20250409","NY043036528A_depths","tsv"
"/home/dthill/seq-diversity/data/genomewide_depth//20250409NY045025151A_depths.tsv",257.199186851211,"20250409","NY045025151A_depths","tsv"
"/home/dthill/seq-diversity/data/genomewide_depth//20250409NY051024449A_depths.tsv",801.109134948097,"20250409","NY051024449A_depths","tsv"
"/home/dthill/seq-diversity/data/genomewide_depth//20250409NY075026301A_depths.tsv",116.48024567474,"20250409","NY075026301A_depths","tsv"
"/home/dthill/seq-diversity/data/genomewide_depth//20250409NY083026034A_depths.tsv",307.310128027682,"20250409","NY083026034A_depths","tsv"
"/home/dthill/seq-diversity/data/genomewide_depth//20250409NY107029262A_depths.tsv",35.9702179930796,"20250409","NY107029262A_depths","tsv"
"/home/dthill/seq-diversity/data/genomewide_depth//20250410NY009027162A_depths.tsv",35.7291211072664,"20250410","NY009027162A_depths","tsv"
"/home/dthill/seq-diversity/data/genomewide_depth//20250410NY011021903A_depths.tsv",42.8430553633218,"20250410","NY011021903A_depths","tsv"
"/home/dthill/seq-diversity/data/genomewide_depth//20250410NY023027561A_depths.tsv",181.268294117647,"20250410","NY023027561A_depths","tsv"
"/home/dthill/seq-diversity/data/genomewide_depth//20250410NY033030376A_depths.tsv",1107.29402076125,"20250410","NY033030376A_depths","tsv"
"/home/dthill/seq-diversity/data/genomewide_depth//20250410NY051032328A_depths.tsv",133.913941176471,"20250410","NY051032328A_depths","tsv"
"/home/dthill/seq-diversity/data/genomewide_depth//20250410NY069023531A_depths.tsv",118.671041522491,"20250410","NY069023531A_depths","tsv"
"/home/dthill/seq-diversity/data/genomewide_depth//20250410NY099033308A_depths.tsv",93.3742352941177,"20250410","NY099033308A_depths","tsv"
"/home/dthill/seq-diversity/data/genomewide_depth//20250410NY117027171A_depths.tsv",382.322757785467,"20250410","NY117027171A_depths","tsv"
"/home/dthill/seq-diversity/data/genomewide_depth//20250413NY005026191A_depths.tsv",4365.92705536332,"20250413","NY005026191A_depths","tsv"
"/home/dthill/seq-diversity/data/genomewide_depth//20250413NY047026166A_depths.tsv",2627.54806574394,"20250413","NY047026166A_depths","tsv"
"/home/dthill/seq-diversity/data/genomewide_depth//20250413NY047026182A_depths.tsv",5563.05354325259,"20250413","NY047026182A_depths","tsv"
"/home/dthill/seq-diversity/data/genomewide_depth//20250413NY047026204A_depths.tsv",4172.67827681661,"20250413","NY047026204A_depths","tsv"
"/home/dthill/seq-diversity/data/genomewide_depth//20250413NY047026212A_depths.tsv",1091.09613148789,"20250413","NY047026212A_depths","tsv"
"/home/dthill/seq-diversity/data/genomewide_depth//20250413NY047027073A_depths.tsv",3854.29620415225,"20250413","NY047027073A_depths","tsv"
"/home/dthill/seq-diversity/data/genomewide_depth//20250413NY061026131A_depths.tsv",4021.56765743945,"20250413","NY061026131A_depths","tsv"
"/home/dthill/seq-diversity/data/genomewide_depth//20250413NY061026247A_depths.tsv",3364.96472318339,"20250413","NY061026247A_depths","tsv"
"/home/dthill/seq-diversity/data/genomewide_depth//20250413NY067027081A_depths.tsv",133.44492733564,"20250413","NY067027081A_depths","tsv"
"/home/dthill/seq-diversity/data/genomewide_depth//20250413NY081026115A_depths.tsv",3899.1215432526,"20250413","NY081026115A_depths","tsv"
"/home/dthill/seq-diversity/data/genomewide_depth//20250413NY081026158A_depths.tsv",3195.35807266436,"20250413","NY081026158A_depths","tsv"
"/home/dthill/seq-diversity/data/genomewide_depth//20250413NY081026221A_depths.tsv",3153.17687889273,"20250413","NY081026221A_depths","tsv"
"/home/dthill/seq-diversity/data/genomewide_depth//20250413NY081026239A_depths.tsv",5150.00071972318,"20250413","NY081026239A_depths","tsv"
"/home/dthill/seq-diversity/data/genomewide_depth//20250413NY085026107A_depths.tsv",2970.90634602076,"20250413","NY085026107A_depths","tsv"
"/home/dthill/seq-diversity/data/genomewide_depth//20250413NY085026174A_depths.tsv",3257.86535640138,"20250413","NY085026174A_depths","tsv"
"/home/dthill/seq-diversity/data/genomewide_depth//20250414NY055028231A_depths.tsv",151.759955017301,"20250414","NY055028231A_depths","tsv"
"/home/dthill/seq-diversity/data/genomewide_depth//20250415NY007027669A_depths.tsv",563.522837370242,"20250415","NY007027669A_depths","tsv"
"/home/dthill/seq-diversity/data/genomewide_depth//20250415NY019025097A_depths.tsv",597.011820069204,"20250415","NY019025097A_depths","tsv"
"/home/dthill/seq-diversity/data/genomewide_depth//20250415NY045025984A_depths.tsv",81.2324740484429,"20250415","NY045025984A_depths","tsv"
"/home/dthill/seq-diversity/data/genomewide_depth//20250415NY047026166A_depths.tsv",3400.81691695502,"20250415","NY047026166A_depths","tsv"
"/home/dthill/seq-diversity/data/genomewide_depth//20250415NY047026182A_depths.tsv",4688.82033910035,"20250415","NY047026182A_depths","tsv"
"/home/dthill/seq-diversity/data/genomewide_depth//20250415NY047026212A_depths.tsv",4140.34911072664,"20250415","NY047026212A_depths","tsv"
"/home/dthill/seq-diversity/data/genomewide_depth//20250415NY047027073A_depths.tsv",6525.40139792388,"20250415","NY047027073A_depths","tsv"
"/home/dthill/seq-diversity/data/genomewide_depth//20250415NY055028339A_depths.tsv",479.817903114187,"20250415","NY055028339A_depths","tsv"
"/home/dthill/seq-diversity/data/genomewide_depth//20250415NY061026247A_depths.tsv",3503.06759515571,"20250415","NY061026247A_depths","tsv"
"/home/dthill/seq-diversity/data/genomewide_depth//20250415NY075029114A_depths.tsv",75.6502941176471,"20250415","NY075029114A_depths","tsv"
"/home/dthill/seq-diversity/data/genomewide_depth//20250415NY081026158A_depths.tsv",3669.26946712803,"20250415","NY081026158A_depths","tsv"
"/home/dthill/seq-diversity/data/genomewide_depth//20250415NY081026221A_depths.tsv",8417.25752249135,"20250415","NY081026221A_depths","tsv"
"/home/dthill/seq-diversity/data/genomewide_depth//20250415NY081026239A_depths.tsv",8836.91283391004,"20250415","NY081026239A_depths","tsv"
"/home/dthill/seq-diversity/data/genomewide_depth//20250415NY085026107A_depths.tsv",2360.13185813149,"20250415","NY085026107A_depths","tsv"
"/home/dthill/seq-diversity/data/genomewide_depth//20250415NY085026174A_depths.tsv",5090.95142214533,"20250415","NY085026174A_depths","tsv"
"/home/dthill/seq-diversity/data/genomewide_depth//20250415NY089020818A_depths.tsv",297.47091349481,"20250415","NY089020818A_depths","tsv"
"/home/dthill/seq-diversity/data/genomewide_depth//20250415NY099022365A_depths.tsv",67.4272871972318,"20250415","NY099022365A_depths","tsv"
"/home/dthill/seq-diversity/data/genomewide_depth//20250415NY117029475A_depths.tsv",71.8237785467128,"20250415","NY117029475A_depths","tsv"
"/home/dthill/seq-diversity/data/genomewide_depth//20250415NY121021504A_depths.tsv",58.4926574394464,"20250415","NY121021504A_depths","tsv"
"/home/dthill/seq-diversity/data/genomewide_depth//20250416NY019022195A_depths.tsv",898.635823529412,"20250416","NY019022195A_depths","tsv"
"/home/dthill/seq-diversity/data/genomewide_depth//20250416NY025029271A_depths.tsv",55.8416747404844,"20250416","NY025029271A_depths","tsv"
"/home/dthill/seq-diversity/data/genomewide_depth//20250416NY031036706A_depths.tsv",45.8128512110727,"20250416","NY031036706A_depths","tsv"
"/home/dthill/seq-diversity/data/genomewide_depth//20250416NY045025151A_depths.tsv",394.519979238754,"20250416","NY045025151A_depths","tsv"
"/home/dthill/seq-diversity/data/genomewide_depth//20250416NY049020125A_depths.tsv",93.8797785467128,"20250416","NY049020125A_depths","tsv"
"/home/dthill/seq-diversity/data/genomewide_depth//20250416NY051024449A_depths.tsv",701.934958477509,"20250416","NY051024449A_depths","tsv"
"/home/dthill/seq-diversity/data/genomewide_depth//20250416NY055026794A_depths.tsv",215.994290657439,"20250416","NY055026794A_depths","tsv"
"/home/dthill/seq-diversity/data/genomewide_depth//20250416NY055028231A_depths.tsv",117.733179930796,"20250416","NY055028231A_depths","tsv"
"/home/dthill/seq-diversity/data/genomewide_depth//20250416NY075029106A_depths.tsv",101.083799307958,"20250416","NY075029106A_depths","tsv"
"/home/dthill/seq-diversity/data/genomewide_depth//20250416NY075029114A_depths.tsv",103.856283737024,"20250416","NY075029114A_depths","tsv"
"/home/dthill/seq-diversity/data/genomewide_depth//20250416NY107029262A_depths.tsv",156.922861591695,"20250416","NY107029262A_depths","tsv"
"/home/dthill/seq-diversity/data/genomewide_depth//20250416NY123029726A_depths.tsv",54.5779792387543,"20250416","NY123029726A_depths","tsv"
"/home/dthill/seq-diversity/data/genomewide_depth//20250417NY055021610A_depths.tsv",44.4618062283737,"20250417","NY055021610A_depths","tsv"
"/home/dthill/seq-diversity/data/genomewide_depth//20250417NY099033308A_depths.tsv",31.0978027681661,"20250417","NY099033308A_depths","tsv"
"/home/dthill/seq-diversity/data/genomewide_depth//20250417NY117027171A_depths.tsv",888.15607266436,"20250417","NY117027171A_depths","tsv"
"/home/dthill/seq-diversity/data/genomewide_depth//20250420NY005026191A_depths.tsv",2404.70855017301,"20250420","NY005026191A_depths","tsv"
"/home/dthill/seq-diversity/data/genomewide_depth//20250420NY047026166A_depths.tsv",1205.88016262976,"20250420","NY047026166A_depths","tsv"
"/home/dthill/seq-diversity/data/genomewide_depth//20250420NY047026182A_depths.tsv",1054.81070934256,"20250420","NY047026182A_depths","tsv"
"/home/dthill/seq-diversity/data/genomewide_depth//20250420NY047026204A_depths.tsv",2502.03657785467,"20250420","NY047026204A_depths","tsv"
"/home/dthill/seq-diversity/data/genomewide_depth//20250420NY047026212A_depths.tsv",522.725671280277,"20250420","NY047026212A_depths","tsv"
"/home/dthill/seq-diversity/data/genomewide_depth//20250420NY047027073A_depths.tsv",3453.84726643599,"20250420","NY047027073A_depths","tsv"
"/home/dthill/seq-diversity/data/genomewide_depth//20250420NY061026131A_depths.tsv",6436.33352249135,"20250420","NY061026131A_depths","tsv"
"/home/dthill/seq-diversity/data/genomewide_depth//20250420NY061026247A_depths.tsv",3927.6944982699,"20250420","NY061026247A_depths","tsv"
"/home/dthill/seq-diversity/data/genomewide_depth//20250420NY081026115A_depths.tsv",4212.0460899654,"20250420","NY081026115A_depths","tsv"
"/home/dthill/seq-diversity/data/genomewide_depth//20250420NY081026158A_depths.tsv",733.52369550173,"20250420","NY081026158A_depths","tsv"
"/home/dthill/seq-diversity/data/genomewide_depth//20250420NY081026221A_depths.tsv",4802.64021799308,"20250420","NY081026221A_depths","tsv"
"/home/dthill/seq-diversity/data/genomewide_depth//20250420NY081026239A_depths.tsv",4728.06571972318,"20250420","NY081026239A_depths","tsv"
"/home/dthill/seq-diversity/data/genomewide_depth//20250420NY085026107A_depths.tsv",3363.56229757785,"20250420","NY085026107A_depths","tsv"
"/home/dthill/seq-diversity/data/genomewide_depth//20250420NY085026174A_depths.tsv",3178.44841176471,"20250420","NY085026174A_depths","tsv"
"/home/dthill/seq-diversity/data/genomewide_depth//20250422NY005026191A_depths.tsv",6014.4405916955,"20250422","NY005026191A_depths","tsv"
"/home/dthill/seq-diversity/data/genomewide_depth//20250422NY047026166A_depths.tsv",3962.77144636678,"20250422","NY047026166A_depths","tsv"
"/home/dthill/seq-diversity/data/genomewide_depth//20250422NY047026182A_depths.tsv",3869.82133564014,"20250422","NY047026182A_depths","tsv"
"/home/dthill/seq-diversity/data/genomewide_depth//20250422NY047026204A_depths.tsv",6321.21731141869,"20250422","NY047026204A_depths","tsv"
"/home/dthill/seq-diversity/data/genomewide_depth//20250422NY047026212A_depths.tsv",2362.78144982699,"20250422","NY047026212A_depths","tsv"
"/home/dthill/seq-diversity/data/genomewide_depth//20250422NY047027073A_depths.tsv",6468.30966435986,"20250422","NY047027073A_depths","tsv"
"/home/dthill/seq-diversity/data/genomewide_depth//20250422NY061026131A_depths.tsv",12721.7381799308,"20250422","NY061026131A_depths","tsv"
"/home/dthill/seq-diversity/data/genomewide_depth//20250422NY061026247A_depths.tsv",8246.55328373702,"20250422","NY061026247A_depths","tsv"
"/home/dthill/seq-diversity/data/genomewide_depth//20250422NY081026115A_depths.tsv",5037.60461937716,"20250422","NY081026115A_depths","tsv"
"/home/dthill/seq-diversity/data/genomewide_depth//20250422NY081026158A_depths.tsv",3654.40906574394,"20250422","NY081026158A_depths","tsv"
"/home/dthill/seq-diversity/data/genomewide_depth//20250422NY081026221A_depths.tsv",4870.00162283737,"20250422","NY081026221A_depths","tsv"
"/home/dthill/seq-diversity/data/genomewide_depth//20250422NY081026239A_depths.tsv",4591.75622491349,"20250422","NY081026239A_depths","tsv"
"/home/dthill/seq-diversity/data/genomewide_depth//20250422NY085026107A_depths.tsv",2491.89735986159,"20250422","NY085026107A_depths","tsv"
"/home/dthill/seq-diversity/data/genomewide_depth//20250422NY085026174A_depths.tsv",6336.12976124567,"20250422","NY085026174A_depths","tsv"
"/home/dthill/seq-diversity/data/genomewide_depth//20250422NY099022365A_depths.tsv",339.096882352941,"20250422","NY099022365A_depths","tsv"
"/home/dthill/seq-diversity/data/genomewide_depth//20250423NY025029271A_depths.tsv",56.1567266435986,"20250423","NY025029271A_depths","tsv"
